generation	map	line	x	y	sprite	role	visual_authority	script_or_text	asset	status
gen1	AgathasRoom	16	5	2	SPRITE_AGATHA	battle	OPP_AGATHA	TEXT_AGATHASROOM_AGATHA	assets/characters/npcs/agatha-kasc-hd-4x3-walk-sheet-v1.png	covered
gen1	BikeShop	16	6	2	SPRITE_BIKE_SHOP_CLERK	nonbattle	SPRITE_BIKE_SHOP_CLERK	TEXT_BIKESHOP_CLERK	assets/characters/npcs/bike-shop-clerk-kasc-hd-4x3-walk-sheet-v1.png	covered
gen1	BikeShop	17	5	6	SPRITE_MIDDLE_AGED_WOMAN	nonbattle	SPRITE_MIDDLE_AGED_WOMAN	TEXT_BIKESHOP_MIDDLE_AGED_WOMAN	assets/characters/npcs/middle-aged-woman-kasc-hd-4x3-walk-sheet-v1.png	covered
gen1	BikeShop	18	1	3	SPRITE_YOUNGSTER	nonbattle	SPRITE_YOUNGSTER	TEXT_BIKESHOP_YOUNGSTER	assets/characters/npcs/youngster-gen1-bald-hd-4x3-walk-sheet-v1.png	covered
gen1	BillsHouse	17	4	4	SPRITE_SUPER_NERD	nonbattle	SPRITE_SUPER_NERD	TEXT_BILLSHOUSE_BILL_SS_TICKET	assets/characters/npcs/super-nerd-kasc-hd-4x3-walk-sheet-v1.png	covered
gen1	BillsHouse	18	6	5	SPRITE_SUPER_NERD	nonbattle	SPRITE_SUPER_NERD	TEXT_BILLSHOUSE_BILL_CHECK_OUT_MY_RARE_POKEMON	assets/characters/npcs/super-nerd-kasc-hd-4x3-walk-sheet-v1.png	covered
gen1	BluesHouse	16	2	3	SPRITE_DAISY	nonbattle	SPRITE_DAISY	TEXT_BLUESHOUSE_DAISY_SITTING	assets/characters/npcs/daisy-oak-kasc-hd-4x3-walk-sheet-v2.png	covered
gen1	BluesHouse	17	6	4	SPRITE_DAISY	nonbattle	SPRITE_DAISY	TEXT_BLUESHOUSE_DAISY_WALKING	assets/characters/npcs/daisy-oak-kasc-hd-4x3-walk-sheet-v2.png	covered
gen1	BrunosRoom	16	5	2	SPRITE_BRUNO	battle	OPP_BRUNO	TEXT_BRUNOSROOM_BRUNO	assets/characters/npcs/bruno-kasc-hd-4x3-walk-sheet-v1.png	covered
gen1	CeladonChiefHouse	16	4	2	SPRITE_GRAMPS	nonbattle	SPRITE_GRAMPS	TEXT_CELADONCHIEFHOUSE_CHIEF	assets/characters/npcs/gramps-kasc-hd-4x3-walk-sheet-v1.png	covered
gen1	CeladonChiefHouse	17	1	4	SPRITE_ROCKET	nonbattle	SPRITE_ROCKET	TEXT_CELADONCHIEFHOUSE_ROCKET	assets/characters/npcs/team-rocket-grunt-male-kasc-hd-4x3-walk-sheet-v1.png	covered
gen1	CeladonChiefHouse	18	5	6	SPRITE_SAILOR	nonbattle	SPRITE_SAILOR	TEXT_CELADONCHIEFHOUSE_SAILOR	assets/characters/npcs/sailor-kasc-hd-4x3-walk-sheet-v1.png	covered
gen1	CeladonCity	42	8	17	SPRITE_LITTLE_GIRL	nonbattle	SPRITE_LITTLE_GIRL	TEXT_CELADONCITY_LITTLE_GIRL	assets/characters/npcs/little-girl-kasc-hd-4x3-walk-sheet-v1.png	covered
gen1	CeladonCity	43	11	28	SPRITE_GRAMPS	nonbattle	SPRITE_GRAMPS	TEXT_CELADONCITY_GRAMPS1	assets/characters/npcs/gramps-kasc-hd-4x3-walk-sheet-v1.png	covered
gen1	CeladonCity	44	14	19	SPRITE_GIRL	nonbattle	SPRITE_GIRL	TEXT_CELADONCITY_GIRL	assets/characters/npcs/girl-kasc-hd-4x3-walk-sheet-v1.png	covered
gen1	CeladonCity	45	25	22	SPRITE_GRAMPS	nonbattle	SPRITE_GRAMPS	TEXT_CELADONCITY_GRAMPS2	assets/characters/npcs/gramps-kasc-hd-4x3-walk-sheet-v1.png	covered
gen1	CeladonCity	46	22	16	SPRITE_GRAMPS	nonbattle	SPRITE_GRAMPS	TEXT_CELADONCITY_GRAMPS3	assets/characters/npcs/gramps-kasc-hd-4x3-walk-sheet-v1.png	covered
gen1	CeladonCity	47	32	12	SPRITE_FISHER	nonbattle	SPRITE_FISHER	TEXT_CELADONCITY_FISHER	assets/characters/npcs/fisher-kasc-hd-4x3-walk-sheet-v1.png	covered
gen1	CeladonCity	49	32	29	SPRITE_ROCKET	nonbattle	SPRITE_ROCKET	TEXT_CELADONCITY_ROCKET1	assets/characters/npcs/team-rocket-grunt-male-kasc-hd-4x3-walk-sheet-v1.png	covered
gen1	CeladonCity	50	42	14	SPRITE_ROCKET	nonbattle	SPRITE_ROCKET	TEXT_CELADONCITY_ROCKET2	assets/characters/npcs/team-rocket-grunt-male-kasc-hd-4x3-walk-sheet-v1.png	covered
gen1	CeladonDiner	18	8	5	SPRITE_COOK	nonbattle	SPRITE_COOK	TEXT_CELADONDINER_COOK	assets/characters/npcs/cook-kasc-hd-4x3-walk-sheet-v1.png	covered
gen1	CeladonDiner	19	7	2	SPRITE_MIDDLE_AGED_WOMAN	nonbattle	SPRITE_MIDDLE_AGED_WOMAN	TEXT_CELADONDINER_MIDDLE_AGED_WOMAN	assets/characters/npcs/middle-aged-woman-kasc-hd-4x3-walk-sheet-v1.png	covered
gen1	CeladonDiner	20	1	4	SPRITE_MIDDLE_AGED_MAN	nonbattle	SPRITE_MIDDLE_AGED_MAN	TEXT_CELADONDINER_MIDDLE_AGED_MAN	assets/characters/npcs/middle-aged-man-kasc-hd-4x3-walk-sheet-v1.png	covered
gen1	CeladonDiner	21	5	3	SPRITE_FISHER	nonbattle	SPRITE_FISHER	TEXT_CELADONDINER_FISHER	assets/characters/npcs/fisher-kasc-hd-4x3-walk-sheet-v1.png	covered
gen1	CeladonDiner	22	0	1	SPRITE_GYM_GUIDE	nonbattle	SPRITE_GYM_GUIDE	TEXT_CELADONDINER_GYM_GUIDE	assets/characters/npcs/gym-guide-kasc-hd-4x3-walk-sheet-v1.png	covered
gen1	CeladonGym	21	4	3	SPRITE_SILPH_WORKER_F	battle	OPP_ERIKA	TEXT_CELADONGYM_ERIKA	assets/characters/npcs/erika-kasc-hd-4x3-walk-sheet-v1.png	covered
gen1	CeladonGym	22	2	11	SPRITE_COOLTRAINER_F	battle	OPP_LASS	TEXT_CELADONGYM_COOLTRAINER_F1	assets/characters/npcs/lass-kasc-hd-4x3-walk-sheet-v1.png	covered
gen1	CeladonGym	23	7	10	SPRITE_BEAUTY	battle	OPP_BEAUTY	TEXT_CELADONGYM_BEAUTY1	assets/characters/npcs/beauty-kasc-hd-4x3-walk-sheet-v1.png	covered
gen1	CeladonGym	24	9	5	SPRITE_COOLTRAINER_F	battle	OPP_JR_TRAINER_F	TEXT_CELADONGYM_COOLTRAINER_F2	assets/characters/npcs/jr-trainer-female-kasc-hd-4x3-walk-sheet-v1.png	covered
gen1	CeladonGym	25	1	5	SPRITE_BEAUTY	battle	OPP_BEAUTY	TEXT_CELADONGYM_BEAUTY2	assets/characters/npcs/beauty-kasc-hd-4x3-walk-sheet-v1.png	covered
gen1	CeladonGym	26	6	3	SPRITE_COOLTRAINER_F	battle	OPP_LASS	TEXT_CELADONGYM_COOLTRAINER_F3	assets/characters/npcs/lass-kasc-hd-4x3-walk-sheet-v1.png	covered
gen1	CeladonGym	27	3	3	SPRITE_BEAUTY	battle	OPP_BEAUTY	TEXT_CELADONGYM_BEAUTY3	assets/characters/npcs/beauty-kasc-hd-4x3-walk-sheet-v1.png	covered
gen1	CeladonGym	28	5	3	SPRITE_COOLTRAINER_F	battle	OPP_COOLTRAINER_F	TEXT_CELADONGYM_COOLTRAINER_F4	assets/characters/npcs/cooltrainer-female-kasc-hd-4x3-walk-sheet-v1.png	covered
gen1	CeladonHotel	16	3	1	SPRITE_GRANNY	nonbattle	SPRITE_GRANNY	TEXT_CELADONHOTEL_GRANNY	assets/characters/npcs/granny-kasc-hd-4x3-walk-sheet-v1.png	covered
gen1	CeladonHotel	17	2	4	SPRITE_BEAUTY	nonbattle	SPRITE_BEAUTY	TEXT_CELADONHOTEL_BEAUTY	assets/characters/npcs/beauty-kasc-hd-4x3-walk-sheet-v1.png	covered
gen1	CeladonHotel	18	8	4	SPRITE_SUPER_NERD	nonbattle	SPRITE_SUPER_NERD	TEXT_CELADONHOTEL_SUPER_NERD	assets/characters/npcs/super-nerd-kasc-hd-4x3-walk-sheet-v1.png	covered
gen1	CeladonMansion1F	22	1	5	SPRITE_GRANNY	nonbattle	SPRITE_GRANNY	TEXT_CELADONMANSION1F_GRANNY	assets/characters/npcs/granny-kasc-hd-4x3-walk-sheet-v1.png	covered
gen1	CeladonMansion3F	23	0	4	SPRITE_BIKE_SHOP_CLERK	nonbattle	SPRITE_BIKE_SHOP_CLERK	TEXT_CELADONMANSION3F_PROGRAMMER	assets/characters/npcs/bike-shop-clerk-kasc-hd-4x3-walk-sheet-v1.png	covered
gen1	CeladonMansion3F	24	3	4	SPRITE_CLERK	nonbattle	SPRITE_CLERK	TEXT_CELADONMANSION3F_GRAPHIC_ARTIST	assets/characters/npcs/clerk-kasc-hd-4x3-walk-sheet-v1.png	covered
gen1	CeladonMansion3F	25	0	7	SPRITE_SUPER_NERD	nonbattle	SPRITE_SUPER_NERD	TEXT_CELADONMANSION3F_WRITER	assets/characters/npcs/super-nerd-kasc-hd-4x3-walk-sheet-v1.png	covered
gen1	CeladonMansion3F	26	2	3	SPRITE_SILPH_WORKER_M	nonbattle	SPRITE_SILPH_WORKER_M	TEXT_CELADONMANSION3F_GAME_DESIGNER	assets/characters/npcs/silph-worker-male-kasc-hd-4x3-walk-sheet-v1.png	covered
gen1	CeladonMansionRoofHouse	15	2	2	SPRITE_HIKER	nonbattle	SPRITE_HIKER	TEXT_CELADONMANSION_ROOF_HOUSE_HIKER	assets/characters/npcs/hiker-kasc-hd-4x3-walk-sheet-v1.png	covered
gen1	CeladonMart1F	20	8	3	SPRITE_LINK_RECEPTIONIST	nonbattle	SPRITE_LINK_RECEPTIONIST	TEXT_CELADONMART1F_RECEPTIONIST	assets/characters/npcs/link-receptionist-kasc-hd-4x3-walk-sheet-v1.png	covered
gen1	CeladonMart2F	19	5	3	SPRITE_CLERK	nonbattle	SPRITE_CLERK	TEXT_CELADONMART2F_CLERK1	assets/characters/npcs/clerk-kasc-hd-4x3-walk-sheet-v1.png	covered
gen1	CeladonMart2F	20	6	3	SPRITE_CLERK	nonbattle	SPRITE_CLERK	TEXT_CELADONMART2F_CLERK2	assets/characters/npcs/clerk-kasc-hd-4x3-walk-sheet-v1.png	covered
gen1	CeladonMart2F	21	19	5	SPRITE_MIDDLE_AGED_MAN	nonbattle	SPRITE_MIDDLE_AGED_MAN	TEXT_CELADONMART2F_MIDDLE_AGED_MAN	assets/characters/npcs/middle-aged-man-kasc-hd-4x3-walk-sheet-v1.png	covered
gen1	CeladonMart2F	22	14	4	SPRITE_GIRL	nonbattle	SPRITE_GIRL	TEXT_CELADONMART2F_GIRL	assets/characters/npcs/girl-kasc-hd-4x3-walk-sheet-v1.png	covered
gen1	CeladonMart3F	31	16	5	SPRITE_CLERK	nonbattle	SPRITE_CLERK	TEXT_CELADONMART3F_CLERK	assets/characters/npcs/clerk-kasc-hd-4x3-walk-sheet-v1.png	covered
gen1	CeladonMart3F	32	11	6	SPRITE_GAMEBOY_KID	nonbattle	SPRITE_GAMEBOY_KID	TEXT_CELADONMART3F_GAMEBOY_KID1	assets/characters/npcs/game-boy-kid-kasc-hd-4x3-walk-sheet-v1.png	covered
gen1	CeladonMart3F	33	7	2	SPRITE_GAMEBOY_KID	nonbattle	SPRITE_GAMEBOY_KID	TEXT_CELADONMART3F_GAMEBOY_KID2	assets/characters/npcs/game-boy-kid-kasc-hd-4x3-walk-sheet-v1.png	covered
gen1	CeladonMart3F	34	8	2	SPRITE_GAMEBOY_KID	nonbattle	SPRITE_GAMEBOY_KID	TEXT_CELADONMART3F_GAMEBOY_KID3	assets/characters/npcs/game-boy-kid-kasc-hd-4x3-walk-sheet-v1.png	covered
gen1	CeladonMart3F	35	2	5	SPRITE_LITTLE_BOY	nonbattle	SPRITE_LITTLE_BOY	TEXT_CELADONMART3F_LITTLE_BOY	assets/characters/npcs/little-boy-kasc-hd-4x3-walk-sheet-v1.png	covered
gen1	CeladonMart4F	18	5	7	SPRITE_CLERK	nonbattle	SPRITE_CLERK	TEXT_CELADONMART4F_CLERK	assets/characters/npcs/clerk-kasc-hd-4x3-walk-sheet-v1.png	covered
gen1	CeladonMart4F	19	15	5	SPRITE_SUPER_NERD	nonbattle	SPRITE_SUPER_NERD	TEXT_CELADONMART4F_SUPER_NERD	assets/characters/npcs/super-nerd-kasc-hd-4x3-walk-sheet-v1.png	covered
gen1	CeladonMart4F	20	5	2	SPRITE_YOUNGSTER	nonbattle	SPRITE_YOUNGSTER	TEXT_CELADONMART4F_YOUNGSTER	assets/characters/npcs/youngster-gen1-bald-hd-4x3-walk-sheet-v1.png	covered
gen1	CeladonMart5F	19	14	5	SPRITE_GENTLEMAN	nonbattle	SPRITE_GENTLEMAN	TEXT_CELADONMART5F_GENTLEMAN	assets/characters/npcs/gentleman-kasc-hd-4x3-walk-sheet-v1.png	covered
gen1	CeladonMart5F	20	2	6	SPRITE_SAILOR	nonbattle	SPRITE_SAILOR	TEXT_CELADONMART5F_SAILOR	assets/characters/npcs/sailor-kasc-hd-4x3-walk-sheet-v1.png	covered
gen1	CeladonMart5F	21	5	3	SPRITE_CLERK	nonbattle	SPRITE_CLERK	TEXT_CELADONMART5F_CLERK1	assets/characters/npcs/clerk-kasc-hd-4x3-walk-sheet-v1.png	covered
gen1	CeladonMart5F	22	6	3	SPRITE_CLERK	nonbattle	SPRITE_CLERK	TEXT_CELADONMART5F_CLERK2	assets/characters/npcs/clerk-kasc-hd-4x3-walk-sheet-v1.png	covered
gen1	CeladonMartRoof	18	10	4	SPRITE_SUPER_NERD	nonbattle	SPRITE_SUPER_NERD	TEXT_CELADONMARTROOF_SUPER_NERD	assets/characters/npcs/super-nerd-kasc-hd-4x3-walk-sheet-v1.png	covered
gen1	CeladonMartRoof	19	5	5	SPRITE_LITTLE_GIRL	nonbattle	SPRITE_LITTLE_GIRL	TEXT_CELADONMARTROOF_LITTLE_GIRL	assets/characters/npcs/little-girl-kasc-hd-4x3-walk-sheet-v1.png	covered
gen1	CeladonPokecenter	17	3	1	SPRITE_NURSE	nonbattle	SPRITE_NURSE	TEXT_CELADONPOKECENTER_NURSE	assets/characters/npcs/nurse-kasc-hd-4x3-walk-sheet-v1.png	covered
gen1	CeladonPokecenter	18	7	3	SPRITE_GENTLEMAN	nonbattle	SPRITE_GENTLEMAN	TEXT_CELADONPOKECENTER_GENTLEMAN	assets/characters/npcs/gentleman-kasc-hd-4x3-walk-sheet-v1.png	covered
gen1	CeladonPokecenter	19	10	5	SPRITE_BEAUTY	nonbattle	SPRITE_BEAUTY	TEXT_CELADONPOKECENTER_BEAUTY	assets/characters/npcs/beauty-kasc-hd-4x3-walk-sheet-v1.png	covered
gen1	CeladonPokecenter	20	11	2	SPRITE_LINK_RECEPTIONIST	nonbattle	SPRITE_LINK_RECEPTIONIST	TEXT_CELADONPOKECENTER_LINK_RECEPTIONIST	assets/characters/npcs/link-receptionist-kasc-hd-4x3-walk-sheet-v1.png	covered
gen1	CeruleanBadgeHouse	15	5	3	SPRITE_MIDDLE_AGED_MAN	nonbattle	SPRITE_MIDDLE_AGED_MAN	TEXT_CERULEANBADGEHOUSE_MIDDLE_AGED_MAN	assets/characters/npcs/middle-aged-man-kasc-hd-4x3-walk-sheet-v1.png	covered
gen1	CeruleanCity	38	20	2	SPRITE_BLUE	nonbattle	SPRITE_BLUE	TEXT_CERULEANCITY_RIVAL	assets/characters/npcs/blue-kasc-hd-4x3-walk-sheet-v2.png	covered
gen1	CeruleanCity	39	30	8	SPRITE_ROCKET	battle	OPP_ROCKET	TEXT_CERULEANCITY_ROCKET	assets/characters/npcs/team-rocket-grunt-male-kasc-hd-4x3-walk-sheet-v1.png	covered
gen1	CeruleanCity	40	31	20	SPRITE_COOLTRAINER_M	nonbattle	SPRITE_COOLTRAINER_M	TEXT_CERULEANCITY_COOLTRAINER_M	assets/characters/npcs/cooltrainer-male-kasc-hd-4x3-walk-sheet-v1.png	covered
gen1	CeruleanCity	41	15	18	SPRITE_SUPER_NERD	nonbattle	SPRITE_SUPER_NERD	TEXT_CERULEANCITY_SUPER_NERD1	assets/characters/npcs/super-nerd-kasc-hd-4x3-walk-sheet-v1.png	covered
gen1	CeruleanCity	42	9	21	SPRITE_SUPER_NERD	nonbattle	SPRITE_SUPER_NERD	TEXT_CERULEANCITY_SUPER_NERD2	assets/characters/npcs/super-nerd-kasc-hd-4x3-walk-sheet-v1.png	covered
gen1	CeruleanCity	43	28	12	SPRITE_GUARD	nonbattle	SPRITE_GUARD	TEXT_CERULEANCITY_GUARD1	assets/characters/npcs/guard-kasc-hd-4x3-walk-sheet-v1.png	covered
gen1	CeruleanCity	44	29	26	SPRITE_COOLTRAINER_F	nonbattle	SPRITE_COOLTRAINER_F	TEXT_CERULEANCITY_COOLTRAINER_F1	assets/characters/npcs/cooltrainer-female-kasc-hd-4x3-walk-sheet-v1.png	covered
gen1	CeruleanCity	46	9	27	SPRITE_COOLTRAINER_F	nonbattle	SPRITE_COOLTRAINER_F	TEXT_CERULEANCITY_COOLTRAINER_F2	assets/characters/npcs/cooltrainer-female-kasc-hd-4x3-walk-sheet-v1.png	covered
gen1	CeruleanCity	47	4	12	SPRITE_SUPER_NERD	nonbattle	SPRITE_SUPER_NERD	TEXT_CERULEANCITY_SUPER_NERD3	assets/characters/npcs/super-nerd-kasc-hd-4x3-walk-sheet-v1.png	covered
gen1	CeruleanCity	48	27	12	SPRITE_GUARD	nonbattle	SPRITE_GUARD	TEXT_CERULEANCITY_GUARD2	assets/characters/npcs/guard-kasc-hd-4x3-walk-sheet-v1.png	covered
gen1	CeruleanGym	17	4	2	SPRITE_BRUNETTE_GIRL	battle	OPP_MISTY	TEXT_CERULEANGYM_MISTY	assets/characters/npcs/misty-kasc-hd-4x3-walk-sheet-v1.png	covered
gen1	CeruleanGym	18	2	3	SPRITE_COOLTRAINER_F	battle	OPP_JR_TRAINER_F	TEXT_CERULEANGYM_COOLTRAINER_F	assets/characters/npcs/jr-trainer-female-kasc-hd-4x3-walk-sheet-v1.png	covered
gen1	CeruleanGym	19	8	7	SPRITE_SWIMMER	battle	OPP_SWIMMER	TEXT_CERULEANGYM_SWIMMER	assets/characters/npcs/swimmer-kasc-hd-4x3-walk-sheet-v1.png	covered
gen1	CeruleanGym	20	7	10	SPRITE_GYM_GUIDE	nonbattle	SPRITE_GYM_GUIDE	TEXT_CERULEANGYM_GYM_GUIDE	assets/characters/npcs/gym-guide-kasc-hd-4x3-walk-sheet-v1.png	covered
gen1	CeruleanMart	16	0	5	SPRITE_CLERK	nonbattle	SPRITE_CLERK	TEXT_CERULEANMART_CLERK	assets/characters/npcs/clerk-kasc-hd-4x3-walk-sheet-v1.png	covered
gen1	CeruleanMart	17	3	4	SPRITE_COOLTRAINER_M	nonbattle	SPRITE_COOLTRAINER_M	TEXT_CERULEANMART_COOLTRAINER_M	assets/characters/npcs/cooltrainer-male-kasc-hd-4x3-walk-sheet-v1.png	covered
gen1	CeruleanMart	18	6	2	SPRITE_COOLTRAINER_F	nonbattle	SPRITE_COOLTRAINER_F	TEXT_CERULEANMART_COOLTRAINER_F	assets/characters/npcs/cooltrainer-female-kasc-hd-4x3-walk-sheet-v1.png	covered
gen1	CeruleanPokecenter	17	3	1	SPRITE_NURSE	nonbattle	SPRITE_NURSE	TEXT_CERULEANPOKECENTER_NURSE	assets/characters/npcs/nurse-kasc-hd-4x3-walk-sheet-v1.png	covered
gen1	CeruleanPokecenter	18	10	5	SPRITE_SUPER_NERD	nonbattle	SPRITE_SUPER_NERD	TEXT_CERULEANPOKECENTER_SUPER_NERD	assets/characters/npcs/super-nerd-kasc-hd-4x3-walk-sheet-v1.png	covered
gen1	CeruleanPokecenter	19	4	3	SPRITE_GENTLEMAN	nonbattle	SPRITE_GENTLEMAN	TEXT_CERULEANPOKECENTER_GENTLEMAN	assets/characters/npcs/gentleman-kasc-hd-4x3-walk-sheet-v1.png	covered
gen1	CeruleanPokecenter	20	11	2	SPRITE_LINK_RECEPTIONIST	nonbattle	SPRITE_LINK_RECEPTIONIST	TEXT_CERULEANPOKECENTER_LINK_RECEPTIONIST	assets/characters/npcs/link-receptionist-kasc-hd-4x3-walk-sheet-v1.png	covered
gen1	CeruleanTradeHouse	15	5	4	SPRITE_GRANNY	nonbattle	SPRITE_GRANNY	TEXT_CERULEANTRADEHOUSE_GRANNY	assets/characters/npcs/granny-kasc-hd-4x3-walk-sheet-v1.png	covered
gen1	CeruleanTradeHouse	16	1	2	SPRITE_GAMBLER	nonbattle	SPRITE_GAMBLER	TEXT_CERULEANTRADEHOUSE_GAMBLER	assets/characters/npcs/gambler-kasc-hd-4x3-walk-sheet-v1.png	covered
gen1	CeruleanTrashedHouse	17	2	1	SPRITE_FISHING_GURU	nonbattle	SPRITE_FISHING_GURU	TEXT_CERULEANTRASHEDHOUSE_FISHING_GURU	assets/characters/npcs/fishing-guru-kasc-hd-4x3-walk-sheet-v1.png	covered
gen1	CeruleanTrashedHouse	18	5	6	SPRITE_GIRL	nonbattle	SPRITE_GIRL	TEXT_CERULEANTRASHEDHOUSE_GIRL	assets/characters/npcs/girl-kasc-hd-4x3-walk-sheet-v1.png	covered
gen1	ChampionsRoom	17	4	2	SPRITE_BLUE	nonbattle	SPRITE_BLUE	TEXT_CHAMPIONSROOM_RIVAL	assets/characters/npcs/blue-kasc-hd-4x3-walk-sheet-v2.png	covered
gen1	ChampionsRoom	18	3	7	SPRITE_OAK	nonbattle	SPRITE_OAK	TEXT_CHAMPIONSROOM_OAK	assets/characters/npcs/professor-oak-kasc-hd-4x3-walk-sheet-v1.png	covered
gen1	CinnabarGym	22	3	3	SPRITE_MIDDLE_AGED_MAN	battle	OPP_BLAINE	TEXT_CINNABARGYM_BLAINE	assets/characters/npcs/blaine-kasc-hd-4x3-walk-sheet-v1.png	covered
gen1	CinnabarGym	23	17	2	SPRITE_SUPER_NERD	battle	OPP_SUPER_NERD	TEXT_CINNABARGYM_SUPER_NERD1	assets/characters/npcs/super-nerd-kasc-hd-4x3-walk-sheet-v1.png	covered
gen1	CinnabarGym	24	17	8	SPRITE_SUPER_NERD	battle	OPP_BURGLAR	TEXT_CINNABARGYM_SUPER_NERD2	assets/characters/npcs/burglar-kasc-hd-4x3-walk-sheet-v1.png	covered
gen1	CinnabarGym	25	11	4	SPRITE_SUPER_NERD	battle	OPP_SUPER_NERD	TEXT_CINNABARGYM_SUPER_NERD3	assets/characters/npcs/super-nerd-kasc-hd-4x3-walk-sheet-v1.png	covered
gen1	CinnabarGym	26	11	8	SPRITE_SUPER_NERD	battle	OPP_BURGLAR	TEXT_CINNABARGYM_SUPER_NERD4	assets/characters/npcs/burglar-kasc-hd-4x3-walk-sheet-v1.png	covered
gen1	CinnabarGym	27	11	14	SPRITE_SUPER_NERD	battle	OPP_SUPER_NERD	TEXT_CINNABARGYM_SUPER_NERD5	assets/characters/npcs/super-nerd-kasc-hd-4x3-walk-sheet-v1.png	covered
gen1	CinnabarGym	28	3	14	SPRITE_SUPER_NERD	battle	OPP_BURGLAR	TEXT_CINNABARGYM_SUPER_NERD6	assets/characters/npcs/burglar-kasc-hd-4x3-walk-sheet-v1.png	covered
gen1	CinnabarGym	29	3	8	SPRITE_SUPER_NERD	battle	OPP_SUPER_NERD	TEXT_CINNABARGYM_SUPER_NERD7	assets/characters/npcs/super-nerd-kasc-hd-4x3-walk-sheet-v1.png	covered
gen1	CinnabarGym	30	16	13	SPRITE_GYM_GUIDE	nonbattle	SPRITE_GYM_GUIDE	TEXT_CINNABARGYM_GYM_GUIDE	assets/characters/npcs/gym-guide-kasc-hd-4x3-walk-sheet-v1.png	covered
gen1	CinnabarIsland	23	12	5	SPRITE_GIRL	nonbattle	SPRITE_GIRL	TEXT_CINNABARISLAND_GIRL	assets/characters/npcs/girl-kasc-hd-4x3-walk-sheet-v1.png	covered
gen1	CinnabarIsland	24	14	6	SPRITE_GAMBLER	nonbattle	SPRITE_GAMBLER	TEXT_CINNABARISLAND_GAMBLER	assets/characters/npcs/gambler-kasc-hd-4x3-walk-sheet-v1.png	covered
gen1	CinnabarLab	21	1	3	SPRITE_FISHING_GURU	nonbattle	SPRITE_FISHING_GURU	TEXT_CINNABARLAB_FISHING_GURU	assets/characters/npcs/fishing-guru-kasc-hd-4x3-walk-sheet-v1.png	covered
gen1	CinnabarLabFossilRoom	15	5	2	SPRITE_SCIENTIST	nonbattle	SPRITE_SCIENTIST	TEXT_CINNABARLABFOSSILROOM_SCIENTIST1	assets/characters/npcs/scientist-kasc-hd-4x3-walk-sheet-v1.png	covered
gen1	CinnabarLabFossilRoom	16	7	6	SPRITE_SCIENTIST	nonbattle	SPRITE_SCIENTIST	TEXT_CINNABARLABFOSSILROOM_SCIENTIST2	assets/characters/npcs/scientist-kasc-hd-4x3-walk-sheet-v1.png	covered
gen1	CinnabarLabMetronomeRoom	18	7	2	SPRITE_SCIENTIST	nonbattle	SPRITE_SCIENTIST	TEXT_CINNABARLABMETRONOMEROOM_SCIENTIST1	assets/characters/npcs/scientist-kasc-hd-4x3-walk-sheet-v1.png	covered
gen1	CinnabarLabMetronomeRoom	19	2	3	SPRITE_SCIENTIST	nonbattle	SPRITE_SCIENTIST	TEXT_CINNABARLABMETRONOMEROOM_SCIENTIST2	assets/characters/npcs/scientist-kasc-hd-4x3-walk-sheet-v1.png	covered
gen1	CinnabarLabTradeRoom	16	3	2	SPRITE_SUPER_NERD	nonbattle	SPRITE_SUPER_NERD	TEXT_CINNABARLABTRADEROOM_SUPER_NERD	assets/characters/npcs/super-nerd-kasc-hd-4x3-walk-sheet-v1.png	covered
gen1	CinnabarLabTradeRoom	17	1	4	SPRITE_GRAMPS	nonbattle	SPRITE_GRAMPS	TEXT_CINNABARLABTRADEROOM_GRAMPS	assets/characters/npcs/gramps-kasc-hd-4x3-walk-sheet-v1.png	covered
gen1	CinnabarLabTradeRoom	18	5	5	SPRITE_BEAUTY	nonbattle	SPRITE_BEAUTY	TEXT_CINNABARLABTRADEROOM_BEAUTY	assets/characters/npcs/beauty-kasc-hd-4x3-walk-sheet-v1.png	covered
gen1	CinnabarMart	16	0	5	SPRITE_CLERK	nonbattle	SPRITE_CLERK	TEXT_CINNABARMART_CLERK	assets/characters/npcs/clerk-kasc-hd-4x3-walk-sheet-v1.png	covered
gen1	CinnabarMart	17	6	2	SPRITE_SILPH_WORKER_F	nonbattle	SPRITE_SILPH_WORKER_F	TEXT_CINNABARMART_SILPH_WORKER_F	assets/characters/npcs/silph-worker-female-kasc-hd-4x3-walk-sheet-v1.png	covered
gen1	CinnabarMart	18	3	4	SPRITE_SCIENTIST	nonbattle	SPRITE_SCIENTIST	TEXT_CINNABARMART_SCIENTIST	assets/characters/npcs/scientist-kasc-hd-4x3-walk-sheet-v1.png	covered
gen1	CinnabarPokecenter	17	3	1	SPRITE_NURSE	nonbattle	SPRITE_NURSE	TEXT_CINNABARPOKECENTER_NURSE	assets/characters/npcs/nurse-kasc-hd-4x3-walk-sheet-v1.png	covered
gen1	CinnabarPokecenter	18	9	4	SPRITE_COOLTRAINER_F	nonbattle	SPRITE_COOLTRAINER_F	TEXT_CINNABARPOKECENTER_COOLTRAINER_F	assets/characters/npcs/cooltrainer-female-kasc-hd-4x3-walk-sheet-v1.png	covered
gen1	CinnabarPokecenter	19	2	6	SPRITE_GENTLEMAN	nonbattle	SPRITE_GENTLEMAN	TEXT_CINNABARPOKECENTER_GENTLEMAN	assets/characters/npcs/gentleman-kasc-hd-4x3-walk-sheet-v1.png	covered
gen1	CinnabarPokecenter	20	11	2	SPRITE_LINK_RECEPTIONIST	nonbattle	SPRITE_LINK_RECEPTIONIST	TEXT_CINNABARPOKECENTER_LINK_RECEPTIONIST	assets/characters/npcs/link-receptionist-kasc-hd-4x3-walk-sheet-v1.png	covered
gen1	Colosseum	12	2	2	SPRITE_RED	nonbattle	SPRITE_RED	TEXT_COLOSSEUM_OPPONENT	assets/characters/npcs/red-kasc-hd-4x3-walk-sheet-v2.png	covered
gen1	CopycatsHouse1F	17	2	2	SPRITE_MIDDLE_AGED_WOMAN	nonbattle	SPRITE_MIDDLE_AGED_WOMAN	TEXT_COPYCATSHOUSE1F_MIDDLE_AGED_WOMAN	assets/characters/npcs/middle-aged-woman-kasc-hd-4x3-walk-sheet-v1.png	covered
gen1	CopycatsHouse1F	18	5	4	SPRITE_MIDDLE_AGED_MAN	nonbattle	SPRITE_MIDDLE_AGED_MAN	TEXT_COPYCATSHOUSE1F_MIDDLE_AGED_MAN	assets/characters/npcs/middle-aged-man-kasc-hd-4x3-walk-sheet-v1.png	covered
gen1	CopycatsHouse2F	19	4	3	SPRITE_BRUNETTE_GIRL	nonbattle	SPRITE_BRUNETTE_GIRL	TEXT_COPYCATSHOUSE2F_COPYCAT	assets/characters/npcs/brunette-girl-kasc-hd-4x3-walk-sheet-v1.png	covered
gen1	Daycare	14	2	3	SPRITE_GENTLEMAN	nonbattle	SPRITE_GENTLEMAN	TEXT_DAYCARE_GENTLEMAN	assets/characters/npcs/gentleman-kasc-hd-4x3-walk-sheet-v1.png	covered
gen1	DiglettsCaveRoute11	15	2	3	SPRITE_GAMBLER	nonbattle	SPRITE_GAMBLER	TEXT_DIGLETTSCAVEROUTE11_GAMBLER	assets/characters/npcs/gambler-kasc-hd-4x3-walk-sheet-v1.png	covered
gen1	DiglettsCaveRoute2	15	3	3	SPRITE_FISHING_GURU	nonbattle	SPRITE_FISHING_GURU	TEXT_DIGLETTSCAVEROUTE2_FISHING_GURU	assets/characters/npcs/fishing-guru-kasc-hd-4x3-walk-sheet-v1.png	covered
gen1	FightingDojo	20	5	3	SPRITE_HIKER	battle	OPP_BLACKBELT	TEXT_FIGHTINGDOJO_KARATE_MASTER	assets/characters/npcs/blackbelt-kasc-hd-4x3-walk-sheet-v1.png	covered
gen1	FightingDojo	21	3	4	SPRITE_HIKER	battle	OPP_BLACKBELT	TEXT_FIGHTINGDOJO_BLACKBELT1	assets/characters/npcs/blackbelt-kasc-hd-4x3-walk-sheet-v1.png	covered
gen1	FightingDojo	22	3	6	SPRITE_HIKER	battle	OPP_BLACKBELT	TEXT_FIGHTINGDOJO_BLACKBELT2	assets/characters/npcs/blackbelt-kasc-hd-4x3-walk-sheet-v1.png	covered
gen1	FightingDojo	23	5	5	SPRITE_HIKER	battle	OPP_BLACKBELT	TEXT_FIGHTINGDOJO_BLACKBELT3	assets/characters/npcs/blackbelt-kasc-hd-4x3-walk-sheet-v1.png	covered
gen1	FightingDojo	24	5	7	SPRITE_HIKER	battle	OPP_BLACKBELT	TEXT_FIGHTINGDOJO_BLACKBELT4	assets/characters/npcs/blackbelt-kasc-hd-4x3-walk-sheet-v1.png	covered
gen1	FuchsiaBillsGrandpasHouse	16	2	3	SPRITE_MIDDLE_AGED_WOMAN	nonbattle	SPRITE_MIDDLE_AGED_WOMAN	TEXT_FUCHSIABILLSGRANDPASHOUSE_MIDDLE_AGED_WOMAN	assets/characters/npcs/middle-aged-woman-kasc-hd-4x3-walk-sheet-v1.png	covered
gen1	FuchsiaBillsGrandpasHouse	17	7	2	SPRITE_GAMBLER	nonbattle	SPRITE_GAMBLER	TEXT_FUCHSIABILLSGRANDPASHOUSE_BILLS_GRANDPA	assets/characters/npcs/gambler-kasc-hd-4x3-walk-sheet-v1.png	covered
gen1	FuchsiaBillsGrandpasHouse	18	5	5	SPRITE_YOUNGSTER	nonbattle	SPRITE_YOUNGSTER	TEXT_FUCHSIABILLSGRANDPASHOUSE_YOUNGSTER	assets/characters/npcs/youngster-gen1-bald-hd-4x3-walk-sheet-v1.png	covered
gen1	FuchsiaCity	44	10	12	SPRITE_YOUNGSTER	nonbattle	SPRITE_YOUNGSTER	TEXT_FUCHSIACITY_YOUNGSTER1	assets/characters/npcs/youngster-gen1-bald-hd-4x3-walk-sheet-v1.png	covered
gen1	FuchsiaCity	45	28	17	SPRITE_GAMBLER	nonbattle	SPRITE_GAMBLER	TEXT_FUCHSIACITY_GAMBLER	assets/characters/npcs/gambler-kasc-hd-4x3-walk-sheet-v1.png	covered
gen1	FuchsiaCity	46	30	14	SPRITE_FISHER	nonbattle	SPRITE_FISHER	TEXT_FUCHSIACITY_ERIK	assets/characters/npcs/fisher-kasc-hd-4x3-walk-sheet-v1.png	covered
gen1	FuchsiaCity	47	24	8	SPRITE_YOUNGSTER	nonbattle	SPRITE_YOUNGSTER	TEXT_FUCHSIACITY_YOUNGSTER2	assets/characters/npcs/youngster-gen1-bald-hd-4x3-walk-sheet-v1.png	covered
gen1	FuchsiaGoodRodHouse	15	5	3	SPRITE_FISHING_GURU	nonbattle	SPRITE_FISHING_GURU	TEXT_FUCHSIAGOODRODHOUSE_FISHING_GURU	assets/characters/npcs/fishing-guru-kasc-hd-4x3-walk-sheet-v1.png	covered
gen1	FuchsiaGym	21	4	10	SPRITE_KOGA	battle	OPP_KOGA	TEXT_FUCHSIAGYM_KOGA	assets/characters/npcs/koga-kasc-hd-4x3-walk-sheet-v1.png	covered
gen1	FuchsiaGym	22	8	13	SPRITE_ROCKER	battle	OPP_JUGGLER	TEXT_FUCHSIAGYM_ROCKER1	assets/characters/npcs/juggler-kasc-hd-4x3-walk-sheet-v1.png	covered
gen1	FuchsiaGym	23	7	8	SPRITE_ROCKER	battle	OPP_JUGGLER	TEXT_FUCHSIAGYM_ROCKER2	assets/characters/npcs/juggler-kasc-hd-4x3-walk-sheet-v1.png	covered
gen1	FuchsiaGym	24	1	12	SPRITE_ROCKER	battle	OPP_JUGGLER	TEXT_FUCHSIAGYM_ROCKER3	assets/characters/npcs/juggler-kasc-hd-4x3-walk-sheet-v1.png	covered
gen1	FuchsiaGym	25	3	5	SPRITE_ROCKER	battle	OPP_TAMER	TEXT_FUCHSIAGYM_ROCKER4	assets/characters/npcs/tamer-kasc-hd-4x3-walk-sheet-v1.png	covered
gen1	FuchsiaGym	26	8	2	SPRITE_ROCKER	battle	OPP_TAMER	TEXT_FUCHSIAGYM_ROCKER5	assets/characters/npcs/tamer-kasc-hd-4x3-walk-sheet-v1.png	covered
gen1	FuchsiaGym	27	2	7	SPRITE_ROCKER	battle	OPP_JUGGLER	TEXT_FUCHSIAGYM_ROCKER6	assets/characters/npcs/juggler-kasc-hd-4x3-walk-sheet-v1.png	covered
gen1	FuchsiaGym	28	7	15	SPRITE_GYM_GUIDE	nonbattle	SPRITE_GYM_GUIDE	TEXT_FUCHSIAGYM_GYM_GUIDE	assets/characters/npcs/gym-guide-kasc-hd-4x3-walk-sheet-v1.png	covered
gen1	FuchsiaMart	16	0	5	SPRITE_CLERK	nonbattle	SPRITE_CLERK	TEXT_FUCHSIAMART_CLERK	assets/characters/npcs/clerk-kasc-hd-4x3-walk-sheet-v1.png	covered
gen1	FuchsiaMart	17	4	2	SPRITE_MIDDLE_AGED_MAN	nonbattle	SPRITE_MIDDLE_AGED_MAN	TEXT_FUCHSIAMART_MIDDLE_AGED_MAN	assets/characters/npcs/middle-aged-man-kasc-hd-4x3-walk-sheet-v1.png	covered
gen1	FuchsiaMart	18	6	5	SPRITE_COOLTRAINER_F	nonbattle	SPRITE_COOLTRAINER_F	TEXT_FUCHSIAMART_COOLTRAINER_F	assets/characters/npcs/cooltrainer-female-kasc-hd-4x3-walk-sheet-v1.png	covered
gen1	FuchsiaMeetingRoom	16	4	1	SPRITE_SAFARI_ZONE_WORKER	nonbattle	SPRITE_SAFARI_ZONE_WORKER	TEXT_FUCHSIAMEETINGROOM_SAFARI_ZONE_WORKER1	assets/characters/npcs/safari-zone-worker-kasc-hd-4x3-walk-sheet-v1.png	covered
gen1	FuchsiaMeetingRoom	17	0	2	SPRITE_SAFARI_ZONE_WORKER	nonbattle	SPRITE_SAFARI_ZONE_WORKER	TEXT_FUCHSIAMEETINGROOM_SAFARI_ZONE_WORKER2	assets/characters/npcs/safari-zone-worker-kasc-hd-4x3-walk-sheet-v1.png	covered
gen1	FuchsiaMeetingRoom	18	10	1	SPRITE_SAFARI_ZONE_WORKER	nonbattle	SPRITE_SAFARI_ZONE_WORKER	TEXT_FUCHSIAMEETINGROOM_SAFARI_ZONE_WORKER3	assets/characters/npcs/safari-zone-worker-kasc-hd-4x3-walk-sheet-v1.png	covered
gen1	FuchsiaPokecenter	17	3	1	SPRITE_NURSE	nonbattle	SPRITE_NURSE	TEXT_FUCHSIAPOKECENTER_NURSE	assets/characters/npcs/nurse-kasc-hd-4x3-walk-sheet-v1.png	covered
gen1	FuchsiaPokecenter	18	2	3	SPRITE_ROCKER	nonbattle	SPRITE_ROCKER	TEXT_FUCHSIAPOKECENTER_ROCKER	assets/characters/npcs/rocker-kasc-hd-4x3-walk-sheet-v1.png	covered
gen1	FuchsiaPokecenter	19	6	5	SPRITE_COOLTRAINER_F	nonbattle	SPRITE_COOLTRAINER_F	TEXT_FUCHSIAPOKECENTER_COOLTRAINER_F	assets/characters/npcs/cooltrainer-female-kasc-hd-4x3-walk-sheet-v1.png	covered
gen1	FuchsiaPokecenter	20	11	2	SPRITE_LINK_RECEPTIONIST	nonbattle	SPRITE_LINK_RECEPTIONIST	TEXT_FUCHSIAPOKECENTER_LINK_RECEPTIONIST	assets/characters/npcs/link-receptionist-kasc-hd-4x3-walk-sheet-v1.png	covered
gen1	GameCorner	26	2	6	SPRITE_BEAUTY	nonbattle	SPRITE_BEAUTY	TEXT_GAMECORNER_BEAUTY1	assets/characters/npcs/beauty-kasc-hd-4x3-walk-sheet-v1.png	covered
gen1	GameCorner	27	5	6	SPRITE_CLERK	nonbattle	SPRITE_CLERK	TEXT_GAMECORNER_CLERK1	assets/characters/npcs/clerk-kasc-hd-4x3-walk-sheet-v1.png	covered
gen1	GameCorner	28	2	10	SPRITE_MIDDLE_AGED_MAN	nonbattle	SPRITE_MIDDLE_AGED_MAN	TEXT_GAMECORNER_MIDDLE_AGED_MAN1	assets/characters/npcs/middle-aged-man-kasc-hd-4x3-walk-sheet-v1.png	covered
gen1	GameCorner	29	2	13	SPRITE_BEAUTY	nonbattle	SPRITE_BEAUTY	TEXT_GAMECORNER_BEAUTY2	assets/characters/npcs/beauty-kasc-hd-4x3-walk-sheet-v1.png	covered
gen1	GameCorner	30	5	11	SPRITE_FISHING_GURU	nonbattle	SPRITE_FISHING_GURU	TEXT_GAMECORNER_FISHING_GURU	assets/characters/npcs/fishing-guru-kasc-hd-4x3-walk-sheet-v1.png	covered
gen1	GameCorner	31	8	11	SPRITE_MIDDLE_AGED_WOMAN	nonbattle	SPRITE_MIDDLE_AGED_WOMAN	TEXT_GAMECORNER_MIDDLE_AGED_WOMAN	assets/characters/npcs/middle-aged-woman-kasc-hd-4x3-walk-sheet-v1.png	covered
gen1	GameCorner	32	8	14	SPRITE_GYM_GUIDE	nonbattle	SPRITE_GYM_GUIDE	TEXT_GAMECORNER_GYM_GUIDE	assets/characters/npcs/gym-guide-kasc-hd-4x3-walk-sheet-v1.png	covered
gen1	GameCorner	33	11	15	SPRITE_GAMBLER	nonbattle	SPRITE_GAMBLER	TEXT_GAMECORNER_GAMBLER	assets/characters/npcs/gambler-kasc-hd-4x3-walk-sheet-v1.png	covered
gen1	GameCorner	34	14	11	SPRITE_CLERK	nonbattle	SPRITE_CLERK	TEXT_GAMECORNER_CLERK2	assets/characters/npcs/clerk-kasc-hd-4x3-walk-sheet-v1.png	covered
gen1	GameCorner	35	17	13	SPRITE_GENTLEMAN	nonbattle	SPRITE_GENTLEMAN	TEXT_GAMECORNER_GENTLEMAN	assets/characters/npcs/gentleman-kasc-hd-4x3-walk-sheet-v1.png	covered
gen1	GameCorner	36	9	5	SPRITE_ROCKET	battle	OPP_ROCKET	TEXT_GAMECORNER_ROCKET	assets/characters/npcs/team-rocket-grunt-male-kasc-hd-4x3-walk-sheet-v1.png	covered
gen1	GameCornerPrizeRoom	18	1	4	SPRITE_BALDING_GUY	nonbattle	SPRITE_BALDING_GUY	TEXT_GAMECORNERPRIZEROOM_BALDING_GUY	assets/characters/npcs/balding-guy-kasc-hd-4x3-walk-sheet-v1.png	covered
gen1	GameCornerPrizeRoom	19	7	3	SPRITE_GAMBLER	nonbattle	SPRITE_GAMBLER	TEXT_GAMECORNERPRIZEROOM_GAMBLER	assets/characters/npcs/gambler-kasc-hd-4x3-walk-sheet-v1.png	covered
gen1	HallOfFame	14	5	2	SPRITE_OAK	nonbattle	SPRITE_OAK	TEXT_HALLOFFAME_OAK	assets/characters/npcs/professor-oak-kasc-hd-4x3-walk-sheet-v1.png	covered
gen1	IndigoPlateauLobby	19	7	5	SPRITE_NURSE	nonbattle	SPRITE_NURSE	TEXT_INDIGOPLATEAULOBBY_NURSE	assets/characters/npcs/nurse-kasc-hd-4x3-walk-sheet-v1.png	covered
gen1	IndigoPlateauLobby	20	4	9	SPRITE_GYM_GUIDE	nonbattle	SPRITE_GYM_GUIDE	TEXT_INDIGOPLATEAULOBBY_GYM_GUIDE	assets/characters/npcs/gym-guide-kasc-hd-4x3-walk-sheet-v1.png	covered
gen1	IndigoPlateauLobby	21	5	1	SPRITE_COOLTRAINER_F	nonbattle	SPRITE_COOLTRAINER_F	TEXT_INDIGOPLATEAULOBBY_COOLTRAINER_F	assets/characters/npcs/cooltrainer-female-kasc-hd-4x3-walk-sheet-v1.png	covered
gen1	IndigoPlateauLobby	22	0	5	SPRITE_CLERK	nonbattle	SPRITE_CLERK	TEXT_INDIGOPLATEAULOBBY_CLERK	assets/characters/npcs/clerk-kasc-hd-4x3-walk-sheet-v1.png	covered
gen1	IndigoPlateauLobby	23	13	6	SPRITE_LINK_RECEPTIONIST	nonbattle	SPRITE_LINK_RECEPTIONIST	TEXT_INDIGOPLATEAULOBBY_LINK_RECEPTIONIST	assets/characters/npcs/link-receptionist-kasc-hd-4x3-walk-sheet-v1.png	covered
gen1	LancesRoom	15	6	1	SPRITE_LANCE	battle	OPP_LANCE	TEXT_LANCESROOM_LANCE	assets/characters/npcs/lance-kasc-hd-4x3-walk-sheet-v1.png	covered
gen1	LavenderCuboneHouse	16	2	4	SPRITE_BRUNETTE_GIRL	nonbattle	SPRITE_BRUNETTE_GIRL	TEXT_LAVENDERCUBONEHOUSE_BRUNETTE_GIRL	assets/characters/npcs/brunette-girl-kasc-hd-4x3-walk-sheet-v1.png	covered
gen1	LavenderMart	16	0	5	SPRITE_CLERK	nonbattle	SPRITE_CLERK	TEXT_LAVENDERMART_CLERK	assets/characters/npcs/clerk-kasc-hd-4x3-walk-sheet-v1.png	covered
gen1	LavenderMart	17	3	4	SPRITE_BALDING_GUY	nonbattle	SPRITE_BALDING_GUY	TEXT_LAVENDERMART_BALDING_GUY	assets/characters/npcs/balding-guy-kasc-hd-4x3-walk-sheet-v1.png	covered
gen1	LavenderMart	18	7	2	SPRITE_COOLTRAINER_M	nonbattle	SPRITE_COOLTRAINER_M	TEXT_LAVENDERMART_COOLTRAINER_M	assets/characters/npcs/cooltrainer-male-kasc-hd-4x3-walk-sheet-v1.png	covered
gen1	LavenderPokecenter	17	3	1	SPRITE_NURSE	nonbattle	SPRITE_NURSE	TEXT_LAVENDERPOKECENTER_NURSE	assets/characters/npcs/nurse-kasc-hd-4x3-walk-sheet-v1.png	covered
gen1	LavenderPokecenter	18	5	3	SPRITE_GENTLEMAN	nonbattle	SPRITE_GENTLEMAN	TEXT_LAVENDERPOKECENTER_GENTLEMAN	assets/characters/npcs/gentleman-kasc-hd-4x3-walk-sheet-v1.png	covered
gen1	LavenderPokecenter	19	2	6	SPRITE_LITTLE_GIRL	nonbattle	SPRITE_LITTLE_GIRL	TEXT_LAVENDERPOKECENTER_LITTLE_GIRL	assets/characters/npcs/little-girl-kasc-hd-4x3-walk-sheet-v1.png	covered
gen1	LavenderPokecenter	20	11	2	SPRITE_LINK_RECEPTIONIST	nonbattle	SPRITE_LINK_RECEPTIONIST	TEXT_LAVENDERPOKECENTER_LINK_RECEPTIONIST	assets/characters/npcs/link-receptionist-kasc-hd-4x3-walk-sheet-v1.png	covered
gen1	LavenderTown	26	15	9	SPRITE_LITTLE_GIRL	nonbattle	SPRITE_LITTLE_GIRL	TEXT_LAVENDERTOWN_LITTLE_GIRL	assets/characters/npcs/little-girl-kasc-hd-4x3-walk-sheet-v1.png	covered
gen1	LavenderTown	27	9	10	SPRITE_COOLTRAINER_M	nonbattle	SPRITE_COOLTRAINER_M	TEXT_LAVENDERTOWN_COOLTRAINER_M	assets/characters/npcs/cooltrainer-male-kasc-hd-4x3-walk-sheet-v1.png	covered
gen1	LavenderTown	28	8	7	SPRITE_SUPER_NERD	nonbattle	SPRITE_SUPER_NERD	TEXT_LAVENDERTOWN_SUPER_NERD	assets/characters/npcs/super-nerd-kasc-hd-4x3-walk-sheet-v1.png	covered
gen1	LoreleisRoom	16	5	2	SPRITE_LORELEI	battle	OPP_LORELEI	TEXT_LORELEISROOM_LORELEI	assets/characters/npcs/lorelei-kasc-hd-4x3-walk-sheet-v1.png	covered
gen1	MrFujisHouse	19	3	5	SPRITE_SUPER_NERD	nonbattle	SPRITE_SUPER_NERD	TEXT_MRFUJISHOUSE_SUPER_NERD	assets/characters/npcs/super-nerd-kasc-hd-4x3-walk-sheet-v1.png	covered
gen1	MrFujisHouse	20	6	3	SPRITE_LITTLE_GIRL	nonbattle	SPRITE_LITTLE_GIRL	TEXT_MRFUJISHOUSE_LITTLE_GIRL	assets/characters/npcs/little-girl-kasc-hd-4x3-walk-sheet-v1.png	covered
gen1	MrFujisHouse	23	3	1	SPRITE_MR_FUJI	nonbattle	SPRITE_MR_FUJI	TEXT_MRFUJISHOUSE_MR_FUJI	assets/characters/npcs/mr-fuji-kasc-hd-4x3-walk-sheet-v1.png	covered
gen1	MrPsychicsHouse	14	5	3	SPRITE_FISHING_GURU	nonbattle	SPRITE_FISHING_GURU	TEXT_MRPSYCHICSHOUSE_MR_PSYCHIC	assets/characters/npcs/fishing-guru-kasc-hd-4x3-walk-sheet-v1.png	covered
gen1	MtMoon1F	30	5	6	SPRITE_HIKER	battle	OPP_HIKER	TEXT_MTMOON1F_HIKER	assets/characters/npcs/hiker-kasc-hd-4x3-walk-sheet-v1.png	covered
gen1	MtMoon1F	31	12	16	SPRITE_YOUNGSTER	battle	OPP_YOUNGSTER	TEXT_MTMOON1F_YOUNGSTER1	assets/characters/npcs/youngster-gen1-bald-hd-4x3-walk-sheet-v1.png	covered
gen1	MtMoon1F	32	30	4	SPRITE_COOLTRAINER_F	battle	OPP_LASS	TEXT_MTMOON1F_COOLTRAINER_F1	assets/characters/npcs/lass-kasc-hd-4x3-walk-sheet-v1.png	covered
gen1	MtMoon1F	33	24	31	SPRITE_SUPER_NERD	battle	OPP_SUPER_NERD	TEXT_MTMOON1F_SUPER_NERD	assets/characters/npcs/super-nerd-kasc-hd-4x3-walk-sheet-v1.png	covered
gen1	MtMoon1F	34	16	23	SPRITE_COOLTRAINER_F	battle	OPP_LASS	TEXT_MTMOON1F_COOLTRAINER_F2	assets/characters/npcs/lass-kasc-hd-4x3-walk-sheet-v1.png	covered
gen1	MtMoon1F	35	7	22	SPRITE_YOUNGSTER	battle	OPP_BUG_CATCHER	TEXT_MTMOON1F_YOUNGSTER2	assets/characters/npcs/bug-catcher-kasc-hd-4x3-walk-sheet-v1.png	covered
gen1	MtMoon1F	36	30	27	SPRITE_YOUNGSTER	battle	OPP_BUG_CATCHER	TEXT_MTMOON1F_YOUNGSTER3	assets/characters/npcs/bug-catcher-kasc-hd-4x3-walk-sheet-v1.png	covered
gen1	MtMoonB2F	24	12	8	SPRITE_SUPER_NERD	battle	OPP_SUPER_NERD	TEXT_MTMOONB2F_SUPER_NERD	assets/characters/npcs/super-nerd-kasc-hd-4x3-walk-sheet-v1.png	covered
gen1	MtMoonB2F	25	11	16	SPRITE_ROCKET	battle	OPP_ROCKET	TEXT_MTMOONB2F_ROCKET1	assets/characters/npcs/team-rocket-grunt-male-kasc-hd-4x3-walk-sheet-v1.png	covered
gen1	MtMoonB2F	26	15	22	SPRITE_ROCKET	battle	OPP_ROCKET	TEXT_MTMOONB2F_ROCKET2	assets/characters/npcs/team-rocket-grunt-male-kasc-hd-4x3-walk-sheet-v1.png	covered
gen1	MtMoonB2F	27	29	11	SPRITE_ROCKET	battle	OPP_ROCKET	TEXT_MTMOONB2F_ROCKET3	assets/characters/npcs/team-rocket-grunt-male-kasc-hd-4x3-walk-sheet-v1.png	covered
gen1	MtMoonB2F	28	29	17	SPRITE_ROCKET	battle	OPP_ROCKET	TEXT_MTMOONB2F_ROCKET4	assets/characters/npcs/team-rocket-grunt-male-kasc-hd-4x3-walk-sheet-v1.png	covered
gen1	MtMoonPokecenter	19	3	1	SPRITE_NURSE	nonbattle	SPRITE_NURSE	TEXT_MTMOONPOKECENTER_NURSE	assets/characters/npcs/nurse-kasc-hd-4x3-walk-sheet-v1.png	covered
gen1	MtMoonPokecenter	20	4	3	SPRITE_YOUNGSTER	nonbattle	SPRITE_YOUNGSTER	TEXT_MTMOONPOKECENTER_YOUNGSTER	assets/characters/npcs/youngster-gen1-bald-hd-4x3-walk-sheet-v1.png	covered
gen1	MtMoonPokecenter	21	7	3	SPRITE_GENTLEMAN	nonbattle	SPRITE_GENTLEMAN	TEXT_MTMOONPOKECENTER_GENTLEMAN	assets/characters/npcs/gentleman-kasc-hd-4x3-walk-sheet-v1.png	covered
gen1	MtMoonPokecenter	22	10	6	SPRITE_MIDDLE_AGED_MAN	nonbattle	SPRITE_MIDDLE_AGED_MAN	TEXT_MTMOONPOKECENTER_MAGIKARP_SALESMAN	assets/characters/npcs/middle-aged-man-kasc-hd-4x3-walk-sheet-v1.png	covered
gen1	MtMoonPokecenter	24	11	2	SPRITE_LINK_RECEPTIONIST	nonbattle	SPRITE_LINK_RECEPTIONIST	TEXT_MTMOONPOKECENTER_LINK_RECEPTIONIST	assets/characters/npcs/link-receptionist-kasc-hd-4x3-walk-sheet-v1.png	covered
gen1	Museum1F	21	12	4	SPRITE_SCIENTIST	nonbattle	SPRITE_SCIENTIST	TEXT_MUSEUM1F_SCIENTIST1	assets/characters/npcs/scientist-kasc-hd-4x3-walk-sheet-v1.png	covered
gen1	Museum1F	22	1	4	SPRITE_GAMBLER	nonbattle	SPRITE_GAMBLER	TEXT_MUSEUM1F_GAMBLER	assets/characters/npcs/gambler-kasc-hd-4x3-walk-sheet-v1.png	covered
gen1	Museum1F	23	15	2	SPRITE_SCIENTIST	nonbattle	SPRITE_SCIENTIST	TEXT_MUSEUM1F_SCIENTIST2	assets/characters/npcs/scientist-kasc-hd-4x3-walk-sheet-v1.png	covered
gen1	Museum1F	24	17	4	SPRITE_SCIENTIST	nonbattle	SPRITE_SCIENTIST	TEXT_MUSEUM1F_SCIENTIST3	assets/characters/npcs/scientist-kasc-hd-4x3-walk-sheet-v1.png	covered
gen1	Museum2F	19	1	7	SPRITE_YOUNGSTER	nonbattle	SPRITE_YOUNGSTER	TEXT_MUSEUM2F_YOUNGSTER	assets/characters/npcs/youngster-gen1-bald-hd-4x3-walk-sheet-v1.png	covered
gen1	Museum2F	20	0	5	SPRITE_GRAMPS	nonbattle	SPRITE_GRAMPS	TEXT_MUSEUM2F_GRAMPS	assets/characters/npcs/gramps-kasc-hd-4x3-walk-sheet-v1.png	covered
gen1	Museum2F	21	7	5	SPRITE_SCIENTIST	nonbattle	SPRITE_SCIENTIST	TEXT_MUSEUM2F_SCIENTIST	assets/characters/npcs/scientist-kasc-hd-4x3-walk-sheet-v1.png	covered
gen1	Museum2F	22	11	5	SPRITE_BRUNETTE_GIRL	nonbattle	SPRITE_BRUNETTE_GIRL	TEXT_MUSEUM2F_BRUNETTE_GIRL	assets/characters/npcs/brunette-girl-kasc-hd-4x3-walk-sheet-v1.png	covered
gen1	Museum2F	23	12	5	SPRITE_HIKER	nonbattle	SPRITE_HIKER	TEXT_MUSEUM2F_HIKER	assets/characters/npcs/hiker-kasc-hd-4x3-walk-sheet-v1.png	covered
gen1	NameRatersHouse	14	5	3	SPRITE_SILPH_PRESIDENT	nonbattle	SPRITE_SILPH_PRESIDENT	TEXT_NAMERATERSHOUSE_NAME_RATER	assets/characters/npcs/silph-president-kasc-hd-4x3-walk-sheet-v1.png	covered
gen1	OaksLab	24	4	3	SPRITE_BLUE	battle	OPP_RIVAL1	TEXT_OAKSLAB_RIVAL	assets/characters/npcs/blue-kasc-hd-4x3-walk-sheet-v2.png	covered
gen1	OaksLab	28	5	2	SPRITE_OAK	nonbattle	SPRITE_OAK	TEXT_OAKSLAB_OAK1	assets/characters/npcs/professor-oak-kasc-hd-4x3-walk-sheet-v1.png	covered
gen1	OaksLab	31	5	10	SPRITE_OAK	nonbattle	SPRITE_OAK	TEXT_OAKSLAB_OAK2	assets/characters/npcs/professor-oak-kasc-hd-4x3-walk-sheet-v1.png	covered
gen1	OaksLab	32	1	9	SPRITE_GIRL	nonbattle	SPRITE_GIRL	TEXT_OAKSLAB_GIRL	assets/characters/npcs/girl-kasc-hd-4x3-walk-sheet-v1.png	covered
gen1	OaksLab	33	2	10	SPRITE_SCIENTIST	nonbattle	SPRITE_SCIENTIST	TEXT_OAKSLAB_SCIENTIST1	assets/characters/npcs/scientist-kasc-hd-4x3-walk-sheet-v1.png	covered
gen1	OaksLab	34	8	10	SPRITE_SCIENTIST	nonbattle	SPRITE_SCIENTIST	TEXT_OAKSLAB_SCIENTIST2	assets/characters/npcs/scientist-kasc-hd-4x3-walk-sheet-v1.png	covered
gen1	PalletTown	21	8	5	SPRITE_OAK	nonbattle	SPRITE_OAK	TEXT_PALLETTOWN_OAK	assets/characters/npcs/professor-oak-kasc-hd-4x3-walk-sheet-v1.png	covered
gen1	PalletTown	22	3	8	SPRITE_GIRL	nonbattle	SPRITE_GIRL	TEXT_PALLETTOWN_GIRL	assets/characters/npcs/girl-kasc-hd-4x3-walk-sheet-v1.png	covered
gen1	PalletTown	23	11	14	SPRITE_FISHER	nonbattle	SPRITE_FISHER	TEXT_PALLETTOWN_FISHER	assets/characters/npcs/fisher-kasc-hd-4x3-walk-sheet-v1.png	covered
gen1	PewterCity	30	8	15	SPRITE_COOLTRAINER_F	nonbattle	SPRITE_COOLTRAINER_F	TEXT_PEWTERCITY_COOLTRAINER_F	assets/characters/npcs/cooltrainer-female-kasc-hd-4x3-walk-sheet-v1.png	covered
gen1	PewterCity	31	17	25	SPRITE_COOLTRAINER_M	nonbattle	SPRITE_COOLTRAINER_M	TEXT_PEWTERCITY_COOLTRAINER_M	assets/characters/npcs/cooltrainer-male-kasc-hd-4x3-walk-sheet-v1.png	covered
gen1	PewterCity	32	27	17	SPRITE_SUPER_NERD	nonbattle	SPRITE_SUPER_NERD	TEXT_PEWTERCITY_SUPER_NERD1	assets/characters/npcs/super-nerd-kasc-hd-4x3-walk-sheet-v1.png	covered
gen1	PewterCity	33	26	25	SPRITE_SUPER_NERD	nonbattle	SPRITE_SUPER_NERD	TEXT_PEWTERCITY_SUPER_NERD2	assets/characters/npcs/super-nerd-kasc-hd-4x3-walk-sheet-v1.png	covered
gen1	PewterCity	34	35	16	SPRITE_YOUNGSTER	nonbattle	SPRITE_YOUNGSTER	TEXT_PEWTERCITY_YOUNGSTER	assets/characters/npcs/youngster-gen1-bald-hd-4x3-walk-sheet-v1.png	covered
gen1	PewterGym	16	4	1	SPRITE_SUPER_NERD	battle	OPP_BROCK	TEXT_PEWTERGYM_BROCK	assets/characters/npcs/brock-kasc-hd-4x3-walk-sheet-v1.png	covered
gen1	PewterGym	17	3	6	SPRITE_COOLTRAINER_M	battle	OPP_JR_TRAINER_M	TEXT_PEWTERGYM_COOLTRAINER_M	assets/characters/npcs/jr-trainer-male-kasc-hd-4x3-walk-sheet-v1.png	covered
gen1	PewterGym	18	7	10	SPRITE_GYM_GUIDE	nonbattle	SPRITE_GYM_GUIDE	TEXT_PEWTERGYM_GYM_GUIDE	assets/characters/npcs/gym-guide-kasc-hd-4x3-walk-sheet-v1.png	covered
gen1	PewterMart	16	0	5	SPRITE_CLERK	nonbattle	SPRITE_CLERK	TEXT_PEWTERMART_CLERK	assets/characters/npcs/clerk-kasc-hd-4x3-walk-sheet-v1.png	covered
gen1	PewterMart	17	3	3	SPRITE_YOUNGSTER	nonbattle	SPRITE_YOUNGSTER	TEXT_PEWTERMART_YOUNGSTER	assets/characters/npcs/youngster-gen1-bald-hd-4x3-walk-sheet-v1.png	covered
gen1	PewterMart	18	5	5	SPRITE_SUPER_NERD	nonbattle	SPRITE_SUPER_NERD	TEXT_PEWTERMART_SUPER_NERD	assets/characters/npcs/super-nerd-kasc-hd-4x3-walk-sheet-v1.png	covered
gen1	PewterNidoranHouse	17	3	5	SPRITE_LITTLE_BOY	nonbattle	SPRITE_LITTLE_BOY	TEXT_PEWTERNIDORANHOUSE_LITTLE_BOY	assets/characters/npcs/little-boy-kasc-hd-4x3-walk-sheet-v1.png	covered
gen1	PewterNidoranHouse	18	1	2	SPRITE_MIDDLE_AGED_MAN	nonbattle	SPRITE_MIDDLE_AGED_MAN	TEXT_PEWTERNIDORANHOUSE_MIDDLE_AGED_MAN	assets/characters/npcs/middle-aged-man-kasc-hd-4x3-walk-sheet-v1.png	covered
gen1	PewterPokecenter	17	3	1	SPRITE_NURSE	nonbattle	SPRITE_NURSE	TEXT_PEWTERPOKECENTER_NURSE	assets/characters/npcs/nurse-kasc-hd-4x3-walk-sheet-v1.png	covered
gen1	PewterPokecenter	18	11	7	SPRITE_GENTLEMAN	nonbattle	SPRITE_GENTLEMAN	TEXT_PEWTERPOKECENTER_GENTLEMAN	assets/characters/npcs/gentleman-kasc-hd-4x3-walk-sheet-v1.png	covered
gen1	PewterPokecenter	20	11	2	SPRITE_LINK_RECEPTIONIST	nonbattle	SPRITE_LINK_RECEPTIONIST	TEXT_PEWTERPOKECENTER_LINK_RECEPTIONIST	assets/characters/npcs/link-receptionist-kasc-hd-4x3-walk-sheet-v1.png	covered
gen1	PewterSpeechHouse	15	2	3	SPRITE_GAMBLER	nonbattle	SPRITE_GAMBLER	TEXT_PEWTERSPEECHHOUSE_GAMBLER	assets/characters/npcs/gambler-kasc-hd-4x3-walk-sheet-v1.png	covered
gen1	PewterSpeechHouse	16	4	5	SPRITE_YOUNGSTER	nonbattle	SPRITE_YOUNGSTER	TEXT_PEWTERSPEECHHOUSE_YOUNGSTER	assets/characters/npcs/youngster-gen1-bald-hd-4x3-walk-sheet-v1.png	covered
gen1	PokemonFanClub	21	6	3	SPRITE_FISHER	nonbattle	SPRITE_FISHER	TEXT_POKEMONFANCLUB_PIKACHU_FAN	assets/characters/npcs/fisher-kasc-hd-4x3-walk-sheet-v1.png	covered
gen1	PokemonFanClub	22	1	3	SPRITE_GIRL	nonbattle	SPRITE_GIRL	TEXT_POKEMONFANCLUB_SEEL_FAN	assets/characters/npcs/girl-kasc-hd-4x3-walk-sheet-v1.png	covered
gen1	PokemonFanClub	25	3	1	SPRITE_GENTLEMAN	nonbattle	SPRITE_GENTLEMAN	TEXT_POKEMONFANCLUB_CHAIRMAN	assets/characters/npcs/gentleman-kasc-hd-4x3-walk-sheet-v1.png	covered
gen1	PokemonFanClub	26	5	1	SPRITE_LINK_RECEPTIONIST	nonbattle	SPRITE_LINK_RECEPTIONIST	TEXT_POKEMONFANCLUB_RECEPTIONIST	assets/characters/npcs/link-receptionist-kasc-hd-4x3-walk-sheet-v1.png	covered
gen1	PokemonMansion1F	22	17	17	SPRITE_SCIENTIST	battle	OPP_SCIENTIST	TEXT_POKEMONMANSION1F_SCIENTIST	assets/characters/npcs/scientist-kasc-hd-4x3-walk-sheet-v1.png	covered
gen1	PokemonMansion2F	19	3	17	SPRITE_SUPER_NERD	battle	OPP_BURGLAR	TEXT_POKEMONMANSION2F_SUPER_NERD	assets/characters/npcs/burglar-kasc-hd-4x3-walk-sheet-v1.png	covered
gen1	PokemonMansion3F	19	5	11	SPRITE_SUPER_NERD	battle	OPP_BURGLAR	TEXT_POKEMONMANSION3F_SUPER_NERD	assets/characters/npcs/burglar-kasc-hd-4x3-walk-sheet-v1.png	covered
gen1	PokemonMansion3F	20	20	11	SPRITE_SCIENTIST	battle	OPP_SCIENTIST	TEXT_POKEMONMANSION3F_SCIENTIST	assets/characters/npcs/scientist-kasc-hd-4x3-walk-sheet-v1.png	covered
gen1	PokemonMansionB1F	20	16	23	SPRITE_SUPER_NERD	battle	OPP_BURGLAR	TEXT_POKEMONMANSIONB1F_BURGLAR	assets/characters/npcs/burglar-kasc-hd-4x3-walk-sheet-v1.png	covered
gen1	PokemonMansionB1F	21	27	11	SPRITE_SCIENTIST	battle	OPP_SCIENTIST	TEXT_POKEMONMANSIONB1F_SCIENTIST	assets/characters/npcs/scientist-kasc-hd-4x3-walk-sheet-v1.png	covered
gen1	PokemonTower1F	19	15	13	SPRITE_LINK_RECEPTIONIST	nonbattle	SPRITE_LINK_RECEPTIONIST	TEXT_POKEMONTOWER1F_RECEPTIONIST	assets/characters/npcs/link-receptionist-kasc-hd-4x3-walk-sheet-v1.png	covered
gen1	PokemonTower1F	20	6	8	SPRITE_MIDDLE_AGED_WOMAN	nonbattle	SPRITE_MIDDLE_AGED_WOMAN	TEXT_POKEMONTOWER1F_MIDDLE_AGED_WOMAN	assets/characters/npcs/middle-aged-woman-kasc-hd-4x3-walk-sheet-v1.png	covered
gen1	PokemonTower1F	21	8	12	SPRITE_BALDING_GUY	nonbattle	SPRITE_BALDING_GUY	TEXT_POKEMONTOWER1F_BALDING_GUY	assets/characters/npcs/balding-guy-kasc-hd-4x3-walk-sheet-v1.png	covered
gen1	PokemonTower1F	22	13	7	SPRITE_GIRL	nonbattle	SPRITE_GIRL	TEXT_POKEMONTOWER1F_GIRL	assets/characters/npcs/girl-kasc-hd-4x3-walk-sheet-v1.png	covered
gen1	PokemonTower1F	23	17	7	SPRITE_CHANNELER	nonbattle	SPRITE_CHANNELER	TEXT_POKEMONTOWER1F_CHANNELER	assets/characters/npcs/channeler-kasc-hd-4x3-walk-sheet-v1.png	covered
gen1	PokemonTower2F	15	14	5	SPRITE_BLUE	nonbattle	SPRITE_BLUE	TEXT_POKEMONTOWER2F_RIVAL	assets/characters/npcs/blue-kasc-hd-4x3-walk-sheet-v2.png	covered
gen1	PokemonTower2F	16	3	7	SPRITE_CHANNELER	nonbattle	SPRITE_CHANNELER	TEXT_POKEMONTOWER2F_CHANNELER	assets/characters/npcs/channeler-kasc-hd-4x3-walk-sheet-v1.png	covered
gen1	PokemonTower3F	17	12	3	SPRITE_CHANNELER	battle	OPP_CHANNELER	TEXT_POKEMONTOWER3F_CHANNELER1	assets/characters/npcs/channeler-kasc-hd-4x3-walk-sheet-v1.png	covered
gen1	PokemonTower3F	18	9	8	SPRITE_CHANNELER	battle	OPP_CHANNELER	TEXT_POKEMONTOWER3F_CHANNELER2	assets/characters/npcs/channeler-kasc-hd-4x3-walk-sheet-v1.png	covered
gen1	PokemonTower3F	19	10	13	SPRITE_CHANNELER	battle	OPP_CHANNELER	TEXT_POKEMONTOWER3F_CHANNELER3	assets/characters/npcs/channeler-kasc-hd-4x3-walk-sheet-v1.png	covered
gen1	PokemonTower4F	19	5	10	SPRITE_CHANNELER	battle	OPP_CHANNELER	TEXT_POKEMONTOWER4F_CHANNELER1	assets/characters/npcs/channeler-kasc-hd-4x3-walk-sheet-v1.png	covered
gen1	PokemonTower4F	20	15	7	SPRITE_CHANNELER	battle	OPP_CHANNELER	TEXT_POKEMONTOWER4F_CHANNELER2	assets/characters/npcs/channeler-kasc-hd-4x3-walk-sheet-v1.png	covered
gen1	PokemonTower4F	21	14	12	SPRITE_CHANNELER	battle	OPP_CHANNELER	TEXT_POKEMONTOWER4F_CHANNELER3	assets/characters/npcs/channeler-kasc-hd-4x3-walk-sheet-v1.png	covered
gen1	PokemonTower5F	19	12	8	SPRITE_CHANNELER	nonbattle	SPRITE_CHANNELER	TEXT_POKEMONTOWER5F_CHANNELER1	assets/characters/npcs/channeler-kasc-hd-4x3-walk-sheet-v1.png	covered
gen1	PokemonTower5F	20	17	7	SPRITE_CHANNELER	battle	OPP_CHANNELER	TEXT_POKEMONTOWER5F_CHANNELER2	assets/characters/npcs/channeler-kasc-hd-4x3-walk-sheet-v1.png	covered
gen1	PokemonTower5F	21	14	3	SPRITE_CHANNELER	battle	OPP_CHANNELER	TEXT_POKEMONTOWER5F_CHANNELER3	assets/characters/npcs/channeler-kasc-hd-4x3-walk-sheet-v1.png	covered
gen1	PokemonTower5F	22	6	10	SPRITE_CHANNELER	battle	OPP_CHANNELER	TEXT_POKEMONTOWER5F_CHANNELER4	assets/characters/npcs/channeler-kasc-hd-4x3-walk-sheet-v1.png	covered
gen1	PokemonTower5F	23	9	16	SPRITE_CHANNELER	battle	OPP_CHANNELER	TEXT_POKEMONTOWER5F_CHANNELER5	assets/characters/npcs/channeler-kasc-hd-4x3-walk-sheet-v1.png	covered
gen1	PokemonTower6F	18	12	10	SPRITE_CHANNELER	battle	OPP_CHANNELER	TEXT_POKEMONTOWER6F_CHANNELER1	assets/characters/npcs/channeler-kasc-hd-4x3-walk-sheet-v1.png	covered
gen1	PokemonTower6F	19	9	5	SPRITE_CHANNELER	battle	OPP_CHANNELER	TEXT_POKEMONTOWER6F_CHANNELER2	assets/characters/npcs/channeler-kasc-hd-4x3-walk-sheet-v1.png	covered
gen1	PokemonTower6F	20	16	5	SPRITE_CHANNELER	battle	OPP_CHANNELER	TEXT_POKEMONTOWER6F_CHANNELER3	assets/characters/npcs/channeler-kasc-hd-4x3-walk-sheet-v1.png	covered
gen1	PokemonTower7F	16	9	11	SPRITE_ROCKET	battle	OPP_ROCKET	TEXT_POKEMONTOWER7F_ROCKET1	assets/characters/npcs/team-rocket-grunt-male-kasc-hd-4x3-walk-sheet-v1.png	covered
gen1	PokemonTower7F	17	12	9	SPRITE_ROCKET	battle	OPP_ROCKET	TEXT_POKEMONTOWER7F_ROCKET2	assets/characters/npcs/team-rocket-grunt-male-kasc-hd-4x3-walk-sheet-v1.png	covered
gen1	PokemonTower7F	18	9	7	SPRITE_ROCKET	battle	OPP_ROCKET	TEXT_POKEMONTOWER7F_ROCKET3	assets/characters/npcs/team-rocket-grunt-male-kasc-hd-4x3-walk-sheet-v1.png	covered
gen1	PokemonTower7F	19	10	3	SPRITE_MR_FUJI	nonbattle	SPRITE_MR_FUJI	TEXT_POKEMONTOWER7F_MR_FUJI	assets/characters/npcs/mr-fuji-kasc-hd-4x3-walk-sheet-v1.png	covered
gen1	RedsHouse1F	16	5	4	SPRITE_MOM	nonbattle	SPRITE_MOM	TEXT_REDSHOUSE1F_MOM	assets/characters/npcs/reds-mother-kasc-hd-4x3-walk-sheet-v2.png	covered
gen1	RockTunnel1F	27	7	5	SPRITE_HIKER	battle	OPP_HIKER	TEXT_ROCKTUNNEL1F_HIKER1	assets/characters/npcs/hiker-kasc-hd-4x3-walk-sheet-v1.png	covered
gen1	RockTunnel1F	28	5	16	SPRITE_HIKER	battle	OPP_HIKER	TEXT_ROCKTUNNEL1F_HIKER2	assets/characters/npcs/hiker-kasc-hd-4x3-walk-sheet-v1.png	covered
gen1	RockTunnel1F	29	17	15	SPRITE_HIKER	battle	OPP_HIKER	TEXT_ROCKTUNNEL1F_HIKER3	assets/characters/npcs/hiker-kasc-hd-4x3-walk-sheet-v1.png	covered
gen1	RockTunnel1F	30	23	8	SPRITE_SUPER_NERD	battle	OPP_POKEMANIAC	TEXT_ROCKTUNNEL1F_SUPER_NERD	assets/characters/npcs/pokemaniac-kasc-hd-4x3-walk-sheet-v1.png	covered
gen1	RockTunnel1F	31	37	21	SPRITE_COOLTRAINER_F	battle	OPP_JR_TRAINER_F	TEXT_ROCKTUNNEL1F_COOLTRAINER_F1	assets/characters/npcs/jr-trainer-female-kasc-hd-4x3-walk-sheet-v1.png	covered
gen1	RockTunnel1F	32	22	24	SPRITE_COOLTRAINER_F	battle	OPP_JR_TRAINER_F	TEXT_ROCKTUNNEL1F_COOLTRAINER_F2	assets/characters/npcs/jr-trainer-female-kasc-hd-4x3-walk-sheet-v1.png	covered
gen1	RockTunnel1F	33	32	24	SPRITE_COOLTRAINER_F	battle	OPP_JR_TRAINER_F	TEXT_ROCKTUNNEL1F_COOLTRAINER_F3	assets/characters/npcs/jr-trainer-female-kasc-hd-4x3-walk-sheet-v1.png	covered
gen1	RockTunnelB1F	23	11	13	SPRITE_COOLTRAINER_F	battle	OPP_JR_TRAINER_F	TEXT_ROCKTUNNELB1F_COOLTRAINER_F1	assets/characters/npcs/jr-trainer-female-kasc-hd-4x3-walk-sheet-v1.png	covered
gen1	RockTunnelB1F	24	6	10	SPRITE_HIKER	battle	OPP_HIKER	TEXT_ROCKTUNNELB1F_HIKER1	assets/characters/npcs/hiker-kasc-hd-4x3-walk-sheet-v1.png	covered
gen1	RockTunnelB1F	25	3	5	SPRITE_SUPER_NERD	battle	OPP_POKEMANIAC	TEXT_ROCKTUNNELB1F_SUPER_NERD1	assets/characters/npcs/pokemaniac-kasc-hd-4x3-walk-sheet-v1.png	covered
gen1	RockTunnelB1F	26	20	21	SPRITE_SUPER_NERD	battle	OPP_POKEMANIAC	TEXT_ROCKTUNNELB1F_SUPER_NERD2	assets/characters/npcs/pokemaniac-kasc-hd-4x3-walk-sheet-v1.png	covered
gen1	RockTunnelB1F	27	30	10	SPRITE_HIKER	battle	OPP_HIKER	TEXT_ROCKTUNNELB1F_HIKER2	assets/characters/npcs/hiker-kasc-hd-4x3-walk-sheet-v1.png	covered
gen1	RockTunnelB1F	28	14	28	SPRITE_COOLTRAINER_F	battle	OPP_JR_TRAINER_F	TEXT_ROCKTUNNELB1F_COOLTRAINER_F2	assets/characters/npcs/jr-trainer-female-kasc-hd-4x3-walk-sheet-v1.png	covered
gen1	RockTunnelB1F	29	33	5	SPRITE_HIKER	battle	OPP_HIKER	TEXT_ROCKTUNNELB1F_HIKER3	assets/characters/npcs/hiker-kasc-hd-4x3-walk-sheet-v1.png	covered
gen1	RockTunnelB1F	30	26	30	SPRITE_SUPER_NERD	battle	OPP_POKEMANIAC	TEXT_ROCKTUNNELB1F_SUPER_NERD3	assets/characters/npcs/pokemaniac-kasc-hd-4x3-walk-sheet-v1.png	covered
gen1	RockTunnelPokecenter	17	3	1	SPRITE_NURSE	nonbattle	SPRITE_NURSE	TEXT_ROCKTUNNELPOKECENTER_NURSE	assets/characters/npcs/nurse-kasc-hd-4x3-walk-sheet-v1.png	covered
gen1	RockTunnelPokecenter	18	7	3	SPRITE_GENTLEMAN	nonbattle	SPRITE_GENTLEMAN	TEXT_ROCKTUNNELPOKECENTER_GENTLEMAN	assets/characters/npcs/gentleman-kasc-hd-4x3-walk-sheet-v1.png	covered
gen1	RockTunnelPokecenter	19	2	5	SPRITE_FISHER	nonbattle	SPRITE_FISHER	TEXT_ROCKTUNNELPOKECENTER_FISHER	assets/characters/npcs/fisher-kasc-hd-4x3-walk-sheet-v1.png	covered
gen1	RockTunnelPokecenter	20	11	2	SPRITE_LINK_RECEPTIONIST	nonbattle	SPRITE_LINK_RECEPTIONIST	TEXT_ROCKTUNNELPOKECENTER_LINK_RECEPTIONIST	assets/characters/npcs/link-receptionist-kasc-hd-4x3-walk-sheet-v1.png	covered
gen1	RocketHideoutB1F	23	26	8	SPRITE_ROCKET	battle	OPP_ROCKET	TEXT_ROCKETHIDEOUTB1F_ROCKET1	assets/characters/npcs/team-rocket-grunt-male-kasc-hd-4x3-walk-sheet-v1.png	covered
gen1	RocketHideoutB1F	24	12	6	SPRITE_ROCKET	battle	OPP_ROCKET	TEXT_ROCKETHIDEOUTB1F_ROCKET2	assets/characters/npcs/team-rocket-grunt-male-kasc-hd-4x3-walk-sheet-v1.png	covered
gen1	RocketHideoutB1F	25	18	17	SPRITE_ROCKET	battle	OPP_ROCKET	TEXT_ROCKETHIDEOUTB1F_ROCKET3	assets/characters/npcs/team-rocket-grunt-male-kasc-hd-4x3-walk-sheet-v1.png	covered
gen1	RocketHideoutB1F	26	15	25	SPRITE_ROCKET	battle	OPP_ROCKET	TEXT_ROCKETHIDEOUTB1F_ROCKET4	assets/characters/npcs/team-rocket-grunt-male-kasc-hd-4x3-walk-sheet-v1.png	covered
gen1	RocketHideoutB1F	27	28	18	SPRITE_ROCKET	battle	OPP_ROCKET	TEXT_ROCKETHIDEOUTB1F_ROCKET5	assets/characters/npcs/team-rocket-grunt-male-kasc-hd-4x3-walk-sheet-v1.png	covered
gen1	RocketHideoutB2F	21	20	12	SPRITE_ROCKET	battle	OPP_ROCKET	TEXT_ROCKETHIDEOUTB2F_ROCKET	assets/characters/npcs/team-rocket-grunt-male-kasc-hd-4x3-walk-sheet-v1.png	covered
gen1	RocketHideoutB3F	17	10	22	SPRITE_ROCKET	battle	OPP_ROCKET	TEXT_ROCKETHIDEOUTB3F_ROCKET1	assets/characters/npcs/team-rocket-grunt-male-kasc-hd-4x3-walk-sheet-v1.png	covered
gen1	RocketHideoutB3F	18	26	12	SPRITE_ROCKET	battle	OPP_ROCKET	TEXT_ROCKETHIDEOUTB3F_ROCKET2	assets/characters/npcs/team-rocket-grunt-male-kasc-hd-4x3-walk-sheet-v1.png	covered
gen1	RocketHideoutB4F	23	25	3	SPRITE_GIOVANNI	battle	OPP_GIOVANNI	TEXT_ROCKETHIDEOUTB4F_GIOVANNI	assets/characters/npcs/giovanni-kasc-hd-4x3-walk-sheet-v1.png	covered
gen1	RocketHideoutB4F	24	23	12	SPRITE_ROCKET	battle	OPP_ROCKET	TEXT_ROCKETHIDEOUTB4F_ROCKET1	assets/characters/npcs/team-rocket-grunt-male-kasc-hd-4x3-walk-sheet-v1.png	covered
gen1	RocketHideoutB4F	25	26	12	SPRITE_ROCKET	battle	OPP_ROCKET	TEXT_ROCKETHIDEOUTB4F_ROCKET2	assets/characters/npcs/team-rocket-grunt-male-kasc-hd-4x3-walk-sheet-v1.png	covered
gen1	RocketHideoutB4F	26	11	2	SPRITE_ROCKET	battle	OPP_ROCKET	TEXT_ROCKETHIDEOUTB4F_ROCKET3	assets/characters/npcs/team-rocket-grunt-male-kasc-hd-4x3-walk-sheet-v1.png	covered
gen1	Route1	14	5	24	SPRITE_YOUNGSTER	nonbattle	SPRITE_YOUNGSTER	TEXT_ROUTE1_YOUNGSTER1	assets/characters/npcs/youngster-gen1-bald-hd-4x3-walk-sheet-v1.png	covered
gen1	Route1	15	15	13	SPRITE_YOUNGSTER	nonbattle	SPRITE_YOUNGSTER	TEXT_ROUTE1_YOUNGSTER2	assets/characters/npcs/youngster-gen1-bald-hd-4x3-walk-sheet-v1.png	covered
gen1	Route10	25	10	44	SPRITE_SUPER_NERD	battle	OPP_POKEMANIAC	TEXT_ROUTE10_SUPER_NERD1	assets/characters/npcs/pokemaniac-kasc-hd-4x3-walk-sheet-v1.png	covered
gen1	Route10	26	3	57	SPRITE_HIKER	battle	OPP_HIKER	TEXT_ROUTE10_HIKER1	assets/characters/npcs/hiker-kasc-hd-4x3-walk-sheet-v1.png	covered
gen1	Route10	27	14	64	SPRITE_SUPER_NERD	battle	OPP_POKEMANIAC	TEXT_ROUTE10_SUPER_NERD2	assets/characters/npcs/pokemaniac-kasc-hd-4x3-walk-sheet-v1.png	covered
gen1	Route10	28	7	25	SPRITE_COOLTRAINER_F	battle	OPP_JR_TRAINER_F	TEXT_ROUTE10_COOLTRAINER_F1	assets/characters/npcs/jr-trainer-female-kasc-hd-4x3-walk-sheet-v1.png	covered
gen1	Route10	29	3	61	SPRITE_HIKER	battle	OPP_HIKER	TEXT_ROUTE10_HIKER2	assets/characters/npcs/hiker-kasc-hd-4x3-walk-sheet-v1.png	covered
gen1	Route10	30	7	54	SPRITE_COOLTRAINER_F	battle	OPP_JR_TRAINER_F	TEXT_ROUTE10_COOLTRAINER_F2	assets/characters/npcs/jr-trainer-female-kasc-hd-4x3-walk-sheet-v1.png	covered
gen1	Route11	27	10	14	SPRITE_GAMBLER	battle	OPP_GAMBLER	TEXT_ROUTE11_GAMBLER1	assets/characters/npcs/gambler-kasc-hd-4x3-walk-sheet-v1.png	covered
gen1	Route11	28	26	9	SPRITE_GAMBLER	battle	OPP_GAMBLER	TEXT_ROUTE11_GAMBLER2	assets/characters/npcs/gambler-kasc-hd-4x3-walk-sheet-v1.png	covered
gen1	Route11	29	13	5	SPRITE_YOUNGSTER	battle	OPP_YOUNGSTER	TEXT_ROUTE11_YOUNGSTER1	assets/characters/npcs/youngster-gen1-bald-hd-4x3-walk-sheet-v1.png	covered
gen1	Route11	30	36	11	SPRITE_SUPER_NERD	battle	OPP_ENGINEER	TEXT_ROUTE11_SUPER_NERD1	assets/characters/npcs/engineer-kasc-hd-4x3-walk-sheet-v1.png	covered
gen1	Route11	31	22	4	SPRITE_YOUNGSTER	battle	OPP_YOUNGSTER	TEXT_ROUTE11_YOUNGSTER2	assets/characters/npcs/youngster-gen1-bald-hd-4x3-walk-sheet-v1.png	covered
gen1	Route11	32	45	7	SPRITE_GAMBLER	battle	OPP_GAMBLER	TEXT_ROUTE11_GAMBLER3	assets/characters/npcs/gambler-kasc-hd-4x3-walk-sheet-v1.png	covered
gen1	Route11	33	33	3	SPRITE_GAMBLER	battle	OPP_GAMBLER	TEXT_ROUTE11_GAMBLER4	assets/characters/npcs/gambler-kasc-hd-4x3-walk-sheet-v1.png	covered
gen1	Route11	34	43	5	SPRITE_YOUNGSTER	battle	OPP_YOUNGSTER	TEXT_ROUTE11_YOUNGSTER3	assets/characters/npcs/youngster-gen1-bald-hd-4x3-walk-sheet-v1.png	covered
gen1	Route11	35	45	16	SPRITE_SUPER_NERD	battle	OPP_ENGINEER	TEXT_ROUTE11_SUPER_NERD2	assets/characters/npcs/engineer-kasc-hd-4x3-walk-sheet-v1.png	covered
gen1	Route11	36	22	12	SPRITE_YOUNGSTER	battle	OPP_YOUNGSTER	TEXT_ROUTE11_YOUNGSTER4	assets/characters/npcs/youngster-gen1-bald-hd-4x3-walk-sheet-v1.png	covered
gen1	Route11Gate1F	17	4	1	SPRITE_GUARD	nonbattle	SPRITE_GUARD	TEXT_ROUTE11GATE1F_GUARD	assets/characters/npcs/guard-kasc-hd-4x3-walk-sheet-v1.png	covered
gen1	Route11Gate2F	16	4	2	SPRITE_YOUNGSTER	nonbattle	SPRITE_YOUNGSTER	TEXT_ROUTE11GATE2F_YOUNGSTER	assets/characters/npcs/youngster-gen1-bald-hd-4x3-walk-sheet-v1.png	covered
gen1	Route11Gate2F	17	2	6	SPRITE_SCIENTIST	nonbattle	SPRITE_SCIENTIST	TEXT_ROUTE11GATE2F_OAKS_AIDE	assets/characters/npcs/scientist-kasc-hd-4x3-walk-sheet-v1.png	covered
gen1	Route12	28	14	31	SPRITE_FISHER	battle	OPP_FISHER	TEXT_ROUTE12_FISHER1	assets/characters/npcs/fisher-kasc-hd-4x3-walk-sheet-v1.png	covered
gen1	Route12	29	5	39	SPRITE_FISHER	battle	OPP_FISHER	TEXT_ROUTE12_FISHER2	assets/characters/npcs/fisher-kasc-hd-4x3-walk-sheet-v1.png	covered
gen1	Route12	30	11	92	SPRITE_COOLTRAINER_M	battle	OPP_JR_TRAINER_M	TEXT_ROUTE12_COOLTRAINER_M	assets/characters/npcs/jr-trainer-male-kasc-hd-4x3-walk-sheet-v1.png	covered
gen1	Route12	31	14	76	SPRITE_SUPER_NERD	battle	OPP_ROCKER	TEXT_ROUTE12_SUPER_NERD	assets/characters/npcs/rocker-kasc-hd-4x3-walk-sheet-v1.png	covered
gen1	Route12	32	12	40	SPRITE_FISHER	battle	OPP_FISHER	TEXT_ROUTE12_FISHER3	assets/characters/npcs/fisher-kasc-hd-4x3-walk-sheet-v1.png	covered
gen1	Route12	33	9	52	SPRITE_FISHER	battle	OPP_FISHER	TEXT_ROUTE12_FISHER4	assets/characters/npcs/fisher-kasc-hd-4x3-walk-sheet-v1.png	covered
gen1	Route12	34	6	87	SPRITE_FISHER	battle	OPP_FISHER	TEXT_ROUTE12_FISHER5	assets/characters/npcs/fisher-kasc-hd-4x3-walk-sheet-v1.png	covered
gen1	Route12Gate1F	17	1	3	SPRITE_GUARD	nonbattle	SPRITE_GUARD	TEXT_ROUTE12GATE1F_GUARD	assets/characters/npcs/guard-kasc-hd-4x3-walk-sheet-v1.png	covered
gen1	Route12Gate2F	15	3	4	SPRITE_BRUNETTE_GIRL	nonbattle	SPRITE_BRUNETTE_GIRL	TEXT_ROUTE12GATE2F_BRUNETTE_GIRL	assets/characters/npcs/brunette-girl-kasc-hd-4x3-walk-sheet-v1.png	covered
gen1	Route12SuperRodHouse	14	2	4	SPRITE_FISHING_GURU	nonbattle	SPRITE_FISHING_GURU	TEXT_ROUTE12SUPERRODHOUSE_FISHING_GURU	assets/characters/npcs/fishing-guru-kasc-hd-4x3-walk-sheet-v1.png	covered
gen1	Route13	24	49	10	SPRITE_COOLTRAINER_M	battle	OPP_BIRD_KEEPER	TEXT_ROUTE13_COOLTRAINER_M1	assets/characters/npcs/bird-keeper-kasc-hd-4x3-walk-sheet-v1.png	covered
gen1	Route13	25	48	10	SPRITE_COOLTRAINER_F	battle	OPP_JR_TRAINER_F	TEXT_ROUTE13_COOLTRAINER_F1	assets/characters/npcs/jr-trainer-female-kasc-hd-4x3-walk-sheet-v1.png	covered
gen1	Route13	26	27	9	SPRITE_COOLTRAINER_F	battle	OPP_JR_TRAINER_F	TEXT_ROUTE13_COOLTRAINER_F2	assets/characters/npcs/jr-trainer-female-kasc-hd-4x3-walk-sheet-v1.png	covered
gen1	Route13	27	23	10	SPRITE_COOLTRAINER_F	battle	OPP_JR_TRAINER_F	TEXT_ROUTE13_COOLTRAINER_F3	assets/characters/npcs/jr-trainer-female-kasc-hd-4x3-walk-sheet-v1.png	covered
gen1	Route13	28	50	5	SPRITE_COOLTRAINER_F	battle	OPP_JR_TRAINER_F	TEXT_ROUTE13_COOLTRAINER_F4	assets/characters/npcs/jr-trainer-female-kasc-hd-4x3-walk-sheet-v1.png	covered
gen1	Route13	29	12	4	SPRITE_COOLTRAINER_M	battle	OPP_BIRD_KEEPER	TEXT_ROUTE13_COOLTRAINER_M2	assets/characters/npcs/bird-keeper-kasc-hd-4x3-walk-sheet-v1.png	covered
gen1	Route13	30	33	6	SPRITE_BEAUTY	battle	OPP_BEAUTY	TEXT_ROUTE13_BEAUTY1	assets/characters/npcs/beauty-kasc-hd-4x3-walk-sheet-v1.png	covered
gen1	Route13	31	32	6	SPRITE_BEAUTY	battle	OPP_BEAUTY	TEXT_ROUTE13_BEAUTY2	assets/characters/npcs/beauty-kasc-hd-4x3-walk-sheet-v1.png	covered
gen1	Route13	32	10	7	SPRITE_BIKER	battle	OPP_BIKER	TEXT_ROUTE13_BIKER	assets/characters/npcs/biker-kasc-hd-4x3-walk-sheet-v1.png	covered
gen1	Route13	33	7	13	SPRITE_COOLTRAINER_M	battle	OPP_BIRD_KEEPER	TEXT_ROUTE13_COOLTRAINER_M3	assets/characters/npcs/bird-keeper-kasc-hd-4x3-walk-sheet-v1.png	covered
gen1	Route14	22	4	4	SPRITE_COOLTRAINER_M	battle	OPP_BIRD_KEEPER	TEXT_ROUTE14_COOLTRAINER_M1	assets/characters/npcs/bird-keeper-kasc-hd-4x3-walk-sheet-v1.png	covered
gen1	Route14	23	15	6	SPRITE_COOLTRAINER_M	battle	OPP_BIRD_KEEPER	TEXT_ROUTE14_COOLTRAINER_M2	assets/characters/npcs/bird-keeper-kasc-hd-4x3-walk-sheet-v1.png	covered
gen1	Route14	24	12	11	SPRITE_COOLTRAINER_M	battle	OPP_BIRD_KEEPER	TEXT_ROUTE14_COOLTRAINER_M3	assets/characters/npcs/bird-keeper-kasc-hd-4x3-walk-sheet-v1.png	covered
gen1	Route14	25	14	15	SPRITE_COOLTRAINER_M	battle	OPP_BIRD_KEEPER	TEXT_ROUTE14_COOLTRAINER_M4	assets/characters/npcs/bird-keeper-kasc-hd-4x3-walk-sheet-v1.png	covered
gen1	Route14	26	15	31	SPRITE_COOLTRAINER_M	battle	OPP_BIRD_KEEPER	TEXT_ROUTE14_COOLTRAINER_M5	assets/characters/npcs/bird-keeper-kasc-hd-4x3-walk-sheet-v1.png	covered
gen1	Route14	27	6	49	SPRITE_COOLTRAINER_M	battle	OPP_BIRD_KEEPER	TEXT_ROUTE14_COOLTRAINER_M6	assets/characters/npcs/bird-keeper-kasc-hd-4x3-walk-sheet-v1.png	covered
gen1	Route14	28	5	39	SPRITE_BIKER	battle	OPP_BIKER	TEXT_ROUTE14_BIKER1	assets/characters/npcs/biker-kasc-hd-4x3-walk-sheet-v1.png	covered
gen1	Route14	29	4	30	SPRITE_BIKER	battle	OPP_BIKER	TEXT_ROUTE14_BIKER2	assets/characters/npcs/biker-kasc-hd-4x3-walk-sheet-v1.png	covered
gen1	Route14	30	15	30	SPRITE_BIKER	battle	OPP_BIKER	TEXT_ROUTE14_BIKER3	assets/characters/npcs/biker-kasc-hd-4x3-walk-sheet-v1.png	covered
gen1	Route14	31	4	31	SPRITE_BIKER	battle	OPP_BIKER	TEXT_ROUTE14_BIKER4	assets/characters/npcs/biker-kasc-hd-4x3-walk-sheet-v1.png	covered
gen1	Route15	27	41	11	SPRITE_COOLTRAINER_F	battle	OPP_JR_TRAINER_F	TEXT_ROUTE15_COOLTRAINER_F1	assets/characters/npcs/jr-trainer-female-kasc-hd-4x3-walk-sheet-v1.png	covered
gen1	Route15	28	53	10	SPRITE_COOLTRAINER_F	battle	OPP_JR_TRAINER_F	TEXT_ROUTE15_COOLTRAINER_F2	assets/characters/npcs/jr-trainer-female-kasc-hd-4x3-walk-sheet-v1.png	covered
gen1	Route15	29	31	13	SPRITE_COOLTRAINER_M	battle	OPP_BIRD_KEEPER	TEXT_ROUTE15_COOLTRAINER_M1	assets/characters/npcs/bird-keeper-kasc-hd-4x3-walk-sheet-v1.png	covered
gen1	Route15	30	35	13	SPRITE_COOLTRAINER_M	battle	OPP_BIRD_KEEPER	TEXT_ROUTE15_COOLTRAINER_M2	assets/characters/npcs/bird-keeper-kasc-hd-4x3-walk-sheet-v1.png	covered
gen1	Route15	31	53	11	SPRITE_BEAUTY	battle	OPP_BEAUTY	TEXT_ROUTE15_BEAUTY1	assets/characters/npcs/beauty-kasc-hd-4x3-walk-sheet-v1.png	covered
gen1	Route15	32	41	10	SPRITE_BEAUTY	battle	OPP_BEAUTY	TEXT_ROUTE15_BEAUTY2	assets/characters/npcs/beauty-kasc-hd-4x3-walk-sheet-v1.png	covered
gen1	Route15	33	48	10	SPRITE_BIKER	battle	OPP_BIKER	TEXT_ROUTE15_BIKER1	assets/characters/npcs/biker-kasc-hd-4x3-walk-sheet-v1.png	covered
gen1	Route15	34	46	10	SPRITE_BIKER	battle	OPP_BIKER	TEXT_ROUTE15_BIKER2	assets/characters/npcs/biker-kasc-hd-4x3-walk-sheet-v1.png	covered
gen1	Route15	35	37	5	SPRITE_COOLTRAINER_F	battle	OPP_JR_TRAINER_F	TEXT_ROUTE15_COOLTRAINER_F3	assets/characters/npcs/jr-trainer-female-kasc-hd-4x3-walk-sheet-v1.png	covered
gen1	Route15	36	18	13	SPRITE_COOLTRAINER_F	battle	OPP_JR_TRAINER_F	TEXT_ROUTE15_COOLTRAINER_F4	assets/characters/npcs/jr-trainer-female-kasc-hd-4x3-walk-sheet-v1.png	covered
gen1	Route15Gate1F	17	4	1	SPRITE_GUARD	nonbattle	SPRITE_GUARD	TEXT_ROUTE15GATE1F_GUARD	assets/characters/npcs/guard-kasc-hd-4x3-walk-sheet-v1.png	covered
gen1	Route15Gate2F	14	4	2	SPRITE_SCIENTIST	nonbattle	SPRITE_SCIENTIST	TEXT_ROUTE15GATE2F_OAKS_AIDE	assets/characters/npcs/scientist-kasc-hd-4x3-walk-sheet-v1.png	covered
gen1	Route16	29	17	12	SPRITE_BIKER	battle	OPP_BIKER	TEXT_ROUTE16_BIKER1	assets/characters/npcs/biker-kasc-hd-4x3-walk-sheet-v1.png	covered
gen1	Route16	30	14	13	SPRITE_BIKER	battle	OPP_CUE_BALL	TEXT_ROUTE16_BIKER2	assets/characters/npcs/cue-ball-kasc-hd-4x3-walk-sheet-v1.png	covered
gen1	Route16	31	11	12	SPRITE_BIKER	battle	OPP_CUE_BALL	TEXT_ROUTE16_BIKER3	assets/characters/npcs/cue-ball-kasc-hd-4x3-walk-sheet-v1.png	covered
gen1	Route16	32	9	11	SPRITE_BIKER	battle	OPP_BIKER	TEXT_ROUTE16_BIKER4	assets/characters/npcs/biker-kasc-hd-4x3-walk-sheet-v1.png	covered
gen1	Route16	33	6	10	SPRITE_BIKER	battle	OPP_CUE_BALL	TEXT_ROUTE16_BIKER5	assets/characters/npcs/cue-ball-kasc-hd-4x3-walk-sheet-v1.png	covered
gen1	Route16	34	3	12	SPRITE_BIKER	battle	OPP_BIKER	TEXT_ROUTE16_BIKER6	assets/characters/npcs/biker-kasc-hd-4x3-walk-sheet-v1.png	covered
gen1	Route16FlyHouse	15	2	3	SPRITE_BRUNETTE_GIRL	nonbattle	SPRITE_BRUNETTE_GIRL	TEXT_ROUTE16FLYHOUSE_BRUNETTE_GIRL	assets/characters/npcs/brunette-girl-kasc-hd-4x3-walk-sheet-v1.png	covered
gen1	Route16Gate1F	22	4	5	SPRITE_GUARD	nonbattle	SPRITE_GUARD	TEXT_ROUTE16GATE1F_GUARD	assets/characters/npcs/guard-kasc-hd-4x3-walk-sheet-v1.png	covered
gen1	Route16Gate1F	23	4	3	SPRITE_GAMBLER	nonbattle	SPRITE_GAMBLER	TEXT_ROUTE16GATE1F_GAMBLER	assets/characters/npcs/gambler-kasc-hd-4x3-walk-sheet-v1.png	covered
gen1	Route16Gate2F	16	4	2	SPRITE_LITTLE_BOY	nonbattle	SPRITE_LITTLE_BOY	TEXT_ROUTE16GATE2F_LITTLE_BOY	assets/characters/npcs/little-boy-kasc-hd-4x3-walk-sheet-v1.png	covered
gen1	Route16Gate2F	17	2	5	SPRITE_LITTLE_GIRL	nonbattle	SPRITE_LITTLE_GIRL	TEXT_ROUTE16GATE2F_LITTLE_GIRL	assets/characters/npcs/little-girl-kasc-hd-4x3-walk-sheet-v1.png	covered
gen1	Route17	27	12	19	SPRITE_BIKER	battle	OPP_CUE_BALL	TEXT_ROUTE17_BIKER1	assets/characters/npcs/cue-ball-kasc-hd-4x3-walk-sheet-v1.png	covered
gen1	Route17	28	11	16	SPRITE_BIKER	battle	OPP_CUE_BALL	TEXT_ROUTE17_BIKER2	assets/characters/npcs/cue-ball-kasc-hd-4x3-walk-sheet-v1.png	covered
gen1	Route17	29	4	18	SPRITE_BIKER	battle	OPP_BIKER	TEXT_ROUTE17_BIKER3	assets/characters/npcs/biker-kasc-hd-4x3-walk-sheet-v1.png	covered
gen1	Route17	30	7	32	SPRITE_BIKER	battle	OPP_BIKER	TEXT_ROUTE17_BIKER4	assets/characters/npcs/biker-kasc-hd-4x3-walk-sheet-v1.png	covered
gen1	Route17	31	14	34	SPRITE_BIKER	battle	OPP_BIKER	TEXT_ROUTE17_BIKER5	assets/characters/npcs/biker-kasc-hd-4x3-walk-sheet-v1.png	covered
gen1	Route17	32	17	58	SPRITE_BIKER	battle	OPP_CUE_BALL	TEXT_ROUTE17_BIKER6	assets/characters/npcs/cue-ball-kasc-hd-4x3-walk-sheet-v1.png	covered
gen1	Route17	33	2	68	SPRITE_BIKER	battle	OPP_CUE_BALL	TEXT_ROUTE17_BIKER7	assets/characters/npcs/cue-ball-kasc-hd-4x3-walk-sheet-v1.png	covered
gen1	Route17	34	14	98	SPRITE_BIKER	battle	OPP_CUE_BALL	TEXT_ROUTE17_BIKER8	assets/characters/npcs/cue-ball-kasc-hd-4x3-walk-sheet-v1.png	covered
gen1	Route17	35	5	98	SPRITE_BIKER	battle	OPP_BIKER	TEXT_ROUTE17_BIKER9	assets/characters/npcs/biker-kasc-hd-4x3-walk-sheet-v1.png	covered
gen1	Route17	36	10	118	SPRITE_BIKER	battle	OPP_BIKER	TEXT_ROUTE17_BIKER10	assets/characters/npcs/biker-kasc-hd-4x3-walk-sheet-v1.png	covered
gen1	Route18	20	36	11	SPRITE_COOLTRAINER_M	battle	OPP_BIRD_KEEPER	TEXT_ROUTE18_COOLTRAINER_M1	assets/characters/npcs/bird-keeper-kasc-hd-4x3-walk-sheet-v1.png	covered
gen1	Route18	21	40	15	SPRITE_COOLTRAINER_M	battle	OPP_BIRD_KEEPER	TEXT_ROUTE18_COOLTRAINER_M2	assets/characters/npcs/bird-keeper-kasc-hd-4x3-walk-sheet-v1.png	covered
gen1	Route18	22	42	13	SPRITE_COOLTRAINER_M	battle	OPP_BIRD_KEEPER	TEXT_ROUTE18_COOLTRAINER_M3	assets/characters/npcs/bird-keeper-kasc-hd-4x3-walk-sheet-v1.png	covered
gen1	Route18Gate1F	17	4	1	SPRITE_GUARD	nonbattle	SPRITE_GUARD	TEXT_ROUTE18GATE1F_GUARD	assets/characters/npcs/guard-kasc-hd-4x3-walk-sheet-v1.png	covered
gen1	Route18Gate2F	15	4	2	SPRITE_YOUNGSTER	nonbattle	SPRITE_YOUNGSTER	TEXT_ROUTE18GATE2F_YOUNGSTER	assets/characters/npcs/youngster-gen1-bald-hd-4x3-walk-sheet-v1.png	covered
gen1	Route19	22	8	7	SPRITE_COOLTRAINER_M	battle	OPP_SWIMMER	TEXT_ROUTE19_COOLTRAINER_M1	assets/characters/npcs/swimmer-kasc-hd-4x3-walk-sheet-v1.png	covered
gen1	Route19	23	13	7	SPRITE_COOLTRAINER_M	battle	OPP_SWIMMER	TEXT_ROUTE19_COOLTRAINER_M2	assets/characters/npcs/swimmer-kasc-hd-4x3-walk-sheet-v1.png	covered
gen1	Route19	24	13	25	SPRITE_SWIMMER	battle	OPP_SWIMMER	TEXT_ROUTE19_SWIMMER1	assets/characters/npcs/swimmer-kasc-hd-4x3-walk-sheet-v1.png	covered
gen1	Route19	25	4	27	SPRITE_SWIMMER	battle	OPP_SWIMMER	TEXT_ROUTE19_SWIMMER2	assets/characters/npcs/swimmer-kasc-hd-4x3-walk-sheet-v1.png	covered
gen1	Route19	26	16	31	SPRITE_SWIMMER	battle	OPP_SWIMMER	TEXT_ROUTE19_SWIMMER3	assets/characters/npcs/swimmer-kasc-hd-4x3-walk-sheet-v1.png	covered
gen1	Route19	27	9	11	SPRITE_SWIMMER	battle	OPP_SWIMMER	TEXT_ROUTE19_SWIMMER4	assets/characters/npcs/swimmer-kasc-hd-4x3-walk-sheet-v1.png	covered
gen1	Route19	28	8	43	SPRITE_SWIMMER	battle	OPP_BEAUTY	TEXT_ROUTE19_SWIMMER5	assets/characters/npcs/beauty-kasc-hd-4x3-walk-sheet-v1.png	covered
gen1	Route19	29	11	43	SPRITE_SWIMMER	battle	OPP_BEAUTY	TEXT_ROUTE19_SWIMMER6	assets/characters/npcs/beauty-kasc-hd-4x3-walk-sheet-v1.png	covered
gen1	Route19	30	9	42	SPRITE_SWIMMER	battle	OPP_SWIMMER	TEXT_ROUTE19_SWIMMER7	assets/characters/npcs/swimmer-kasc-hd-4x3-walk-sheet-v1.png	covered
gen1	Route19	31	10	44	SPRITE_SWIMMER	battle	OPP_BEAUTY	TEXT_ROUTE19_SWIMMER8	assets/characters/npcs/beauty-kasc-hd-4x3-walk-sheet-v1.png	covered
gen1	Route20	25	87	8	SPRITE_SWIMMER	battle	OPP_SWIMMER	TEXT_ROUTE20_SWIMMER1	assets/characters/npcs/swimmer-kasc-hd-4x3-walk-sheet-v1.png	covered
gen1	Route20	26	68	11	SPRITE_SWIMMER	battle	OPP_BEAUTY	TEXT_ROUTE20_SWIMMER2	assets/characters/npcs/beauty-kasc-hd-4x3-walk-sheet-v1.png	covered
gen1	Route20	27	45	10	SPRITE_SWIMMER	battle	OPP_BEAUTY	TEXT_ROUTE20_SWIMMER3	assets/characters/npcs/beauty-kasc-hd-4x3-walk-sheet-v1.png	covered
gen1	Route20	28	55	14	SPRITE_SWIMMER	battle	OPP_JR_TRAINER_F	TEXT_ROUTE20_SWIMMER4	assets/characters/npcs/jr-trainer-female-kasc-hd-4x3-walk-sheet-v1.png	covered
gen1	Route20	29	38	13	SPRITE_SWIMMER	battle	OPP_SWIMMER	TEXT_ROUTE20_SWIMMER5	assets/characters/npcs/swimmer-kasc-hd-4x3-walk-sheet-v1.png	covered
gen1	Route20	30	87	13	SPRITE_SWIMMER	battle	OPP_SWIMMER	TEXT_ROUTE20_SWIMMER6	assets/characters/npcs/swimmer-kasc-hd-4x3-walk-sheet-v1.png	covered
gen1	Route20	31	34	9	SPRITE_COOLTRAINER_M	battle	OPP_BIRD_KEEPER	TEXT_ROUTE20_COOLTRAINER_M	assets/characters/npcs/bird-keeper-kasc-hd-4x3-walk-sheet-v1.png	covered
gen1	Route20	32	25	7	SPRITE_SWIMMER	battle	OPP_BEAUTY	TEXT_ROUTE20_SWIMMER7	assets/characters/npcs/beauty-kasc-hd-4x3-walk-sheet-v1.png	covered
gen1	Route20	33	24	12	SPRITE_SWIMMER	battle	OPP_JR_TRAINER_F	TEXT_ROUTE20_SWIMMER8	assets/characters/npcs/jr-trainer-female-kasc-hd-4x3-walk-sheet-v1.png	covered
gen1	Route20	34	15	8	SPRITE_SWIMMER	battle	OPP_BEAUTY	TEXT_ROUTE20_SWIMMER9	assets/characters/npcs/beauty-kasc-hd-4x3-walk-sheet-v1.png	covered
gen1	Route21	20	4	24	SPRITE_FISHER	battle	OPP_FISHER	TEXT_ROUTE21_FISHER1	assets/characters/npcs/fisher-kasc-hd-4x3-walk-sheet-v1.png	covered
gen1	Route21	21	6	25	SPRITE_FISHER	battle	OPP_FISHER	TEXT_ROUTE21_FISHER2	assets/characters/npcs/fisher-kasc-hd-4x3-walk-sheet-v1.png	covered
gen1	Route21	22	10	31	SPRITE_SWIMMER	battle	OPP_SWIMMER	TEXT_ROUTE21_SWIMMER1	assets/characters/npcs/swimmer-kasc-hd-4x3-walk-sheet-v1.png	covered
gen1	Route21	23	12	30	SPRITE_SWIMMER	battle	OPP_CUE_BALL	TEXT_ROUTE21_SWIMMER2	assets/characters/npcs/cue-ball-kasc-hd-4x3-walk-sheet-v1.png	covered
gen1	Route21	24	16	63	SPRITE_SWIMMER	battle	OPP_SWIMMER	TEXT_ROUTE21_SWIMMER3	assets/characters/npcs/swimmer-kasc-hd-4x3-walk-sheet-v1.png	covered
gen1	Route21	25	5	71	SPRITE_SWIMMER	battle	OPP_SWIMMER	TEXT_ROUTE21_SWIMMER4	assets/characters/npcs/swimmer-kasc-hd-4x3-walk-sheet-v1.png	covered
gen1	Route21	26	15	71	SPRITE_SWIMMER	battle	OPP_SWIMMER	TEXT_ROUTE21_SWIMMER5	assets/characters/npcs/swimmer-kasc-hd-4x3-walk-sheet-v1.png	covered
gen1	Route21	27	14	56	SPRITE_FISHER	battle	OPP_FISHER	TEXT_ROUTE21_FISHER3	assets/characters/npcs/fisher-kasc-hd-4x3-walk-sheet-v1.png	covered
gen1	Route21	28	17	57	SPRITE_FISHER	battle	OPP_FISHER	TEXT_ROUTE21_FISHER4	assets/characters/npcs/fisher-kasc-hd-4x3-walk-sheet-v1.png	covered
gen1	Route22	15	25	5	SPRITE_BLUE	nonbattle	SPRITE_BLUE	TEXT_ROUTE22_RIVAL1	assets/characters/npcs/blue-kasc-hd-4x3-walk-sheet-v2.png	covered
gen1	Route22	16	25	5	SPRITE_BLUE	nonbattle	SPRITE_BLUE	TEXT_ROUTE22_RIVAL2	assets/characters/npcs/blue-kasc-hd-4x3-walk-sheet-v2.png	covered
gen1	Route22Gate	16	6	2	SPRITE_GUARD	nonbattle	SPRITE_GUARD	TEXT_ROUTE22GATE_GUARD	assets/characters/npcs/guard-kasc-hd-4x3-walk-sheet-v1.png	covered
gen1	Route23	23	4	35	SPRITE_GUARD	nonbattle	SPRITE_GUARD	TEXT_ROUTE23_GUARD1	assets/characters/npcs/guard-kasc-hd-4x3-walk-sheet-v1.png	covered
gen1	Route23	24	10	56	SPRITE_GUARD	nonbattle	SPRITE_GUARD	TEXT_ROUTE23_GUARD2	assets/characters/npcs/guard-kasc-hd-4x3-walk-sheet-v1.png	covered
gen1	Route23	25	8	85	SPRITE_SWIMMER	nonbattle	SPRITE_SWIMMER	TEXT_ROUTE23_SWIMMER1	assets/characters/npcs/swimmer-kasc-hd-4x3-walk-sheet-v1.png	covered
gen1	Route23	26	11	96	SPRITE_SWIMMER	nonbattle	SPRITE_SWIMMER	TEXT_ROUTE23_SWIMMER2	assets/characters/npcs/swimmer-kasc-hd-4x3-walk-sheet-v1.png	covered
gen1	Route23	27	12	105	SPRITE_GUARD	nonbattle	SPRITE_GUARD	TEXT_ROUTE23_GUARD3	assets/characters/npcs/guard-kasc-hd-4x3-walk-sheet-v1.png	covered
gen1	Route23	28	8	119	SPRITE_GUARD	nonbattle	SPRITE_GUARD	TEXT_ROUTE23_GUARD4	assets/characters/npcs/guard-kasc-hd-4x3-walk-sheet-v1.png	covered
gen1	Route23	29	8	136	SPRITE_GUARD	nonbattle	SPRITE_GUARD	TEXT_ROUTE23_GUARD5	assets/characters/npcs/guard-kasc-hd-4x3-walk-sheet-v1.png	covered
gen1	Route24	19	11	15	SPRITE_COOLTRAINER_M	battle	OPP_ROCKET	TEXT_ROUTE24_COOLTRAINER_M1	assets/characters/npcs/team-rocket-grunt-male-kasc-hd-4x3-walk-sheet-v1.png	covered
gen1	Route24	20	5	20	SPRITE_COOLTRAINER_M	battle	OPP_JR_TRAINER_M	TEXT_ROUTE24_COOLTRAINER_M2	assets/characters/npcs/jr-trainer-male-kasc-hd-4x3-walk-sheet-v1.png	covered
gen1	Route24	21	11	19	SPRITE_COOLTRAINER_M	battle	OPP_JR_TRAINER_M	TEXT_ROUTE24_COOLTRAINER_M3	assets/characters/npcs/jr-trainer-male-kasc-hd-4x3-walk-sheet-v1.png	covered
gen1	Route24	22	10	22	SPRITE_COOLTRAINER_F	battle	OPP_LASS	TEXT_ROUTE24_COOLTRAINER_F1	assets/characters/npcs/lass-kasc-hd-4x3-walk-sheet-v1.png	covered
gen1	Route24	23	11	25	SPRITE_YOUNGSTER	battle	OPP_YOUNGSTER	TEXT_ROUTE24_YOUNGSTER1	assets/characters/npcs/youngster-gen1-bald-hd-4x3-walk-sheet-v1.png	covered
gen1	Route24	24	10	28	SPRITE_COOLTRAINER_F	battle	OPP_LASS	TEXT_ROUTE24_COOLTRAINER_F2	assets/characters/npcs/lass-kasc-hd-4x3-walk-sheet-v1.png	covered
gen1	Route24	25	11	31	SPRITE_YOUNGSTER	battle	OPP_BUG_CATCHER	TEXT_ROUTE24_YOUNGSTER2	assets/characters/npcs/bug-catcher-kasc-hd-4x3-walk-sheet-v1.png	covered
gen1	Route25	23	14	2	SPRITE_YOUNGSTER	battle	OPP_YOUNGSTER	TEXT_ROUTE25_YOUNGSTER1	assets/characters/npcs/youngster-gen1-bald-hd-4x3-walk-sheet-v1.png	covered
gen1	Route25	24	18	5	SPRITE_YOUNGSTER	battle	OPP_YOUNGSTER	TEXT_ROUTE25_YOUNGSTER2	assets/characters/npcs/youngster-gen1-bald-hd-4x3-walk-sheet-v1.png	covered
gen1	Route25	25	24	4	SPRITE_COOLTRAINER_M	battle	OPP_JR_TRAINER_M	TEXT_ROUTE25_COOLTRAINER_M	assets/characters/npcs/jr-trainer-male-kasc-hd-4x3-walk-sheet-v1.png	covered
gen1	Route25	26	18	8	SPRITE_COOLTRAINER_F	battle	OPP_LASS	TEXT_ROUTE25_COOLTRAINER_F1	assets/characters/npcs/lass-kasc-hd-4x3-walk-sheet-v1.png	covered
gen1	Route25	27	32	3	SPRITE_YOUNGSTER	battle	OPP_YOUNGSTER	TEXT_ROUTE25_YOUNGSTER3	assets/characters/npcs/youngster-gen1-bald-hd-4x3-walk-sheet-v1.png	covered
gen1	Route25	28	37	4	SPRITE_COOLTRAINER_F	battle	OPP_LASS	TEXT_ROUTE25_COOLTRAINER_F2	assets/characters/npcs/lass-kasc-hd-4x3-walk-sheet-v1.png	covered
gen1	Route25	29	8	4	SPRITE_HIKER	battle	OPP_HIKER	TEXT_ROUTE25_HIKER1	assets/characters/npcs/hiker-kasc-hd-4x3-walk-sheet-v1.png	covered
gen1	Route25	30	23	9	SPRITE_HIKER	battle	OPP_HIKER	TEXT_ROUTE25_HIKER2	assets/characters/npcs/hiker-kasc-hd-4x3-walk-sheet-v1.png	covered
gen1	Route25	31	13	7	SPRITE_HIKER	battle	OPP_HIKER	TEXT_ROUTE25_HIKER3	assets/characters/npcs/hiker-kasc-hd-4x3-walk-sheet-v1.png	covered
gen1	Route2Gate	17	1	4	SPRITE_SCIENTIST	nonbattle	SPRITE_SCIENTIST	TEXT_ROUTE2GATE_OAKS_AIDE	assets/characters/npcs/scientist-kasc-hd-4x3-walk-sheet-v1.png	covered
gen1	Route2Gate	18	5	4	SPRITE_YOUNGSTER	nonbattle	SPRITE_YOUNGSTER	TEXT_ROUTE2GATE_YOUNGSTER	assets/characters/npcs/youngster-gen1-bald-hd-4x3-walk-sheet-v1.png	covered
gen1	Route2TradeHouse	15	2	4	SPRITE_SCIENTIST	nonbattle	SPRITE_SCIENTIST	TEXT_ROUTE2TRADEHOUSE_SCIENTIST	assets/characters/npcs/scientist-kasc-hd-4x3-walk-sheet-v1.png	covered
gen1	Route2TradeHouse	16	4	1	SPRITE_GAMEBOY_KID	nonbattle	SPRITE_GAMEBOY_KID	TEXT_ROUTE2TRADEHOUSE_GAMEBOY_KID	assets/characters/npcs/game-boy-kid-kasc-hd-4x3-walk-sheet-v1.png	covered
gen1	Route3	21	57	11	SPRITE_SUPER_NERD	nonbattle	SPRITE_SUPER_NERD	TEXT_ROUTE3_SUPER_NERD	assets/characters/npcs/super-nerd-kasc-hd-4x3-walk-sheet-v1.png	covered
gen1	Route3	22	10	6	SPRITE_YOUNGSTER	battle	OPP_BUG_CATCHER	TEXT_ROUTE3_YOUNGSTER1	assets/characters/npcs/bug-catcher-kasc-hd-4x3-walk-sheet-v1.png	covered
gen1	Route3	23	14	4	SPRITE_YOUNGSTER	battle	OPP_YOUNGSTER	TEXT_ROUTE3_YOUNGSTER2	assets/characters/npcs/youngster-gen1-bald-hd-4x3-walk-sheet-v1.png	covered
gen1	Route3	24	16	9	SPRITE_COOLTRAINER_F	battle	OPP_LASS	TEXT_ROUTE3_COOLTRAINER_F1	assets/characters/npcs/lass-kasc-hd-4x3-walk-sheet-v1.png	covered
gen1	Route3	25	19	5	SPRITE_YOUNGSTER	battle	OPP_BUG_CATCHER	TEXT_ROUTE3_YOUNGSTER3	assets/characters/npcs/bug-catcher-kasc-hd-4x3-walk-sheet-v1.png	covered
gen1	Route3	26	23	4	SPRITE_COOLTRAINER_F	battle	OPP_LASS	TEXT_ROUTE3_COOLTRAINER_F2	assets/characters/npcs/lass-kasc-hd-4x3-walk-sheet-v1.png	covered
gen1	Route3	27	22	9	SPRITE_YOUNGSTER	battle	OPP_YOUNGSTER	TEXT_ROUTE3_YOUNGSTER4	assets/characters/npcs/youngster-gen1-bald-hd-4x3-walk-sheet-v1.png	covered
gen1	Route3	28	24	6	SPRITE_YOUNGSTER	battle	OPP_BUG_CATCHER	TEXT_ROUTE3_YOUNGSTER5	assets/characters/npcs/bug-catcher-kasc-hd-4x3-walk-sheet-v1.png	covered
gen1	Route3	29	33	10	SPRITE_COOLTRAINER_F	battle	OPP_LASS	TEXT_ROUTE3_COOLTRAINER_F3	assets/characters/npcs/lass-kasc-hd-4x3-walk-sheet-v1.png	covered
gen1	Route4	20	9	8	SPRITE_COOLTRAINER_F	nonbattle	SPRITE_COOLTRAINER_F	TEXT_ROUTE4_COOLTRAINER_F1	assets/characters/npcs/cooltrainer-female-kasc-hd-4x3-walk-sheet-v1.png	covered
gen1	Route4	21	63	3	SPRITE_COOLTRAINER_F	battle	OPP_LASS	TEXT_ROUTE4_COOLTRAINER_F2	assets/characters/npcs/lass-kasc-hd-4x3-walk-sheet-v1.png	covered
gen1	Route5Gate	16	1	3	SPRITE_GUARD	nonbattle	SPRITE_GUARD	TEXT_ROUTE5GATE_GUARD	assets/characters/npcs/guard-kasc-hd-4x3-walk-sheet-v1.png	covered
gen1	Route6	22	10	21	SPRITE_COOLTRAINER_M	battle	OPP_JR_TRAINER_M	TEXT_ROUTE6_COOLTRAINER_M1	assets/characters/npcs/jr-trainer-male-kasc-hd-4x3-walk-sheet-v1.png	covered
gen1	Route6	23	11	21	SPRITE_COOLTRAINER_F	battle	OPP_JR_TRAINER_F	TEXT_ROUTE6_COOLTRAINER_F1	assets/characters/npcs/jr-trainer-female-kasc-hd-4x3-walk-sheet-v1.png	covered
gen1	Route6	24	0	15	SPRITE_YOUNGSTER	battle	OPP_BUG_CATCHER	TEXT_ROUTE6_YOUNGSTER1	assets/characters/npcs/bug-catcher-kasc-hd-4x3-walk-sheet-v1.png	covered
gen1	Route6	25	11	31	SPRITE_COOLTRAINER_M	battle	OPP_JR_TRAINER_M	TEXT_ROUTE6_COOLTRAINER_M2	assets/characters/npcs/jr-trainer-male-kasc-hd-4x3-walk-sheet-v1.png	covered
gen1	Route6	26	11	30	SPRITE_COOLTRAINER_F	battle	OPP_JR_TRAINER_F	TEXT_ROUTE6_COOLTRAINER_F2	assets/characters/npcs/jr-trainer-female-kasc-hd-4x3-walk-sheet-v1.png	covered
gen1	Route6	27	19	26	SPRITE_YOUNGSTER	battle	OPP_BUG_CATCHER	TEXT_ROUTE6_YOUNGSTER2	assets/characters/npcs/bug-catcher-kasc-hd-4x3-walk-sheet-v1.png	covered
gen1	Route6Gate	16	6	2	SPRITE_GUARD	nonbattle	SPRITE_GUARD	TEXT_ROUTE6GATE_GUARD	assets/characters/npcs/guard-kasc-hd-4x3-walk-sheet-v1.png	covered
gen1	Route7Gate	16	3	1	SPRITE_GUARD	nonbattle	SPRITE_GUARD	TEXT_ROUTE7GATE_GUARD	assets/characters/npcs/guard-kasc-hd-4x3-walk-sheet-v1.png	covered
gen1	Route8	26	8	5	SPRITE_SUPER_NERD	battle	OPP_SUPER_NERD	TEXT_ROUTE8_SUPER_NERD1	assets/characters/npcs/super-nerd-kasc-hd-4x3-walk-sheet-v1.png	covered
gen1	Route8	27	13	9	SPRITE_GAMBLER	battle	OPP_GAMBLER	TEXT_ROUTE8_GAMBLER1	assets/characters/npcs/gambler-kasc-hd-4x3-walk-sheet-v1.png	covered
gen1	Route8	28	42	6	SPRITE_SUPER_NERD	battle	OPP_SUPER_NERD	TEXT_ROUTE8_SUPER_NERD2	assets/characters/npcs/super-nerd-kasc-hd-4x3-walk-sheet-v1.png	covered
gen1	Route8	29	26	3	SPRITE_COOLTRAINER_F	battle	OPP_LASS	TEXT_ROUTE8_COOLTRAINER_F1	assets/characters/npcs/lass-kasc-hd-4x3-walk-sheet-v1.png	covered
gen1	Route8	30	26	4	SPRITE_SUPER_NERD	battle	OPP_SUPER_NERD	TEXT_ROUTE8_SUPER_NERD3	assets/characters/npcs/super-nerd-kasc-hd-4x3-walk-sheet-v1.png	covered
gen1	Route8	31	26	5	SPRITE_COOLTRAINER_F	battle	OPP_LASS	TEXT_ROUTE8_COOLTRAINER_F2	assets/characters/npcs/lass-kasc-hd-4x3-walk-sheet-v1.png	covered
gen1	Route8	32	26	6	SPRITE_COOLTRAINER_F	battle	OPP_LASS	TEXT_ROUTE8_COOLTRAINER_F3	assets/characters/npcs/lass-kasc-hd-4x3-walk-sheet-v1.png	covered
gen1	Route8	33	46	13	SPRITE_GAMBLER	battle	OPP_GAMBLER	TEXT_ROUTE8_GAMBLER2	assets/characters/npcs/gambler-kasc-hd-4x3-walk-sheet-v1.png	covered
gen1	Route8	34	51	12	SPRITE_COOLTRAINER_F	battle	OPP_LASS	TEXT_ROUTE8_COOLTRAINER_F4	assets/characters/npcs/lass-kasc-hd-4x3-walk-sheet-v1.png	covered
gen1	Route8Gate	16	2	1	SPRITE_GUARD	nonbattle	SPRITE_GUARD	TEXT_ROUTE8GATE_GUARD	assets/characters/npcs/guard-kasc-hd-4x3-walk-sheet-v1.png	covered
gen1	Route9	22	13	10	SPRITE_COOLTRAINER_F	battle	OPP_JR_TRAINER_F	TEXT_ROUTE9_COOLTRAINER_F1	assets/characters/npcs/jr-trainer-female-kasc-hd-4x3-walk-sheet-v1.png	covered
gen1	Route9	23	24	7	SPRITE_COOLTRAINER_M	battle	OPP_JR_TRAINER_M	TEXT_ROUTE9_COOLTRAINER_M1	assets/characters/npcs/jr-trainer-male-kasc-hd-4x3-walk-sheet-v1.png	covered
gen1	Route9	24	31	7	SPRITE_COOLTRAINER_M	battle	OPP_JR_TRAINER_M	TEXT_ROUTE9_COOLTRAINER_M2	assets/characters/npcs/jr-trainer-male-kasc-hd-4x3-walk-sheet-v1.png	covered
gen1	Route9	25	48	8	SPRITE_COOLTRAINER_F	battle	OPP_JR_TRAINER_F	TEXT_ROUTE9_COOLTRAINER_F2	assets/characters/npcs/jr-trainer-female-kasc-hd-4x3-walk-sheet-v1.png	covered
gen1	Route9	26	16	15	SPRITE_HIKER	battle	OPP_HIKER	TEXT_ROUTE9_HIKER1	assets/characters/npcs/hiker-kasc-hd-4x3-walk-sheet-v1.png	covered
gen1	Route9	27	43	3	SPRITE_HIKER	battle	OPP_HIKER	TEXT_ROUTE9_HIKER2	assets/characters/npcs/hiker-kasc-hd-4x3-walk-sheet-v1.png	covered
gen1	Route9	28	22	2	SPRITE_YOUNGSTER	battle	OPP_BUG_CATCHER	TEXT_ROUTE9_YOUNGSTER1	assets/characters/npcs/bug-catcher-kasc-hd-4x3-walk-sheet-v1.png	covered
gen1	Route9	29	45	15	SPRITE_HIKER	battle	OPP_HIKER	TEXT_ROUTE9_HIKER3	assets/characters/npcs/hiker-kasc-hd-4x3-walk-sheet-v1.png	covered
gen1	Route9	30	40	8	SPRITE_YOUNGSTER	battle	OPP_BUG_CATCHER	TEXT_ROUTE9_YOUNGSTER2	assets/characters/npcs/bug-catcher-kasc-hd-4x3-walk-sheet-v1.png	covered
gen1	SSAnne1F	24	12	6	SPRITE_WAITER	nonbattle	SPRITE_WAITER	TEXT_SSANNE1F_WAITER	assets/characters/npcs/waiter-kasc-hd-4x3-walk-sheet-v1.png	covered
gen1	SSAnne1F	25	27	5	SPRITE_SAILOR	nonbattle	SPRITE_SAILOR	TEXT_SSANNE1F_SAILOR	assets/characters/npcs/sailor-kasc-hd-4x3-walk-sheet-v1.png	covered
gen1	SSAnne1FRooms	28	2	3	SPRITE_GENTLEMAN	battle	OPP_GENTLEMAN	TEXT_SSANNE1FROOMS_GENTLEMAN1	assets/characters/npcs/gentleman-kasc-hd-4x3-walk-sheet-v1.png	covered
gen1	SSAnne1FRooms	29	11	4	SPRITE_GENTLEMAN	battle	OPP_GENTLEMAN	TEXT_SSANNE1FROOMS_GENTLEMAN2	assets/characters/npcs/gentleman-kasc-hd-4x3-walk-sheet-v1.png	covered
gen1	SSAnne1FRooms	30	11	14	SPRITE_YOUNGSTER	battle	OPP_YOUNGSTER	TEXT_SSANNE1FROOMS_YOUNGSTER	assets/characters/npcs/youngster-gen1-bald-hd-4x3-walk-sheet-v1.png	covered
gen1	SSAnne1FRooms	31	13	11	SPRITE_COOLTRAINER_F	battle	OPP_LASS	TEXT_SSANNE1FROOMS_COOLTRAINER_F	assets/characters/npcs/lass-kasc-hd-4x3-walk-sheet-v1.png	covered
gen1	SSAnne1FRooms	32	22	3	SPRITE_GIRL	nonbattle	SPRITE_GIRL	TEXT_SSANNE1FROOMS_GIRL1	assets/characters/npcs/girl-kasc-hd-4x3-walk-sheet-v1.png	covered
gen1	SSAnne1FRooms	33	0	14	SPRITE_MIDDLE_AGED_MAN	nonbattle	SPRITE_MIDDLE_AGED_MAN	TEXT_SSANNE1FROOMS_MIDDLE_AGED_MAN	assets/characters/npcs/middle-aged-man-kasc-hd-4x3-walk-sheet-v1.png	covered
gen1	SSAnne1FRooms	34	2	11	SPRITE_LITTLE_GIRL	nonbattle	SPRITE_LITTLE_GIRL	TEXT_SSANNE1FROOMS_LITTLE_GIRL	assets/characters/npcs/little-girl-kasc-hd-4x3-walk-sheet-v1.png	covered
gen1	SSAnne1FRooms	36	10	13	SPRITE_GIRL	nonbattle	SPRITE_GIRL	TEXT_SSANNE1FROOMS_GIRL2	assets/characters/npcs/girl-kasc-hd-4x3-walk-sheet-v1.png	covered
gen1	SSAnne1FRooms	38	21	13	SPRITE_GENTLEMAN	nonbattle	SPRITE_GENTLEMAN	TEXT_SSANNE1FROOMS_GENTLEMAN3	assets/characters/npcs/gentleman-kasc-hd-4x3-walk-sheet-v1.png	covered
gen1	SSAnne2F	22	3	7	SPRITE_WAITER	nonbattle	SPRITE_WAITER	TEXT_SSANNE2F_WAITER	assets/characters/npcs/waiter-kasc-hd-4x3-walk-sheet-v1.png	covered
gen1	SSAnne2F	23	36	4	SPRITE_BLUE	battle	OPP_RIVAL1	TEXT_SSANNE2F_RIVAL	assets/characters/npcs/blue-kasc-hd-4x3-walk-sheet-v2.png	covered
gen1	SSAnne2FRooms	36	10	2	SPRITE_GENTLEMAN	battle	OPP_GENTLEMAN	TEXT_SSANNE2FROOMS_GENTLEMAN1	assets/characters/npcs/gentleman-kasc-hd-4x3-walk-sheet-v1.png	covered
gen1	SSAnne2FRooms	37	13	4	SPRITE_FISHER	battle	OPP_FISHER	TEXT_SSANNE2FROOMS_FISHER	assets/characters/npcs/fisher-kasc-hd-4x3-walk-sheet-v1.png	covered
gen1	SSAnne2FRooms	38	0	14	SPRITE_GENTLEMAN	battle	OPP_GENTLEMAN	TEXT_SSANNE2FROOMS_GENTLEMAN2	assets/characters/npcs/gentleman-kasc-hd-4x3-walk-sheet-v1.png	covered
gen1	SSAnne2FRooms	39	2	11	SPRITE_COOLTRAINER_F	battle	OPP_LASS	TEXT_SSANNE2FROOMS_COOLTRAINER_F	assets/characters/npcs/lass-kasc-hd-4x3-walk-sheet-v1.png	covered
gen1	SSAnne2FRooms	40	1	2	SPRITE_GENTLEMAN	nonbattle	SPRITE_GENTLEMAN	TEXT_SSANNE2FROOMS_GENTLEMAN3	assets/characters/npcs/gentleman-kasc-hd-4x3-walk-sheet-v1.png	covered
gen1	SSAnne2FRooms	42	21	2	SPRITE_GENTLEMAN	nonbattle	SPRITE_GENTLEMAN	TEXT_SSANNE2FROOMS_GENTLEMAN4	assets/characters/npcs/gentleman-kasc-hd-4x3-walk-sheet-v1.png	covered
gen1	SSAnne2FRooms	43	22	1	SPRITE_GRAMPS	nonbattle	SPRITE_GRAMPS	TEXT_SSANNE2FROOMS_GRAMPS	assets/characters/npcs/gramps-kasc-hd-4x3-walk-sheet-v1.png	covered
gen1	SSAnne2FRooms	45	12	12	SPRITE_GENTLEMAN	nonbattle	SPRITE_GENTLEMAN	TEXT_SSANNE2FROOMS_GENTLEMAN5	assets/characters/npcs/gentleman-kasc-hd-4x3-walk-sheet-v1.png	covered
gen1	SSAnne2FRooms	46	11	14	SPRITE_LITTLE_BOY	nonbattle	SPRITE_LITTLE_BOY	TEXT_SSANNE2FROOMS_LITTLE_BOY	assets/characters/npcs/little-boy-kasc-hd-4x3-walk-sheet-v1.png	covered
gen1	SSAnne2FRooms	47	22	12	SPRITE_BRUNETTE_GIRL	nonbattle	SPRITE_BRUNETTE_GIRL	TEXT_SSANNE2FROOMS_BRUNETTE_GIRL	assets/characters/npcs/brunette-girl-kasc-hd-4x3-walk-sheet-v1.png	covered
gen1	SSAnne2FRooms	48	20	12	SPRITE_BEAUTY	nonbattle	SPRITE_BEAUTY	TEXT_SSANNE2FROOMS_BEAUTY	assets/characters/npcs/beauty-kasc-hd-4x3-walk-sheet-v1.png	covered
gen1	SSAnne3F	14	9	3	SPRITE_SAILOR	nonbattle	SPRITE_SAILOR	TEXT_SSANNE3F_SAILOR	assets/characters/npcs/sailor-kasc-hd-4x3-walk-sheet-v1.png	covered
gen1	SSAnneB1FRooms	32	0	13	SPRITE_SAILOR	battle	OPP_SAILOR	TEXT_SSANNEB1FROOMS_SAILOR1	assets/characters/npcs/sailor-kasc-hd-4x3-walk-sheet-v1.png	covered
gen1	SSAnneB1FRooms	33	2	11	SPRITE_SAILOR	battle	OPP_SAILOR	TEXT_SSANNEB1FROOMS_SAILOR2	assets/characters/npcs/sailor-kasc-hd-4x3-walk-sheet-v1.png	covered
gen1	SSAnneB1FRooms	34	12	3	SPRITE_SAILOR	battle	OPP_SAILOR	TEXT_SSANNEB1FROOMS_SAILOR3	assets/characters/npcs/sailor-kasc-hd-4x3-walk-sheet-v1.png	covered
gen1	SSAnneB1FRooms	35	22	2	SPRITE_SAILOR	battle	OPP_SAILOR	TEXT_SSANNEB1FROOMS_SAILOR4	assets/characters/npcs/sailor-kasc-hd-4x3-walk-sheet-v1.png	covered
gen1	SSAnneB1FRooms	36	0	2	SPRITE_SAILOR	battle	OPP_SAILOR	TEXT_SSANNEB1FROOMS_SAILOR5	assets/characters/npcs/sailor-kasc-hd-4x3-walk-sheet-v1.png	covered
gen1	SSAnneB1FRooms	37	0	4	SPRITE_FISHER	battle	OPP_FISHER	TEXT_SSANNEB1FROOMS_FISHER	assets/characters/npcs/fisher-kasc-hd-4x3-walk-sheet-v1.png	covered
gen1	SSAnneB1FRooms	38	10	13	SPRITE_SUPER_NERD	nonbattle	SPRITE_SUPER_NERD	TEXT_SSANNEB1FROOMS_SUPER_NERD	assets/characters/npcs/super-nerd-kasc-hd-4x3-walk-sheet-v1.png	covered
gen1	SSAnneBow	18	5	2	SPRITE_SUPER_NERD	nonbattle	SPRITE_SUPER_NERD	TEXT_SSANNEBOW_SUPER_NERD	assets/characters/npcs/super-nerd-kasc-hd-4x3-walk-sheet-v1.png	covered
gen1	SSAnneBow	19	4	9	SPRITE_SAILOR	nonbattle	SPRITE_SAILOR	TEXT_SSANNEBOW_SAILOR1	assets/characters/npcs/sailor-kasc-hd-4x3-walk-sheet-v1.png	covered
gen1	SSAnneBow	20	7	11	SPRITE_COOLTRAINER_M	nonbattle	SPRITE_COOLTRAINER_M	TEXT_SSANNEBOW_COOLTRAINER_M	assets/characters/npcs/cooltrainer-male-kasc-hd-4x3-walk-sheet-v1.png	covered
gen1	SSAnneBow	21	4	4	SPRITE_SAILOR	battle	OPP_SAILOR	TEXT_SSANNEBOW_SAILOR2	assets/characters/npcs/sailor-kasc-hd-4x3-walk-sheet-v1.png	covered
gen1	SSAnneBow	22	10	8	SPRITE_SAILOR	battle	OPP_SAILOR	TEXT_SSANNEBOW_SAILOR3	assets/characters/npcs/sailor-kasc-hd-4x3-walk-sheet-v1.png	covered
gen1	SSAnneCaptainsRoom	15	4	2	SPRITE_CAPTAIN	nonbattle	SPRITE_CAPTAIN	TEXT_SSANNECAPTAINSROOM_CAPTAIN	assets/characters/npcs/ss-anne-captain-kasc-hd-4x3-walk-sheet-v1.png	covered
gen1	SSAnneKitchen	19	1	8	SPRITE_COOK	nonbattle	SPRITE_COOK	TEXT_SSANNEKITCHEN_COOK1	assets/characters/npcs/cook-kasc-hd-4x3-walk-sheet-v1.png	covered
gen1	SSAnneKitchen	20	5	8	SPRITE_COOK	nonbattle	SPRITE_COOK	TEXT_SSANNEKITCHEN_COOK2	assets/characters/npcs/cook-kasc-hd-4x3-walk-sheet-v1.png	covered
gen1	SSAnneKitchen	21	9	7	SPRITE_COOK	nonbattle	SPRITE_COOK	TEXT_SSANNEKITCHEN_COOK3	assets/characters/npcs/cook-kasc-hd-4x3-walk-sheet-v1.png	covered
gen1	SSAnneKitchen	22	13	6	SPRITE_COOK	nonbattle	SPRITE_COOK	TEXT_SSANNEKITCHEN_COOK4	assets/characters/npcs/cook-kasc-hd-4x3-walk-sheet-v1.png	covered
gen1	SSAnneKitchen	23	13	8	SPRITE_COOK	nonbattle	SPRITE_COOK	TEXT_SSANNEKITCHEN_COOK5	assets/characters/npcs/cook-kasc-hd-4x3-walk-sheet-v1.png	covered
gen1	SSAnneKitchen	24	13	10	SPRITE_COOK	nonbattle	SPRITE_COOK	TEXT_SSANNEKITCHEN_COOK6	assets/characters/npcs/cook-kasc-hd-4x3-walk-sheet-v1.png	covered
gen1	SSAnneKitchen	25	11	13	SPRITE_COOK	nonbattle	SPRITE_COOK	TEXT_SSANNEKITCHEN_COOK7	assets/characters/npcs/cook-kasc-hd-4x3-walk-sheet-v1.png	covered
gen1	SafariZoneCenterRestHouse	15	3	2	SPRITE_GIRL	nonbattle	SPRITE_GIRL	TEXT_SAFARIZONECENTERRESTHOUSE_GIRL	assets/characters/npcs/girl-kasc-hd-4x3-walk-sheet-v1.png	covered
gen1	SafariZoneCenterRestHouse	16	1	4	SPRITE_SCIENTIST	nonbattle	SPRITE_SCIENTIST	TEXT_SAFARIZONECENTERRESTHOUSE_SCIENTIST	assets/characters/npcs/scientist-kasc-hd-4x3-walk-sheet-v1.png	covered
gen1	SafariZoneEastRestHouse	16	1	3	SPRITE_SCIENTIST	nonbattle	SPRITE_SCIENTIST	TEXT_SAFARIZONEEASTRESTHOUSE_SCIENTIST	assets/characters/npcs/scientist-kasc-hd-4x3-walk-sheet-v1.png	covered
gen1	SafariZoneEastRestHouse	17	4	2	SPRITE_ROCKER	nonbattle	SPRITE_ROCKER	TEXT_SAFARIZONEEASTRESTHOUSE_ROCKER	assets/characters/npcs/rocker-kasc-hd-4x3-walk-sheet-v1.png	covered
gen1	SafariZoneEastRestHouse	18	5	2	SPRITE_SILPH_WORKER_M	nonbattle	SPRITE_SILPH_WORKER_M	TEXT_SAFARIZONEEASTRESTHOUSE_SILPH_WORKER_M	assets/characters/npcs/silph-worker-male-kasc-hd-4x3-walk-sheet-v1.png	covered
gen1	SafariZoneGate	17	6	2	SPRITE_SAFARI_ZONE_WORKER	nonbattle	SPRITE_SAFARI_ZONE_WORKER	TEXT_SAFARIZONEGATE_SAFARI_ZONE_WORKER1	assets/characters/npcs/safari-zone-worker-kasc-hd-4x3-walk-sheet-v1.png	covered
gen1	SafariZoneGate	18	1	4	SPRITE_SAFARI_ZONE_WORKER	nonbattle	SPRITE_SAFARI_ZONE_WORKER	TEXT_SAFARIZONEGATE_SAFARI_ZONE_WORKER2	assets/characters/npcs/safari-zone-worker-kasc-hd-4x3-walk-sheet-v1.png	covered
gen1	SafariZoneNorthRestHouse	16	6	3	SPRITE_SCIENTIST	nonbattle	SPRITE_SCIENTIST	TEXT_SAFARIZONENORTHRESTHOUSE_SCIENTIST	assets/characters/npcs/scientist-kasc-hd-4x3-walk-sheet-v1.png	covered
gen1	SafariZoneNorthRestHouse	17	3	4	SPRITE_SAFARI_ZONE_WORKER	nonbattle	SPRITE_SAFARI_ZONE_WORKER	TEXT_SAFARIZONENORTHRESTHOUSE_SAFARI_ZONE_WORKER	assets/characters/npcs/safari-zone-worker-kasc-hd-4x3-walk-sheet-v1.png	covered
gen1	SafariZoneNorthRestHouse	18	1	5	SPRITE_GENTLEMAN	nonbattle	SPRITE_GENTLEMAN	TEXT_SAFARIZONENORTHRESTHOUSE_GENTLEMAN	assets/characters/npcs/gentleman-kasc-hd-4x3-walk-sheet-v1.png	covered
gen1	SafariZoneSecretHouse	14	3	3	SPRITE_FISHING_GURU	nonbattle	SPRITE_FISHING_GURU	TEXT_SAFARIZONESECRETHOUSE_FISHING_GURU	assets/characters/npcs/fishing-guru-kasc-hd-4x3-walk-sheet-v1.png	covered
gen1	SafariZoneWestRestHouse	16	4	4	SPRITE_SCIENTIST	nonbattle	SPRITE_SCIENTIST	TEXT_SAFARIZONEWESTRESTHOUSE_SCIENTIST	assets/characters/npcs/scientist-kasc-hd-4x3-walk-sheet-v1.png	covered
gen1	SafariZoneWestRestHouse	17	0	2	SPRITE_COOLTRAINER_M	nonbattle	SPRITE_COOLTRAINER_M	TEXT_SAFARIZONEWESTRESTHOUSE_COOLTRAINER_M	assets/characters/npcs/cooltrainer-male-kasc-hd-4x3-walk-sheet-v1.png	covered
gen1	SafariZoneWestRestHouse	18	6	2	SPRITE_SILPH_WORKER_F	nonbattle	SPRITE_SILPH_WORKER_F	TEXT_SAFARIZONEWESTRESTHOUSE_SILPH_WORKER_F	assets/characters/npcs/silph-worker-female-kasc-hd-4x3-walk-sheet-v1.png	covered
gen1	SaffronCity	44	7	6	SPRITE_ROCKET	nonbattle	SPRITE_ROCKET	TEXT_SAFFRONCITY_ROCKET1	assets/characters/npcs/team-rocket-grunt-male-kasc-hd-4x3-walk-sheet-v1.png	covered
gen1	SaffronCity	45	20	8	SPRITE_ROCKET	nonbattle	SPRITE_ROCKET	TEXT_SAFFRONCITY_ROCKET2	assets/characters/npcs/team-rocket-grunt-male-kasc-hd-4x3-walk-sheet-v1.png	covered
gen1	SaffronCity	46	34	4	SPRITE_ROCKET	nonbattle	SPRITE_ROCKET	TEXT_SAFFRONCITY_ROCKET3	assets/characters/npcs/team-rocket-grunt-male-kasc-hd-4x3-walk-sheet-v1.png	covered
gen1	SaffronCity	47	13	12	SPRITE_ROCKET	nonbattle	SPRITE_ROCKET	TEXT_SAFFRONCITY_ROCKET4	assets/characters/npcs/team-rocket-grunt-male-kasc-hd-4x3-walk-sheet-v1.png	covered
gen1	SaffronCity	48	11	25	SPRITE_ROCKET	nonbattle	SPRITE_ROCKET	TEXT_SAFFRONCITY_ROCKET5	assets/characters/npcs/team-rocket-grunt-male-kasc-hd-4x3-walk-sheet-v1.png	covered
gen1	SaffronCity	49	32	13	SPRITE_ROCKET	nonbattle	SPRITE_ROCKET	TEXT_SAFFRONCITY_ROCKET6	assets/characters/npcs/team-rocket-grunt-male-kasc-hd-4x3-walk-sheet-v1.png	covered
gen1	SaffronCity	50	18	30	SPRITE_ROCKET	nonbattle	SPRITE_ROCKET	TEXT_SAFFRONCITY_ROCKET7	assets/characters/npcs/team-rocket-grunt-male-kasc-hd-4x3-walk-sheet-v1.png	covered
gen1	SaffronCity	51	8	14	SPRITE_SCIENTIST	nonbattle	SPRITE_SCIENTIST	TEXT_SAFFRONCITY_SCIENTIST	assets/characters/npcs/scientist-kasc-hd-4x3-walk-sheet-v1.png	covered
gen1	SaffronCity	52	23	23	SPRITE_SILPH_WORKER_M	nonbattle	SPRITE_SILPH_WORKER_M	TEXT_SAFFRONCITY_SILPH_WORKER_M	assets/characters/npcs/silph-worker-male-kasc-hd-4x3-walk-sheet-v1.png	covered
gen1	SaffronCity	53	17	30	SPRITE_SILPH_WORKER_F	nonbattle	SPRITE_SILPH_WORKER_F	TEXT_SAFFRONCITY_SILPH_WORKER_F	assets/characters/npcs/silph-worker-female-kasc-hd-4x3-walk-sheet-v1.png	covered
gen1	SaffronCity	54	30	12	SPRITE_GENTLEMAN	nonbattle	SPRITE_GENTLEMAN	TEXT_SAFFRONCITY_GENTLEMAN	assets/characters/npcs/gentleman-kasc-hd-4x3-walk-sheet-v1.png	covered
gen1	SaffronCity	56	18	8	SPRITE_ROCKER	nonbattle	SPRITE_ROCKER	TEXT_SAFFRONCITY_ROCKER	assets/characters/npcs/rocker-kasc-hd-4x3-walk-sheet-v1.png	covered
gen1	SaffronCity	57	18	22	SPRITE_ROCKET	nonbattle	SPRITE_ROCKET	TEXT_SAFFRONCITY_ROCKET8	assets/characters/npcs/team-rocket-grunt-male-kasc-hd-4x3-walk-sheet-v1.png	covered
gen1	SaffronCity	58	19	22	SPRITE_ROCKET	nonbattle	SPRITE_ROCKET	TEXT_SAFFRONCITY_ROCKET9	assets/characters/npcs/team-rocket-grunt-male-kasc-hd-4x3-walk-sheet-v1.png	covered
gen1	SaffronGym	52	9	8	SPRITE_GIRL	battle	OPP_SABRINA	TEXT_SAFFRONGYM_SABRINA	assets/characters/npcs/sabrina-kasc-hd-4x3-walk-sheet-v1.png	covered
gen1	SaffronGym	53	10	1	SPRITE_CHANNELER	battle	OPP_CHANNELER	TEXT_SAFFRONGYM_CHANNELER1	assets/characters/npcs/channeler-kasc-hd-4x3-walk-sheet-v1.png	covered
gen1	SaffronGym	54	17	1	SPRITE_YOUNGSTER	battle	OPP_PSYCHIC_TR	TEXT_SAFFRONGYM_YOUNGSTER1	assets/characters/npcs/psychic-kasc-hd-4x3-walk-sheet-v1.png	covered
gen1	SaffronGym	55	3	7	SPRITE_CHANNELER	battle	OPP_CHANNELER	TEXT_SAFFRONGYM_CHANNELER2	assets/characters/npcs/channeler-kasc-hd-4x3-walk-sheet-v1.png	covered
gen1	SaffronGym	56	17	7	SPRITE_YOUNGSTER	battle	OPP_PSYCHIC_TR	TEXT_SAFFRONGYM_YOUNGSTER2	assets/characters/npcs/psychic-kasc-hd-4x3-walk-sheet-v1.png	covered
gen1	SaffronGym	57	3	13	SPRITE_CHANNELER	battle	OPP_CHANNELER	TEXT_SAFFRONGYM_CHANNELER3	assets/characters/npcs/channeler-kasc-hd-4x3-walk-sheet-v1.png	covered
gen1	SaffronGym	58	17	13	SPRITE_YOUNGSTER	battle	OPP_PSYCHIC_TR	TEXT_SAFFRONGYM_YOUNGSTER3	assets/characters/npcs/psychic-kasc-hd-4x3-walk-sheet-v1.png	covered
gen1	SaffronGym	59	3	1	SPRITE_YOUNGSTER	battle	OPP_PSYCHIC_TR	TEXT_SAFFRONGYM_YOUNGSTER4	assets/characters/npcs/psychic-kasc-hd-4x3-walk-sheet-v1.png	covered
gen1	SaffronGym	60	10	15	SPRITE_GYM_GUIDE	nonbattle	SPRITE_GYM_GUIDE	TEXT_SAFFRONGYM_GYM_GUIDE	assets/characters/npcs/gym-guide-kasc-hd-4x3-walk-sheet-v1.png	covered
gen1	SaffronMart	16	0	5	SPRITE_CLERK	nonbattle	SPRITE_CLERK	TEXT_SAFFRONMART_CLERK	assets/characters/npcs/clerk-kasc-hd-4x3-walk-sheet-v1.png	covered
gen1	SaffronMart	17	4	2	SPRITE_SUPER_NERD	nonbattle	SPRITE_SUPER_NERD	TEXT_SAFFRONMART_SUPER_NERD	assets/characters/npcs/super-nerd-kasc-hd-4x3-walk-sheet-v1.png	covered
gen1	SaffronMart	18	6	5	SPRITE_COOLTRAINER_F	nonbattle	SPRITE_COOLTRAINER_F	TEXT_SAFFRONMART_COOLTRAINER_F	assets/characters/npcs/cooltrainer-female-kasc-hd-4x3-walk-sheet-v1.png	covered
gen1	SaffronPidgeyHouse	17	2	3	SPRITE_BRUNETTE_GIRL	nonbattle	SPRITE_BRUNETTE_GIRL	TEXT_SAFFRONPIDGEYHOUSE_BRUNETTE_GIRL	assets/characters/npcs/brunette-girl-kasc-hd-4x3-walk-sheet-v1.png	covered
gen1	SaffronPidgeyHouse	19	4	1	SPRITE_YOUNGSTER	nonbattle	SPRITE_YOUNGSTER	TEXT_SAFFRONPIDGEYHOUSE_YOUNGSTER	assets/characters/npcs/youngster-gen1-bald-hd-4x3-walk-sheet-v1.png	covered
gen1	SaffronPokecenter	17	3	1	SPRITE_NURSE	nonbattle	SPRITE_NURSE	TEXT_SAFFRONPOKECENTER_NURSE	assets/characters/npcs/nurse-kasc-hd-4x3-walk-sheet-v1.png	covered
gen1	SaffronPokecenter	18	5	5	SPRITE_BEAUTY	nonbattle	SPRITE_BEAUTY	TEXT_SAFFRONPOKECENTER_BEAUTY	assets/characters/npcs/beauty-kasc-hd-4x3-walk-sheet-v1.png	covered
gen1	SaffronPokecenter	19	8	3	SPRITE_GENTLEMAN	nonbattle	SPRITE_GENTLEMAN	TEXT_SAFFRONPOKECENTER_GENTLEMAN	assets/characters/npcs/gentleman-kasc-hd-4x3-walk-sheet-v1.png	covered
gen1	SaffronPokecenter	20	11	2	SPRITE_LINK_RECEPTIONIST	nonbattle	SPRITE_LINK_RECEPTIONIST	TEXT_SAFFRONPOKECENTER_LINK_RECEPTIONIST	assets/characters/npcs/link-receptionist-kasc-hd-4x3-walk-sheet-v1.png	covered
gen1	SilphCo10F	23	1	9	SPRITE_ROCKET	battle	OPP_ROCKET	TEXT_SILPHCO10F_ROCKET	assets/characters/npcs/team-rocket-grunt-male-kasc-hd-4x3-walk-sheet-v1.png	covered
gen1	SilphCo10F	24	10	2	SPRITE_SCIENTIST	battle	OPP_SCIENTIST	TEXT_SILPHCO10F_SCIENTIST	assets/characters/npcs/scientist-kasc-hd-4x3-walk-sheet-v1.png	covered
gen1	SilphCo10F	25	9	15	SPRITE_SILPH_WORKER_F	nonbattle	SPRITE_SILPH_WORKER_F	TEXT_SILPHCO10F_SILPH_WORKER_F	assets/characters/npcs/silph-worker-female-kasc-hd-4x3-walk-sheet-v1.png	covered
gen1	SilphCo11F	20	7	5	SPRITE_SILPH_PRESIDENT	nonbattle	SPRITE_SILPH_PRESIDENT	TEXT_SILPHCO11F_SILPH_PRESIDENT	assets/characters/npcs/silph-president-kasc-hd-4x3-walk-sheet-v1.png	covered
gen1	SilphCo11F	21	10	5	SPRITE_BEAUTY	nonbattle	SPRITE_BEAUTY	TEXT_SILPHCO11F_BEAUTY	assets/characters/npcs/beauty-kasc-hd-4x3-walk-sheet-v1.png	covered
gen1	SilphCo11F	22	6	9	SPRITE_GIOVANNI	battle	OPP_GIOVANNI	TEXT_SILPHCO11F_GIOVANNI	assets/characters/npcs/giovanni-kasc-hd-4x3-walk-sheet-v1.png	covered
gen1	SilphCo11F	23	3	16	SPRITE_ROCKET	battle	OPP_ROCKET	TEXT_SILPHCO11F_ROCKET1	assets/characters/npcs/team-rocket-grunt-male-kasc-hd-4x3-walk-sheet-v1.png	covered
gen1	SilphCo11F	24	15	9	SPRITE_ROCKET	battle	OPP_ROCKET	TEXT_SILPHCO11F_ROCKET2	assets/characters/npcs/team-rocket-grunt-male-kasc-hd-4x3-walk-sheet-v1.png	covered
gen1	SilphCo1F	17	4	2	SPRITE_LINK_RECEPTIONIST	nonbattle	SPRITE_LINK_RECEPTIONIST	TEXT_SILPHCO1F_LINK_RECEPTIONIST	assets/characters/npcs/link-receptionist-kasc-hd-4x3-walk-sheet-v1.png	covered
gen1	SilphCo2F	23	10	1	SPRITE_SILPH_WORKER_F	nonbattle	SPRITE_SILPH_WORKER_F	TEXT_SILPHCO2F_SILPH_WORKER_F	assets/characters/npcs/silph-worker-female-kasc-hd-4x3-walk-sheet-v1.png	covered
gen1	SilphCo2F	24	5	12	SPRITE_SCIENTIST	battle	OPP_SCIENTIST	TEXT_SILPHCO2F_SCIENTIST1	assets/characters/npcs/scientist-kasc-hd-4x3-walk-sheet-v1.png	covered
gen1	SilphCo2F	25	24	13	SPRITE_SCIENTIST	battle	OPP_SCIENTIST	TEXT_SILPHCO2F_SCIENTIST2	assets/characters/npcs/scientist-kasc-hd-4x3-walk-sheet-v1.png	covered
gen1	SilphCo2F	26	16	11	SPRITE_ROCKET	battle	OPP_ROCKET	TEXT_SILPHCO2F_ROCKET1	assets/characters/npcs/team-rocket-grunt-male-kasc-hd-4x3-walk-sheet-v1.png	covered
gen1	SilphCo2F	27	24	7	SPRITE_ROCKET	battle	OPP_ROCKET	TEXT_SILPHCO2F_ROCKET2	assets/characters/npcs/team-rocket-grunt-male-kasc-hd-4x3-walk-sheet-v1.png	covered
gen1	SilphCo3F	25	24	8	SPRITE_SILPH_WORKER_M	nonbattle	SPRITE_SILPH_WORKER_M	TEXT_SILPHCO3F_SILPH_WORKER_M	assets/characters/npcs/silph-worker-male-kasc-hd-4x3-walk-sheet-v1.png	covered
gen1	SilphCo3F	26	20	7	SPRITE_ROCKET	battle	OPP_ROCKET	TEXT_SILPHCO3F_ROCKET	assets/characters/npcs/team-rocket-grunt-male-kasc-hd-4x3-walk-sheet-v1.png	covered
gen1	SilphCo3F	27	7	9	SPRITE_SCIENTIST	battle	OPP_SCIENTIST	TEXT_SILPHCO3F_SCIENTIST	assets/characters/npcs/scientist-kasc-hd-4x3-walk-sheet-v1.png	covered
gen1	SilphCo4F	25	6	2	SPRITE_SILPH_WORKER_M	nonbattle	SPRITE_SILPH_WORKER_M	TEXT_SILPHCO4F_SILPH_WORKER_M	assets/characters/npcs/silph-worker-male-kasc-hd-4x3-walk-sheet-v1.png	covered
gen1	SilphCo4F	26	9	14	SPRITE_ROCKET	battle	OPP_ROCKET	TEXT_SILPHCO4F_ROCKET1	assets/characters/npcs/team-rocket-grunt-male-kasc-hd-4x3-walk-sheet-v1.png	covered
gen1	SilphCo4F	27	14	6	SPRITE_SCIENTIST	battle	OPP_SCIENTIST	TEXT_SILPHCO4F_SCIENTIST	assets/characters/npcs/scientist-kasc-hd-4x3-walk-sheet-v1.png	covered
gen1	SilphCo4F	28	26	10	SPRITE_ROCKET	battle	OPP_ROCKET	TEXT_SILPHCO4F_ROCKET2	assets/characters/npcs/team-rocket-grunt-male-kasc-hd-4x3-walk-sheet-v1.png	covered
gen1	SilphCo5F	29	13	9	SPRITE_SILPH_WORKER_M	nonbattle	SPRITE_SILPH_WORKER_M	TEXT_SILPHCO5F_SILPH_WORKER_M	assets/characters/npcs/silph-worker-male-kasc-hd-4x3-walk-sheet-v1.png	covered
gen1	SilphCo5F	30	8	16	SPRITE_ROCKET	battle	OPP_ROCKET	TEXT_SILPHCO5F_ROCKET1	assets/characters/npcs/team-rocket-grunt-male-kasc-hd-4x3-walk-sheet-v1.png	covered
gen1	SilphCo5F	31	8	3	SPRITE_SCIENTIST	battle	OPP_SCIENTIST	TEXT_SILPHCO5F_SCIENTIST	assets/characters/npcs/scientist-kasc-hd-4x3-walk-sheet-v1.png	covered
gen1	SilphCo5F	32	18	10	SPRITE_ROCKER	battle	OPP_JUGGLER	TEXT_SILPHCO5F_ROCKER	assets/characters/npcs/juggler-kasc-hd-4x3-walk-sheet-v1.png	covered
gen1	SilphCo5F	33	28	4	SPRITE_ROCKET	battle	OPP_ROCKET	TEXT_SILPHCO5F_ROCKET2	assets/characters/npcs/team-rocket-grunt-male-kasc-hd-4x3-walk-sheet-v1.png	covered
gen1	SilphCo6F	26	10	6	SPRITE_SILPH_WORKER_M	nonbattle	SPRITE_SILPH_WORKER_M	TEXT_SILPHCO6F_SILPH_WORKER_M1	assets/characters/npcs/silph-worker-male-kasc-hd-4x3-walk-sheet-v1.png	covered
gen1	SilphCo6F	27	20	6	SPRITE_SILPH_WORKER_M	nonbattle	SPRITE_SILPH_WORKER_M	TEXT_SILPHCO6F_SILPH_WORKER_M2	assets/characters/npcs/silph-worker-male-kasc-hd-4x3-walk-sheet-v1.png	covered
gen1	SilphCo6F	28	21	6	SPRITE_SILPH_WORKER_F	nonbattle	SPRITE_SILPH_WORKER_F	TEXT_SILPHCO6F_SILPH_WORKER_F1	assets/characters/npcs/silph-worker-female-kasc-hd-4x3-walk-sheet-v1.png	covered
gen1	SilphCo6F	29	11	10	SPRITE_SILPH_WORKER_F	nonbattle	SPRITE_SILPH_WORKER_F	TEXT_SILPHCO6F_SILPH_WORKER_F2	assets/characters/npcs/silph-worker-female-kasc-hd-4x3-walk-sheet-v1.png	covered
gen1	SilphCo6F	30	18	13	SPRITE_SILPH_WORKER_M	nonbattle	SPRITE_SILPH_WORKER_M	TEXT_SILPHCO6F_SILPH_WORKER_M3	assets/characters/npcs/silph-worker-male-kasc-hd-4x3-walk-sheet-v1.png	covered
gen1	SilphCo6F	31	17	3	SPRITE_ROCKET	battle	OPP_ROCKET	TEXT_SILPHCO6F_ROCKET1	assets/characters/npcs/team-rocket-grunt-male-kasc-hd-4x3-walk-sheet-v1.png	covered
gen1	SilphCo6F	32	7	8	SPRITE_SCIENTIST	battle	OPP_SCIENTIST	TEXT_SILPHCO6F_SCIENTIST	assets/characters/npcs/scientist-kasc-hd-4x3-walk-sheet-v1.png	covered
gen1	SilphCo6F	33	14	15	SPRITE_ROCKET	battle	OPP_ROCKET	TEXT_SILPHCO6F_ROCKET2	assets/characters/npcs/team-rocket-grunt-male-kasc-hd-4x3-walk-sheet-v1.png	covered
gen1	SilphCo7F	29	1	5	SPRITE_SILPH_WORKER_M	nonbattle	SPRITE_SILPH_WORKER_M	TEXT_SILPHCO7F_SILPH_WORKER_M1	assets/characters/npcs/silph-worker-male-kasc-hd-4x3-walk-sheet-v1.png	covered
gen1	SilphCo7F	30	13	13	SPRITE_SILPH_WORKER_M	nonbattle	SPRITE_SILPH_WORKER_M	TEXT_SILPHCO7F_SILPH_WORKER_M2	assets/characters/npcs/silph-worker-male-kasc-hd-4x3-walk-sheet-v1.png	covered
gen1	SilphCo7F	31	7	10	SPRITE_SILPH_WORKER_M	nonbattle	SPRITE_SILPH_WORKER_M	TEXT_SILPHCO7F_SILPH_WORKER_M3	assets/characters/npcs/silph-worker-male-kasc-hd-4x3-walk-sheet-v1.png	covered
gen1	SilphCo7F	32	10	8	SPRITE_SILPH_WORKER_F	nonbattle	SPRITE_SILPH_WORKER_F	TEXT_SILPHCO7F_SILPH_WORKER_M4	assets/characters/npcs/silph-worker-female-kasc-hd-4x3-walk-sheet-v1.png	covered
gen1	SilphCo7F	33	13	1	SPRITE_ROCKET	battle	OPP_ROCKET	TEXT_SILPHCO7F_ROCKET1	assets/characters/npcs/team-rocket-grunt-male-kasc-hd-4x3-walk-sheet-v1.png	covered
gen1	SilphCo7F	34	2	13	SPRITE_SCIENTIST	battle	OPP_SCIENTIST	TEXT_SILPHCO7F_SCIENTIST	assets/characters/npcs/scientist-kasc-hd-4x3-walk-sheet-v1.png	covered
gen1	SilphCo7F	35	20	2	SPRITE_ROCKET	battle	OPP_ROCKET	TEXT_SILPHCO7F_ROCKET2	assets/characters/npcs/team-rocket-grunt-male-kasc-hd-4x3-walk-sheet-v1.png	covered
gen1	SilphCo7F	36	19	14	SPRITE_ROCKET	battle	OPP_ROCKET	TEXT_SILPHCO7F_ROCKET3	assets/characters/npcs/team-rocket-grunt-male-kasc-hd-4x3-walk-sheet-v1.png	covered
gen1	SilphCo7F	37	3	7	SPRITE_BLUE	nonbattle	SPRITE_BLUE	TEXT_SILPHCO7F_RIVAL	assets/characters/npcs/blue-kasc-hd-4x3-walk-sheet-v2.png	covered
gen1	SilphCo8F	22	4	2	SPRITE_SILPH_WORKER_M	nonbattle	SPRITE_SILPH_WORKER_M	TEXT_SILPHCO8F_SILPH_WORKER_M	assets/characters/npcs/silph-worker-male-kasc-hd-4x3-walk-sheet-v1.png	covered
gen1	SilphCo8F	23	19	2	SPRITE_ROCKET	battle	OPP_ROCKET	TEXT_SILPHCO8F_ROCKET1	assets/characters/npcs/team-rocket-grunt-male-kasc-hd-4x3-walk-sheet-v1.png	covered
gen1	SilphCo8F	24	10	2	SPRITE_SCIENTIST	battle	OPP_SCIENTIST	TEXT_SILPHCO8F_SCIENTIST	assets/characters/npcs/scientist-kasc-hd-4x3-walk-sheet-v1.png	covered
gen1	SilphCo8F	25	12	15	SPRITE_ROCKET	battle	OPP_ROCKET	TEXT_SILPHCO8F_ROCKET2	assets/characters/npcs/team-rocket-grunt-male-kasc-hd-4x3-walk-sheet-v1.png	covered
gen1	SilphCo9F	20	3	14	SPRITE_NURSE	nonbattle	SPRITE_NURSE	TEXT_SILPHCO9F_NURSE	assets/characters/npcs/nurse-kasc-hd-4x3-walk-sheet-v1.png	covered
gen1	SilphCo9F	21	2	4	SPRITE_ROCKET	battle	OPP_ROCKET	TEXT_SILPHCO9F_ROCKET1	assets/characters/npcs/team-rocket-grunt-male-kasc-hd-4x3-walk-sheet-v1.png	covered
gen1	SilphCo9F	22	21	13	SPRITE_SCIENTIST	battle	OPP_SCIENTIST	TEXT_SILPHCO9F_SCIENTIST	assets/characters/npcs/scientist-kasc-hd-4x3-walk-sheet-v1.png	covered
gen1	SilphCo9F	23	13	16	SPRITE_ROCKET	battle	OPP_ROCKET	TEXT_SILPHCO9F_ROCKET2	assets/characters/npcs/team-rocket-grunt-male-kasc-hd-4x3-walk-sheet-v1.png	covered
gen1	TradeCenter	12	2	2	SPRITE_RED	nonbattle	SPRITE_RED	TEXT_TRADECENTER_OPPONENT	assets/characters/npcs/red-kasc-hd-4x3-walk-sheet-v2.png	covered
gen1	UndergroundPathRoute5	15	2	3	SPRITE_LITTLE_GIRL	nonbattle	SPRITE_LITTLE_GIRL	TEXT_UNDERGROUNDPATHROUTE5_LITTLE_GIRL	assets/characters/npcs/little-girl-kasc-hd-4x3-walk-sheet-v1.png	covered
gen1	UndergroundPathRoute6	15	2	3	SPRITE_GIRL	nonbattle	SPRITE_GIRL	TEXT_UNDERGROUNDPATHROUTE6_GIRL	assets/characters/npcs/girl-kasc-hd-4x3-walk-sheet-v1.png	covered
gen1	UndergroundPathRoute7	15	2	4	SPRITE_MIDDLE_AGED_MAN	nonbattle	SPRITE_MIDDLE_AGED_MAN	TEXT_UNDERGROUNDPATHROUTE7_MIDDLE_AGED_MAN	assets/characters/npcs/middle-aged-man-kasc-hd-4x3-walk-sheet-v1.png	covered
gen1	UndergroundPathRoute7Copy	16	3	2	SPRITE_GIRL	nonbattle	SPRITE_GIRL	TEXT_UNDERGROUNDPATHROUTE7COPY_UNUSED_GIRL	assets/characters/npcs/girl-kasc-hd-4x3-walk-sheet-v1.png	covered
gen1	UndergroundPathRoute7Copy	17	2	4	SPRITE_MIDDLE_AGED_MAN	nonbattle	SPRITE_MIDDLE_AGED_MAN	TEXT_UNDERGROUNDPATHROUTE7COPY_UNUSED_MIDDLE_AGED_MAN	assets/characters/npcs/middle-aged-man-kasc-hd-4x3-walk-sheet-v1.png	covered
gen1	UndergroundPathRoute8	15	3	4	SPRITE_GIRL	nonbattle	SPRITE_GIRL	TEXT_UNDERGROUNDPATHROUTE8_GIRL	assets/characters/npcs/girl-kasc-hd-4x3-walk-sheet-v1.png	covered
gen1	VermilionCity	33	19	7	SPRITE_BEAUTY	nonbattle	SPRITE_BEAUTY	TEXT_VERMILIONCITY_BEAUTY	assets/characters/npcs/beauty-kasc-hd-4x3-walk-sheet-v1.png	covered
gen1	VermilionCity	34	14	6	SPRITE_GAMBLER	nonbattle	SPRITE_GAMBLER	TEXT_VERMILIONCITY_GAMBLER1	assets/characters/npcs/gambler-kasc-hd-4x3-walk-sheet-v1.png	covered
gen1	VermilionCity	35	19	30	SPRITE_SAILOR	nonbattle	SPRITE_SAILOR	TEXT_VERMILIONCITY_SAILOR1	assets/characters/npcs/sailor-kasc-hd-4x3-walk-sheet-v1.png	covered
gen1	VermilionCity	36	30	7	SPRITE_GAMBLER	nonbattle	SPRITE_GAMBLER	TEXT_VERMILIONCITY_GAMBLER2	assets/characters/npcs/gambler-kasc-hd-4x3-walk-sheet-v1.png	covered
gen1	VermilionCity	38	25	27	SPRITE_SAILOR	nonbattle	SPRITE_SAILOR	TEXT_VERMILIONCITY_SAILOR2	assets/characters/npcs/sailor-kasc-hd-4x3-walk-sheet-v1.png	covered
gen1	VermilionGym	18	5	1	SPRITE_ROCKER	battle	OPP_LT_SURGE	TEXT_VERMILIONGYM_LT_SURGE	assets/characters/npcs/lt-surge-kasc-hd-4x3-walk-sheet-v1.png	covered
gen1	VermilionGym	19	9	6	SPRITE_GENTLEMAN	battle	OPP_GENTLEMAN	TEXT_VERMILIONGYM_GENTLEMAN	assets/characters/npcs/gentleman-kasc-hd-4x3-walk-sheet-v1.png	covered
gen1	VermilionGym	20	3	8	SPRITE_SUPER_NERD	battle	OPP_ROCKER	TEXT_VERMILIONGYM_SUPER_NERD	assets/characters/npcs/rocker-kasc-hd-4x3-walk-sheet-v1.png	covered
gen1	VermilionGym	21	0	10	SPRITE_SAILOR	battle	OPP_SAILOR	TEXT_VERMILIONGYM_SAILOR	assets/characters/npcs/sailor-kasc-hd-4x3-walk-sheet-v1.png	covered
gen1	VermilionGym	22	4	14	SPRITE_GYM_GUIDE	nonbattle	SPRITE_GYM_GUIDE	TEXT_VERMILIONGYM_GYM_GUIDE	assets/characters/npcs/gym-guide-kasc-hd-4x3-walk-sheet-v1.png	covered
gen1	VermilionMart	16	0	5	SPRITE_CLERK	nonbattle	SPRITE_CLERK	TEXT_VERMILIONMART_CLERK	assets/characters/npcs/clerk-kasc-hd-4x3-walk-sheet-v1.png	covered
gen1	VermilionMart	17	5	6	SPRITE_COOLTRAINER_M	nonbattle	SPRITE_COOLTRAINER_M	TEXT_VERMILIONMART_COOLTRAINER_M	assets/characters/npcs/cooltrainer-male-kasc-hd-4x3-walk-sheet-v1.png	covered
gen1	VermilionMart	18	3	3	SPRITE_COOLTRAINER_F	nonbattle	SPRITE_COOLTRAINER_F	TEXT_VERMILIONMART_COOLTRAINER_F	assets/characters/npcs/cooltrainer-female-kasc-hd-4x3-walk-sheet-v1.png	covered
gen1	VermilionOldRodHouse	14	2	4	SPRITE_FISHING_GURU	nonbattle	SPRITE_FISHING_GURU	TEXT_VERMILIONOLDRODHOUSE_FISHING_GURU	assets/characters/npcs/fishing-guru-kasc-hd-4x3-walk-sheet-v1.png	covered
gen1	VermilionPidgeyHouse	16	5	3	SPRITE_YOUNGSTER	nonbattle	SPRITE_YOUNGSTER	TEXT_VERMILIONPIDGEYHOUSE_YOUNGSTER	assets/characters/npcs/youngster-gen1-bald-hd-4x3-walk-sheet-v1.png	covered
gen1	VermilionPokecenter	17	3	1	SPRITE_NURSE	nonbattle	SPRITE_NURSE	TEXT_VERMILIONPOKECENTER_NURSE	assets/characters/npcs/nurse-kasc-hd-4x3-walk-sheet-v1.png	covered
gen1	VermilionPokecenter	18	10	5	SPRITE_FISHING_GURU	nonbattle	SPRITE_FISHING_GURU	TEXT_VERMILIONPOKECENTER_FISHING_GURU	assets/characters/npcs/fishing-guru-kasc-hd-4x3-walk-sheet-v1.png	covered
gen1	VermilionPokecenter	19	5	4	SPRITE_SAILOR	nonbattle	SPRITE_SAILOR	TEXT_VERMILIONPOKECENTER_SAILOR	assets/characters/npcs/sailor-kasc-hd-4x3-walk-sheet-v1.png	covered
gen1	VermilionPokecenter	20	11	2	SPRITE_LINK_RECEPTIONIST	nonbattle	SPRITE_LINK_RECEPTIONIST	TEXT_VERMILIONPOKECENTER_LINK_RECEPTIONIST	assets/characters/npcs/link-receptionist-kasc-hd-4x3-walk-sheet-v1.png	covered
gen1	VermilionTradeHouse	14	3	5	SPRITE_LITTLE_GIRL	nonbattle	SPRITE_LITTLE_GIRL	TEXT_VERMILIONTRADEHOUSE_LITTLE_GIRL	assets/characters/npcs/little-girl-kasc-hd-4x3-walk-sheet-v1.png	covered
gen1	VictoryRoad1F	21	7	5	SPRITE_COOLTRAINER_F	battle	OPP_COOLTRAINER_F	TEXT_VICTORYROAD1F_COOLTRAINER_F	assets/characters/npcs/cooltrainer-female-kasc-hd-4x3-walk-sheet-v1.png	covered
gen1	VictoryRoad1F	22	3	2	SPRITE_COOLTRAINER_M	battle	OPP_COOLTRAINER_M	TEXT_VICTORYROAD1F_COOLTRAINER_M	assets/characters/npcs/cooltrainer-male-kasc-hd-4x3-walk-sheet-v1.png	covered
gen1	VictoryRoad2F	31	12	9	SPRITE_HIKER	battle	OPP_BLACKBELT	TEXT_VICTORYROAD2F_HIKER	assets/characters/npcs/blackbelt-kasc-hd-4x3-walk-sheet-v1.png	covered
gen1	VictoryRoad2F	32	21	13	SPRITE_SUPER_NERD	battle	OPP_JUGGLER	TEXT_VICTORYROAD2F_SUPER_NERD1	assets/characters/npcs/juggler-kasc-hd-4x3-walk-sheet-v1.png	covered
gen1	VictoryRoad2F	33	19	8	SPRITE_COOLTRAINER_M	battle	OPP_TAMER	TEXT_VICTORYROAD2F_COOLTRAINER_M	assets/characters/npcs/tamer-kasc-hd-4x3-walk-sheet-v1.png	covered
gen1	VictoryRoad2F	34	4	2	SPRITE_SUPER_NERD	battle	OPP_POKEMANIAC	TEXT_VICTORYROAD2F_SUPER_NERD2	assets/characters/npcs/pokemaniac-kasc-hd-4x3-walk-sheet-v1.png	covered
gen1	VictoryRoad2F	35	26	3	SPRITE_SUPER_NERD	battle	OPP_JUGGLER	TEXT_VICTORYROAD2F_SUPER_NERD3	assets/characters/npcs/juggler-kasc-hd-4x3-walk-sheet-v1.png	covered
gen1	VictoryRoad3F	25	28	5	SPRITE_COOLTRAINER_M	battle	OPP_COOLTRAINER_M	TEXT_VICTORYROAD3F_COOLTRAINER_M1	assets/characters/npcs/cooltrainer-male-kasc-hd-4x3-walk-sheet-v1.png	covered
gen1	VictoryRoad3F	26	7	13	SPRITE_COOLTRAINER_F	battle	OPP_COOLTRAINER_F	TEXT_VICTORYROAD3F_COOLTRAINER_F1	assets/characters/npcs/cooltrainer-female-kasc-hd-4x3-walk-sheet-v1.png	covered
gen1	VictoryRoad3F	27	6	14	SPRITE_COOLTRAINER_M	battle	OPP_COOLTRAINER_M	TEXT_VICTORYROAD3F_COOLTRAINER_M2	assets/characters/npcs/cooltrainer-male-kasc-hd-4x3-walk-sheet-v1.png	covered
gen1	VictoryRoad3F	28	13	3	SPRITE_COOLTRAINER_F	battle	OPP_COOLTRAINER_F	TEXT_VICTORYROAD3F_COOLTRAINER_F2	assets/characters/npcs/cooltrainer-female-kasc-hd-4x3-walk-sheet-v1.png	covered
gen1	ViridianCity	29	13	20	SPRITE_YOUNGSTER	nonbattle	SPRITE_YOUNGSTER	TEXT_VIRIDIANCITY_YOUNGSTER1	assets/characters/npcs/youngster-gen1-bald-hd-4x3-walk-sheet-v1.png	covered
gen1	ViridianCity	30	30	8	SPRITE_GAMBLER	nonbattle	SPRITE_GAMBLER	TEXT_VIRIDIANCITY_GAMBLER1	assets/characters/npcs/gambler-kasc-hd-4x3-walk-sheet-v1.png	covered
gen1	ViridianCity	31	30	25	SPRITE_YOUNGSTER	nonbattle	SPRITE_YOUNGSTER	TEXT_VIRIDIANCITY_YOUNGSTER2	assets/characters/npcs/youngster-gen1-bald-hd-4x3-walk-sheet-v1.png	covered
gen1	ViridianCity	32	17	9	SPRITE_GIRL	nonbattle	SPRITE_GIRL	TEXT_VIRIDIANCITY_GIRL	assets/characters/npcs/girl-kasc-hd-4x3-walk-sheet-v1.png	covered
gen1	ViridianCity	33	18	9	SPRITE_GAMBLER_ASLEEP	nonbattle	SPRITE_GAMBLER_ASLEEP	TEXT_VIRIDIANCITY_OLD_MAN_SLEEPY	assets/characters/npcs/gramps-kasc-hd-4x3-walk-sheet-v1.png	covered
gen1	ViridianCity	34	6	23	SPRITE_FISHER	nonbattle	SPRITE_FISHER	TEXT_VIRIDIANCITY_FISHER	assets/characters/npcs/fisher-kasc-hd-4x3-walk-sheet-v1.png	covered
gen1	ViridianCity	35	17	5	SPRITE_GAMBLER	nonbattle	SPRITE_GAMBLER	TEXT_VIRIDIANCITY_OLD_MAN	assets/characters/npcs/gambler-kasc-hd-4x3-walk-sheet-v1.png	covered
gen1	ViridianForest	31	16	43	SPRITE_YOUNGSTER	nonbattle	SPRITE_YOUNGSTER	TEXT_VIRIDIANFOREST_YOUNGSTER1	assets/characters/npcs/youngster-gen1-bald-hd-4x3-walk-sheet-v1.png	covered
gen1	ViridianForest	32	30	33	SPRITE_YOUNGSTER	battle	OPP_BUG_CATCHER	TEXT_VIRIDIANFOREST_YOUNGSTER2	assets/characters/npcs/bug-catcher-kasc-hd-4x3-walk-sheet-v1.png	covered
gen1	ViridianForest	33	30	19	SPRITE_YOUNGSTER	battle	OPP_BUG_CATCHER	TEXT_VIRIDIANFOREST_YOUNGSTER3	assets/characters/npcs/bug-catcher-kasc-hd-4x3-walk-sheet-v1.png	covered
gen1	ViridianForest	34	2	18	SPRITE_YOUNGSTER	battle	OPP_BUG_CATCHER	TEXT_VIRIDIANFOREST_YOUNGSTER4	assets/characters/npcs/bug-catcher-kasc-hd-4x3-walk-sheet-v1.png	covered
gen1	ViridianForest	38	27	40	SPRITE_YOUNGSTER	nonbattle	SPRITE_YOUNGSTER	TEXT_VIRIDIANFOREST_YOUNGSTER5	assets/characters/npcs/youngster-gen1-bald-hd-4x3-walk-sheet-v1.png	covered
gen1	ViridianForestNorthGate	17	3	2	SPRITE_SUPER_NERD	nonbattle	SPRITE_SUPER_NERD	TEXT_VIRIDIANFORESTNORTHGATE_SUPER_NERD	assets/characters/npcs/super-nerd-kasc-hd-4x3-walk-sheet-v1.png	covered
gen1	ViridianForestNorthGate	18	2	5	SPRITE_GRAMPS	nonbattle	SPRITE_GRAMPS	TEXT_VIRIDIANFORESTNORTHGATE_GRAMPS	assets/characters/npcs/gramps-kasc-hd-4x3-walk-sheet-v1.png	covered
gen1	ViridianForestSouthGate	17	8	4	SPRITE_GIRL	nonbattle	SPRITE_GIRL	TEXT_VIRIDIANFORESTSOUTHGATE_GIRL	assets/characters/npcs/girl-kasc-hd-4x3-walk-sheet-v1.png	covered
gen1	ViridianForestSouthGate	18	2	4	SPRITE_LITTLE_GIRL	nonbattle	SPRITE_LITTLE_GIRL	TEXT_VIRIDIANFORESTSOUTHGATE_LITTLE_GIRL	assets/characters/npcs/little-girl-kasc-hd-4x3-walk-sheet-v1.png	covered
gen1	ViridianGym	24	2	1	SPRITE_GIOVANNI	battle	OPP_GIOVANNI	TEXT_VIRIDIANGYM_GIOVANNI	assets/characters/npcs/giovanni-kasc-hd-4x3-walk-sheet-v1.png	covered
gen1	ViridianGym	25	12	7	SPRITE_COOLTRAINER_M	battle	OPP_COOLTRAINER_M	TEXT_VIRIDIANGYM_COOLTRAINER_M1	assets/characters/npcs/cooltrainer-male-kasc-hd-4x3-walk-sheet-v1.png	covered
gen1	ViridianGym	26	11	11	SPRITE_HIKER	battle	OPP_BLACKBELT	TEXT_VIRIDIANGYM_HIKER1	assets/characters/npcs/blackbelt-kasc-hd-4x3-walk-sheet-v1.png	covered
gen1	ViridianGym	27	10	7	SPRITE_ROCKER	battle	OPP_TAMER	TEXT_VIRIDIANGYM_ROCKER1	assets/characters/npcs/tamer-kasc-hd-4x3-walk-sheet-v1.png	covered
gen1	ViridianGym	28	3	7	SPRITE_HIKER	battle	OPP_BLACKBELT	TEXT_VIRIDIANGYM_HIKER2	assets/characters/npcs/blackbelt-kasc-hd-4x3-walk-sheet-v1.png	covered
gen1	ViridianGym	29	13	5	SPRITE_COOLTRAINER_M	battle	OPP_COOLTRAINER_M	TEXT_VIRIDIANGYM_COOLTRAINER_M2	assets/characters/npcs/cooltrainer-male-kasc-hd-4x3-walk-sheet-v1.png	covered
gen1	ViridianGym	30	10	1	SPRITE_HIKER	battle	OPP_BLACKBELT	TEXT_VIRIDIANGYM_HIKER3	assets/characters/npcs/blackbelt-kasc-hd-4x3-walk-sheet-v1.png	covered
gen1	ViridianGym	31	2	16	SPRITE_ROCKER	battle	OPP_TAMER	TEXT_VIRIDIANGYM_ROCKER2	assets/characters/npcs/tamer-kasc-hd-4x3-walk-sheet-v1.png	covered
gen1	ViridianGym	32	6	5	SPRITE_COOLTRAINER_M	battle	OPP_COOLTRAINER_M	TEXT_VIRIDIANGYM_COOLTRAINER_M3	assets/characters/npcs/cooltrainer-male-kasc-hd-4x3-walk-sheet-v1.png	covered
gen1	ViridianGym	33	16	15	SPRITE_GYM_GUIDE	nonbattle	SPRITE_GYM_GUIDE	TEXT_VIRIDIANGYM_GYM_GUIDE	assets/characters/npcs/gym-guide-kasc-hd-4x3-walk-sheet-v1.png	covered
gen1	ViridianMart	16	0	5	SPRITE_CLERK	nonbattle	SPRITE_CLERK	TEXT_VIRIDIANMART_CLERK	assets/characters/npcs/clerk-kasc-hd-4x3-walk-sheet-v1.png	covered
gen1	ViridianMart	17	5	5	SPRITE_YOUNGSTER	nonbattle	SPRITE_YOUNGSTER	TEXT_VIRIDIANMART_YOUNGSTER	assets/characters/npcs/youngster-gen1-bald-hd-4x3-walk-sheet-v1.png	covered
gen1	ViridianMart	18	3	3	SPRITE_COOLTRAINER_M	nonbattle	SPRITE_COOLTRAINER_M	TEXT_VIRIDIANMART_COOLTRAINER_M	assets/characters/npcs/cooltrainer-male-kasc-hd-4x3-walk-sheet-v1.png	covered
gen1	ViridianNicknameHouse	17	5	3	SPRITE_BALDING_GUY	nonbattle	SPRITE_BALDING_GUY	TEXT_VIRIDIANNICKNAMEHOUSE_BALDING_GUY	assets/characters/npcs/balding-guy-kasc-hd-4x3-walk-sheet-v1.png	covered
gen1	ViridianNicknameHouse	18	1	4	SPRITE_LITTLE_GIRL	nonbattle	SPRITE_LITTLE_GIRL	TEXT_VIRIDIANNICKNAMEHOUSE_LITTLE_GIRL	assets/characters/npcs/little-girl-kasc-hd-4x3-walk-sheet-v1.png	covered
gen1	ViridianPokecenter	17	3	1	SPRITE_NURSE	nonbattle	SPRITE_NURSE	TEXT_VIRIDIANPOKECENTER_NURSE	assets/characters/npcs/nurse-kasc-hd-4x3-walk-sheet-v1.png	covered
gen1	ViridianPokecenter	18	10	5	SPRITE_GENTLEMAN	nonbattle	SPRITE_GENTLEMAN	TEXT_VIRIDIANPOKECENTER_GENTLEMAN	assets/characters/npcs/gentleman-kasc-hd-4x3-walk-sheet-v1.png	covered
gen1	ViridianPokecenter	19	4	3	SPRITE_COOLTRAINER_M	nonbattle	SPRITE_COOLTRAINER_M	TEXT_VIRIDIANPOKECENTER_COOLTRAINER_M	assets/characters/npcs/cooltrainer-male-kasc-hd-4x3-walk-sheet-v1.png	covered
gen1	ViridianPokecenter	20	11	2	SPRITE_LINK_RECEPTIONIST	nonbattle	SPRITE_LINK_RECEPTIONIST	TEXT_VIRIDIANPOKECENTER_LINK_RECEPTIONIST	assets/characters/npcs/link-receptionist-kasc-hd-4x3-walk-sheet-v1.png	covered
gen1	ViridianSchoolHouse	15	3	5	SPRITE_BRUNETTE_GIRL	nonbattle	SPRITE_BRUNETTE_GIRL	TEXT_VIRIDIANSCHOOLHOUSE_BRUNETTE_GIRL	assets/characters/npcs/brunette-girl-kasc-hd-4x3-walk-sheet-v1.png	covered
gen1	ViridianSchoolHouse	16	4	1	SPRITE_COOLTRAINER_F	nonbattle	SPRITE_COOLTRAINER_F	TEXT_VIRIDIANSCHOOLHOUSE_COOLTRAINER_F	assets/characters/npcs/cooltrainer-female-kasc-hd-4x3-walk-sheet-v1.png	covered
gen1	WardensHouse	18	2	3	SPRITE_WARDEN	nonbattle	SPRITE_WARDEN	TEXT_WARDENSHOUSE_WARDEN	assets/characters/npcs/safari-zone-warden-kasc-hd-4x3-walk-sheet-v1.png	covered
