generation	map	line	x	y	sprite	role	visual_authority	script_or_text	asset	status
gen2	AzaleaGym	376	5	7	SPRITE_BUGSY	nonbattle	SPRITE_BUGSY	AzaleaGymBugsyScript	assets/characters/npcs/bugsy-kasc-hd-4x3-walk-sheet-v1.png	covered
gen2	AzaleaGym	377	5	3	SPRITE_BUG_CATCHER	battle	TrainerBugCatcher	TrainerBugCatcherBenny	assets/characters/npcs/bug-catcher-kasc-hd-4x3-walk-sheet-v1.png	covered
gen2	AzaleaGym	378	8	8	SPRITE_BUG_CATCHER	battle	TrainerBugCatcher	TrainerBugCatcherAl	assets/characters/npcs/bug-catcher-kasc-hd-4x3-walk-sheet-v1.png	covered
gen2	AzaleaGym	379	0	2	SPRITE_BUG_CATCHER	battle	TrainerBugCatcher	TrainerBugCatcherJosh	assets/characters/npcs/bug-catcher-kasc-hd-4x3-walk-sheet-v1.png	covered
gen2	AzaleaGym	380	4	10	SPRITE_TWIN	battle	TrainerTwins	TrainerTwinsAmyandmay1	assets/characters/npcs/twins-gen2-kasc-hd-4x3-walk-sheet-v1.png	covered
gen2	AzaleaGym	381	5	10	SPRITE_TWIN	battle	TrainerTwins	TrainerTwinsAmyandmay2	assets/characters/npcs/twins-gen2-kasc-hd-4x3-walk-sheet-v1.png	covered
gen2	AzaleaGym	382	7	13	SPRITE_GYM_GUIDE	nonbattle	SPRITE_GYM_GUIDE	AzaleaGymGuideScript	assets/characters/npcs/gym-guide-kasc-hd-4x3-walk-sheet-v1.png	covered
gen2	AzaleaMart	58	1	3	SPRITE_CLERK	nonbattle	SPRITE_CLERK	AzaleaMartClerkScript	assets/characters/npcs/clerk-kasc-hd-4x3-walk-sheet-v1.png	covered
gen2	AzaleaMart	59	2	5	SPRITE_COOLTRAINER_M	nonbattle	SPRITE_COOLTRAINER_M	AzaleaMartCooltrainerMScript	assets/characters/npcs/cooltrainer-male-kasc-hd-4x3-walk-sheet-v1.png	covered
gen2	AzaleaMart	60	7	2	SPRITE_BUG_CATCHER	nonbattle	SPRITE_BUG_CATCHER	AzaleaMartBugCatcherScript	assets/characters/npcs/bug-catcher-kasc-hd-4x3-walk-sheet-v1.png	covered
gen2	AzaleaPokecenter1F	90	3	1	SPRITE_NURSE	nonbattle	SPRITE_NURSE	AzaleaPokecenter1FNurseScript	assets/characters/npcs/nurse-kasc-hd-4x3-walk-sheet-v1.png	covered
gen2	AzaleaPokecenter1F	91	9	6	SPRITE_GENTLEMAN	nonbattle	SPRITE_GENTLEMAN	AzaleaPokecenter1FGentlemanScript	assets/characters/npcs/gentleman-kasc-hd-4x3-walk-sheet-v1.png	covered
gen2	AzaleaPokecenter1F	92	6	1	SPRITE_FISHING_GURU	nonbattle	SPRITE_FISHING_GURU	AzaleaPokecenter1FFishingGuruScript	assets/characters/npcs/fishing-guru-kasc-hd-4x3-walk-sheet-v1.png	covered
gen2	AzaleaPokecenter1F	93	1	4	SPRITE_POKEFAN_F	nonbattle	SPRITE_POKEFAN_F	AzaleaPokecenter1FPokefanFScript	assets/characters/npcs/pokefan-female-gen2-kasc-hd-4x3-walk-sheet-v1.png	covered
gen2	AzaleaTown	485	31	9	SPRITE_AZALEA_ROCKET	nonbattle	SPRITE_AZALEA_ROCKET	AzaleaTownRocket1Script	assets/characters/npcs/team-rocket-male-kasc-hd-4x3-walk-sheet-v1.png|assets/characters/npcs/silver-kasc-hd-4x3-walk-sheet-v1.png	covered
gen2	AzaleaTown	486	21	9	SPRITE_GRAMPS	nonbattle	SPRITE_GRAMPS	AzaleaTownGrampsScript	assets/characters/npcs/gramps-kasc-hd-4x3-walk-sheet-v1.png	covered
gen2	AzaleaTown	487	15	13	SPRITE_TEACHER	nonbattle	SPRITE_TEACHER	AzaleaTownTeacherScript	assets/characters/npcs/teacher-gen2-kasc-hd-4x3-walk-sheet-v1.png	covered
gen2	AzaleaTown	488	7	9	SPRITE_YOUNGSTER	nonbattle	SPRITE_YOUNGSTER	AzaleaTownYoungsterScript	assets/characters/npcs/youngster-kasc-hd-4x3-walk-sheet-v1.png	covered
gen2	AzaleaTown	494	11	10	SPRITE_AZALEA_ROCKET	nonbattle	SPRITE_AZALEA_ROCKET	ObjectEvent	assets/characters/npcs/team-rocket-male-kasc-hd-4x3-walk-sheet-v1.png|assets/characters/npcs/silver-kasc-hd-4x3-walk-sheet-v1.png	covered
gen2	AzaleaTown	495	10	16	SPRITE_AZALEA_ROCKET	nonbattle	SPRITE_AZALEA_ROCKET	AzaleaTownRocket2Script	assets/characters/npcs/team-rocket-male-kasc-hd-4x3-walk-sheet-v1.png|assets/characters/npcs/silver-kasc-hd-4x3-walk-sheet-v1.png	covered
gen2	AzaleaTown	496	6	5	SPRITE_KURT_OUTSIDE	nonbattle	SPRITE_KURT_OUTSIDE	AzaleaTownKurtScript	assets/characters/npcs/kurt-kasc-hd-4x3-walk-sheet-v1.png	covered
gen2	BattleTower1F	809	7	6	SPRITE_RECEPTIONIST	nonbattle	SPRITE_RECEPTIONIST	BattleTower1FReceptionistScript	assets/characters/npcs/receptionist-gen2-kasc-hd-4x3-walk-sheet-v1.png	covered
gen2	BattleTower1F	810	14	9	SPRITE_YOUNGSTER	nonbattle	SPRITE_YOUNGSTER	BattleTower1FYoungsterScript	assets/characters/npcs/youngster-kasc-hd-4x3-walk-sheet-v1.png	covered
gen2	BattleTower1F	811	4	9	SPRITE_COOLTRAINER_F	nonbattle	SPRITE_COOLTRAINER_F	BattleTower1FCooltrainerFScript	assets/characters/npcs/cooltrainer-female-kasc-hd-4x3-walk-sheet-v1.png	covered
gen2	BattleTower1F	812	1	3	SPRITE_BUG_CATCHER	nonbattle	SPRITE_BUG_CATCHER	BattleTower1FBugCatcherScript	assets/characters/npcs/bug-catcher-kasc-hd-4x3-walk-sheet-v1.png	covered
gen2	BattleTower1F	813	14	3	SPRITE_GRANNY	nonbattle	SPRITE_GRANNY	BattleTower1FGrannyScript	assets/characters/npcs/granny-kasc-hd-4x3-walk-sheet-v1.png	covered
gen2	BattleTowerBattleRoom	152	4	0	SPRITE_YOUNGSTER	nonbattle	SPRITE_YOUNGSTER	ObjectEvent	assets/characters/npcs/youngster-kasc-hd-4x3-walk-sheet-v1.png	covered
gen2	BattleTowerBattleRoom	153	1	6	SPRITE_RECEPTIONIST	nonbattle	SPRITE_RECEPTIONIST	ObjectEvent	assets/characters/npcs/receptionist-gen2-kasc-hd-4x3-walk-sheet-v1.png	covered
gen2	BattleTowerElevator	57	1	2	SPRITE_RECEPTIONIST	nonbattle	SPRITE_RECEPTIONIST	MovementData_BattleTowerElevatorReceptionistWalksIn	assets/characters/npcs/receptionist-gen2-kasc-hd-4x3-walk-sheet-v1.png	covered
gen2	BattleTowerHallway	94	11	2	SPRITE_RECEPTIONIST	nonbattle	SPRITE_RECEPTIONIST	BattleTowerHallway_MapEvents	assets/characters/npcs/receptionist-gen2-kasc-hd-4x3-walk-sheet-v1.png	covered
gen2	BattleTowerOutside	145	6	12	SPRITE_STANDING_YOUNGSTER	nonbattle	SPRITE_STANDING_YOUNGSTER	BattleTowerOutsideYoungsterScript	assets/characters/npcs/youngster-kasc-hd-4x3-walk-sheet-v1.png	covered
gen2	BattleTowerOutside	146	13	11	SPRITE_BEAUTY	nonbattle	SPRITE_BEAUTY	BattleTowerOutsideBeautyScript	assets/characters/npcs/beauty-kasc-hd-4x3-walk-sheet-v1.png	covered
gen2	BattleTowerOutside	147	12	18	SPRITE_SAILOR	nonbattle	SPRITE_SAILOR	BattleTowerOutsideSailorScript	assets/characters/npcs/sailor-kasc-hd-4x3-walk-sheet-v1.png	covered
gen2	BattleTowerOutside	148	12	24	SPRITE_LASS	nonbattle	SPRITE_LASS	ObjectEvent	assets/characters/npcs/lass-kasc-hd-4x3-walk-sheet-v1.png	covered
gen2	BillsFamilysHouse	258	2	3	SPRITE_BILL	nonbattle	SPRITE_BILL	BillScript	assets/characters/npcs/bill-kasc-hd-4x3-walk-sheet-v1.png	covered
gen2	BillsFamilysHouse	259	5	3	SPRITE_POKEFAN_F	nonbattle	SPRITE_POKEFAN_F	BillsMomScript	assets/characters/npcs/pokefan-female-gen2-kasc-hd-4x3-walk-sheet-v1.png	covered
gen2	BillsFamilysHouse	260	5	4	SPRITE_TWIN	nonbattle	SPRITE_TWIN	BillsYoungerSisterScript	assets/characters/npcs/twins-gen2-kasc-hd-4x3-walk-sheet-v1.png	covered
gen2	BillsHouse	366	2	3	SPRITE_GRAMPS	nonbattle	SPRITE_GRAMPS	BillsGrandpa	assets/characters/npcs/gramps-kasc-hd-4x3-walk-sheet-v1.png	covered
gen2	BillsOlderSistersHouse	40	2	3	SPRITE_POKEFAN_F	nonbattle	SPRITE_POKEFAN_F	BillsOlderSisterScript	assets/characters/npcs/pokefan-female-gen2-kasc-hd-4x3-walk-sheet-v1.png	covered
gen2	BillsOlderSistersHouse	41	6	4	SPRITE_YOUNGSTER	nonbattle	SPRITE_YOUNGSTER	BillsOlderSistersHouseYoungsterScript	assets/characters/npcs/youngster-kasc-hd-4x3-walk-sheet-v1.png	covered
gen2	BlackthornCity	338	18	12	SPRITE_SUPER_NERD	nonbattle	SPRITE_SUPER_NERD	BlackthornSuperNerdScript	assets/characters/npcs/super-nerd-kasc-hd-4x3-walk-sheet-v1.png	covered
gen2	BlackthornCity	339	19	12	SPRITE_SUPER_NERD	nonbattle	SPRITE_SUPER_NERD	BlackthornSuperNerdScript	assets/characters/npcs/super-nerd-kasc-hd-4x3-walk-sheet-v1.png	covered
gen2	BlackthornCity	340	20	2	SPRITE_GRAMPS	nonbattle	SPRITE_GRAMPS	BlackthornGramps1Script	assets/characters/npcs/gramps-kasc-hd-4x3-walk-sheet-v1.png	covered
gen2	BlackthornCity	341	21	2	SPRITE_GRAMPS	nonbattle	SPRITE_GRAMPS	BlackthornGramps2Script	assets/characters/npcs/gramps-kasc-hd-4x3-walk-sheet-v1.png	covered
gen2	BlackthornCity	342	24	31	SPRITE_BLACK_BELT	nonbattle	SPRITE_BLACK_BELT	BlackthornBlackBeltScript	assets/characters/npcs/blackbelt-kasc-hd-4x3-walk-sheet-v1.png	covered
gen2	BlackthornCity	343	9	25	SPRITE_COOLTRAINER_F	nonbattle	SPRITE_COOLTRAINER_F	BlackthornCooltrainerF1Script	assets/characters/npcs/cooltrainer-female-kasc-hd-4x3-walk-sheet-v1.png	covered
gen2	BlackthornCity	344	13	15	SPRITE_YOUNGSTER	nonbattle	SPRITE_YOUNGSTER	BlackthornYoungsterScript	assets/characters/npcs/youngster-kasc-hd-4x3-walk-sheet-v1.png	covered
gen2	BlackthornCity	345	22	20	SPRITE_YOUNGSTER	nonbattle	SPRITE_YOUNGSTER	SantosScript	assets/characters/npcs/youngster-kasc-hd-4x3-walk-sheet-v1.png	covered
gen2	BlackthornCity	346	35	19	SPRITE_COOLTRAINER_F	nonbattle	SPRITE_COOLTRAINER_F	BlackthornCooltrainerF2Script	assets/characters/npcs/cooltrainer-female-kasc-hd-4x3-walk-sheet-v1.png	covered
gen2	BlackthornDragonSpeechHouse	58	2	3	SPRITE_GRANNY	nonbattle	SPRITE_GRANNY	BlackthornDragonSpeechHouseGrannyScript	assets/characters/npcs/granny-kasc-hd-4x3-walk-sheet-v1.png	covered
gen2	BlackthornEmysHouse	34	2	3	SPRITE_LASS	nonbattle	SPRITE_LASS	Emy	assets/characters/npcs/lass-kasc-hd-4x3-walk-sheet-v1.png	covered
gen2	BlackthornGym1F	406	5	3	SPRITE_CLAIR	nonbattle	SPRITE_CLAIR	BlackthornGymClairScript	assets/characters/npcs/clair-kasc-hd-4x3-walk-sheet-v2.png	covered
gen2	BlackthornGym1F	407	6	6	SPRITE_COOLTRAINER_M	battle	TrainerCooltrainerm	TrainerCooltrainermMike	assets/characters/npcs/ace-trainer-male-gen2-kasc-hd-4x3-walk-sheet-v1.png	covered
gen2	BlackthornGym1F	408	1	14	SPRITE_COOLTRAINER_M	battle	TrainerCooltrainerm	TrainerCooltrainermPaul	assets/characters/npcs/ace-trainer-male-gen2-kasc-hd-4x3-walk-sheet-v1.png	covered
gen2	BlackthornGym1F	409	9	2	SPRITE_COOLTRAINER_F	battle	TrainerCooltrainerf	TrainerCooltrainerfLola	assets/characters/npcs/ace-trainer-female-gen2-kasc-hd-4x3-walk-sheet-v1.png	covered
gen2	BlackthornGym1F	410	7	15	SPRITE_GYM_GUIDE	nonbattle	SPRITE_GYM_GUIDE	BlackthornGymGuideScript	assets/characters/npcs/gym-guide-kasc-hd-4x3-walk-sheet-v1.png	covered
gen2	BlackthornGym2F	141	4	1	SPRITE_COOLTRAINER_M	battle	TrainerCooltrainerm	TrainerCooltrainermCody	assets/characters/npcs/ace-trainer-male-gen2-kasc-hd-4x3-walk-sheet-v1.png	covered
gen2	BlackthornGym2F	142	4	11	SPRITE_COOLTRAINER_F	battle	TrainerCooltrainerf	TrainerCooltrainerfFran	assets/characters/npcs/ace-trainer-female-gen2-kasc-hd-4x3-walk-sheet-v1.png	covered
gen2	BlackthornMart	59	1	3	SPRITE_CLERK	nonbattle	SPRITE_CLERK	BlackthornMartClerkScript	assets/characters/npcs/clerk-kasc-hd-4x3-walk-sheet-v1.png	covered
gen2	BlackthornMart	60	7	6	SPRITE_COOLTRAINER_M	nonbattle	SPRITE_COOLTRAINER_M	BlackthornMartCooltrainerMScript	assets/characters/npcs/cooltrainer-male-kasc-hd-4x3-walk-sheet-v1.png	covered
gen2	BlackthornMart	61	5	2	SPRITE_BLACK_BELT	nonbattle	SPRITE_BLACK_BELT	BlackthornMartBlackBeltScript	assets/characters/npcs/blackbelt-kasc-hd-4x3-walk-sheet-v1.png	covered
gen2	BlackthornPokecenter1F	63	3	1	SPRITE_NURSE	nonbattle	SPRITE_NURSE	BlackthornPokecenter1FNurseScript	assets/characters/npcs/nurse-kasc-hd-4x3-walk-sheet-v1.png	covered
gen2	BlackthornPokecenter1F	64	5	3	SPRITE_GENTLEMAN	nonbattle	SPRITE_GENTLEMAN	BlackthornPokecenter1FGentlemanScript	assets/characters/npcs/gentleman-kasc-hd-4x3-walk-sheet-v1.png	covered
gen2	BlackthornPokecenter1F	65	1	4	SPRITE_TWIN	nonbattle	SPRITE_TWIN	BlackthornPokecenter1FTwinScript	assets/characters/npcs/twins-gen2-kasc-hd-4x3-walk-sheet-v1.png	covered
gen2	BlackthornPokecenter1F	66	7	6	SPRITE_COOLTRAINER_M	nonbattle	SPRITE_COOLTRAINER_M	BlackthornPokecenter1FCooltrainerMScript	assets/characters/npcs/cooltrainer-male-kasc-hd-4x3-walk-sheet-v1.png	covered
gen2	BluesHouse	157	2	3	SPRITE_DAISY	nonbattle	SPRITE_DAISY	DaisyScript	assets/characters/npcs/daisy-oak-kasc-hd-4x3-walk-sheet-v2.png	covered
gen2	BrunosRoom	139	5	7	SPRITE_BRUNO	nonbattle	SPRITE_BRUNO	BrunoScript_Battle	assets/characters/npcs/bruno-kasc-hd-4x3-walk-sheet-v1.png	covered
gen2	BurnedTower1F	306	12	12	SPRITE_SUPER_NERD	nonbattle	SPRITE_SUPER_NERD	BurnedTower1FEusineScript	assets/characters/npcs/super-nerd-kasc-hd-4x3-walk-sheet-v1.png	covered
gen2	BurnedTower1F	307	8	9	SPRITE_RIVAL	battle	SPRITE_RIVAL	ObjectEvent	assets/characters/npcs/silver-kasc-hd-4x3-walk-sheet-v1.png	covered
gen2	BurnedTower1F	308	14	14	SPRITE_MORTY	nonbattle	SPRITE_MORTY	BurnedTower1FMortyScript	assets/characters/npcs/morty-kasc-hd-4x3-walk-sheet-v1.png	covered
gen2	BurnedTowerB1F	261	10	12	SPRITE_SUPER_NERD	nonbattle	SPRITE_SUPER_NERD	BurnedTowerB1FEusine	assets/characters/npcs/super-nerd-kasc-hd-4x3-walk-sheet-v1.png	covered
gen2	CeladonCafe	222	9	3	SPRITE_SUPER_NERD	nonbattle	SPRITE_SUPER_NERD	CeladonCafeChef	assets/characters/npcs/super-nerd-kasc-hd-4x3-walk-sheet-v1.png	covered
gen2	CeladonCafe	223	4	6	SPRITE_FISHER	nonbattle	SPRITE_FISHER	CeladonCafeFisher1	assets/characters/npcs/fisher-kasc-hd-4x3-walk-sheet-v1.png	covered
gen2	CeladonCafe	224	1	7	SPRITE_FISHER	nonbattle	SPRITE_FISHER	CeladonCafeFisher2	assets/characters/npcs/fisher-kasc-hd-4x3-walk-sheet-v1.png	covered
gen2	CeladonCafe	225	1	2	SPRITE_FISHER	nonbattle	SPRITE_FISHER	CeladonCafeFisher3	assets/characters/npcs/fisher-kasc-hd-4x3-walk-sheet-v1.png	covered
gen2	CeladonCafe	226	4	3	SPRITE_TEACHER	nonbattle	SPRITE_TEACHER	CeladonCafeTeacher	assets/characters/npcs/teacher-gen2-kasc-hd-4x3-walk-sheet-v1.png	covered
gen2	CeladonCity	274	26	11	SPRITE_FISHER	nonbattle	SPRITE_FISHER	CeladonCityFisherScript	assets/characters/npcs/fisher-kasc-hd-4x3-walk-sheet-v1.png	covered
gen2	CeladonCity	276	20	24	SPRITE_TEACHER	nonbattle	SPRITE_TEACHER	CeladonCityTeacher1Script	assets/characters/npcs/teacher-gen2-kasc-hd-4x3-walk-sheet-v1.png	covered
gen2	CeladonCity	277	14	16	SPRITE_GRAMPS	nonbattle	SPRITE_GRAMPS	CeladonCityGramps1Script	assets/characters/npcs/gramps-kasc-hd-4x3-walk-sheet-v1.png	covered
gen2	CeladonCity	278	8	31	SPRITE_GRAMPS	nonbattle	SPRITE_GRAMPS	CeladonCityGramps2Script	assets/characters/npcs/gramps-kasc-hd-4x3-walk-sheet-v1.png	covered
gen2	CeladonCity	279	18	13	SPRITE_YOUNGSTER	nonbattle	SPRITE_YOUNGSTER	CeladonCityYoungster1Script	assets/characters/npcs/youngster-kasc-hd-4x3-walk-sheet-v1.png	covered
gen2	CeladonCity	280	24	33	SPRITE_YOUNGSTER	nonbattle	SPRITE_YOUNGSTER	CeladonCityYoungster2Script	assets/characters/npcs/youngster-kasc-hd-4x3-walk-sheet-v1.png	covered
gen2	CeladonCity	281	6	14	SPRITE_TEACHER	nonbattle	SPRITE_TEACHER	CeladonCityTeacher2Script	assets/characters/npcs/teacher-gen2-kasc-hd-4x3-walk-sheet-v1.png	covered
gen2	CeladonCity	282	7	22	SPRITE_LASS	nonbattle	SPRITE_LASS	CeladonCityLassScript	assets/characters/npcs/lass-kasc-hd-4x3-walk-sheet-v1.png	covered
gen2	CeladonDeptStore1F	90	10	1	SPRITE_RECEPTIONIST	nonbattle	SPRITE_RECEPTIONIST	CeladonDeptStore1FReceptionistScript	assets/characters/npcs/receptionist-gen2-kasc-hd-4x3-walk-sheet-v1.png	covered
gen2	CeladonDeptStore1F	91	11	4	SPRITE_GENTLEMAN	nonbattle	SPRITE_GENTLEMAN	CeladonDeptStore1FGentlemanScript	assets/characters/npcs/gentleman-kasc-hd-4x3-walk-sheet-v1.png	covered
gen2	CeladonDeptStore1F	92	5	3	SPRITE_TEACHER	nonbattle	SPRITE_TEACHER	CeladonDeptStore1FTeacherScript	assets/characters/npcs/teacher-gen2-kasc-hd-4x3-walk-sheet-v1.png	covered
gen2	CeladonDeptStore2F	84	13	5	SPRITE_CLERK	nonbattle	SPRITE_CLERK	CeladonDeptStore2FClerk1Script	assets/characters/npcs/clerk-kasc-hd-4x3-walk-sheet-v1.png	covered
gen2	CeladonDeptStore2F	85	14	5	SPRITE_CLERK	nonbattle	SPRITE_CLERK	CeladonDeptStore2FClerk2Script	assets/characters/npcs/clerk-kasc-hd-4x3-walk-sheet-v1.png	covered
gen2	CeladonDeptStore2F	86	5	2	SPRITE_POKEFAN_M	nonbattle	SPRITE_POKEFAN_M	CeladonDeptStore2FPokefanMScript	assets/characters/npcs/pokefan-male-gen2-kasc-hd-4x3-walk-sheet-v1.png	covered
gen2	CeladonDeptStore2F	87	6	2	SPRITE_YOUNGSTER	nonbattle	SPRITE_YOUNGSTER	CeladonDeptStore2FYoungsterScript	assets/characters/npcs/youngster-kasc-hd-4x3-walk-sheet-v1.png	covered
gen2	CeladonDeptStore3F	110	7	1	SPRITE_CLERK	nonbattle	SPRITE_CLERK	CeladonDeptStore3FClerkScript	assets/characters/npcs/clerk-kasc-hd-4x3-walk-sheet-v1.png	covered
gen2	CeladonDeptStore3F	111	6	4	SPRITE_YOUNGSTER	nonbattle	SPRITE_YOUNGSTER	CeladonDeptStore3FYoungsterScript	assets/characters/npcs/youngster-kasc-hd-4x3-walk-sheet-v1.png	covered
gen2	CeladonDeptStore3F	112	9	1	SPRITE_GAMEBOY_KID	nonbattle	SPRITE_GAMEBOY_KID	CeladonDeptStore3FGameboyKid1Script	assets/characters/npcs/game-boy-kid-kasc-hd-4x3-walk-sheet-v1.png	covered
gen2	CeladonDeptStore3F	113	10	1	SPRITE_GAMEBOY_KID	nonbattle	SPRITE_GAMEBOY_KID	CeladonDeptStore3FGameboyKid2Script	assets/characters/npcs/game-boy-kid-kasc-hd-4x3-walk-sheet-v1.png	covered
gen2	CeladonDeptStore3F	114	13	4	SPRITE_SUPER_NERD	nonbattle	SPRITE_SUPER_NERD	CeladonDeptStore3FSuperNerdScript	assets/characters/npcs/super-nerd-kasc-hd-4x3-walk-sheet-v1.png	covered
gen2	CeladonDeptStore4F	66	13	5	SPRITE_CLERK	nonbattle	SPRITE_CLERK	CeladonDeptStore4FClerkScript	assets/characters/npcs/clerk-kasc-hd-4x3-walk-sheet-v1.png	covered
gen2	CeladonDeptStore4F	67	7	6	SPRITE_SUPER_NERD	nonbattle	SPRITE_SUPER_NERD	CeladonDeptStore4FSuperNerdScript	assets/characters/npcs/super-nerd-kasc-hd-4x3-walk-sheet-v1.png	covered
gen2	CeladonDeptStore4F	68	8	2	SPRITE_YOUNGSTER	nonbattle	SPRITE_YOUNGSTER	CeladonDeptStore4FYoungsterScript	assets/characters/npcs/youngster-kasc-hd-4x3-walk-sheet-v1.png	covered
gen2	CeladonDeptStore5F	87	7	5	SPRITE_CLERK	nonbattle	SPRITE_CLERK	CeladonDeptStore5FClerk1Script	assets/characters/npcs/clerk-kasc-hd-4x3-walk-sheet-v1.png	covered
gen2	CeladonDeptStore5F	88	8	5	SPRITE_CLERK	nonbattle	SPRITE_CLERK	CeladonDeptStore5FClerk2Script	assets/characters/npcs/clerk-kasc-hd-4x3-walk-sheet-v1.png	covered
gen2	CeladonDeptStore5F	89	13	5	SPRITE_GENTLEMAN	nonbattle	SPRITE_GENTLEMAN	CeladonDeptStore5FGentlemanScript	assets/characters/npcs/gentleman-kasc-hd-4x3-walk-sheet-v1.png	covered
gen2	CeladonDeptStore5F	90	3	4	SPRITE_SAILOR	nonbattle	SPRITE_SAILOR	CeladonDeptStore5FSailorScript	assets/characters/npcs/sailor-kasc-hd-4x3-walk-sheet-v1.png	covered
gen2	CeladonDeptStore5F	91	1	7	SPRITE_TEACHER	nonbattle	SPRITE_TEACHER	CeladonDeptStore5FTeacherScript	assets/characters/npcs/teacher-gen2-kasc-hd-4x3-walk-sheet-v1.png	covered
gen2	CeladonDeptStore6F	167	9	2	SPRITE_SUPER_NERD	nonbattle	SPRITE_SUPER_NERD	CeladonDeptStore6FSuperNerdScript	assets/characters/npcs/super-nerd-kasc-hd-4x3-walk-sheet-v1.png	covered
gen2	CeladonDeptStore6F	168	12	5	SPRITE_YOUNGSTER	nonbattle	SPRITE_YOUNGSTER	CeladonDeptStore6FYoungsterScript	assets/characters/npcs/youngster-kasc-hd-4x3-walk-sheet-v1.png	covered
gen2	CeladonGameCorner	373	5	2	SPRITE_CLERK	nonbattle	SPRITE_CLERK	CeladonGameCornerClerkScript	assets/characters/npcs/clerk-kasc-hd-4x3-walk-sheet-v1.png	covered
gen2	CeladonGameCorner	374	3	2	SPRITE_RECEPTIONIST	nonbattle	SPRITE_RECEPTIONIST	CeladonGameCornerReceptionistScript	assets/characters/npcs/receptionist-gen2-kasc-hd-4x3-walk-sheet-v1.png	covered
gen2	CeladonGameCorner	375	14	10	SPRITE_POKEFAN_M	nonbattle	SPRITE_POKEFAN_M	CeladonGameCornerPokefanMScript	assets/characters/npcs/pokefan-male-gen2-kasc-hd-4x3-walk-sheet-v1.png	covered
gen2	CeladonGameCorner	376	17	7	SPRITE_TEACHER	nonbattle	SPRITE_TEACHER	CeladonGameCornerTeacherScript	assets/characters/npcs/teacher-gen2-kasc-hd-4x3-walk-sheet-v1.png	covered
gen2	CeladonGameCorner	377	11	7	SPRITE_FISHING_GURU	nonbattle	SPRITE_FISHING_GURU	CeladonGameCornerFishingGuruScript	assets/characters/npcs/fishing-guru-kasc-hd-4x3-walk-sheet-v1.png	covered
gen2	CeladonGameCorner	378	8	10	SPRITE_FISHER	nonbattle	SPRITE_FISHER	CeladonGameCornerFisherScript	assets/characters/npcs/fisher-kasc-hd-4x3-walk-sheet-v1.png	covered
gen2	CeladonGameCorner	379	8	10	SPRITE_FISHER	nonbattle	SPRITE_FISHER	CeladonGameCornerFisherScript	assets/characters/npcs/fisher-kasc-hd-4x3-walk-sheet-v1.png	covered
gen2	CeladonGameCorner	380	11	3	SPRITE_GYM_GUIDE	nonbattle	SPRITE_GYM_GUIDE	CeladonGymGuideScript	assets/characters/npcs/gym-guide-kasc-hd-4x3-walk-sheet-v1.png	covered
gen2	CeladonGameCorner	381	2	8	SPRITE_GRAMPS	nonbattle	SPRITE_GRAMPS	CeladonGameCornerGrampsScript	assets/characters/npcs/gramps-kasc-hd-4x3-walk-sheet-v1.png	covered
gen2	CeladonGameCornerPrizeRoom	291	0	2	SPRITE_GENTLEMAN	nonbattle	SPRITE_GENTLEMAN	CeladonGameCornerPrizeRoomGentlemanScript	assets/characters/npcs/gentleman-kasc-hd-4x3-walk-sheet-v1.png	covered
gen2	CeladonGameCornerPrizeRoom	292	4	4	SPRITE_PHARMACIST	nonbattle	SPRITE_PHARMACIST	CeladonGameCornerPrizeRoomPharmacistScript	assets/characters/npcs/pharmacist-gen2-kasc-hd-4x3-walk-sheet-v1.png	covered
gen2	CeladonGym	282	5	3	SPRITE_ERIKA	nonbattle	SPRITE_ERIKA	CeladonGymErikaScript	assets/characters/npcs/erika-gen2-kasc-hd-4x3-walk-sheet-v1.png	covered
gen2	CeladonGym	283	7	8	SPRITE_LASS	battle	TrainerLass	TrainerLassMichelle	assets/characters/npcs/lass-kasc-hd-4x3-walk-sheet-v1.png	covered
gen2	CeladonGym	284	2	8	SPRITE_LASS	battle	TrainerPicnicker	TrainerPicnickerTanya	assets/characters/npcs/picnicker-gen2-kasc-hd-4x3-walk-sheet-v1.png	covered
gen2	CeladonGym	285	3	5	SPRITE_BEAUTY	battle	TrainerBeauty	TrainerBeautyJulia	assets/characters/npcs/beauty-kasc-hd-4x3-walk-sheet-v1.png	covered
gen2	CeladonGym	286	4	10	SPRITE_TWIN	battle	TrainerTwins	TrainerTwinsJoAndZoe1	assets/characters/npcs/twins-gen2-kasc-hd-4x3-walk-sheet-v1.png	covered
gen2	CeladonGym	287	5	10	SPRITE_TWIN	battle	TrainerTwins	TrainerTwinsJoAndZoe2	assets/characters/npcs/twins-gen2-kasc-hd-4x3-walk-sheet-v1.png	covered
gen2	CeladonMansion1F	93	1	5	SPRITE_GRANNY	nonbattle	SPRITE_GRANNY	CeladonMansionManager	assets/characters/npcs/granny-kasc-hd-4x3-walk-sheet-v1.png	covered
gen2	CeladonMansion3F	208	3	6	SPRITE_COOLTRAINER_M	nonbattle	SPRITE_COOLTRAINER_M	GameFreakGameDesignerScript	assets/characters/npcs/cooltrainer-male-kasc-hd-4x3-walk-sheet-v1.png	covered
gen2	CeladonMansion3F	209	3	4	SPRITE_GYM_GUIDE	nonbattle	SPRITE_GYM_GUIDE	GameFreakGraphicArtistScript	assets/characters/npcs/gym-guide-kasc-hd-4x3-walk-sheet-v1.png	covered
gen2	CeladonMansion3F	210	0	7	SPRITE_SUPER_NERD	nonbattle	SPRITE_SUPER_NERD	GameFreakProgrammerScript	assets/characters/npcs/super-nerd-kasc-hd-4x3-walk-sheet-v1.png	covered
gen2	CeladonMansion3F	211	0	4	SPRITE_FISHER	nonbattle	SPRITE_FISHER	GameFreakCharacterDesignerScript	assets/characters/npcs/fisher-kasc-hd-4x3-walk-sheet-v1.png	covered
gen2	CeladonMansionRoof	48	7	5	SPRITE_FISHER	nonbattle	SPRITE_FISHER	CeladonMansionRoofFisherScript	assets/characters/npcs/fisher-kasc-hd-4x3-walk-sheet-v1.png	covered
gen2	CeladonMansionRoofHouse	129	3	2	SPRITE_PHARMACIST	nonbattle	SPRITE_PHARMACIST	CeladonMansionRoofHousePharmacistScript	assets/characters/npcs/pharmacist-gen2-kasc-hd-4x3-walk-sheet-v1.png	covered
gen2	CeladonPokecenter1F	159	3	1	SPRITE_NURSE	nonbattle	SPRITE_NURSE	CeladonPokecenter1FNurseScript	assets/characters/npcs/nurse-kasc-hd-4x3-walk-sheet-v1.png	covered
gen2	CeladonPokecenter1F	160	1	5	SPRITE_GENTLEMAN	nonbattle	SPRITE_GENTLEMAN	CeladonPokecenter1FGentlemanScript	assets/characters/npcs/gentleman-kasc-hd-4x3-walk-sheet-v1.png	covered
gen2	CeladonPokecenter1F	161	0	3	SPRITE_PHARMACIST	nonbattle	SPRITE_PHARMACIST	CeladonPokecenter1FPharmacistScript	assets/characters/npcs/pharmacist-gen2-kasc-hd-4x3-walk-sheet-v1.png	covered
gen2	CeladonPokecenter1F	162	8	6	SPRITE_COOLTRAINER_F	nonbattle	SPRITE_COOLTRAINER_F	CeladonPokecenter1FCooltrainerFScript	assets/characters/npcs/cooltrainer-female-kasc-hd-4x3-walk-sheet-v1.png	covered
gen2	CeladonPokecenter1F	163	4	3	SPRITE_SUPER_NERD	nonbattle	SPRITE_SUPER_NERD	CeladonEusine	assets/characters/npcs/super-nerd-kasc-hd-4x3-walk-sheet-v1.png	covered
gen2	CeruleanCity	301	15	23	SPRITE_COOLTRAINER_M	nonbattle	SPRITE_COOLTRAINER_M	CeruleanCityCooltrainerMScript	assets/characters/npcs/cooltrainer-male-kasc-hd-4x3-walk-sheet-v1.png	covered
gen2	CeruleanCity	302	23	15	SPRITE_SUPER_NERD	nonbattle	SPRITE_SUPER_NERD	CeruleanCitySuperNerdScript	assets/characters/npcs/super-nerd-kasc-hd-4x3-walk-sheet-v1.png	covered
gen2	CeruleanCity	304	21	24	SPRITE_COOLTRAINER_F	nonbattle	SPRITE_COOLTRAINER_F	CeruleanCityCooltrainerFScript	assets/characters/npcs/cooltrainer-female-kasc-hd-4x3-walk-sheet-v1.png	covered
gen2	CeruleanCity	305	30	26	SPRITE_FISHER	nonbattle	SPRITE_FISHER	CeruleanCityFisherScript	assets/characters/npcs/fisher-kasc-hd-4x3-walk-sheet-v1.png	covered
gen2	CeruleanCity	306	6	12	SPRITE_YOUNGSTER	nonbattle	SPRITE_YOUNGSTER	CeruleanCityYoungsterScript	assets/characters/npcs/youngster-kasc-hd-4x3-walk-sheet-v1.png	covered
gen2	CeruleanGym	378	4	10	SPRITE_ROCKET	nonbattle	SPRITE_ROCKET	ObjectEvent	assets/characters/npcs/team-rocket-male-kasc-hd-4x3-walk-sheet-v1.png	covered
gen2	CeruleanGym	379	5	3	SPRITE_MISTY	nonbattle	SPRITE_MISTY	CeruleanGymMistyScript	assets/characters/npcs/misty-gen2-kasc-hd-4x3-walk-sheet-v1.png	covered
gen2	CeruleanGym	380	4	6	SPRITE_SWIMMER_GIRL	battle	TrainerSwimmerf	TrainerSwimmerfDiana	assets/characters/npcs/swimmer-female-gen2-kasc-hd-4x3-walk-sheet-v1.png	covered
gen2	CeruleanGym	381	1	9	SPRITE_SWIMMER_GIRL	battle	TrainerSwimmerf	TrainerSwimmerfBriana	assets/characters/npcs/swimmer-female-gen2-kasc-hd-4x3-walk-sheet-v1.png	covered
gen2	CeruleanGym	382	8	9	SPRITE_SWIMMER_GUY	battle	TrainerSwimmerm	TrainerSwimmermParker	assets/characters/npcs/swimmer-kasc-hd-4x3-walk-sheet-v1.png	covered
gen2	CeruleanGym	383	7	13	SPRITE_GYM_GUIDE	nonbattle	SPRITE_GYM_GUIDE	CeruleanGymGuideScript	assets/characters/npcs/gym-guide-kasc-hd-4x3-walk-sheet-v1.png	covered
gen2	CeruleanGymBadgeSpeechHouse	29	2	3	SPRITE_POKEFAN_M	nonbattle	SPRITE_POKEFAN_M	CeruleanGymBadgeSpeechHousePokefanMScript	assets/characters/npcs/pokefan-male-gen2-kasc-hd-4x3-walk-sheet-v1.png	covered
gen2	CeruleanMart	58	1	3	SPRITE_CLERK	nonbattle	SPRITE_CLERK	CeruleanMart_Clerk	assets/characters/npcs/clerk-kasc-hd-4x3-walk-sheet-v1.png	covered
gen2	CeruleanMart	59	1	6	SPRITE_COOLTRAINER_M	nonbattle	SPRITE_COOLTRAINER_M	CeruleanMart_CooltrainerM	assets/characters/npcs/cooltrainer-male-kasc-hd-4x3-walk-sheet-v1.png	covered
gen2	CeruleanMart	60	7	2	SPRITE_COOLTRAINER_F	nonbattle	SPRITE_COOLTRAINER_F	CeruleanMart_CooltrainerF	assets/characters/npcs/cooltrainer-female-kasc-hd-4x3-walk-sheet-v1.png	covered
gen2	CeruleanPokecenter1F	76	3	1	SPRITE_NURSE	nonbattle	SPRITE_NURSE	CeruleanPokecenter1FNurseScript	assets/characters/npcs/nurse-kasc-hd-4x3-walk-sheet-v1.png	covered
gen2	CeruleanPokecenter1F	77	8	4	SPRITE_SUPER_NERD	nonbattle	SPRITE_SUPER_NERD	CeruleanPokecenter1FSuperNerdScript	assets/characters/npcs/super-nerd-kasc-hd-4x3-walk-sheet-v1.png	covered
gen2	CeruleanPokecenter1F	78	1	5	SPRITE_GYM_GUIDE	nonbattle	SPRITE_GYM_GUIDE	CeruleanPokecenter1FGymGuideScript	assets/characters/npcs/gym-guide-kasc-hd-4x3-walk-sheet-v1.png	covered
gen2	CeruleanPoliceStation	56	5	1	SPRITE_FISHING_GURU	nonbattle	SPRITE_FISHING_GURU	CeruleanPoliceStationFishingGuruScript	assets/characters/npcs/fishing-guru-kasc-hd-4x3-walk-sheet-v1.png	covered
gen2	CeruleanPoliceStation	57	5	4	SPRITE_POKEFAN_F	nonbattle	SPRITE_POKEFAN_F	CeruleanPoliceStationPokefanFScript	assets/characters/npcs/pokefan-female-gen2-kasc-hd-4x3-walk-sheet-v1.png	covered
gen2	CeruleanTradeSpeechHouse	66	2	4	SPRITE_GRANNY	nonbattle	SPRITE_GRANNY	CeruleanTradeSpeechHouseGrannyScript	assets/characters/npcs/granny-kasc-hd-4x3-walk-sheet-v1.png	covered
gen2	CeruleanTradeSpeechHouse	67	1	2	SPRITE_GRAMPS	nonbattle	SPRITE_GRAMPS	CeruleanTradeSpeechHouseGrampsScript	assets/characters/npcs/gramps-kasc-hd-4x3-walk-sheet-v1.png	covered
gen2	CharcoalKiln	164	2	3	SPRITE_BLACK_BELT	nonbattle	SPRITE_BLACK_BELT	CharcoalKilnBoss	assets/characters/npcs/blackbelt-kasc-hd-4x3-walk-sheet-v1.png	covered
gen2	CharcoalKiln	165	5	3	SPRITE_YOUNGSTER	nonbattle	SPRITE_YOUNGSTER	CharcoalKilnApprentice	assets/characters/npcs/youngster-kasc-hd-4x3-walk-sheet-v1.png	covered
gen2	CherrygroveCity	568	32	6	SPRITE_GRAMPS	nonbattle	SPRITE_GRAMPS	CherrygroveCityGuideGent	assets/characters/npcs/gramps-kasc-hd-4x3-walk-sheet-v1.png	covered
gen2	CherrygroveCity	569	39	6	SPRITE_RIVAL	nonbattle	SPRITE_RIVAL	ObjectEvent	assets/characters/npcs/silver-kasc-hd-4x3-walk-sheet-v1.png	covered
gen2	CherrygroveCity	570	27	12	SPRITE_TEACHER	nonbattle	SPRITE_TEACHER	CherrygroveTeacherScript	assets/characters/npcs/teacher-gen2-kasc-hd-4x3-walk-sheet-v1.png	covered
gen2	CherrygroveCity	571	23	7	SPRITE_YOUNGSTER	nonbattle	SPRITE_YOUNGSTER	CherrygroveYoungsterScript	assets/characters/npcs/youngster-kasc-hd-4x3-walk-sheet-v1.png	covered
gen2	CherrygroveCity	572	7	12	SPRITE_FISHER	nonbattle	SPRITE_FISHER	MysticWaterGuy	assets/characters/npcs/fisher-kasc-hd-4x3-walk-sheet-v1.png	covered
gen2	CherrygroveEvolutionSpeechHouse	56	3	5	SPRITE_LASS	nonbattle	SPRITE_LASS	CherrygroveEvolutionSpeechHouseLassScript	assets/characters/npcs/lass-kasc-hd-4x3-walk-sheet-v1.png	covered
gen2	CherrygroveEvolutionSpeechHouse	57	2	5	SPRITE_YOUNGSTER	nonbattle	SPRITE_YOUNGSTER	CherrygroveEvolutionSpeechHouseYoungsterScript	assets/characters/npcs/youngster-kasc-hd-4x3-walk-sheet-v1.png	covered
gen2	CherrygroveGymSpeechHouse	59	2	3	SPRITE_POKEFAN_M	nonbattle	SPRITE_POKEFAN_M	CherrygroveGymSpeechHousePokefanMScript	assets/characters/npcs/pokefan-male-gen2-kasc-hd-4x3-walk-sheet-v1.png	covered
gen2	CherrygroveGymSpeechHouse	60	5	5	SPRITE_BUG_CATCHER	nonbattle	SPRITE_BUG_CATCHER	CherrygroveGymSpeechHouseBugCatcherScript	assets/characters/npcs/bug-catcher-kasc-hd-4x3-walk-sheet-v1.png	covered
gen2	CherrygroveMart	84	1	3	SPRITE_CLERK	nonbattle	SPRITE_CLERK	CherrygroveMartClerkScript	assets/characters/npcs/clerk-kasc-hd-4x3-walk-sheet-v1.png	covered
gen2	CherrygroveMart	85	7	6	SPRITE_COOLTRAINER_M	nonbattle	SPRITE_COOLTRAINER_M	CherrygroveMartCooltrainerMScript	assets/characters/npcs/cooltrainer-male-kasc-hd-4x3-walk-sheet-v1.png	covered
gen2	CherrygroveMart	86	2	5	SPRITE_YOUNGSTER	nonbattle	SPRITE_YOUNGSTER	CherrygroveMartYoungsterScript	assets/characters/npcs/youngster-kasc-hd-4x3-walk-sheet-v1.png	covered
gen2	CherrygrovePokecenter1F	82	3	1	SPRITE_NURSE	nonbattle	SPRITE_NURSE	CherrygrovePokecenter1FNurseScript	assets/characters/npcs/nurse-kasc-hd-4x3-walk-sheet-v1.png	covered
gen2	CherrygrovePokecenter1F	83	2	3	SPRITE_FISHER	nonbattle	SPRITE_FISHER	CherrygrovePokecenter1FFisherScript	assets/characters/npcs/fisher-kasc-hd-4x3-walk-sheet-v1.png	covered
gen2	CherrygrovePokecenter1F	84	8	6	SPRITE_GENTLEMAN	nonbattle	SPRITE_GENTLEMAN	CherrygrovePokecenter1FGentlemanScript	assets/characters/npcs/gentleman-kasc-hd-4x3-walk-sheet-v1.png	covered
gen2	CherrygrovePokecenter1F	85	1	6	SPRITE_TEACHER	nonbattle	SPRITE_TEACHER	CherrygrovePokecenter1FTeacherScript	assets/characters/npcs/teacher-gen2-kasc-hd-4x3-walk-sheet-v1.png	covered
gen2	CianwoodCity	406	21	37	SPRITE_STANDING_YOUNGSTER	nonbattle	SPRITE_STANDING_YOUNGSTER	CianwoodCityYoungster	assets/characters/npcs/youngster-kasc-hd-4x3-walk-sheet-v1.png	covered
gen2	CianwoodCity	407	17	33	SPRITE_POKEFAN_M	nonbattle	SPRITE_POKEFAN_M	CianwoodCityPokefanM	assets/characters/npcs/pokefan-male-gen2-kasc-hd-4x3-walk-sheet-v1.png	covered
gen2	CianwoodCity	408	14	42	SPRITE_LASS	nonbattle	SPRITE_LASS	CianwoodCityLass	assets/characters/npcs/lass-kasc-hd-4x3-walk-sheet-v1.png	covered
gen2	CianwoodCity	415	10	46	SPRITE_POKEFAN_F	nonbattle	SPRITE_POKEFAN_F	CianwoodCityChucksWife	assets/characters/npcs/pokefan-female-gen2-kasc-hd-4x3-walk-sheet-v1.png	covered
gen2	CianwoodCity	416	11	21	SPRITE_SUPER_NERD	nonbattle	SPRITE_SUPER_NERD	ObjectEvent	assets/characters/npcs/super-nerd-kasc-hd-4x3-walk-sheet-v1.png	covered
gen2	CianwoodGym	320	4	1	SPRITE_CHUCK	nonbattle	SPRITE_CHUCK	CianwoodGymChuckScript	assets/characters/npcs/chuck-kasc-hd-4x3-walk-sheet-v1.png	covered
gen2	CianwoodGym	321	2	12	SPRITE_BLACK_BELT	battle	TrainerBlackbelt	TrainerBlackbeltYoshi	assets/characters/npcs/blackbelt-kasc-hd-4x3-walk-sheet-v1.png	covered
gen2	CianwoodGym	322	7	12	SPRITE_BLACK_BELT	battle	TrainerBlackbelt	TrainerBlackbeltLao	assets/characters/npcs/blackbelt-kasc-hd-4x3-walk-sheet-v1.png	covered
gen2	CianwoodGym	323	3	9	SPRITE_BLACK_BELT	battle	TrainerBlackbelt	TrainerBlackbeltNob	assets/characters/npcs/blackbelt-kasc-hd-4x3-walk-sheet-v1.png	covered
gen2	CianwoodGym	324	5	5	SPRITE_BLACK_BELT	battle	TrainerBlackbelt	TrainerBlackbeltLung	assets/characters/npcs/blackbelt-kasc-hd-4x3-walk-sheet-v1.png	covered
gen2	CianwoodLugiaSpeechHouse	76	2	4	SPRITE_TEACHER	nonbattle	SPRITE_TEACHER	CianwoodLugiaSpeechHouseTeacherScript	assets/characters/npcs/teacher-gen2-kasc-hd-4x3-walk-sheet-v1.png	covered
gen2	CianwoodLugiaSpeechHouse	77	6	5	SPRITE_LASS	nonbattle	SPRITE_LASS	CianwoodLugiaSpeechHouseLassScript	assets/characters/npcs/lass-kasc-hd-4x3-walk-sheet-v1.png	covered
gen2	CianwoodLugiaSpeechHouse	78	0	2	SPRITE_TWIN	nonbattle	SPRITE_TWIN	CianwoodLugiaSpeechHouseTwinScript	assets/characters/npcs/twins-gen2-kasc-hd-4x3-walk-sheet-v1.png	covered
gen2	CianwoodPharmacy	87	2	3	SPRITE_PHARMACIST	nonbattle	SPRITE_PHARMACIST	CianwoodPharmacist	assets/characters/npcs/pharmacist-gen2-kasc-hd-4x3-walk-sheet-v1.png	covered
gen2	CianwoodPhotoStudio	61	2	3	SPRITE_FISHING_GURU	nonbattle	SPRITE_FISHING_GURU	CianwoodPhotoStudioFishingGuruScript	assets/characters/npcs/fishing-guru-kasc-hd-4x3-walk-sheet-v1.png	covered
gen2	CianwoodPokecenter1F	145	3	1	SPRITE_NURSE	nonbattle	SPRITE_NURSE	CianwoodPokecenter1FNurseScript	assets/characters/npcs/nurse-kasc-hd-4x3-walk-sheet-v1.png	covered
gen2	CianwoodPokecenter1F	146	1	5	SPRITE_LASS	nonbattle	SPRITE_LASS	CianwoodPokecenter1FLassScript	assets/characters/npcs/lass-kasc-hd-4x3-walk-sheet-v1.png	covered
gen2	CianwoodPokecenter1F	147	5	3	SPRITE_GYM_GUIDE	nonbattle	SPRITE_GYM_GUIDE	CianwoodGymGuideScript	assets/characters/npcs/gym-guide-kasc-hd-4x3-walk-sheet-v1.png	covered
gen2	CianwoodPokecenter1F	148	8	6	SPRITE_SUPER_NERD	nonbattle	SPRITE_SUPER_NERD	CianwoodPokecenter1FSuperNerdScript	assets/characters/npcs/super-nerd-kasc-hd-4x3-walk-sheet-v1.png	covered
gen2	CinnabarIsland	143	9	6	SPRITE_BLUE	nonbattle	SPRITE_BLUE	CinnabarIslandBlue	assets/characters/npcs/blue-johto-gym-kasc-hd-4x3-walk-sheet-v1.png	covered
gen2	CinnabarPokecenter1F	48	3	1	SPRITE_NURSE	nonbattle	SPRITE_NURSE	CinnabarPokecenter1FNurseScript	assets/characters/npcs/nurse-kasc-hd-4x3-walk-sheet-v1.png	covered
gen2	CinnabarPokecenter1F	49	7	6	SPRITE_COOLTRAINER_F	nonbattle	SPRITE_COOLTRAINER_F	CinnabarPokecenter1FCooltrainerFScript	assets/characters/npcs/cooltrainer-female-kasc-hd-4x3-walk-sheet-v1.png	covered
gen2	CinnabarPokecenter1F	50	2	4	SPRITE_FISHER	nonbattle	SPRITE_FISHER	CinnabarPokecenter1FFisherScript	assets/characters/npcs/fisher-kasc-hd-4x3-walk-sheet-v1.png	covered
gen2	Colosseum	77	3	4	SPRITE_CHRIS	nonbattle	SPRITE_CHRIS	CableClubFriendScript	assets/characters/npcs/gold-kasc-hd-4x3-walk-sheet-v1.png	covered
gen2	Colosseum	78	6	4	SPRITE_CHRIS	nonbattle	SPRITE_CHRIS	CableClubFriendScript	assets/characters/npcs/gold-kasc-hd-4x3-walk-sheet-v1.png	covered
gen2	CopycatsHouse1F	86	2	3	SPRITE_POKEFAN_M	nonbattle	SPRITE_POKEFAN_M	CopycatsHouse1FPokefanMScript	assets/characters/npcs/pokefan-male-gen2-kasc-hd-4x3-walk-sheet-v1.png	covered
gen2	CopycatsHouse1F	87	5	4	SPRITE_POKEFAN_F	nonbattle	SPRITE_POKEFAN_F	CopycatsHouse1FPokefanFScript	assets/characters/npcs/pokefan-female-gen2-kasc-hd-4x3-walk-sheet-v1.png	covered
gen2	CopycatsHouse2F	374	4	3	SPRITE_COPYCAT	nonbattle	SPRITE_COPYCAT	Copycat	assets/characters/npcs/copycat-kasc-hd-4x3-walk-sheet-v1.png|assets/characters/npcs/gold-kasc-hd-4x3-walk-sheet-v1.png|assets/characters/npcs/kris-kasc-hd-4x3-walk-sheet-v1.png|assets/characters/npcs/lass-kasc-hd-4x3-walk-sheet-v1.png	covered
gen2	CopycatsHouse2F	379	4	3	SPRITE_COPYCAT	nonbattle	SPRITE_COPYCAT	Copycat	assets/characters/npcs/copycat-kasc-hd-4x3-walk-sheet-v1.png|assets/characters/npcs/gold-kasc-hd-4x3-walk-sheet-v1.png|assets/characters/npcs/kris-kasc-hd-4x3-walk-sheet-v1.png|assets/characters/npcs/lass-kasc-hd-4x3-walk-sheet-v1.png	covered
gen2	DanceTheater	352	0	2	SPRITE_KIMONO_GIRL	battle	TrainerKimonoGirl	TrainerKimonoGirlNaoko	assets/characters/npcs/kimono-girl-gen2-kasc-hd-4x3-walk-sheet-v1.png	covered
gen2	DanceTheater	353	2	1	SPRITE_KIMONO_GIRL	battle	TrainerKimonoGirl	TrainerKimonoGirlSayo	assets/characters/npcs/kimono-girl-gen2-kasc-hd-4x3-walk-sheet-v1.png	covered
gen2	DanceTheater	354	6	2	SPRITE_KIMONO_GIRL	battle	TrainerKimonoGirl	TrainerKimonoGirlZuki	assets/characters/npcs/kimono-girl-gen2-kasc-hd-4x3-walk-sheet-v1.png	covered
gen2	DanceTheater	355	9	1	SPRITE_KIMONO_GIRL	battle	TrainerKimonoGirl	TrainerKimonoGirlKuni	assets/characters/npcs/kimono-girl-gen2-kasc-hd-4x3-walk-sheet-v1.png	covered
gen2	DanceTheater	356	11	2	SPRITE_KIMONO_GIRL	battle	TrainerKimonoGirl	TrainerKimonoGirlMiki	assets/characters/npcs/kimono-girl-gen2-kasc-hd-4x3-walk-sheet-v1.png	covered
gen2	DanceTheater	357	7	10	SPRITE_GENTLEMAN	nonbattle	SPRITE_GENTLEMAN	DanceTheaterSurfGuy	assets/characters/npcs/gentleman-kasc-hd-4x3-walk-sheet-v1.png	covered
gen2	DanceTheater	359	10	10	SPRITE_COOLTRAINER_M	nonbattle	SPRITE_COOLTRAINER_M	DanceTheaterCooltrainerMScript	assets/characters/npcs/cooltrainer-male-kasc-hd-4x3-walk-sheet-v1.png	covered
gen2	DanceTheater	360	3	6	SPRITE_GRANNY	nonbattle	SPRITE_GRANNY	DanceTheaterGrannyScript	assets/characters/npcs/granny-kasc-hd-4x3-walk-sheet-v1.png	covered
gen2	DarkCaveBlackthornEntrance	74	7	3	SPRITE_PHARMACIST	nonbattle	SPRITE_PHARMACIST	DarkCaveBlackthornEntrancePharmacistScript	assets/characters/npcs/pharmacist-gen2-kasc-hd-4x3-walk-sheet-v1.png	covered
gen2	DayCare	172	2	3	SPRITE_GRAMPS	nonbattle	SPRITE_GRAMPS	DayCareManScript_Inside	assets/characters/npcs/gramps-kasc-hd-4x3-walk-sheet-v1.png	covered
gen2	DayCare	173	5	3	SPRITE_GRANNY	nonbattle	SPRITE_GRANNY	DayCareLadyScript	assets/characters/npcs/granny-kasc-hd-4x3-walk-sheet-v1.png	covered
gen2	DiglettsCave	40	3	31	SPRITE_POKEFAN_M	nonbattle	SPRITE_POKEFAN_M	DiglettsCavePokefanMScript	assets/characters/npcs/pokefan-male-gen2-kasc-hd-4x3-walk-sheet-v1.png	covered
gen2	DragonShrine	670	5	1	SPRITE_ELDER	nonbattle	SPRITE_ELDER	DragonShrineElder1Script	assets/characters/npcs/elder-gen2-kasc-hd-4x3-walk-sheet-v1.png	covered
gen2	DragonShrine	671	2	4	SPRITE_ELDER	nonbattle	SPRITE_ELDER	DragonShrineElder2Script	assets/characters/npcs/elder-gen2-kasc-hd-4x3-walk-sheet-v1.png	covered
gen2	DragonShrine	672	7	4	SPRITE_ELDER	nonbattle	SPRITE_ELDER	DragonShrineElder3Script	assets/characters/npcs/elder-gen2-kasc-hd-4x3-walk-sheet-v1.png	covered
gen2	DragonShrine	673	4	8	SPRITE_CLAIR	nonbattle	SPRITE_CLAIR	ObjectEvent	assets/characters/npcs/clair-kasc-hd-4x3-walk-sheet-v2.png	covered
gen2	DragonsDenB1F	425	14	30	SPRITE_CLAIR	nonbattle	SPRITE_CLAIR	ObjectEvent	assets/characters/npcs/clair-kasc-hd-4x3-walk-sheet-v2.png	covered
gen2	DragonsDenB1F	426	20	23	SPRITE_RIVAL	nonbattle	SPRITE_RIVAL	DragonsDenB1FRivalScript	assets/characters/npcs/silver-kasc-hd-4x3-walk-sheet-v1.png	covered
gen2	DragonsDenB1F	427	20	8	SPRITE_COOLTRAINER_M	battle	TrainerCooltrainerm	TrainerCooltrainermDarin	assets/characters/npcs/ace-trainer-male-gen2-kasc-hd-4x3-walk-sheet-v1.png	covered
gen2	DragonsDenB1F	428	8	8	SPRITE_COOLTRAINER_F	battle	TrainerCooltrainerf	TrainerCooltrainerfCara	assets/characters/npcs/ace-trainer-female-gen2-kasc-hd-4x3-walk-sheet-v1.png	covered
gen2	DragonsDenB1F	429	4	17	SPRITE_TWIN	battle	TrainerTwins	TrainerTwinsLeaandpia1	assets/characters/npcs/twins-gen2-kasc-hd-4x3-walk-sheet-v1.png	covered
gen2	DragonsDenB1F	430	4	18	SPRITE_TWIN	battle	TrainerTwins	TrainerTwinsLeaandpia2	assets/characters/npcs/twins-gen2-kasc-hd-4x3-walk-sheet-v1.png	covered
gen2	EarlsPokemonAcademy	426	4	2	SPRITE_FISHER	nonbattle	SPRITE_FISHER	AcademyEarl	assets/characters/npcs/fisher-kasc-hd-4x3-walk-sheet-v1.png	covered
gen2	EarlsPokemonAcademy	427	2	5	SPRITE_YOUNGSTER	nonbattle	SPRITE_YOUNGSTER	EarlsPokemonAcademyYoungster1Script	assets/characters/npcs/youngster-kasc-hd-4x3-walk-sheet-v1.png	covered
gen2	EarlsPokemonAcademy	428	3	11	SPRITE_GAMEBOY_KID	nonbattle	SPRITE_GAMEBOY_KID	EarlsPokemonAcademyGameboyKid1Script	assets/characters/npcs/game-boy-kid-kasc-hd-4x3-walk-sheet-v1.png	covered
gen2	EarlsPokemonAcademy	429	4	11	SPRITE_GAMEBOY_KID	nonbattle	SPRITE_GAMEBOY_KID	EarlsPokemonAcademyGameboyKid2Script	assets/characters/npcs/game-boy-kid-kasc-hd-4x3-walk-sheet-v1.png	covered
gen2	EarlsPokemonAcademy	430	4	7	SPRITE_YOUNGSTER	nonbattle	SPRITE_YOUNGSTER	EarlsPokemonAcademyYoungster2Script	assets/characters/npcs/youngster-kasc-hd-4x3-walk-sheet-v1.png	covered
gen2	EcruteakCity	292	18	15	SPRITE_GRAMPS	nonbattle	SPRITE_GRAMPS	EcruteakCityGramps1Script	assets/characters/npcs/gramps-kasc-hd-4x3-walk-sheet-v1.png	covered
gen2	EcruteakCity	293	20	21	SPRITE_GRAMPS	nonbattle	SPRITE_GRAMPS	EcruteakCityGramps2Script	assets/characters/npcs/gramps-kasc-hd-4x3-walk-sheet-v1.png	covered
gen2	EcruteakCity	294	21	29	SPRITE_LASS	nonbattle	SPRITE_LASS	EcruteakCityLass1Script	assets/characters/npcs/lass-kasc-hd-4x3-walk-sheet-v1.png	covered
gen2	EcruteakCity	295	3	9	SPRITE_LASS	nonbattle	SPRITE_LASS	EcruteakCityLass2Script	assets/characters/npcs/lass-kasc-hd-4x3-walk-sheet-v1.png	covered
gen2	EcruteakCity	296	9	22	SPRITE_FISHER	nonbattle	SPRITE_FISHER	EcruteakCityFisherScript	assets/characters/npcs/fisher-kasc-hd-4x3-walk-sheet-v1.png	covered
gen2	EcruteakCity	297	10	14	SPRITE_YOUNGSTER	nonbattle	SPRITE_YOUNGSTER	EcruteakCityYoungsterScript	assets/characters/npcs/youngster-kasc-hd-4x3-walk-sheet-v1.png	covered
gen2	EcruteakCity	298	3	7	SPRITE_GRAMPS	nonbattle	SPRITE_GRAMPS	EcruteakCityGramps3Script	assets/characters/npcs/gramps-kasc-hd-4x3-walk-sheet-v1.png	covered
gen2	EcruteakGym	432	5	1	SPRITE_MORTY	nonbattle	SPRITE_MORTY	EcruteakGymMortyScript	assets/characters/npcs/morty-kasc-hd-4x3-walk-sheet-v1.png	covered
gen2	EcruteakGym	433	2	7	SPRITE_SAGE	battle	TrainerSage	TrainerSageJeffrey	assets/characters/npcs/sage-gen2-kasc-hd-4x3-walk-sheet-v1.png	covered
gen2	EcruteakGym	434	3	13	SPRITE_SAGE	battle	TrainerSage	TrainerSagePing	assets/characters/npcs/sage-gen2-kasc-hd-4x3-walk-sheet-v1.png	covered
gen2	EcruteakGym	435	7	5	SPRITE_GRANNY	battle	TrainerMedium	TrainerMediumMartha	assets/characters/npcs/medium-gen2-kasc-hd-4x3-walk-sheet-v1.png	covered
gen2	EcruteakGym	436	7	9	SPRITE_GRANNY	battle	TrainerMedium	TrainerMediumGrace	assets/characters/npcs/medium-gen2-kasc-hd-4x3-walk-sheet-v1.png	covered
gen2	EcruteakGym	437	7	15	SPRITE_GYM_GUIDE	nonbattle	SPRITE_GYM_GUIDE	EcruteakGymGuideScript	assets/characters/npcs/gym-guide-kasc-hd-4x3-walk-sheet-v1.png	covered
gen2	EcruteakGym	438	4	14	SPRITE_GRAMPS	nonbattle	SPRITE_GRAMPS	ObjectEvent	assets/characters/npcs/gramps-kasc-hd-4x3-walk-sheet-v1.png	covered
gen2	EcruteakItemfinderHouse	176	2	3	SPRITE_COOLTRAINER_M	nonbattle	SPRITE_COOLTRAINER_M	EcruteakItemfinderGuy	assets/characters/npcs/cooltrainer-male-kasc-hd-4x3-walk-sheet-v1.png	covered
gen2	EcruteakLugiaSpeechHouse	58	2	3	SPRITE_GRAMPS	nonbattle	SPRITE_GRAMPS	EcruteakLugiaSpeechHouseGrampsScript	assets/characters/npcs/gramps-kasc-hd-4x3-walk-sheet-v1.png	covered
gen2	EcruteakLugiaSpeechHouse	59	5	4	SPRITE_YOUNGSTER	nonbattle	SPRITE_YOUNGSTER	EcruteakLugiaSpeechHouseYoungsterScript	assets/characters/npcs/youngster-kasc-hd-4x3-walk-sheet-v1.png	covered
gen2	EcruteakMart	58	1	3	SPRITE_CLERK	nonbattle	SPRITE_CLERK	EcruteakMartClerkScript	assets/characters/npcs/clerk-kasc-hd-4x3-walk-sheet-v1.png	covered
gen2	EcruteakMart	59	5	2	SPRITE_SUPER_NERD	nonbattle	SPRITE_SUPER_NERD	EcruteakMartSuperNerdScript	assets/characters/npcs/super-nerd-kasc-hd-4x3-walk-sheet-v1.png	covered
gen2	EcruteakMart	60	6	6	SPRITE_GRANNY	nonbattle	SPRITE_GRANNY	EcruteakMartGrannyScript	assets/characters/npcs/granny-kasc-hd-4x3-walk-sheet-v1.png	covered
gen2	EcruteakPokecenter1F	220	3	1	SPRITE_NURSE	nonbattle	SPRITE_NURSE	EcruteakPokecenter1FNurseScript	assets/characters/npcs/nurse-kasc-hd-4x3-walk-sheet-v1.png	covered
gen2	EcruteakPokecenter1F	221	7	6	SPRITE_POKEFAN_M	nonbattle	SPRITE_POKEFAN_M	EcruteakPokecenter1FPokefanMScript	assets/characters/npcs/pokefan-male-gen2-kasc-hd-4x3-walk-sheet-v1.png	covered
gen2	EcruteakPokecenter1F	222	1	4	SPRITE_COOLTRAINER_F	nonbattle	SPRITE_COOLTRAINER_F	EcruteakPokecenter1FCooltrainerFScript	assets/characters/npcs/cooltrainer-female-kasc-hd-4x3-walk-sheet-v1.png	covered
gen2	EcruteakPokecenter1F	223	7	1	SPRITE_GYM_GUIDE	nonbattle	SPRITE_GYM_GUIDE	EcruteakPokecenter1FGymGuideScript	assets/characters/npcs/gym-guide-kasc-hd-4x3-walk-sheet-v1.png	covered
gen2	EcruteakPokecenter1F	224	0	7	SPRITE_BILL	nonbattle	SPRITE_BILL	ObjectEvent	assets/characters/npcs/bill-kasc-hd-4x3-walk-sheet-v1.png	covered
gen2	EcruteakTinTowerEntrance	295	4	6	SPRITE_SAGE	nonbattle	SPRITE_SAGE	EcruteakTinTowerEntranceSageScript	assets/characters/npcs/sage-gen2-kasc-hd-4x3-walk-sheet-v1.png	covered
gen2	EcruteakTinTowerEntrance	296	5	6	SPRITE_SAGE	nonbattle	SPRITE_SAGE	EcruteakTinTowerEntranceSageScript	assets/characters/npcs/sage-gen2-kasc-hd-4x3-walk-sheet-v1.png	covered
gen2	EcruteakTinTowerEntrance	297	6	9	SPRITE_SAGE	nonbattle	SPRITE_SAGE	EcruteakTinTowerEntranceWanderingSageScript	assets/characters/npcs/sage-gen2-kasc-hd-4x3-walk-sheet-v1.png	covered
gen2	EcruteakTinTowerEntrance	298	3	11	SPRITE_GRAMPS	nonbattle	SPRITE_GRAMPS	EcruteakTinTowerEntranceGrampsScript	assets/characters/npcs/gramps-kasc-hd-4x3-walk-sheet-v1.png	covered
gen2	ElmsHouse	97	1	5	SPRITE_TEACHER	nonbattle	SPRITE_TEACHER	ElmsWife	assets/characters/npcs/teacher-gen2-kasc-hd-4x3-walk-sheet-v1.png	covered
gen2	ElmsHouse	98	5	4	SPRITE_BUG_CATCHER	nonbattle	SPRITE_BUG_CATCHER	ElmsSon	assets/characters/npcs/bug-catcher-kasc-hd-4x3-walk-sheet-v1.png	covered
gen2	ElmsLab	1407	5	2	SPRITE_ELM	nonbattle	SPRITE_ELM	ProfElmScript	assets/characters/npcs/professor-elm-kasc-hd-4x3-walk-sheet-v1.png	covered
gen2	ElmsLab	1408	2	9	SPRITE_SCIENTIST	nonbattle	SPRITE_SCIENTIST	ElmsAideScript	assets/characters/npcs/scientist-kasc-hd-4x3-walk-sheet-v1.png	covered
gen2	ElmsLab	1412	5	3	SPRITE_OFFICER	nonbattle	SPRITE_OFFICER	CopScript	assets/characters/npcs/police-officer-gen2-kasc-hd-4x3-walk-sheet-v1.png	covered
gen2	FastShip1F	310	25	2	SPRITE_SAILOR	nonbattle	SPRITE_SAILOR	FastShip1FSailor1Script	assets/characters/npcs/sailor-kasc-hd-4x3-walk-sheet-v1.png	covered
gen2	FastShip1F	311	14	7	SPRITE_SAILOR	nonbattle	SPRITE_SAILOR	FastShip1FSailor2Script	assets/characters/npcs/sailor-kasc-hd-4x3-walk-sheet-v1.png	covered
gen2	FastShip1F	312	22	17	SPRITE_SAILOR	nonbattle	SPRITE_SAILOR	FastShip1FSailor3Script	assets/characters/npcs/sailor-kasc-hd-4x3-walk-sheet-v1.png	covered
gen2	FastShip1F	313	19	6	SPRITE_GENTLEMAN	nonbattle	SPRITE_GENTLEMAN	ObjectEvent	assets/characters/npcs/gentleman-kasc-hd-4x3-walk-sheet-v1.png	covered
gen2	FastShipB1F	464	30	6	SPRITE_SAILOR	nonbattle	SPRITE_SAILOR	FastShipB1FSailorScript	assets/characters/npcs/sailor-kasc-hd-4x3-walk-sheet-v1.png	covered
gen2	FastShipB1F	465	31	6	SPRITE_SAILOR	nonbattle	SPRITE_SAILOR	FastShipB1FSailorScript	assets/characters/npcs/sailor-kasc-hd-4x3-walk-sheet-v1.png	covered
gen2	FastShipB1F	466	9	11	SPRITE_SAILOR	battle	TrainerSailor	TrainerSailorJeff	assets/characters/npcs/sailor-kasc-hd-4x3-walk-sheet-v1.png	covered
gen2	FastShipB1F	467	6	4	SPRITE_LASS	battle	TrainerPicnicker	TrainerPicnickerDebra	assets/characters/npcs/picnicker-gen2-kasc-hd-4x3-walk-sheet-v1.png	covered
gen2	FastShipB1F	468	26	9	SPRITE_SUPER_NERD	battle	TrainerJuggler	TrainerJugglerFritz	assets/characters/npcs/juggler-kasc-hd-4x3-walk-sheet-v1.png	covered
gen2	FastShipB1F	469	17	4	SPRITE_SAILOR	battle	TrainerSailor	TrainerSailorGarrett	assets/characters/npcs/sailor-kasc-hd-4x3-walk-sheet-v1.png	covered
gen2	FastShipB1F	470	25	8	SPRITE_FISHER	battle	TrainerFisher	TrainerFisherJonah	assets/characters/npcs/fisher-kasc-hd-4x3-walk-sheet-v1.png	covered
gen2	FastShipB1F	471	15	11	SPRITE_BLACK_BELT	battle	TrainerBlackbelt	TrainerBlackbeltWai	assets/characters/npcs/blackbelt-kasc-hd-4x3-walk-sheet-v1.png	covered
gen2	FastShipB1F	472	23	4	SPRITE_SAILOR	battle	TrainerSailor	TrainerSailorKenneth	assets/characters/npcs/sailor-kasc-hd-4x3-walk-sheet-v1.png	covered
gen2	FastShipB1F	473	9	11	SPRITE_TEACHER	battle	TrainerTeacher	TrainerTeacherShirley	assets/characters/npcs/teacher-gen2-kasc-hd-4x3-walk-sheet-v1.png	covered
gen2	FastShipB1F	474	14	9	SPRITE_YOUNGSTER	battle	TrainerSchoolboy	TrainerSchoolboyNate	assets/characters/npcs/school-kid-male-gen2-kasc-hd-4x3-walk-sheet-v1.png	covered
gen2	FastShipB1F	475	14	11	SPRITE_YOUNGSTER	battle	TrainerSchoolboy	TrainerSchoolboyRicky	assets/characters/npcs/school-kid-male-gen2-kasc-hd-4x3-walk-sheet-v1.png	covered
gen2	FastShipCabins_NNW_NNE_NE	283	4	3	SPRITE_COOLTRAINER_M	battle	TrainerCooltrainerm	TrainerCooltrainermSean	assets/characters/npcs/ace-trainer-male-gen2-kasc-hd-4x3-walk-sheet-v1.png	covered
gen2	FastShipCabins_NNW_NNE_NE	284	1	5	SPRITE_COOLTRAINER_F	battle	TrainerCooltrainerf	TrainerCooltrainerfCarol	assets/characters/npcs/ace-trainer-female-gen2-kasc-hd-4x3-walk-sheet-v1.png	covered
gen2	FastShipCabins_NNW_NNE_NE	285	1	5	SPRITE_SUPER_NERD	battle	TrainerPokemaniac	TrainerPokemaniacEthan	assets/characters/npcs/pokemaniac-kasc-hd-4x3-walk-sheet-v1.png	covered
gen2	FastShipCabins_NNW_NNE_NE	286	4	17	SPRITE_POKEFAN_M	battle	TrainerHiker	TrainerHikerNoland	assets/characters/npcs/hiker-kasc-hd-4x3-walk-sheet-v1.png	covered
gen2	FastShipCabins_NNW_NNE_NE	287	4	26	SPRITE_SAILOR	nonbattle	SPRITE_SAILOR	FastShipLazySailorScript	assets/characters/npcs/sailor-kasc-hd-4x3-walk-sheet-v1.png	covered
gen2	FastShipCabins_NNW_NNE_NE	288	7	30	SPRITE_GENTLEMAN	battle	TrainerGentleman	TrainerGentlemanEdward	assets/characters/npcs/gentleman-kasc-hd-4x3-walk-sheet-v1.png	covered
gen2	FastShipCabins_NNW_NNE_NE	289	2	30	SPRITE_PHARMACIST	battle	TrainerBurglar	TrainerBurglarCorey	assets/characters/npcs/burglar-kasc-hd-4x3-walk-sheet-v1.png	covered
gen2	FastShipCabins_SE_SSE_CaptainsCabin	480	3	25	SPRITE_CAPTAIN	nonbattle	SPRITE_CAPTAIN	SSAquaCaptain	assets/characters/npcs/ss-anne-captain-kasc-hd-4x3-walk-sheet-v1.png	covered
gen2	FastShipCabins_SE_SSE_CaptainsCabin	481	2	17	SPRITE_GENTLEMAN	nonbattle	SPRITE_GENTLEMAN	SSAquaGrandpa	assets/characters/npcs/gentleman-kasc-hd-4x3-walk-sheet-v1.png	covered
gen2	FastShipCabins_SE_SSE_CaptainsCabin	482	3	17	SPRITE_TWIN	nonbattle	SPRITE_TWIN	SSAquaGranddaughterAfter	assets/characters/npcs/twins-gen2-kasc-hd-4x3-walk-sheet-v1.png	covered
gen2	FastShipCabins_SE_SSE_CaptainsCabin	483	2	25	SPRITE_TWIN	nonbattle	SPRITE_TWIN	SSAquaGranddaughterBefore	assets/characters/npcs/twins-gen2-kasc-hd-4x3-walk-sheet-v1.png	covered
gen2	FastShipCabins_SE_SSE_CaptainsCabin	484	5	6	SPRITE_POKEFAN_M	battle	TrainerPokefanm	TrainerPokefanmColin	assets/characters/npcs/pokefan-male-gen2-kasc-hd-4x3-walk-sheet-v1.png	covered
gen2	FastShipCabins_SE_SSE_CaptainsCabin	485	2	4	SPRITE_TWIN	battle	TrainerTwins	TrainerTwinsMegandpeg1	assets/characters/npcs/twins-gen2-kasc-hd-4x3-walk-sheet-v1.png	covered
gen2	FastShipCabins_SE_SSE_CaptainsCabin	486	3	4	SPRITE_TWIN	battle	TrainerTwins	TrainerTwinsMegandpeg2	assets/characters/npcs/twins-gen2-kasc-hd-4x3-walk-sheet-v1.png	covered
gen2	FastShipCabins_SE_SSE_CaptainsCabin	487	5	5	SPRITE_SUPER_NERD	battle	TrainerPsychic	TrainerPsychicRodney	assets/characters/npcs/psychic-kasc-hd-4x3-walk-sheet-v1.png	covered
gen2	FastShipCabins_SE_SSE_CaptainsCabin	488	2	3	SPRITE_POKEFAN_M	battle	TrainerPokefanm	TrainerPokefanmJeremy	assets/characters/npcs/pokefan-male-gen2-kasc-hd-4x3-walk-sheet-v1.png	covered
gen2	FastShipCabins_SE_SSE_CaptainsCabin	489	5	5	SPRITE_POKEFAN_F	battle	TrainerPokefanf	TrainerPokefanfGeorgia	assets/characters/npcs/pokefan-female-gen2-kasc-hd-4x3-walk-sheet-v1.png	covered
gen2	FastShipCabins_SE_SSE_CaptainsCabin	490	1	15	SPRITE_SUPER_NERD	battle	TrainerSupernerd	TrainerSupernerdShawn	assets/characters/npcs/super-nerd-kasc-hd-4x3-walk-sheet-v1.png	covered
gen2	FastShipCabins_SW_SSW_NW	241	1	15	SPRITE_FISHER	battle	TrainerFirebreather	TrainerFirebreatherLyle	assets/characters/npcs/firebreather-gen2-kasc-hd-4x3-walk-sheet-v1.png	covered
gen2	FastShipCabins_SW_SSW_NW	242	6	15	SPRITE_BUG_CATCHER	battle	TrainerBugCatcher	TrainerBugCatcherKen	assets/characters/npcs/bug-catcher-kasc-hd-4x3-walk-sheet-v1.png	covered
gen2	FastShipCabins_SW_SSW_NW	243	1	26	SPRITE_BEAUTY	battle	TrainerBeauty	TrainerBeautyCassie	assets/characters/npcs/beauty-kasc-hd-4x3-walk-sheet-v1.png	covered
gen2	FastShipCabins_SW_SSW_NW	244	3	28	SPRITE_ROCKER	battle	TrainerGuitarist	TrainerGuitaristClyde	assets/characters/npcs/guitarist-gen2-kasc-hd-4x3-walk-sheet-v1.png	covered
gen2	FightingDojo	57	4	4	SPRITE_BLACK_BELT	nonbattle	SPRITE_BLACK_BELT	FightingDojoBlackBelt	assets/characters/npcs/blackbelt-kasc-hd-4x3-walk-sheet-v1.png	covered
gen2	FuchsiaCity	154	23	18	SPRITE_YOUNGSTER	nonbattle	SPRITE_YOUNGSTER	FuchsiaCityYoungster	assets/characters/npcs/youngster-kasc-hd-4x3-walk-sheet-v1.png	covered
gen2	FuchsiaCity	155	13	8	SPRITE_POKEFAN_M	nonbattle	SPRITE_POKEFAN_M	FuchsiaCityPokefanM	assets/characters/npcs/pokefan-male-gen2-kasc-hd-4x3-walk-sheet-v1.png	covered
gen2	FuchsiaCity	156	16	14	SPRITE_TEACHER	nonbattle	SPRITE_TEACHER	FuchsiaCityTeacher	assets/characters/npcs/teacher-gen2-kasc-hd-4x3-walk-sheet-v1.png	covered
gen2	FuchsiaGym	395	1	10	SPRITE_JANINE	nonbattle	SPRITE_JANINE	FuchsiaGymJanineScript	assets/characters/npcs/janine-kasc-hd-4x3-walk-sheet-v1.png	covered
gen2	FuchsiaGym	396	5	7	SPRITE_FUCHSIA_GYM_1	nonbattle	SPRITE_FUCHSIA_GYM_1	LassAliceScript	assets/characters/npcs/lass-kasc-hd-4x3-walk-sheet-v1.png|assets/characters/npcs/janine-kasc-hd-4x3-walk-sheet-v1.png	covered
gen2	FuchsiaGym	397	5	11	SPRITE_FUCHSIA_GYM_2	nonbattle	SPRITE_FUCHSIA_GYM_2	LassLindaScript	assets/characters/npcs/lass-kasc-hd-4x3-walk-sheet-v1.png|assets/characters/npcs/janine-kasc-hd-4x3-walk-sheet-v1.png	covered
gen2	FuchsiaGym	398	9	4	SPRITE_FUCHSIA_GYM_3	nonbattle	SPRITE_FUCHSIA_GYM_3	PicnickerCindyScript	assets/characters/npcs/lass-kasc-hd-4x3-walk-sheet-v1.png|assets/characters/npcs/janine-kasc-hd-4x3-walk-sheet-v1.png	covered
gen2	FuchsiaGym	399	4	2	SPRITE_FUCHSIA_GYM_4	nonbattle	SPRITE_FUCHSIA_GYM_4	CamperBarryScript	assets/characters/npcs/youngster-kasc-hd-4x3-walk-sheet-v1.png|assets/characters/npcs/janine-kasc-hd-4x3-walk-sheet-v1.png	covered
gen2	FuchsiaGym	400	7	15	SPRITE_GYM_GUIDE	nonbattle	SPRITE_GYM_GUIDE	FuchsiaGymGuideScript	assets/characters/npcs/gym-guide-kasc-hd-4x3-walk-sheet-v1.png	covered
gen2	FuchsiaMart	50	1	3	SPRITE_CLERK	nonbattle	SPRITE_CLERK	FuchsiaMartClerkScript	assets/characters/npcs/clerk-kasc-hd-4x3-walk-sheet-v1.png	covered
gen2	FuchsiaMart	51	3	2	SPRITE_FISHER	nonbattle	SPRITE_FISHER	FuchsiaMartFisherScript	assets/characters/npcs/fisher-kasc-hd-4x3-walk-sheet-v1.png	covered
gen2	FuchsiaMart	52	7	6	SPRITE_COOLTRAINER_F	nonbattle	SPRITE_COOLTRAINER_F	FuchsiaMartCooltrainerFScript	assets/characters/npcs/cooltrainer-female-kasc-hd-4x3-walk-sheet-v1.png	covered
gen2	FuchsiaPokecenter1F	102	3	1	SPRITE_NURSE	nonbattle	SPRITE_NURSE	FuchsiaPokecenter1FNurseScript	assets/characters/npcs/nurse-kasc-hd-4x3-walk-sheet-v1.png	covered
gen2	FuchsiaPokecenter1F	103	8	4	SPRITE_COOLTRAINER_M	nonbattle	SPRITE_COOLTRAINER_M	FuchsiaPokecenter1FCooltrainerMScript	assets/characters/npcs/cooltrainer-male-kasc-hd-4x3-walk-sheet-v1.png	covered
gen2	FuchsiaPokecenter1F	104	1	4	SPRITE_COOLTRAINER_F	nonbattle	SPRITE_COOLTRAINER_F	FuchsiaPokecenter1FCooltrainerFScript	assets/characters/npcs/cooltrainer-female-kasc-hd-4x3-walk-sheet-v1.png	covered
gen2	FuchsiaPokecenter1F	105	5	3	SPRITE_JANINE_IMPERSONATOR	nonbattle	SPRITE_JANINE_IMPERSONATOR	FuchsiaPokecenter1FJanineImpersonatorScript	assets/characters/npcs/lass-kasc-hd-4x3-walk-sheet-v1.png|assets/characters/npcs/janine-kasc-hd-4x3-walk-sheet-v1.png	covered
gen2	GoldenrodBikeShop	122	7	2	SPRITE_CLERK	nonbattle	SPRITE_CLERK	GoldenrodBikeShopClerkScript	assets/characters/npcs/clerk-kasc-hd-4x3-walk-sheet-v1.png	covered
gen2	GoldenrodCity	588	7	18	SPRITE_POKEFAN_M	nonbattle	SPRITE_POKEFAN_M	GoldenrodCityPokefanMScript	assets/characters/npcs/pokefan-male-gen2-kasc-hd-4x3-walk-sheet-v1.png	covered
gen2	GoldenrodCity	589	30	17	SPRITE_YOUNGSTER	nonbattle	SPRITE_YOUNGSTER	GoldenrodCityYoungster1Script	assets/characters/npcs/youngster-kasc-hd-4x3-walk-sheet-v1.png	covered
gen2	GoldenrodCity	590	12	16	SPRITE_COOLTRAINER_F	nonbattle	SPRITE_COOLTRAINER_F	GoldenrodCityCooltrainerF1Script	assets/characters/npcs/cooltrainer-female-kasc-hd-4x3-walk-sheet-v1.png	covered
gen2	GoldenrodCity	591	20	26	SPRITE_COOLTRAINER_F	nonbattle	SPRITE_COOLTRAINER_F	GoldenrodCityCooltrainerF2Script	assets/characters/npcs/cooltrainer-female-kasc-hd-4x3-walk-sheet-v1.png	covered
gen2	GoldenrodCity	592	19	17	SPRITE_YOUNGSTER	nonbattle	SPRITE_YOUNGSTER	GoldenrodCityYoungster2Script	assets/characters/npcs/youngster-kasc-hd-4x3-walk-sheet-v1.png	covered
gen2	GoldenrodCity	593	17	10	SPRITE_LASS	nonbattle	SPRITE_LASS	GoldenrodCityLassScript	assets/characters/npcs/lass-kasc-hd-4x3-walk-sheet-v1.png	covered
gen2	GoldenrodCity	594	11	27	SPRITE_GRAMPS	nonbattle	SPRITE_GRAMPS	GoldenrodCityGrampsScript	assets/characters/npcs/gramps-kasc-hd-4x3-walk-sheet-v1.png	covered
gen2	GoldenrodCity	595	4	16	SPRITE_ROCKET	nonbattle	SPRITE_ROCKET	GoldenrodCityRocketScoutScript	assets/characters/npcs/team-rocket-male-kasc-hd-4x3-walk-sheet-v1.png	covered
gen2	GoldenrodCity	596	28	20	SPRITE_ROCKET	nonbattle	SPRITE_ROCKET	GoldenrodCityRocket1Script	assets/characters/npcs/team-rocket-male-kasc-hd-4x3-walk-sheet-v1.png	covered
gen2	GoldenrodCity	597	8	15	SPRITE_ROCKET	nonbattle	SPRITE_ROCKET	GoldenrodCityRocket2Script	assets/characters/npcs/team-rocket-male-kasc-hd-4x3-walk-sheet-v1.png	covered
gen2	GoldenrodCity	598	16	23	SPRITE_ROCKET	nonbattle	SPRITE_ROCKET	GoldenrodCityRocket3Script	assets/characters/npcs/team-rocket-male-kasc-hd-4x3-walk-sheet-v1.png	covered
gen2	GoldenrodCity	599	29	20	SPRITE_ROCKET	nonbattle	SPRITE_ROCKET	GoldenrodCityRocket4Script	assets/characters/npcs/team-rocket-male-kasc-hd-4x3-walk-sheet-v1.png	covered
gen2	GoldenrodCity	600	29	7	SPRITE_ROCKET	nonbattle	SPRITE_ROCKET	GoldenrodCityRocket5Script	assets/characters/npcs/team-rocket-male-kasc-hd-4x3-walk-sheet-v1.png	covered
gen2	GoldenrodCity	601	31	10	SPRITE_ROCKET	nonbattle	SPRITE_ROCKET	GoldenrodCityRocket6Script	assets/characters/npcs/team-rocket-male-kasc-hd-4x3-walk-sheet-v1.png	covered
gen2	GoldenrodCity	602	12	22	SPRITE_POKEFAN_M	nonbattle	SPRITE_POKEFAN_M	MoveTutorScript	assets/characters/npcs/pokefan-male-gen2-kasc-hd-4x3-walk-sheet-v1.png	covered
gen2	GoldenrodDeptStore1F	95	10	1	SPRITE_RECEPTIONIST	nonbattle	SPRITE_RECEPTIONIST	GoldenrodDeptStore1FReceptionistScript	assets/characters/npcs/receptionist-gen2-kasc-hd-4x3-walk-sheet-v1.png	covered
gen2	GoldenrodDeptStore1F	96	5	4	SPRITE_POKEFAN_F	nonbattle	SPRITE_POKEFAN_F	GoldenrodDeptStore1FPokefanFScript	assets/characters/npcs/pokefan-female-gen2-kasc-hd-4x3-walk-sheet-v1.png	covered
gen2	GoldenrodDeptStore1F	97	5	5	SPRITE_BUG_CATCHER	nonbattle	SPRITE_BUG_CATCHER	GoldenrodDeptStore1FBugCatcherScript	assets/characters/npcs/bug-catcher-kasc-hd-4x3-walk-sheet-v1.png	covered
gen2	GoldenrodDeptStore1F	98	11	5	SPRITE_GENTLEMAN	nonbattle	SPRITE_GENTLEMAN	GoldenrodDeptStore1FGentlemanScript	assets/characters/npcs/gentleman-kasc-hd-4x3-walk-sheet-v1.png	covered
gen2	GoldenrodDeptStore2F	114	13	5	SPRITE_CLERK	nonbattle	SPRITE_CLERK	GoldenrodDeptStore2FClerk1Script	assets/characters/npcs/clerk-kasc-hd-4x3-walk-sheet-v1.png	covered
gen2	GoldenrodDeptStore2F	115	13	6	SPRITE_CLERK	nonbattle	SPRITE_CLERK	GoldenrodDeptStore2FClerk2Script	assets/characters/npcs/clerk-kasc-hd-4x3-walk-sheet-v1.png	covered
gen2	GoldenrodDeptStore2F	116	9	6	SPRITE_YOUNGSTER	nonbattle	SPRITE_YOUNGSTER	GoldenrodDeptStore2FYoungsterScript	assets/characters/npcs/youngster-kasc-hd-4x3-walk-sheet-v1.png	covered
gen2	GoldenrodDeptStore2F	117	6	2	SPRITE_COOLTRAINER_F	nonbattle	SPRITE_COOLTRAINER_F	GoldenrodDeptStore2FCooltrainerFScript	assets/characters/npcs/cooltrainer-female-kasc-hd-4x3-walk-sheet-v1.png	covered
gen2	GoldenrodDeptStore2F	118	2	6	SPRITE_GENTLEMAN	nonbattle	SPRITE_GENTLEMAN	GoldenrodDeptStore2FGentlemanScript	assets/characters/npcs/gentleman-kasc-hd-4x3-walk-sheet-v1.png	covered
gen2	GoldenrodDeptStore3F	72	6	1	SPRITE_CLERK	nonbattle	SPRITE_CLERK	GoldenrodDeptStore3FClerkScript	assets/characters/npcs/clerk-kasc-hd-4x3-walk-sheet-v1.png	covered
gen2	GoldenrodDeptStore3F	73	12	5	SPRITE_SUPER_NERD	nonbattle	SPRITE_SUPER_NERD	GoldenrodDeptStore3FSuperNerdScript	assets/characters/npcs/super-nerd-kasc-hd-4x3-walk-sheet-v1.png	covered
gen2	GoldenrodDeptStore3F	74	2	5	SPRITE_ROCKER	nonbattle	SPRITE_ROCKER	GoldenrodDeptStore3FRockerScript	assets/characters/npcs/rocker-kasc-hd-4x3-walk-sheet-v1.png	covered
gen2	GoldenrodDeptStore4F	93	13	5	SPRITE_CLERK	nonbattle	SPRITE_CLERK	GoldenrodDeptStore4FClerkScript	assets/characters/npcs/clerk-kasc-hd-4x3-walk-sheet-v1.png	covered
gen2	GoldenrodDeptStore4F	94	11	7	SPRITE_COOLTRAINER_M	nonbattle	SPRITE_COOLTRAINER_M	GoldenrodDeptStore4FCooltrainerMScript	assets/characters/npcs/cooltrainer-male-kasc-hd-4x3-walk-sheet-v1.png	covered
gen2	GoldenrodDeptStore4F	95	7	2	SPRITE_BUG_CATCHER	nonbattle	SPRITE_BUG_CATCHER	GoldenrodDeptStore4FBugCatcherScript	assets/characters/npcs/bug-catcher-kasc-hd-4x3-walk-sheet-v1.png	covered
gen2	GoldenrodDeptStore4F	96	5	1	SPRITE_GAMEBOY_KID	nonbattle	SPRITE_GAMEBOY_KID	GoldenrodDeptStore4FGameboyKidScript	assets/characters/npcs/game-boy-kid-kasc-hd-4x3-walk-sheet-v1.png	covered
gen2	GoldenrodDeptStore5F	233	8	5	SPRITE_CLERK	nonbattle	SPRITE_CLERK	GoldenrodDeptStore5FClerkScript	assets/characters/npcs/clerk-kasc-hd-4x3-walk-sheet-v1.png	covered
gen2	GoldenrodDeptStore5F	234	3	6	SPRITE_LASS	nonbattle	SPRITE_LASS	GoldenrodDeptStore5FLassScript	assets/characters/npcs/lass-kasc-hd-4x3-walk-sheet-v1.png	covered
gen2	GoldenrodDeptStore5F	235	6	3	SPRITE_COOLTRAINER_M	nonbattle	SPRITE_COOLTRAINER_M	Mike	assets/characters/npcs/cooltrainer-male-kasc-hd-4x3-walk-sheet-v1.png	covered
gen2	GoldenrodDeptStore5F	236	13	5	SPRITE_POKEFAN_M	nonbattle	SPRITE_POKEFAN_M	GoldenrodDeptStore5FPokefanMScript	assets/characters/npcs/pokefan-male-gen2-kasc-hd-4x3-walk-sheet-v1.png	covered
gen2	GoldenrodDeptStore5F	237	9	1	SPRITE_TWIN	nonbattle	SPRITE_TWIN	Carrie	assets/characters/npcs/twins-gen2-kasc-hd-4x3-walk-sheet-v1.png	covered
gen2	GoldenrodDeptStore5F	238	7	5	SPRITE_RECEPTIONIST	nonbattle	SPRITE_RECEPTIONIST	GoldenrodDeptStore5FReceptionistScript	assets/characters/npcs/receptionist-gen2-kasc-hd-4x3-walk-sheet-v1.png	covered
gen2	GoldenrodDeptStore6F	171	10	2	SPRITE_LASS	nonbattle	SPRITE_LASS	GoldenrodDeptStore6FLassScript	assets/characters/npcs/lass-kasc-hd-4x3-walk-sheet-v1.png	covered
gen2	GoldenrodDeptStore6F	172	8	2	SPRITE_SUPER_NERD	nonbattle	SPRITE_SUPER_NERD	GoldenrodDeptStore6FSuperNerdScript	assets/characters/npcs/super-nerd-kasc-hd-4x3-walk-sheet-v1.png	covered
gen2	GoldenrodDeptStoreB1F	127	9	10	SPRITE_BLACK_BELT	nonbattle	SPRITE_BLACK_BELT	GoldenrodDeptStoreB1FBlackBelt1Script	assets/characters/npcs/blackbelt-kasc-hd-4x3-walk-sheet-v1.png	covered
gen2	GoldenrodDeptStoreB1F	128	4	8	SPRITE_BLACK_BELT	nonbattle	SPRITE_BLACK_BELT	GoldenrodDeptStoreB1FBlackBelt2Script	assets/characters/npcs/blackbelt-kasc-hd-4x3-walk-sheet-v1.png	covered
gen2	GoldenrodDeptStoreB1F	129	6	13	SPRITE_BLACK_BELT	nonbattle	SPRITE_BLACK_BELT	GoldenrodDeptStoreB1FBlackBelt3Script	assets/characters/npcs/blackbelt-kasc-hd-4x3-walk-sheet-v1.png	covered
gen2	GoldenrodDeptStoreRoof	227	1	4	SPRITE_CLERK	nonbattle	SPRITE_CLERK	GoldenrodDeptStoreRoofClerkScript	assets/characters/npcs/clerk-kasc-hd-4x3-walk-sheet-v1.png	covered
gen2	GoldenrodDeptStoreRoof	228	10	3	SPRITE_POKEFAN_F	nonbattle	SPRITE_POKEFAN_F	GoldenrodDeptStoreRoofPokefanFScript	assets/characters/npcs/pokefan-female-gen2-kasc-hd-4x3-walk-sheet-v1.png	covered
gen2	GoldenrodDeptStoreRoof	229	2	1	SPRITE_FISHER	nonbattle	SPRITE_FISHER	GoldenrodDeptStoreRoofFisherScript	assets/characters/npcs/fisher-kasc-hd-4x3-walk-sheet-v1.png	covered
gen2	GoldenrodDeptStoreRoof	230	3	4	SPRITE_TWIN	nonbattle	SPRITE_TWIN	GoldenrodDeptStoreRoofTwinScript	assets/characters/npcs/twins-gen2-kasc-hd-4x3-walk-sheet-v1.png	covered
gen2	GoldenrodDeptStoreRoof	231	14	6	SPRITE_SUPER_NERD	nonbattle	SPRITE_SUPER_NERD	GoldenrodDeptStoreRoofSuperNerdScript	assets/characters/npcs/super-nerd-kasc-hd-4x3-walk-sheet-v1.png	covered
gen2	GoldenrodDeptStoreRoof	232	7	0	SPRITE_POKEFAN_M	nonbattle	SPRITE_POKEFAN_M	GoldenrodDeptStoreRoofPokefanMScript	assets/characters/npcs/pokefan-male-gen2-kasc-hd-4x3-walk-sheet-v1.png	covered
gen2	GoldenrodDeptStoreRoof	233	5	3	SPRITE_TEACHER	nonbattle	SPRITE_TEACHER	GoldenrodDeptStoreRoofTeacherScript	assets/characters/npcs/teacher-gen2-kasc-hd-4x3-walk-sheet-v1.png	covered
gen2	GoldenrodDeptStoreRoof	234	1	6	SPRITE_BUG_CATCHER	nonbattle	SPRITE_BUG_CATCHER	GoldenrodDeptStoreRoofBugCatcherScript	assets/characters/npcs/bug-catcher-kasc-hd-4x3-walk-sheet-v1.png	covered
gen2	GoldenrodFlowerShop	169	2	4	SPRITE_TEACHER	nonbattle	SPRITE_TEACHER	FlowerShopTeacherScript	assets/characters/npcs/teacher-gen2-kasc-hd-4x3-walk-sheet-v1.png	covered
gen2	GoldenrodFlowerShop	170	5	6	SPRITE_LASS	nonbattle	SPRITE_LASS	FlowerShopFloriaScript	assets/characters/npcs/lass-kasc-hd-4x3-walk-sheet-v1.png	covered
gen2	GoldenrodGameCorner	522	3	2	SPRITE_CLERK	nonbattle	SPRITE_CLERK	GoldenrodGameCornerCoinVendorScript	assets/characters/npcs/clerk-kasc-hd-4x3-walk-sheet-v1.png	covered
gen2	GoldenrodGameCorner	523	16	2	SPRITE_RECEPTIONIST	nonbattle	SPRITE_RECEPTIONIST	GoldenrodGameCornerTMVendorScript	assets/characters/npcs/receptionist-gen2-kasc-hd-4x3-walk-sheet-v1.png	covered
gen2	GoldenrodGameCorner	524	18	2	SPRITE_RECEPTIONIST	nonbattle	SPRITE_RECEPTIONIST	GoldenrodGameCornerPrizeMonVendorScript	assets/characters/npcs/receptionist-gen2-kasc-hd-4x3-walk-sheet-v1.png	covered
gen2	GoldenrodGameCorner	525	8	7	SPRITE_PHARMACIST	nonbattle	SPRITE_PHARMACIST	GoldenrodGameCornerPharmacistScript	assets/characters/npcs/pharmacist-gen2-kasc-hd-4x3-walk-sheet-v1.png	covered
gen2	GoldenrodGameCorner	526	8	7	SPRITE_PHARMACIST	nonbattle	SPRITE_PHARMACIST	GoldenrodGameCornerPharmacistScript	assets/characters/npcs/pharmacist-gen2-kasc-hd-4x3-walk-sheet-v1.png	covered
gen2	GoldenrodGameCorner	527	11	10	SPRITE_POKEFAN_M	nonbattle	SPRITE_POKEFAN_M	GoldenrodGameCornerPokefanM1Script	assets/characters/npcs/pokefan-male-gen2-kasc-hd-4x3-walk-sheet-v1.png	covered
gen2	GoldenrodGameCorner	528	14	8	SPRITE_COOLTRAINER_M	nonbattle	SPRITE_COOLTRAINER_M	GoldenrodGameCornerCooltrainerMScript	assets/characters/npcs/cooltrainer-male-kasc-hd-4x3-walk-sheet-v1.png	covered
gen2	GoldenrodGameCorner	529	17	6	SPRITE_POKEFAN_F	nonbattle	SPRITE_POKEFAN_F	GoldenrodGameCornerPokefanFScript	assets/characters/npcs/pokefan-female-gen2-kasc-hd-4x3-walk-sheet-v1.png	covered
gen2	GoldenrodGameCorner	530	10	3	SPRITE_COOLTRAINER_F	nonbattle	SPRITE_COOLTRAINER_F	GoldenrodGameCornerCooltrainerFScript	assets/characters/npcs/cooltrainer-female-kasc-hd-4x3-walk-sheet-v1.png	covered
gen2	GoldenrodGameCorner	531	5	10	SPRITE_GENTLEMAN	nonbattle	SPRITE_GENTLEMAN	GoldenrodGameCornerGentlemanScript	assets/characters/npcs/gentleman-kasc-hd-4x3-walk-sheet-v1.png	covered
gen2	GoldenrodGameCorner	532	2	9	SPRITE_POKEFAN_M	nonbattle	SPRITE_POKEFAN_M	GoldenrodGameCornerPokefanM2Script	assets/characters/npcs/pokefan-male-gen2-kasc-hd-4x3-walk-sheet-v1.png	covered
gen2	GoldenrodGameCorner	533	17	10	SPRITE_POKEFAN_M	nonbattle	SPRITE_POKEFAN_M	MoveTutorInsideScript	assets/characters/npcs/pokefan-male-gen2-kasc-hd-4x3-walk-sheet-v1.png	covered
gen2	GoldenrodGym	395	8	3	SPRITE_WHITNEY	nonbattle	SPRITE_WHITNEY	GoldenrodGymWhitneyScript	assets/characters/npcs/whitney-kasc-hd-4x3-walk-sheet-v1.png	covered
gen2	GoldenrodGym	396	9	13	SPRITE_LASS	battle	TrainerLass	TrainerLassCarrie	assets/characters/npcs/lass-kasc-hd-4x3-walk-sheet-v1.png	covered
gen2	GoldenrodGym	397	9	6	SPRITE_LASS	battle	TrainerLass	TrainerLassBridget	assets/characters/npcs/lass-kasc-hd-4x3-walk-sheet-v1.png	covered
gen2	GoldenrodGym	398	0	2	SPRITE_BEAUTY	battle	TrainerBeauty	TrainerBeautyVictoria	assets/characters/npcs/beauty-kasc-hd-4x3-walk-sheet-v1.png	covered
gen2	GoldenrodGym	399	19	5	SPRITE_BEAUTY	battle	TrainerBeauty	TrainerBeautySamantha	assets/characters/npcs/beauty-kasc-hd-4x3-walk-sheet-v1.png	covered
gen2	GoldenrodGym	400	5	15	SPRITE_GYM_GUIDE	nonbattle	SPRITE_GYM_GUIDE	GoldenrodGymGuideScript	assets/characters/npcs/gym-guide-kasc-hd-4x3-walk-sheet-v1.png	covered
gen2	GoldenrodHappinessRater	152	2	4	SPRITE_TEACHER	nonbattle	SPRITE_TEACHER	GoldenrodHappinessRaterTeacherScript	assets/characters/npcs/teacher-gen2-kasc-hd-4x3-walk-sheet-v1.png	covered
gen2	GoldenrodHappinessRater	153	5	3	SPRITE_POKEFAN_M	nonbattle	SPRITE_POKEFAN_M	GoldenrodHappinessRaterPokefanMScript	assets/characters/npcs/pokefan-male-gen2-kasc-hd-4x3-walk-sheet-v1.png	covered
gen2	GoldenrodHappinessRater	154	5	6	SPRITE_TWIN	nonbattle	SPRITE_TWIN	GoldenrodHappinessRaterTwinScript	assets/characters/npcs/twins-gen2-kasc-hd-4x3-walk-sheet-v1.png	covered
gen2	GoldenrodMagnetTrainStation	180	9	9	SPRITE_OFFICER	nonbattle	SPRITE_OFFICER	GoldenrodMagnetTrainStationOfficerScript	assets/characters/npcs/police-officer-gen2-kasc-hd-4x3-walk-sheet-v1.png	covered
gen2	GoldenrodMagnetTrainStation	181	11	14	SPRITE_GENTLEMAN	nonbattle	SPRITE_GENTLEMAN	GoldenrodMagnetTrainStationGentlemanScript	assets/characters/npcs/gentleman-kasc-hd-4x3-walk-sheet-v1.png	covered
gen2	GoldenrodNameRater	40	2	4	SPRITE_GENTLEMAN	nonbattle	SPRITE_GENTLEMAN	GoldenrodNameRater	assets/characters/npcs/gentleman-kasc-hd-4x3-walk-sheet-v1.png	covered
gen2	GoldenrodPPSpeechHouse	67	2	4	SPRITE_FISHER	nonbattle	SPRITE_FISHER	GoldenrodPPSpeechHouseFisherScript	assets/characters/npcs/fisher-kasc-hd-4x3-walk-sheet-v1.png	covered
gen2	GoldenrodPPSpeechHouse	68	5	3	SPRITE_LASS	nonbattle	SPRITE_LASS	GoldenrodPPSpeechHouseLassScript	assets/characters/npcs/lass-kasc-hd-4x3-walk-sheet-v1.png	covered
gen2	GoldenrodPokecenter1F	821	3	1	SPRITE_NURSE	nonbattle	SPRITE_NURSE	GoldenrodPokecenter1FNurseScript	assets/characters/npcs/nurse-kasc-hd-4x3-walk-sheet-v1.png	covered
gen2	GoldenrodPokecenter1F	822	16	8	SPRITE_LINK_RECEPTIONIST	nonbattle	SPRITE_LINK_RECEPTIONIST	ObjectEvent	assets/characters/npcs/link-receptionist-kasc-hd-4x3-walk-sheet-v1.png	covered
gen2	GoldenrodPokecenter1F	823	6	1	SPRITE_GAMEBOY_KID	nonbattle	SPRITE_GAMEBOY_KID	GoldenrodPokecenter1FGameboyKidScript	assets/characters/npcs/game-boy-kid-kasc-hd-4x3-walk-sheet-v1.png	covered
gen2	GoldenrodPokecenter1F	824	1	4	SPRITE_LASS	nonbattle	SPRITE_LASS	GoldenrodPokecenter1FLassScript	assets/characters/npcs/lass-kasc-hd-4x3-walk-sheet-v1.png	covered
gen2	GoldenrodPokecenter1F	825	7	5	SPRITE_POKEFAN_F	nonbattle	SPRITE_POKEFAN_F	GoldenrodPokecenter1FPokefanF	assets/characters/npcs/pokefan-female-gen2-kasc-hd-4x3-walk-sheet-v1.png	covered
gen2	GoldenrodUnderground	671	5	31	SPRITE_SUPER_NERD	battle	TrainerSupernerd	TrainerSupernerdEric	assets/characters/npcs/super-nerd-kasc-hd-4x3-walk-sheet-v1.png	covered
gen2	GoldenrodUnderground	672	6	9	SPRITE_SUPER_NERD	battle	TrainerSupernerd	TrainerSupernerdTeru	assets/characters/npcs/super-nerd-kasc-hd-4x3-walk-sheet-v1.png	covered
gen2	GoldenrodUnderground	673	3	27	SPRITE_SUPER_NERD	battle	TrainerPokemaniac	TrainerPokemaniacIssac	assets/characters/npcs/pokemaniac-kasc-hd-4x3-walk-sheet-v1.png	covered
gen2	GoldenrodUnderground	674	2	6	SPRITE_SUPER_NERD	battle	TrainerPokemaniac	TrainerPokemaniacDonald	assets/characters/npcs/pokemaniac-kasc-hd-4x3-walk-sheet-v1.png	covered
gen2	GoldenrodUnderground	676	7	11	SPRITE_GRAMPS	nonbattle	SPRITE_GRAMPS	BargainMerchantScript	assets/characters/npcs/gramps-kasc-hd-4x3-walk-sheet-v1.png	covered
gen2	GoldenrodUnderground	677	7	14	SPRITE_SUPER_NERD	nonbattle	SPRITE_SUPER_NERD	OlderHaircutBrotherScript	assets/characters/npcs/super-nerd-kasc-hd-4x3-walk-sheet-v1.png	covered
gen2	GoldenrodUnderground	678	7	15	SPRITE_SUPER_NERD	nonbattle	SPRITE_SUPER_NERD	YoungerHaircutBrotherScript	assets/characters/npcs/super-nerd-kasc-hd-4x3-walk-sheet-v1.png	covered
gen2	GoldenrodUnderground	679	7	21	SPRITE_GRANNY	nonbattle	SPRITE_GRANNY	BitterMerchantScript	assets/characters/npcs/granny-kasc-hd-4x3-walk-sheet-v1.png	covered
gen2	GoldenrodUndergroundSwitchRoomEntrances	817	9	12	SPRITE_PHARMACIST	battle	TrainerBurglar	TrainerBurglarDuncan	assets/characters/npcs/burglar-kasc-hd-4x3-walk-sheet-v1.png	covered
gen2	GoldenrodUndergroundSwitchRoomEntrances	818	4	8	SPRITE_PHARMACIST	battle	TrainerBurglar	TrainerBurglarEddie	assets/characters/npcs/burglar-kasc-hd-4x3-walk-sheet-v1.png	covered
gen2	GoldenrodUndergroundSwitchRoomEntrances	819	17	2	SPRITE_ROCKET	battle	TrainerGruntM	TrainerGruntM13	assets/characters/npcs/team-rocket-male-kasc-hd-4x3-walk-sheet-v1.png	covered
gen2	GoldenrodUndergroundSwitchRoomEntrances	820	11	2	SPRITE_ROCKET	battle	TrainerGruntM	TrainerGruntM11	assets/characters/npcs/team-rocket-male-kasc-hd-4x3-walk-sheet-v1.png	covered
gen2	GoldenrodUndergroundSwitchRoomEntrances	821	3	2	SPRITE_ROCKET	battle	TrainerGruntM	TrainerGruntM25	assets/characters/npcs/team-rocket-male-kasc-hd-4x3-walk-sheet-v1.png	covered
gen2	GoldenrodUndergroundSwitchRoomEntrances	822	19	12	SPRITE_ROCKET_GIRL	battle	TrainerGruntF	TrainerGruntF3	assets/characters/npcs/team-rocket-female-kasc-hd-4x3-walk-sheet-v1.png	covered
gen2	GoldenrodUndergroundSwitchRoomEntrances	823	3	27	SPRITE_TEACHER	nonbattle	SPRITE_TEACHER	GoldenrodUndergroundSwitchRoomEntrancesTeacherScript	assets/characters/npcs/teacher-gen2-kasc-hd-4x3-walk-sheet-v1.png	covered
gen2	GoldenrodUndergroundSwitchRoomEntrances	824	19	27	SPRITE_SUPER_NERD	nonbattle	SPRITE_SUPER_NERD	GoldenrodUndergroundSwitchRoomEntrancesSuperNerdScript	assets/characters/npcs/super-nerd-kasc-hd-4x3-walk-sheet-v1.png	covered
gen2	GoldenrodUndergroundSwitchRoomEntrances	827	23	3	SPRITE_RIVAL	nonbattle	SPRITE_RIVAL	ObjectEvent	assets/characters/npcs/silver-kasc-hd-4x3-walk-sheet-v1.png	covered
gen2	GoldenrodUndergroundWarehouse	224	9	8	SPRITE_ROCKET	battle	TrainerGruntM	TrainerGruntM24	assets/characters/npcs/team-rocket-male-kasc-hd-4x3-walk-sheet-v1.png	covered
gen2	GoldenrodUndergroundWarehouse	225	8	15	SPRITE_ROCKET	battle	TrainerGruntM	TrainerGruntM14	assets/characters/npcs/team-rocket-male-kasc-hd-4x3-walk-sheet-v1.png	covered
gen2	GoldenrodUndergroundWarehouse	226	14	3	SPRITE_ROCKET	battle	TrainerGruntM	TrainerGruntM15	assets/characters/npcs/team-rocket-male-kasc-hd-4x3-walk-sheet-v1.png	covered
gen2	GoldenrodUndergroundWarehouse	227	12	8	SPRITE_GENTLEMAN	nonbattle	SPRITE_GENTLEMAN	GoldenrodUndergroundWarehouseDirectorScript	assets/characters/npcs/gentleman-kasc-hd-4x3-walk-sheet-v1.png	covered
gen2	GuideGentsHouse	42	2	3	SPRITE_GRAMPS	nonbattle	SPRITE_GRAMPS	GuideGentsHouseGuideGent	assets/characters/npcs/gramps-kasc-hd-4x3-walk-sheet-v1.png	covered
gen2	HallOfFame	123	4	12	SPRITE_LANCE	nonbattle	SPRITE_LANCE	ObjectEvent	assets/characters/npcs/lance-johto-champion-kasc-hd-4x3-walk-sheet-v1.png	covered
gen2	IlexForest	956	7	28	SPRITE_YOUNGSTER	nonbattle	SPRITE_YOUNGSTER	IlexForestCharcoalApprenticeScript	assets/characters/npcs/youngster-kasc-hd-4x3-walk-sheet-v1.png	covered
gen2	IlexForest	957	5	28	SPRITE_BLACK_BELT	nonbattle	SPRITE_BLACK_BELT	IlexForestCharcoalMasterScript	assets/characters/npcs/blackbelt-kasc-hd-4x3-walk-sheet-v1.png	covered
gen2	IlexForest	958	15	14	SPRITE_ROCKER	nonbattle	SPRITE_ROCKER	IlexForestHeadbuttGuyScript	assets/characters/npcs/rocker-kasc-hd-4x3-walk-sheet-v1.png	covered
gen2	IlexForest	960	8	29	SPRITE_KURT	nonbattle	SPRITE_KURT	ObjectEvent	assets/characters/npcs/kurt-kasc-hd-4x3-walk-sheet-v1.png	covered
gen2	IlexForest	961	3	24	SPRITE_LASS	nonbattle	SPRITE_LASS	IlexForestLassScript	assets/characters/npcs/lass-kasc-hd-4x3-walk-sheet-v1.png	covered
gen2	IlexForest	962	12	1	SPRITE_YOUNGSTER	battle	TrainerBugCatcher	TrainerBugCatcherWayne	assets/characters/npcs/bug-catcher-kasc-hd-4x3-walk-sheet-v1.png	covered
gen2	IlexForestAzaleaGate	45	5	2	SPRITE_OFFICER	nonbattle	SPRITE_OFFICER	IlexForestAzaleaGateOfficerScript	assets/characters/npcs/police-officer-gen2-kasc-hd-4x3-walk-sheet-v1.png	covered
gen2	IlexForestAzaleaGate	46	1	3	SPRITE_GRANNY	nonbattle	SPRITE_GRANNY	IlexForestAzaleaGateGrannyScript	assets/characters/npcs/granny-kasc-hd-4x3-walk-sheet-v1.png	covered
gen2	IndigoPlateauPokecenter1F	319	3	7	SPRITE_NURSE	nonbattle	SPRITE_NURSE	IndigoPlateauPokecenter1FNurseScript	assets/characters/npcs/nurse-kasc-hd-4x3-walk-sheet-v1.png	covered
gen2	IndigoPlateauPokecenter1F	320	11	7	SPRITE_CLERK	nonbattle	SPRITE_CLERK	IndigoPlateauPokecenter1FClerkScript	assets/characters/npcs/clerk-kasc-hd-4x3-walk-sheet-v1.png	covered
gen2	IndigoPlateauPokecenter1F	321	11	11	SPRITE_COOLTRAINER_M	nonbattle	SPRITE_COOLTRAINER_M	IndigoPlateauPokecenter1FCooltrainerMScript	assets/characters/npcs/cooltrainer-male-kasc-hd-4x3-walk-sheet-v1.png	covered
gen2	IndigoPlateauPokecenter1F	322	16	9	SPRITE_RIVAL	nonbattle	SPRITE_RIVAL	ObjectEvent	assets/characters/npcs/silver-kasc-hd-4x3-walk-sheet-v1.png	covered
gen2	IndigoPlateauPokecenter1F	323	1	9	SPRITE_GRAMPS	nonbattle	SPRITE_GRAMPS	TeleportGuyScript	assets/characters/npcs/gramps-kasc-hd-4x3-walk-sheet-v1.png	covered
gen2	KarensRoom	147	5	7	SPRITE_KAREN	nonbattle	SPRITE_KAREN	KarenScript_Battle	assets/characters/npcs/karen-kasc-hd-4x3-walk-sheet-v1.png	covered
gen2	KogasRoom	144	5	7	SPRITE_KOGA	nonbattle	SPRITE_KOGA	KogaScript_Battle	assets/characters/npcs/koga-gen2-kasc-hd-4x3-walk-sheet-v1.png	covered
gen2	KurtsHouse	696	3	2	SPRITE_KURT	nonbattle	SPRITE_KURT	Kurt1	assets/characters/npcs/kurt-kasc-hd-4x3-walk-sheet-v1.png	covered
gen2	KurtsHouse	697	5	3	SPRITE_TWIN	nonbattle	SPRITE_TWIN	KurtsGranddaughter1	assets/characters/npcs/twins-gen2-kasc-hd-4x3-walk-sheet-v1.png	covered
gen2	KurtsHouse	699	14	3	SPRITE_KURT	nonbattle	SPRITE_KURT	Kurt2	assets/characters/npcs/kurt-kasc-hd-4x3-walk-sheet-v1.png	covered
gen2	KurtsHouse	700	11	4	SPRITE_TWIN	nonbattle	SPRITE_TWIN	KurtsGranddaughter2	assets/characters/npcs/twins-gen2-kasc-hd-4x3-walk-sheet-v1.png	covered
gen2	LakeOfRage	511	21	28	SPRITE_LANCE	nonbattle	SPRITE_LANCE	LakeOfRageLanceScript	assets/characters/npcs/lance-johto-champion-kasc-hd-4x3-walk-sheet-v1.png	covered
gen2	LakeOfRage	512	20	26	SPRITE_GRAMPS	nonbattle	SPRITE_GRAMPS	LakeOfRageGrampsScript	assets/characters/npcs/gramps-kasc-hd-4x3-walk-sheet-v1.png	covered
gen2	LakeOfRage	513	36	13	SPRITE_SUPER_NERD	nonbattle	SPRITE_SUPER_NERD	LakeOfRageSuperNerdScript	assets/characters/npcs/super-nerd-kasc-hd-4x3-walk-sheet-v1.png	covered
gen2	LakeOfRage	514	25	29	SPRITE_COOLTRAINER_F	nonbattle	SPRITE_COOLTRAINER_F	LakeOfRageCooltrainerFScript	assets/characters/npcs/cooltrainer-female-kasc-hd-4x3-walk-sheet-v1.png	covered
gen2	LakeOfRage	515	30	23	SPRITE_FISHER	battle	TrainerFisher	TrainerFisherAndre	assets/characters/npcs/fisher-kasc-hd-4x3-walk-sheet-v1.png	covered
gen2	LakeOfRage	516	24	26	SPRITE_FISHER	battle	TrainerFisher	TrainerFisherRaymond	assets/characters/npcs/fisher-kasc-hd-4x3-walk-sheet-v1.png	covered
gen2	LakeOfRage	517	4	15	SPRITE_COOLTRAINER_M	battle	TrainerCooltrainerm	TrainerCooltrainermAaron	assets/characters/npcs/ace-trainer-male-gen2-kasc-hd-4x3-walk-sheet-v1.png	covered
gen2	LakeOfRage	518	36	7	SPRITE_COOLTRAINER_F	battle	TrainerCooltrainerf	TrainerCooltrainerfLois	assets/characters/npcs/ace-trainer-female-gen2-kasc-hd-4x3-walk-sheet-v1.png	covered
gen2	LakeOfRage	520	4	4	SPRITE_SUPER_NERD	nonbattle	SPRITE_SUPER_NERD	WesleyScript	assets/characters/npcs/super-nerd-kasc-hd-4x3-walk-sheet-v1.png	covered
gen2	LakeOfRageHiddenPowerHouse	82	2	3	SPRITE_FISHER	nonbattle	SPRITE_FISHER	HiddenPowerGuy	assets/characters/npcs/fisher-kasc-hd-4x3-walk-sheet-v1.png	covered
gen2	LakeOfRageMagikarpHouse	224	2	3	SPRITE_FISHING_GURU	nonbattle	SPRITE_FISHING_GURU	MagikarpLengthRaterScript	assets/characters/npcs/fishing-guru-kasc-hd-4x3-walk-sheet-v1.png	covered
gen2	LancesRoom	354	5	3	SPRITE_LANCE	nonbattle	SPRITE_LANCE	LancesRoomLanceScript	assets/characters/npcs/lance-johto-champion-kasc-hd-4x3-walk-sheet-v1.png	covered
gen2	LancesRoom	355	4	7	SPRITE_TEACHER	nonbattle	SPRITE_TEACHER	ObjectEvent	assets/characters/npcs/teacher-gen2-kasc-hd-4x3-walk-sheet-v1.png	covered
gen2	LancesRoom	356	4	7	SPRITE_OAK	nonbattle	SPRITE_OAK	ObjectEvent	assets/characters/npcs/professor-oak-kasc-hd-4x3-walk-sheet-v1.png	covered
gen2	LavRadioTower1F	236	6	6	SPRITE_RECEPTIONIST	nonbattle	SPRITE_RECEPTIONIST	LavRadioTower1FReceptionistScript	assets/characters/npcs/receptionist-gen2-kasc-hd-4x3-walk-sheet-v1.png	covered
gen2	LavRadioTower1F	237	15	1	SPRITE_OFFICER	nonbattle	SPRITE_OFFICER	LavRadioTower1FOfficerScript	assets/characters/npcs/police-officer-gen2-kasc-hd-4x3-walk-sheet-v1.png	covered
gen2	LavRadioTower1F	238	1	3	SPRITE_SUPER_NERD	nonbattle	SPRITE_SUPER_NERD	LavRadioTower1FSuperNerd1Script	assets/characters/npcs/super-nerd-kasc-hd-4x3-walk-sheet-v1.png	covered
gen2	LavRadioTower1F	239	9	1	SPRITE_GENTLEMAN	nonbattle	SPRITE_GENTLEMAN	LavRadioTower1FGentlemanScript	assets/characters/npcs/gentleman-kasc-hd-4x3-walk-sheet-v1.png	covered
gen2	LavRadioTower1F	240	14	6	SPRITE_SUPER_NERD	nonbattle	SPRITE_SUPER_NERD	LavRadioTower1FSuperNerd2Script	assets/characters/npcs/super-nerd-kasc-hd-4x3-walk-sheet-v1.png	covered
gen2	LavenderMart	60	1	3	SPRITE_CLERK	nonbattle	SPRITE_CLERK	LavenderMartClerkScript	assets/characters/npcs/clerk-kasc-hd-4x3-walk-sheet-v1.png	covered
gen2	LavenderMart	61	6	6	SPRITE_POKEFAN_M	nonbattle	SPRITE_POKEFAN_M	LavenderMartPokefanMScript	assets/characters/npcs/pokefan-male-gen2-kasc-hd-4x3-walk-sheet-v1.png	covered
gen2	LavenderMart	62	9	2	SPRITE_ROCKER	nonbattle	SPRITE_ROCKER	LavenderMartRockerScript	assets/characters/npcs/rocker-kasc-hd-4x3-walk-sheet-v1.png	covered
gen2	LavenderNameRater	36	2	3	SPRITE_GENTLEMAN	nonbattle	SPRITE_GENTLEMAN	LavenderNameRater	assets/characters/npcs/gentleman-kasc-hd-4x3-walk-sheet-v1.png	covered
gen2	LavenderPokecenter1F	94	3	1	SPRITE_NURSE	nonbattle	SPRITE_NURSE	LavenderPokecenter1FNurseScript	assets/characters/npcs/nurse-kasc-hd-4x3-walk-sheet-v1.png	covered
gen2	LavenderPokecenter1F	95	7	6	SPRITE_GENTLEMAN	nonbattle	SPRITE_GENTLEMAN	LavenderPokecenter1FGentlemanScript	assets/characters/npcs/gentleman-kasc-hd-4x3-walk-sheet-v1.png	covered
gen2	LavenderPokecenter1F	96	5	3	SPRITE_TEACHER	nonbattle	SPRITE_TEACHER	LavenderPokecenter1FTeacherScript	assets/characters/npcs/teacher-gen2-kasc-hd-4x3-walk-sheet-v1.png	covered
gen2	LavenderPokecenter1F	97	1	5	SPRITE_YOUNGSTER	nonbattle	SPRITE_YOUNGSTER	LavenderPokecenter1FYoungsterScript	assets/characters/npcs/youngster-kasc-hd-4x3-walk-sheet-v1.png	covered
gen2	LavenderSpeechHouse	43	2	3	SPRITE_POKEFAN_F	nonbattle	SPRITE_POKEFAN_F	LavenderSpeechHousePokefanFScript	assets/characters/npcs/pokefan-female-gen2-kasc-hd-4x3-walk-sheet-v1.png	covered
gen2	LavenderTown	129	12	7	SPRITE_POKEFAN_M	nonbattle	SPRITE_POKEFAN_M	LavenderTownPokefanMScript	assets/characters/npcs/pokefan-male-gen2-kasc-hd-4x3-walk-sheet-v1.png	covered
gen2	LavenderTown	130	2	15	SPRITE_TEACHER	nonbattle	SPRITE_TEACHER	LavenderTownTeacherScript	assets/characters/npcs/teacher-gen2-kasc-hd-4x3-walk-sheet-v1.png	covered
gen2	LavenderTown	131	14	12	SPRITE_GRAMPS	nonbattle	SPRITE_GRAMPS	LavenderTownGrampsScript	assets/characters/npcs/gramps-kasc-hd-4x3-walk-sheet-v1.png	covered
gen2	LavenderTown	132	6	11	SPRITE_YOUNGSTER	nonbattle	SPRITE_YOUNGSTER	LavenderTownYoungsterScript	assets/characters/npcs/youngster-kasc-hd-4x3-walk-sheet-v1.png	covered
gen2	MahoganyGym	387	5	3	SPRITE_PRYCE	nonbattle	SPRITE_PRYCE	MahoganyGymPryceScript	assets/characters/npcs/pryce-kasc-hd-4x3-walk-sheet-v1.png	covered
gen2	MahoganyGym	388	4	6	SPRITE_BEAUTY	battle	TrainerSkier	TrainerSkierRoxanne	assets/characters/npcs/skier-female-gen2-kasc-hd-4x3-walk-sheet-v1.png	covered
gen2	MahoganyGym	389	0	17	SPRITE_ROCKER	battle	TrainerBoarder	TrainerBoarderRonald	assets/characters/npcs/boarder-gen2-kasc-hd-4x3-walk-sheet-v1.png	covered
gen2	MahoganyGym	390	9	17	SPRITE_BEAUTY	battle	TrainerSkier	TrainerSkierClarissa	assets/characters/npcs/skier-female-gen2-kasc-hd-4x3-walk-sheet-v1.png	covered
gen2	MahoganyGym	391	5	9	SPRITE_ROCKER	battle	TrainerBoarder	TrainerBoarderBrad	assets/characters/npcs/boarder-gen2-kasc-hd-4x3-walk-sheet-v1.png	covered
gen2	MahoganyGym	392	2	4	SPRITE_ROCKER	battle	TrainerBoarder	TrainerBoarderDouglas	assets/characters/npcs/boarder-gen2-kasc-hd-4x3-walk-sheet-v1.png	covered
gen2	MahoganyGym	393	7	15	SPRITE_GYM_GUIDE	nonbattle	SPRITE_GYM_GUIDE	MahoganyGymGuideScript	assets/characters/npcs/gym-guide-kasc-hd-4x3-walk-sheet-v1.png	covered
gen2	MahoganyMart1F	234	4	3	SPRITE_PHARMACIST	nonbattle	SPRITE_PHARMACIST	MahoganyMart1FPharmacistScript	assets/characters/npcs/pharmacist-gen2-kasc-hd-4x3-walk-sheet-v1.png	covered
gen2	MahoganyMart1F	235	1	6	SPRITE_BLACK_BELT	nonbattle	SPRITE_BLACK_BELT	MahoganyMart1FBlackBeltScript	assets/characters/npcs/blackbelt-kasc-hd-4x3-walk-sheet-v1.png	covered
gen2	MahoganyMart1F	236	4	6	SPRITE_LANCE	nonbattle	SPRITE_LANCE	ObjectEvent	assets/characters/npcs/lance-johto-champion-kasc-hd-4x3-walk-sheet-v1.png	covered
gen2	MahoganyMart1F	238	1	3	SPRITE_GRANNY	nonbattle	SPRITE_GRANNY	MahoganyMart1FGrannyScript	assets/characters/npcs/granny-kasc-hd-4x3-walk-sheet-v1.png	covered
gen2	MahoganyPokecenter1F	67	3	1	SPRITE_NURSE	nonbattle	SPRITE_NURSE	MahoganyPokecenter1FNurseScript	assets/characters/npcs/nurse-kasc-hd-4x3-walk-sheet-v1.png	covered
gen2	MahoganyPokecenter1F	68	7	2	SPRITE_POKEFAN_M	nonbattle	SPRITE_POKEFAN_M	MahoganyPokecenter1FPokefanMScript	assets/characters/npcs/pokefan-male-gen2-kasc-hd-4x3-walk-sheet-v1.png	covered
gen2	MahoganyPokecenter1F	69	1	3	SPRITE_YOUNGSTER	nonbattle	SPRITE_YOUNGSTER	MahoganyPokecenter1FYoungsterScript	assets/characters/npcs/youngster-kasc-hd-4x3-walk-sheet-v1.png	covered
gen2	MahoganyPokecenter1F	70	2	3	SPRITE_COOLTRAINER_F	nonbattle	SPRITE_COOLTRAINER_F	MahoganyPokecenter1FCooltrainerFScript	assets/characters/npcs/cooltrainer-female-kasc-hd-4x3-walk-sheet-v1.png	covered
gen2	MahoganyRedGyaradosSpeechHouse	73	2	3	SPRITE_BLACK_BELT	nonbattle	SPRITE_BLACK_BELT	MahoganyRedGyaradosSpeechHouseBlackBeltScript	assets/characters/npcs/blackbelt-kasc-hd-4x3-walk-sheet-v1.png	covered
gen2	MahoganyRedGyaradosSpeechHouse	74	6	5	SPRITE_TEACHER	nonbattle	SPRITE_TEACHER	MahoganyRedGyaradosSpeechHouseTeacherScript	assets/characters/npcs/teacher-gen2-kasc-hd-4x3-walk-sheet-v1.png	covered
gen2	MahoganyTown	267	19	8	SPRITE_POKEFAN_M	nonbattle	SPRITE_POKEFAN_M	MahoganyTownPokefanMScript	assets/characters/npcs/pokefan-male-gen2-kasc-hd-4x3-walk-sheet-v1.png	covered
gen2	MahoganyTown	268	6	9	SPRITE_GRAMPS	nonbattle	SPRITE_GRAMPS	MahoganyTownGrampsScript	assets/characters/npcs/gramps-kasc-hd-4x3-walk-sheet-v1.png	covered
gen2	MahoganyTown	269	6	14	SPRITE_FISHER	nonbattle	SPRITE_FISHER	MahoganyTownFisherScript	assets/characters/npcs/fisher-kasc-hd-4x3-walk-sheet-v1.png	covered
gen2	MahoganyTown	270	12	8	SPRITE_LASS	nonbattle	SPRITE_LASS	MahoganyTownLassScript	assets/characters/npcs/lass-kasc-hd-4x3-walk-sheet-v1.png	covered
gen2	ManiasHouse	213	2	4	SPRITE_ROCKER	nonbattle	SPRITE_ROCKER	ManiaScript	assets/characters/npcs/rocker-kasc-hd-4x3-walk-sheet-v1.png	covered
gen2	MountMoon	179	7	3	SPRITE_RIVAL	nonbattle	SPRITE_RIVAL	ObjectEvent	assets/characters/npcs/silver-kasc-hd-4x3-walk-sheet-v1.png	covered
gen2	MountMoonGiftShop	40	4	3	SPRITE_GRAMPS	nonbattle	SPRITE_GRAMPS	MountMoonGiftShopClerkScript	assets/characters/npcs/gramps-kasc-hd-4x3-walk-sheet-v1.png	covered
gen2	MountMoonGiftShop	41	1	2	SPRITE_GRAMPS	nonbattle	SPRITE_GRAMPS	MountMoonGiftShopClerkScript	assets/characters/npcs/gramps-kasc-hd-4x3-walk-sheet-v1.png	covered
gen2	MountMoonGiftShop	42	1	6	SPRITE_LASS	nonbattle	SPRITE_LASS	MountMoonGiftShopLassScript	assets/characters/npcs/lass-kasc-hd-4x3-walk-sheet-v1.png	covered
gen2	MountMoonGiftShop	43	5	4	SPRITE_LASS	nonbattle	SPRITE_LASS	MountMoonGiftShopLassScript	assets/characters/npcs/lass-kasc-hd-4x3-walk-sheet-v1.png	covered
gen2	MountMortar1FInside	140	33	43	SPRITE_SUPER_NERD	battle	TrainerPokemaniac	TrainerPokemaniacMiller	assets/characters/npcs/pokemaniac-kasc-hd-4x3-walk-sheet-v1.png	covered
gen2	MountMortar1FInside	141	24	28	SPRITE_SUPER_NERD	battle	TrainerSupernerd	TrainerSupernerdMarkus	assets/characters/npcs/super-nerd-kasc-hd-4x3-walk-sheet-v1.png	covered
gen2	MountMortar2FInside	86	13	26	SPRITE_SUPER_NERD	battle	TrainerSupernerd	TrainerSupernerdHugh	assets/characters/npcs/super-nerd-kasc-hd-4x3-walk-sheet-v1.png	covered
gen2	MountMortarB1F	151	16	4	SPRITE_BLACK_BELT	nonbattle	SPRITE_BLACK_BELT	MountMortarB1FKiyoScript	assets/characters/npcs/blackbelt-kasc-hd-4x3-walk-sheet-v1.png	covered
gen2	MoveDeletersHouse	34	2	3	SPRITE_SUPER_NERD	nonbattle	SPRITE_SUPER_NERD	MoveDeleter	assets/characters/npcs/super-nerd-kasc-hd-4x3-walk-sheet-v1.png	covered
gen2	MrFujisHouse	94	4	1	SPRITE_SUPER_NERD	nonbattle	SPRITE_SUPER_NERD	MrFujisHouseSuperNerdScript	assets/characters/npcs/super-nerd-kasc-hd-4x3-walk-sheet-v1.png	covered
gen2	MrFujisHouse	95	3	4	SPRITE_LASS	nonbattle	SPRITE_LASS	MrFujisHouseLassScript	assets/characters/npcs/lass-kasc-hd-4x3-walk-sheet-v1.png	covered
gen2	MrPokemonsHouse	390	3	5	SPRITE_GENTLEMAN	nonbattle	SPRITE_GENTLEMAN	MrPokemonsHouse_MrPokemonScript	assets/characters/npcs/gentleman-kasc-hd-4x3-walk-sheet-v1.png	covered
gen2	MrPokemonsHouse	391	6	5	SPRITE_OAK	nonbattle	SPRITE_OAK	ObjectEvent	assets/characters/npcs/professor-oak-kasc-hd-4x3-walk-sheet-v1.png	covered
gen2	MrPsychicsHouse	62	5	3	SPRITE_FISHING_GURU	nonbattle	SPRITE_FISHING_GURU	MrPsychic	assets/characters/npcs/fishing-guru-kasc-hd-4x3-walk-sheet-v1.png	covered
gen2	NationalPark	532	15	24	SPRITE_LASS	nonbattle	SPRITE_LASS	NationalParkLassScript	assets/characters/npcs/lass-kasc-hd-4x3-walk-sheet-v1.png	covered
gen2	NationalPark	533	14	4	SPRITE_POKEFAN_F	nonbattle	SPRITE_POKEFAN_F	NationalParkPokefanFScript	assets/characters/npcs/pokefan-female-gen2-kasc-hd-4x3-walk-sheet-v1.png	covered
gen2	NationalPark	534	27	40	SPRITE_TEACHER	nonbattle	SPRITE_TEACHER	NationalParkTeacher1Script	assets/characters/npcs/teacher-gen2-kasc-hd-4x3-walk-sheet-v1.png	covered
gen2	NationalPark	535	11	41	SPRITE_YOUNGSTER	nonbattle	SPRITE_YOUNGSTER	NationalParkYoungster1Script	assets/characters/npcs/youngster-kasc-hd-4x3-walk-sheet-v1.png	covered
gen2	NationalPark	536	10	41	SPRITE_YOUNGSTER	nonbattle	SPRITE_YOUNGSTER	NationalParkYoungster2Script	assets/characters/npcs/youngster-kasc-hd-4x3-walk-sheet-v1.png	covered
gen2	NationalPark	537	17	41	SPRITE_TEACHER	nonbattle	SPRITE_TEACHER	NationalParkTeacher2Script	assets/characters/npcs/teacher-gen2-kasc-hd-4x3-walk-sheet-v1.png	covered
gen2	NationalPark	539	27	23	SPRITE_YOUNGSTER	battle	TrainerSchoolboy	TrainerSchoolboyJack1	assets/characters/npcs/school-kid-male-gen2-kasc-hd-4x3-walk-sheet-v1.png	covered
gen2	NationalPark	540	18	29	SPRITE_POKEFAN_F	battle	TrainerPokefanf	TrainerPokefanfBeverly1	assets/characters/npcs/pokefan-female-gen2-kasc-hd-4x3-walk-sheet-v1.png	covered
gen2	NationalPark	541	16	9	SPRITE_POKEFAN_M	battle	TrainerPokefanm	TrainerPokefanmWilliam	assets/characters/npcs/pokefan-male-gen2-kasc-hd-4x3-walk-sheet-v1.png	covered
gen2	NationalPark	542	8	14	SPRITE_LASS	battle	TrainerLass	TrainerLassKrise	assets/characters/npcs/lass-kasc-hd-4x3-walk-sheet-v1.png	covered
gen2	NationalPark	544	26	6	SPRITE_GAMEBOY_KID	nonbattle	SPRITE_GAMEBOY_KID	NationalParkGameboyKidScript	assets/characters/npcs/game-boy-kid-kasc-hd-4x3-walk-sheet-v1.png	covered
gen2	NationalParkBugContest	239	19	29	SPRITE_YOUNGSTER	nonbattle	SPRITE_YOUNGSTER	BugCatchingContestant1AScript	assets/characters/npcs/youngster-kasc-hd-4x3-walk-sheet-v1.png	covered
gen2	NationalParkBugContest	240	28	22	SPRITE_YOUNGSTER	nonbattle	SPRITE_YOUNGSTER	BugCatchingContestant2AScript	assets/characters/npcs/youngster-kasc-hd-4x3-walk-sheet-v1.png	covered
gen2	NationalParkBugContest	241	9	18	SPRITE_ROCKER	nonbattle	SPRITE_ROCKER	BugCatchingContestant3AScript	assets/characters/npcs/rocker-kasc-hd-4x3-walk-sheet-v1.png	covered
gen2	NationalParkBugContest	242	7	13	SPRITE_POKEFAN_M	nonbattle	SPRITE_POKEFAN_M	BugCatchingContestant4AScript	assets/characters/npcs/pokefan-male-gen2-kasc-hd-4x3-walk-sheet-v1.png	covered
gen2	NationalParkBugContest	243	23	9	SPRITE_YOUNGSTER	nonbattle	SPRITE_YOUNGSTER	BugCatchingContestant5AScript	assets/characters/npcs/youngster-kasc-hd-4x3-walk-sheet-v1.png	covered
gen2	NationalParkBugContest	244	27	13	SPRITE_YOUNGSTER	nonbattle	SPRITE_YOUNGSTER	BugCatchingContestant6AScript	assets/characters/npcs/youngster-kasc-hd-4x3-walk-sheet-v1.png	covered
gen2	NationalParkBugContest	245	7	23	SPRITE_LASS	nonbattle	SPRITE_LASS	BugCatchingContestant7AScript	assets/characters/npcs/lass-kasc-hd-4x3-walk-sheet-v1.png	covered
gen2	NationalParkBugContest	246	11	27	SPRITE_YOUNGSTER	nonbattle	SPRITE_YOUNGSTER	BugCatchingContestant8AScript	assets/characters/npcs/youngster-kasc-hd-4x3-walk-sheet-v1.png	covered
gen2	NationalParkBugContest	247	16	8	SPRITE_YOUNGSTER	nonbattle	SPRITE_YOUNGSTER	BugCatchingContestant9AScript	assets/characters/npcs/youngster-kasc-hd-4x3-walk-sheet-v1.png	covered
gen2	NationalParkBugContest	248	17	34	SPRITE_YOUNGSTER	nonbattle	SPRITE_YOUNGSTER	BugCatchingContestant10AScript	assets/characters/npcs/youngster-kasc-hd-4x3-walk-sheet-v1.png	covered
gen2	NewBarkTown	302	6	8	SPRITE_TEACHER	nonbattle	SPRITE_TEACHER	NewBarkTownTeacherScript	assets/characters/npcs/teacher-gen2-kasc-hd-4x3-walk-sheet-v1.png	covered
gen2	NewBarkTown	303	12	9	SPRITE_FISHER	nonbattle	SPRITE_FISHER	NewBarkTownFisherScript	assets/characters/npcs/fisher-kasc-hd-4x3-walk-sheet-v1.png	covered
gen2	NewBarkTown	304	3	2	SPRITE_RIVAL	nonbattle	SPRITE_RIVAL	NewBarkTownRivalScript	assets/characters/npcs/silver-kasc-hd-4x3-walk-sheet-v1.png	covered
gen2	OaksLab	285	4	2	SPRITE_OAK	nonbattle	SPRITE_OAK	Oak	assets/characters/npcs/professor-oak-kasc-hd-4x3-walk-sheet-v1.png	covered
gen2	OaksLab	286	1	8	SPRITE_SCIENTIST	nonbattle	SPRITE_SCIENTIST	OaksAssistant1Script	assets/characters/npcs/scientist-kasc-hd-4x3-walk-sheet-v1.png	covered
gen2	OaksLab	287	8	9	SPRITE_SCIENTIST	nonbattle	SPRITE_SCIENTIST	OaksAssistant2Script	assets/characters/npcs/scientist-kasc-hd-4x3-walk-sheet-v1.png	covered
gen2	OaksLab	288	1	4	SPRITE_SCIENTIST	nonbattle	SPRITE_SCIENTIST	OaksAssistant3Script	assets/characters/npcs/scientist-kasc-hd-4x3-walk-sheet-v1.png	covered
gen2	OlivineCafe	91	4	3	SPRITE_SAILOR	nonbattle	SPRITE_SAILOR	OlivineCafeStrengthSailorScript	assets/characters/npcs/sailor-kasc-hd-4x3-walk-sheet-v1.png	covered
gen2	OlivineCafe	92	7	3	SPRITE_FISHING_GURU	nonbattle	SPRITE_FISHING_GURU	OlivineCafeFishingGuruScript	assets/characters/npcs/fishing-guru-kasc-hd-4x3-walk-sheet-v1.png	covered
gen2	OlivineCafe	93	6	6	SPRITE_SAILOR	nonbattle	SPRITE_SAILOR	OlivineCafeSailorScript	assets/characters/npcs/sailor-kasc-hd-4x3-walk-sheet-v1.png	covered
gen2	OlivineCity	319	26	27	SPRITE_SAILOR	nonbattle	SPRITE_SAILOR	OlivineCitySailor1Script	assets/characters/npcs/sailor-kasc-hd-4x3-walk-sheet-v1.png	covered
gen2	OlivineCity	320	20	13	SPRITE_STANDING_YOUNGSTER	nonbattle	SPRITE_STANDING_YOUNGSTER	OlivineCityStandingYoungsterScript	assets/characters/npcs/youngster-kasc-hd-4x3-walk-sheet-v1.png	covered
gen2	OlivineCity	321	17	21	SPRITE_SAILOR	nonbattle	SPRITE_SAILOR	OlivineCitySailor2Script	assets/characters/npcs/sailor-kasc-hd-4x3-walk-sheet-v1.png	covered
gen2	OlivineCity	322	10	11	SPRITE_OLIVINE_RIVAL	nonbattle	SPRITE_OLIVINE_RIVAL	ObjectEvent	assets/characters/npcs/silver-kasc-hd-4x3-walk-sheet-v1.png	covered
gen2	OlivineGoodRodHouse	94	2	3	SPRITE_FISHING_GURU	nonbattle	SPRITE_FISHING_GURU	GoodRodGuru	assets/characters/npcs/fishing-guru-kasc-hd-4x3-walk-sheet-v1.png	covered
gen2	OlivineGym	212	5	3	SPRITE_JASMINE	nonbattle	SPRITE_JASMINE	OlivineGymJasmineScript	assets/characters/npcs/jasmine-kasc-hd-4x3-walk-sheet-v1.png	covered
gen2	OlivineGym	213	7	13	SPRITE_GYM_GUIDE	nonbattle	SPRITE_GYM_GUIDE	OlivineGymGuideScript	assets/characters/npcs/gym-guide-kasc-hd-4x3-walk-sheet-v1.png	covered
gen2	OlivineHouseBeta	54	2	3	SPRITE_TEACHER	nonbattle	SPRITE_TEACHER	OlivineHouseBetaTeacherScript	assets/characters/npcs/teacher-gen2-kasc-hd-4x3-walk-sheet-v1.png	covered
gen2	OlivineLighthouse1F	52	8	2	SPRITE_SAILOR	nonbattle	SPRITE_SAILOR	OlivineLighthouse1FSailorScript	assets/characters/npcs/sailor-kasc-hd-4x3-walk-sheet-v1.png	covered
gen2	OlivineLighthouse1F	53	16	9	SPRITE_POKEFAN_F	nonbattle	SPRITE_POKEFAN_F	OlivineLighthouse1FPokefanFScript	assets/characters/npcs/pokefan-female-gen2-kasc-hd-4x3-walk-sheet-v1.png	covered
gen2	OlivineLighthouse2F	220	9	3	SPRITE_SAILOR	battle	TrainerSailor	TrainerSailorHuey	assets/characters/npcs/sailor-kasc-hd-4x3-walk-sheet-v1.png	covered
gen2	OlivineLighthouse2F	221	17	8	SPRITE_GENTLEMAN	battle	TrainerGentleman	TrainerGentlemanAlfred	assets/characters/npcs/gentleman-kasc-hd-4x3-walk-sheet-v1.png	covered
gen2	OlivineLighthouse3F	132	9	2	SPRITE_SAILOR	battle	TrainerSailor	TrainerSailorTerrell	assets/characters/npcs/sailor-kasc-hd-4x3-walk-sheet-v1.png	covered
gen2	OlivineLighthouse3F	133	13	5	SPRITE_GENTLEMAN	battle	TrainerGentleman	TrainerGentlemanPreston	assets/characters/npcs/gentleman-kasc-hd-4x3-walk-sheet-v1.png	covered
gen2	OlivineLighthouse3F	134	3	9	SPRITE_YOUNGSTER	battle	TrainerBirdKeeper	TrainerBirdKeeperTheo	assets/characters/npcs/bird-keeper-kasc-hd-4x3-walk-sheet-v1.png	covered
gen2	OlivineLighthouse4F	102	7	14	SPRITE_SAILOR	battle	TrainerSailor	TrainerSailorKent	assets/characters/npcs/sailor-kasc-hd-4x3-walk-sheet-v1.png	covered
gen2	OlivineLighthouse4F	103	11	2	SPRITE_LASS	battle	TrainerLass	TrainerLassConnie	assets/characters/npcs/lass-kasc-hd-4x3-walk-sheet-v1.png	covered
gen2	OlivineLighthouse5F	109	8	11	SPRITE_SAILOR	battle	TrainerSailor	TrainerSailorErnest	assets/characters/npcs/sailor-kasc-hd-4x3-walk-sheet-v1.png	covered
gen2	OlivineLighthouse5F	110	8	3	SPRITE_YOUNGSTER	battle	TrainerBirdKeeper	TrainerBirdKeeperDenis	assets/characters/npcs/bird-keeper-kasc-hd-4x3-walk-sheet-v1.png	covered
gen2	OlivineLighthouse6F	271	8	8	SPRITE_JASMINE	nonbattle	SPRITE_JASMINE	OlivineLighthouseJasmine	assets/characters/npcs/jasmine-kasc-hd-4x3-walk-sheet-v1.png	covered
gen2	OlivineMart	58	1	3	SPRITE_CLERK	nonbattle	SPRITE_CLERK	OlivineMartClerkScript	assets/characters/npcs/clerk-kasc-hd-4x3-walk-sheet-v1.png	covered
gen2	OlivineMart	59	6	2	SPRITE_COOLTRAINER_F	nonbattle	SPRITE_COOLTRAINER_F	OlivineMartCooltrainerFScript	assets/characters/npcs/cooltrainer-female-kasc-hd-4x3-walk-sheet-v1.png	covered
gen2	OlivineMart	60	1	6	SPRITE_LASS	nonbattle	SPRITE_LASS	OlivineMartLassScript	assets/characters/npcs/lass-kasc-hd-4x3-walk-sheet-v1.png	covered
gen2	OlivinePokecenter1F	61	3	1	SPRITE_NURSE	nonbattle	SPRITE_NURSE	OlivinePokecenter1FNurseScript	assets/characters/npcs/nurse-kasc-hd-4x3-walk-sheet-v1.png	covered
gen2	OlivinePokecenter1F	62	8	4	SPRITE_FISHING_GURU	nonbattle	SPRITE_FISHING_GURU	OlivinePokecenter1FFishingGuruScript	assets/characters/npcs/fishing-guru-kasc-hd-4x3-walk-sheet-v1.png	covered
gen2	OlivinePokecenter1F	63	2	3	SPRITE_FISHER	nonbattle	SPRITE_FISHER	OlivinePokecenter1FFisherScript	assets/characters/npcs/fisher-kasc-hd-4x3-walk-sheet-v1.png	covered
gen2	OlivinePokecenter1F	64	7	1	SPRITE_TEACHER	nonbattle	SPRITE_TEACHER	OlivinePokecenter1FTeacherScript	assets/characters/npcs/teacher-gen2-kasc-hd-4x3-walk-sheet-v1.png	covered
gen2	OlivinePort	399	7	23	SPRITE_SAILOR	nonbattle	SPRITE_SAILOR	OlivinePortSailorAtGangwayScript	assets/characters/npcs/sailor-kasc-hd-4x3-walk-sheet-v1.png	covered
gen2	OlivinePort	400	7	15	SPRITE_SAILOR	nonbattle	SPRITE_SAILOR	OlivinePortSailorBeforeHOFScript	assets/characters/npcs/sailor-kasc-hd-4x3-walk-sheet-v1.png	covered
gen2	OlivinePort	401	6	15	SPRITE_SAILOR	nonbattle	SPRITE_SAILOR	OlivinePortSailorAfterHOFScript	assets/characters/npcs/sailor-kasc-hd-4x3-walk-sheet-v1.png	covered
gen2	OlivinePort	402	4	14	SPRITE_FISHING_GURU	nonbattle	SPRITE_FISHING_GURU	OlivinePortFishingGuru1Script	assets/characters/npcs/fishing-guru-kasc-hd-4x3-walk-sheet-v1.png	covered
gen2	OlivinePort	403	13	14	SPRITE_FISHING_GURU	nonbattle	SPRITE_FISHING_GURU	OlivinePortFishingGuru2Script	assets/characters/npcs/fishing-guru-kasc-hd-4x3-walk-sheet-v1.png	covered
gen2	OlivinePort	404	4	15	SPRITE_YOUNGSTER	nonbattle	SPRITE_YOUNGSTER	OlivinePortYoungsterScript	assets/characters/npcs/youngster-kasc-hd-4x3-walk-sheet-v1.png	covered
gen2	OlivinePort	405	11	15	SPRITE_COOLTRAINER_F	nonbattle	SPRITE_COOLTRAINER_F	OlivinePortCooltrainerFScript	assets/characters/npcs/cooltrainer-female-kasc-hd-4x3-walk-sheet-v1.png	covered
gen2	OlivinePortPassage	35	17	1	SPRITE_POKEFAN_M	nonbattle	SPRITE_POKEFAN_M	OlivinePortPassagePokefanMScript	assets/characters/npcs/pokefan-male-gen2-kasc-hd-4x3-walk-sheet-v1.png	covered
gen2	OlivinePunishmentSpeechHouse	54	1	2	SPRITE_POKEFAN_M	nonbattle	SPRITE_POKEFAN_M	OlivinePunishmentSpeechHouseDad	assets/characters/npcs/pokefan-male-gen2-kasc-hd-4x3-walk-sheet-v1.png	covered
gen2	OlivinePunishmentSpeechHouse	55	5	5	SPRITE_LASS	nonbattle	SPRITE_LASS	OlivinePunishmentSpeechHouseDaughter	assets/characters/npcs/lass-kasc-hd-4x3-walk-sheet-v1.png	covered
gen2	OlivineTimsHouse	34	2	3	SPRITE_FISHING_GURU	nonbattle	SPRITE_FISHING_GURU	Tim	assets/characters/npcs/fishing-guru-kasc-hd-4x3-walk-sheet-v1.png	covered
gen2	PalletTown	87	3	8	SPRITE_TEACHER	nonbattle	SPRITE_TEACHER	PalletTownTeacherScript	assets/characters/npcs/teacher-gen2-kasc-hd-4x3-walk-sheet-v1.png	covered
gen2	PalletTown	88	12	14	SPRITE_FISHER	nonbattle	SPRITE_FISHER	PalletTownFisherScript	assets/characters/npcs/fisher-kasc-hd-4x3-walk-sheet-v1.png	covered
gen2	PewterCity	175	19	11	SPRITE_COOLTRAINER_F	nonbattle	SPRITE_COOLTRAINER_F	PewterCityCooltrainerFScript	assets/characters/npcs/cooltrainer-female-kasc-hd-4x3-walk-sheet-v1.png	covered
gen2	PewterCity	176	14	29	SPRITE_BUG_CATCHER	nonbattle	SPRITE_BUG_CATCHER	PewterCityBugCatcherScript	assets/characters/npcs/bug-catcher-kasc-hd-4x3-walk-sheet-v1.png	covered
gen2	PewterCity	177	29	17	SPRITE_GRAMPS	nonbattle	SPRITE_GRAMPS	PewterCityGrampsScript	assets/characters/npcs/gramps-kasc-hd-4x3-walk-sheet-v1.png	covered
gen2	PewterGym	223	5	1	SPRITE_BROCK	nonbattle	SPRITE_BROCK	PewterGymBrockScript	assets/characters/npcs/brock-gen2-kasc-hd-4x3-walk-sheet-v1.png	covered
gen2	PewterGym	224	2	5	SPRITE_YOUNGSTER	battle	TrainerCamper	TrainerCamperJerry	assets/characters/npcs/camper-gen2-kasc-hd-4x3-walk-sheet-v1.png	covered
gen2	PewterGym	225	6	11	SPRITE_GYM_GUIDE	nonbattle	SPRITE_GYM_GUIDE	PewterGymGuideScript	assets/characters/npcs/gym-guide-kasc-hd-4x3-walk-sheet-v1.png	covered
gen2	PewterMart	58	1	3	SPRITE_CLERK	nonbattle	SPRITE_CLERK	PewterMartClerkScript	assets/characters/npcs/clerk-kasc-hd-4x3-walk-sheet-v1.png	covered
gen2	PewterMart	59	9	2	SPRITE_YOUNGSTER	nonbattle	SPRITE_YOUNGSTER	PewterMartYoungsterScript	assets/characters/npcs/youngster-kasc-hd-4x3-walk-sheet-v1.png	covered
gen2	PewterMart	60	6	6	SPRITE_SUPER_NERD	nonbattle	SPRITE_SUPER_NERD	PewterMartSuperNerdScript	assets/characters/npcs/super-nerd-kasc-hd-4x3-walk-sheet-v1.png	covered
gen2	PewterNidoranSpeechHouse	41	3	5	SPRITE_SUPER_NERD	nonbattle	SPRITE_SUPER_NERD	PewterNidoranSpeechHouseSuperNerdScript	assets/characters/npcs/super-nerd-kasc-hd-4x3-walk-sheet-v1.png	covered
gen2	PewterPokecenter1F	81	3	1	SPRITE_NURSE	nonbattle	SPRITE_NURSE	PewterPokecenter1FNurseScript	assets/characters/npcs/nurse-kasc-hd-4x3-walk-sheet-v1.png	covered
gen2	PewterPokecenter1F	82	8	6	SPRITE_TEACHER	nonbattle	SPRITE_TEACHER	PewterPokecenter1FTeacherScript	assets/characters/npcs/teacher-gen2-kasc-hd-4x3-walk-sheet-v1.png	covered
gen2	PewterPokecenter1F	84	2	3	SPRITE_BUG_CATCHER	nonbattle	SPRITE_BUG_CATCHER	PewterPokecenter1FBugCatcherScript	assets/characters/npcs/bug-catcher-kasc-hd-4x3-walk-sheet-v1.png	covered
gen2	PewterPokecenter1F	85	7	2	SPRITE_POKEFAN_M	nonbattle	SPRITE_POKEFAN_M	Chris	assets/characters/npcs/pokefan-male-gen2-kasc-hd-4x3-walk-sheet-v1.png	covered
gen2	PewterSnoozeSpeechHouse	35	5	3	SPRITE_GRAMPS	nonbattle	SPRITE_GRAMPS	PewterSnoozeSpeechHouseGrampsScript	assets/characters/npcs/gramps-kasc-hd-4x3-walk-sheet-v1.png	covered
gen2	PlayersHouse1F	405	7	4	SPRITE_MOM	nonbattle	SPRITE_MOM	MomScript	assets/characters/npcs/johto-mother-kasc-hd-4x3-walk-sheet-v1.png	covered
gen2	PlayersHouse1F	406	2	2	SPRITE_MOM	nonbattle	SPRITE_MOM	MomScript	assets/characters/npcs/johto-mother-kasc-hd-4x3-walk-sheet-v1.png	covered
gen2	PlayersHouse1F	407	7	4	SPRITE_MOM	nonbattle	SPRITE_MOM	MomScript	assets/characters/npcs/johto-mother-kasc-hd-4x3-walk-sheet-v1.png	covered
gen2	PlayersHouse1F	408	0	2	SPRITE_MOM	nonbattle	SPRITE_MOM	MomScript	assets/characters/npcs/johto-mother-kasc-hd-4x3-walk-sheet-v1.png	covered
gen2	PlayersHouse1F	409	4	4	SPRITE_POKEFAN_F	nonbattle	SPRITE_POKEFAN_F	NeighborScript	assets/characters/npcs/pokefan-female-gen2-kasc-hd-4x3-walk-sheet-v1.png	covered
gen2	PlayersNeighborsHouse	114	2	3	SPRITE_COOLTRAINER_F	nonbattle	SPRITE_COOLTRAINER_F	PlayersNeighborsDaughterScript	assets/characters/npcs/cooltrainer-female-kasc-hd-4x3-walk-sheet-v1.png	covered
gen2	PlayersNeighborsHouse	115	5	3	SPRITE_POKEFAN_F	nonbattle	SPRITE_POKEFAN_F	PlayersNeighborScript	assets/characters/npcs/pokefan-female-gen2-kasc-hd-4x3-walk-sheet-v1.png	covered
gen2	PokeSeersHouse	29	2	3	SPRITE_GRANNY	nonbattle	SPRITE_GRANNY	SeerScript	assets/characters/npcs/granny-kasc-hd-4x3-walk-sheet-v1.png	covered
gen2	Pokecenter2F	1039	5	2	SPRITE_LINK_RECEPTIONIST	nonbattle	SPRITE_LINK_RECEPTIONIST	LinkReceptionistScript_Trade	assets/characters/npcs/link-receptionist-kasc-hd-4x3-walk-sheet-v1.png	covered
gen2	Pokecenter2F	1040	9	2	SPRITE_LINK_RECEPTIONIST	nonbattle	SPRITE_LINK_RECEPTIONIST	LinkReceptionistScript_Battle	assets/characters/npcs/link-receptionist-kasc-hd-4x3-walk-sheet-v1.png	covered
gen2	Pokecenter2F	1041	13	3	SPRITE_LINK_RECEPTIONIST	nonbattle	SPRITE_LINK_RECEPTIONIST	LinkReceptionistScript_TimeCapsule	assets/characters/npcs/link-receptionist-kasc-hd-4x3-walk-sheet-v1.png	covered
gen2	Pokecenter2F	1042	1	1	SPRITE_OFFICER	nonbattle	SPRITE_OFFICER	Pokecenter2FOfficerScript	assets/characters/npcs/police-officer-gen2-kasc-hd-4x3-walk-sheet-v1.png	covered
gen2	PokecomCenterAdminOfficeMobile	278	4	28	SPRITE_SCIENTIST	nonbattle	SPRITE_SCIENTIST	PokecomCenterAdminOfficeMobileScientist1Script	assets/characters/npcs/scientist-kasc-hd-4x3-walk-sheet-v1.png	covered
gen2	PokecomCenterAdminOfficeMobile	279	7	27	SPRITE_SCIENTIST	nonbattle	SPRITE_SCIENTIST	PokecomCenterAdminOfficeMobileScientist2Script	assets/characters/npcs/scientist-kasc-hd-4x3-walk-sheet-v1.png	covered
gen2	PokecomCenterAdminOfficeMobile	280	7	29	SPRITE_SCIENTIST	nonbattle	SPRITE_SCIENTIST	PokecomCenterAdminOfficeMobileScientist3Script	assets/characters/npcs/scientist-kasc-hd-4x3-walk-sheet-v1.png	covered
gen2	PokemonFanClub	311	3	1	SPRITE_GENTLEMAN	nonbattle	SPRITE_GENTLEMAN	PokemonFanClubChairmanScript	assets/characters/npcs/gentleman-kasc-hd-4x3-walk-sheet-v1.png	covered
gen2	PokemonFanClub	312	4	1	SPRITE_RECEPTIONIST	nonbattle	SPRITE_RECEPTIONIST	PokemonFanClubReceptionistScript	assets/characters/npcs/receptionist-gen2-kasc-hd-4x3-walk-sheet-v1.png	covered
gen2	PokemonFanClub	313	2	3	SPRITE_FISHER	nonbattle	SPRITE_FISHER	PokemonFanClubClefairyGuyScript	assets/characters/npcs/fisher-kasc-hd-4x3-walk-sheet-v1.png	covered
gen2	PokemonFanClub	314	7	2	SPRITE_TEACHER	nonbattle	SPRITE_TEACHER	PokemonFanClubTeacherScript	assets/characters/npcs/teacher-gen2-kasc-hd-4x3-walk-sheet-v1.png	covered
gen2	PowerPlant	404	4	14	SPRITE_OFFICER	nonbattle	SPRITE_OFFICER	PowerPlantOfficerScript	assets/characters/npcs/police-officer-gen2-kasc-hd-4x3-walk-sheet-v1.png	covered
gen2	PowerPlant	405	2	9	SPRITE_GYM_GUIDE	nonbattle	SPRITE_GYM_GUIDE	PowerPlantGymGuide1Script	assets/characters/npcs/gym-guide-kasc-hd-4x3-walk-sheet-v1.png	covered
gen2	PowerPlant	406	6	11	SPRITE_GYM_GUIDE	nonbattle	SPRITE_GYM_GUIDE	PowerPlantGymGuide2Script	assets/characters/npcs/gym-guide-kasc-hd-4x3-walk-sheet-v1.png	covered
gen2	PowerPlant	407	9	3	SPRITE_OFFICER	nonbattle	SPRITE_OFFICER	PowerPlantOfficer2Script	assets/characters/npcs/police-officer-gen2-kasc-hd-4x3-walk-sheet-v1.png	covered
gen2	PowerPlant	408	7	2	SPRITE_GYM_GUIDE	nonbattle	SPRITE_GYM_GUIDE	PowerPlantGymGuide4Script	assets/characters/npcs/gym-guide-kasc-hd-4x3-walk-sheet-v1.png	covered
gen2	PowerPlant	409	14	10	SPRITE_FISHER	nonbattle	SPRITE_FISHER	PowerPlantManager	assets/characters/npcs/fisher-kasc-hd-4x3-walk-sheet-v1.png	covered
gen2	PowerPlant	410	5	5	SPRITE_GYM_GUIDE	nonbattle	SPRITE_GYM_GUIDE	Forest	assets/characters/npcs/gym-guide-kasc-hd-4x3-walk-sheet-v1.png	covered
gen2	RadioTower1F	488	5	6	SPRITE_RECEPTIONIST	nonbattle	SPRITE_RECEPTIONIST	RadioTower1FReceptionistScript	assets/characters/npcs/receptionist-gen2-kasc-hd-4x3-walk-sheet-v1.png	covered
gen2	RadioTower1F	489	16	4	SPRITE_LASS	nonbattle	SPRITE_LASS	RadioTower1FLassScript	assets/characters/npcs/lass-kasc-hd-4x3-walk-sheet-v1.png	covered
gen2	RadioTower1F	490	15	4	SPRITE_YOUNGSTER	nonbattle	SPRITE_YOUNGSTER	RadioTower1FYoungsterScript	assets/characters/npcs/youngster-kasc-hd-4x3-walk-sheet-v1.png	covered
gen2	RadioTower1F	491	14	1	SPRITE_ROCKET	battle	TrainerGruntM	TrainerGruntM3	assets/characters/npcs/team-rocket-male-kasc-hd-4x3-walk-sheet-v1.png	covered
gen2	RadioTower1F	492	8	6	SPRITE_GENTLEMAN	nonbattle	SPRITE_GENTLEMAN	RadioTower1FLuckyNumberManScript	assets/characters/npcs/gentleman-kasc-hd-4x3-walk-sheet-v1.png	covered
gen2	RadioTower1F	493	12	6	SPRITE_COOLTRAINER_F	nonbattle	SPRITE_COOLTRAINER_F	RadioTower1FRadioCardWomanScript	assets/characters/npcs/cooltrainer-female-kasc-hd-4x3-walk-sheet-v1.png	covered
gen2	RadioTower2F	731	6	6	SPRITE_SUPER_NERD	nonbattle	SPRITE_SUPER_NERD	RadioTower2FSuperNerdScript	assets/characters/npcs/super-nerd-kasc-hd-4x3-walk-sheet-v1.png	covered
gen2	RadioTower2F	732	17	2	SPRITE_TEACHER	nonbattle	SPRITE_TEACHER	RadioTower2FTeacherScript	assets/characters/npcs/teacher-gen2-kasc-hd-4x3-walk-sheet-v1.png	covered
gen2	RadioTower2F	733	1	4	SPRITE_ROCKET	battle	TrainerGruntM	TrainerGruntM4	assets/characters/npcs/team-rocket-male-kasc-hd-4x3-walk-sheet-v1.png	covered
gen2	RadioTower2F	734	8	4	SPRITE_ROCKET	battle	TrainerGruntM	TrainerGruntM5	assets/characters/npcs/team-rocket-male-kasc-hd-4x3-walk-sheet-v1.png	covered
gen2	RadioTower2F	735	4	1	SPRITE_ROCKET	battle	TrainerGruntM	TrainerGruntM6	assets/characters/npcs/team-rocket-male-kasc-hd-4x3-walk-sheet-v1.png	covered
gen2	RadioTower2F	736	10	5	SPRITE_ROCKET_GIRL	battle	TrainerGruntF	TrainerGruntF2	assets/characters/npcs/team-rocket-female-kasc-hd-4x3-walk-sheet-v1.png	covered
gen2	RadioTower2F	737	0	1	SPRITE_BLACK_BELT	nonbattle	SPRITE_BLACK_BELT	RadioTower2FBlackBelt1Script	assets/characters/npcs/blackbelt-kasc-hd-4x3-walk-sheet-v1.png	covered
gen2	RadioTower2F	738	1	1	SPRITE_BLACK_BELT	nonbattle	SPRITE_BLACK_BELT	RadioTower2FBlackBelt2Script	assets/characters/npcs/blackbelt-kasc-hd-4x3-walk-sheet-v1.png	covered
gen2	RadioTower2F	740	14	5	SPRITE_BEAUTY	nonbattle	SPRITE_BEAUTY	Buena	assets/characters/npcs/beauty-kasc-hd-4x3-walk-sheet-v1.png	covered
gen2	RadioTower2F	741	12	7	SPRITE_RECEPTIONIST	nonbattle	SPRITE_RECEPTIONIST	RadioTowerBuenaPrizeReceptionist	assets/characters/npcs/receptionist-gen2-kasc-hd-4x3-walk-sheet-v1.png	covered
gen2	RadioTower3F	345	7	4	SPRITE_SUPER_NERD	nonbattle	SPRITE_SUPER_NERD	RadioTower3FSuperNerdScript	assets/characters/npcs/super-nerd-kasc-hd-4x3-walk-sheet-v1.png	covered
gen2	RadioTower3F	346	3	4	SPRITE_GYM_GUIDE	nonbattle	SPRITE_GYM_GUIDE	RadioTower3FGymGuideScript	assets/characters/npcs/gym-guide-kasc-hd-4x3-walk-sheet-v1.png	covered
gen2	RadioTower3F	347	11	3	SPRITE_COOLTRAINER_F	nonbattle	SPRITE_COOLTRAINER_F	RadioTower3FCooltrainerFScript	assets/characters/npcs/cooltrainer-female-kasc-hd-4x3-walk-sheet-v1.png	covered
gen2	RadioTower3F	348	5	1	SPRITE_ROCKET	battle	TrainerGruntM	TrainerGruntM7	assets/characters/npcs/team-rocket-male-kasc-hd-4x3-walk-sheet-v1.png	covered
gen2	RadioTower3F	349	6	2	SPRITE_ROCKET	battle	TrainerGruntM	TrainerGruntM8	assets/characters/npcs/team-rocket-male-kasc-hd-4x3-walk-sheet-v1.png	covered
gen2	RadioTower3F	350	16	6	SPRITE_ROCKET	battle	TrainerGruntM	TrainerGruntM9	assets/characters/npcs/team-rocket-male-kasc-hd-4x3-walk-sheet-v1.png	covered
gen2	RadioTower3F	351	9	6	SPRITE_SCIENTIST	battle	TrainerScientist	TrainerScientistMarc	assets/characters/npcs/scientist-kasc-hd-4x3-walk-sheet-v1.png	covered
gen2	RadioTower4F	262	6	4	SPRITE_FISHER	nonbattle	SPRITE_FISHER	RadioTower4FFisherScript	assets/characters/npcs/fisher-kasc-hd-4x3-walk-sheet-v1.png	covered
gen2	RadioTower4F	263	14	6	SPRITE_TEACHER	nonbattle	SPRITE_TEACHER	RadioTower4FDJMaryScript	assets/characters/npcs/teacher-gen2-kasc-hd-4x3-walk-sheet-v1.png	covered
gen2	RadioTower4F	265	5	6	SPRITE_ROCKET	battle	TrainerGruntM	TrainerGruntM10	assets/characters/npcs/team-rocket-male-kasc-hd-4x3-walk-sheet-v1.png	covered
gen2	RadioTower4F	266	14	1	SPRITE_ROCKET	battle	TrainerExecutivem	TrainerExecutivem2	assets/characters/npcs/archer-kasc-hd-4x3-walk-sheet-v1.png	covered
gen2	RadioTower4F	267	12	4	SPRITE_ROCKET_GIRL	battle	TrainerGruntF	TrainerGruntF4	assets/characters/npcs/team-rocket-female-kasc-hd-4x3-walk-sheet-v1.png	covered
gen2	RadioTower4F	268	4	2	SPRITE_SCIENTIST	battle	TrainerScientist	TrainerScientistRich	assets/characters/npcs/scientist-kasc-hd-4x3-walk-sheet-v1.png	covered
gen2	RadioTower5F	440	3	6	SPRITE_GENTLEMAN	nonbattle	SPRITE_GENTLEMAN	Director	assets/characters/npcs/gentleman-kasc-hd-4x3-walk-sheet-v1.png	covered
gen2	RadioTower5F	441	13	5	SPRITE_ROCKET	nonbattle	SPRITE_ROCKET	ObjectEvent	assets/characters/npcs/team-rocket-male-kasc-hd-4x3-walk-sheet-v1.png	covered
gen2	RadioTower5F	442	17	2	SPRITE_ROCKET_GIRL	battle	TrainerExecutivef	TrainerExecutivef1	assets/characters/npcs/ariana-kasc-hd-4x3-walk-sheet-v1.png	covered
gen2	RadioTower5F	443	13	5	SPRITE_ROCKER	nonbattle	SPRITE_ROCKER	Ben	assets/characters/npcs/rocker-kasc-hd-4x3-walk-sheet-v1.png	covered
gen2	RedsHouse1F	91	5	3	SPRITE_REDS_MOM	nonbattle	SPRITE_REDS_MOM	RedsMom	assets/characters/npcs/reds-mother-kasc-hd-4x3-walk-sheet-v2.png	covered
gen2	Route1	92	4	12	SPRITE_YOUNGSTER	battle	TrainerSchoolboy	TrainerSchoolboyDanny	assets/characters/npcs/school-kid-male-gen2-kasc-hd-4x3-walk-sheet-v1.png	covered
gen2	Route1	93	9	25	SPRITE_COOLTRAINER_F	battle	TrainerCooltrainerf	TrainerCooltrainerfQuinn	assets/characters/npcs/ace-trainer-female-gen2-kasc-hd-4x3-walk-sheet-v1.png	covered
gen2	Route10Pokecenter1F	94	3	1	SPRITE_NURSE	nonbattle	SPRITE_NURSE	Route10Pokecenter1FNurseScript	assets/characters/npcs/nurse-kasc-hd-4x3-walk-sheet-v1.png	covered
gen2	Route10Pokecenter1F	95	7	6	SPRITE_GENTLEMAN	nonbattle	SPRITE_GENTLEMAN	Route10Pokecenter1FGentlemanScript	assets/characters/npcs/gentleman-kasc-hd-4x3-walk-sheet-v1.png	covered
gen2	Route10Pokecenter1F	96	7	2	SPRITE_GYM_GUIDE	nonbattle	SPRITE_GYM_GUIDE	Route10Pokecenter1FGymGuideScript	assets/characters/npcs/gym-guide-kasc-hd-4x3-walk-sheet-v1.png	covered
gen2	Route10Pokecenter1F	97	1	3	SPRITE_COOLTRAINER_F	nonbattle	SPRITE_COOLTRAINER_F	Route10Pokecenter1FCooltrainerFScript	assets/characters/npcs/cooltrainer-female-kasc-hd-4x3-walk-sheet-v1.png	covered
gen2	Route10South	88	17	3	SPRITE_POKEFAN_M	battle	TrainerHiker	TrainerHikerJim	assets/characters/npcs/hiker-kasc-hd-4x3-walk-sheet-v1.png	covered
gen2	Route10South	89	8	10	SPRITE_POKEFAN_M	battle	TrainerPokefanm	TrainerPokefanmRobert	assets/characters/npcs/pokefan-male-gen2-kasc-hd-4x3-walk-sheet-v1.png	covered
gen2	Route11	158	22	14	SPRITE_YOUNGSTER	battle	TrainerYoungster	TrainerYoungsterOwen	assets/characters/npcs/youngster-kasc-hd-4x3-walk-sheet-v1.png	covered
gen2	Route11	159	20	4	SPRITE_YOUNGSTER	battle	TrainerYoungster	TrainerYoungsterJason	assets/characters/npcs/youngster-kasc-hd-4x3-walk-sheet-v1.png	covered
gen2	Route11	160	28	7	SPRITE_YOUNGSTER	battle	TrainerPsychic	TrainerPsychicHerman	assets/characters/npcs/psychic-kasc-hd-4x3-walk-sheet-v1.png	covered
gen2	Route11	161	8	6	SPRITE_YOUNGSTER	battle	TrainerPsychic	TrainerPsychicFidel	assets/characters/npcs/psychic-kasc-hd-4x3-walk-sheet-v1.png	covered
gen2	Route12	181	5	13	SPRITE_FISHER	battle	TrainerFisher	TrainerFisherMartin	assets/characters/npcs/fisher-kasc-hd-4x3-walk-sheet-v1.png	covered
gen2	Route12	182	14	23	SPRITE_FISHER	battle	TrainerFisher	TrainerFisherStephen	assets/characters/npcs/fisher-kasc-hd-4x3-walk-sheet-v1.png	covered
gen2	Route12	183	10	38	SPRITE_FISHER	battle	TrainerFisher	TrainerFisherBarney	assets/characters/npcs/fisher-kasc-hd-4x3-walk-sheet-v1.png	covered
gen2	Route12	184	6	7	SPRITE_FISHER	battle	TrainerFisher	TrainerFisherKyle	assets/characters/npcs/fisher-kasc-hd-4x3-walk-sheet-v1.png	covered
gen2	Route12SuperRodHouse	91	5	3	SPRITE_FISHING_GURU	nonbattle	SPRITE_FISHING_GURU	Route12SuperRodHouseFishingGuruScript	assets/characters/npcs/fishing-guru-kasc-hd-4x3-walk-sheet-v1.png	covered
gen2	Route13	206	42	6	SPRITE_YOUNGSTER	battle	TrainerBirdKeeper	TrainerBirdKeeperPerry	assets/characters/npcs/bird-keeper-kasc-hd-4x3-walk-sheet-v1.png	covered
gen2	Route13	207	43	6	SPRITE_YOUNGSTER	battle	TrainerBirdKeeper	TrainerBirdKeeperBret	assets/characters/npcs/bird-keeper-kasc-hd-4x3-walk-sheet-v1.png	covered
gen2	Route13	208	32	8	SPRITE_POKEFAN_M	battle	TrainerPokefanm	TrainerPokefanmJoshua	assets/characters/npcs/pokefan-male-gen2-kasc-hd-4x3-walk-sheet-v1.png	covered
gen2	Route13	209	14	10	SPRITE_POKEFAN_M	battle	TrainerHiker	TrainerHikerKenny	assets/characters/npcs/hiker-kasc-hd-4x3-walk-sheet-v1.png	covered
gen2	Route13	210	25	6	SPRITE_POKEFAN_M	battle	TrainerPokefanm	TrainerPokefanmAlex	assets/characters/npcs/pokefan-male-gen2-kasc-hd-4x3-walk-sheet-v1.png	covered
gen2	Route14	126	11	15	SPRITE_POKEFAN_M	battle	TrainerPokefanm	TrainerPokefanmCarter	assets/characters/npcs/pokefan-male-gen2-kasc-hd-4x3-walk-sheet-v1.png	covered
gen2	Route14	127	11	27	SPRITE_YOUNGSTER	battle	TrainerBirdKeeper	TrainerBirdKeeperRoy	assets/characters/npcs/bird-keeper-kasc-hd-4x3-walk-sheet-v1.png	covered
gen2	Route14	128	6	11	SPRITE_POKEFAN_M	battle	TrainerPokefanm	TrainerPokefanmTrevor	assets/characters/npcs/pokefan-male-gen2-kasc-hd-4x3-walk-sheet-v1.png	covered
gen2	Route14	129	7	5	SPRITE_TEACHER	nonbattle	SPRITE_TEACHER	Kim	assets/characters/npcs/teacher-gen2-kasc-hd-4x3-walk-sheet-v1.png	covered
gen2	Route15	215	10	10	SPRITE_YOUNGSTER	battle	TrainerSchoolboy	TrainerSchoolboyKipp	assets/characters/npcs/school-kid-male-gen2-kasc-hd-4x3-walk-sheet-v1.png	covered
gen2	Route15	216	15	13	SPRITE_YOUNGSTER	battle	TrainerSchoolboy	TrainerSchoolboyTommy	assets/characters/npcs/school-kid-male-gen2-kasc-hd-4x3-walk-sheet-v1.png	covered
gen2	Route15	217	33	10	SPRITE_YOUNGSTER	battle	TrainerSchoolboy	TrainerSchoolboyJohnny	assets/characters/npcs/school-kid-male-gen2-kasc-hd-4x3-walk-sheet-v1.png	covered
gen2	Route15	218	27	10	SPRITE_YOUNGSTER	battle	TrainerSchoolboy	TrainerSchoolboyBilly	assets/characters/npcs/school-kid-male-gen2-kasc-hd-4x3-walk-sheet-v1.png	covered
gen2	Route15	219	30	12	SPRITE_TEACHER	battle	TrainerTeacher	TrainerTeacherColette	assets/characters/npcs/teacher-gen2-kasc-hd-4x3-walk-sheet-v1.png	covered
gen2	Route15	220	20	10	SPRITE_TEACHER	battle	TrainerTeacher	TrainerTeacherHillary	assets/characters/npcs/teacher-gen2-kasc-hd-4x3-walk-sheet-v1.png	covered
gen2	Route15FuchsiaGate	34	5	2	SPRITE_OFFICER	nonbattle	SPRITE_OFFICER	Route15FuchsiaGateOfficerScript	assets/characters/npcs/police-officer-gen2-kasc-hd-4x3-walk-sheet-v1.png	covered
gen2	Route16FuchsiaSpeechHouse	37	2	3	SPRITE_SUPER_NERD	nonbattle	SPRITE_SUPER_NERD	Route16FuchsiaSpeechHouseSuperNerdScript	assets/characters/npcs/super-nerd-kasc-hd-4x3-walk-sheet-v1.png	covered
gen2	Route16Gate	77	5	2	SPRITE_OFFICER	nonbattle	SPRITE_OFFICER	Route16GateOfficerScript	assets/characters/npcs/police-officer-gen2-kasc-hd-4x3-walk-sheet-v1.png	covered
gen2	Route17	147	4	17	SPRITE_BIKER	battle	TrainerBiker	TrainerBikerRiley	assets/characters/npcs/biker-kasc-hd-4x3-walk-sheet-v1.png	covered
gen2	Route17	148	9	68	SPRITE_BIKER	battle	TrainerBiker	TrainerBikerJoel	assets/characters/npcs/biker-kasc-hd-4x3-walk-sheet-v1.png	covered
gen2	Route17	149	3	53	SPRITE_BIKER	battle	TrainerBiker	TrainerBikerGlenn	assets/characters/npcs/biker-kasc-hd-4x3-walk-sheet-v1.png	covered
gen2	Route17	150	6	80	SPRITE_BIKER	battle	TrainerBiker	TrainerBikerCharles	assets/characters/npcs/biker-kasc-hd-4x3-walk-sheet-v1.png	covered
gen2	Route17Route18Gate	68	5	2	SPRITE_OFFICER	nonbattle	SPRITE_OFFICER	Route17Route18GateOfficerScript	assets/characters/npcs/police-officer-gen2-kasc-hd-4x3-walk-sheet-v1.png	covered
gen2	Route18	91	9	12	SPRITE_YOUNGSTER	battle	TrainerBirdKeeper	TrainerBirdKeeperBoris	assets/characters/npcs/bird-keeper-kasc-hd-4x3-walk-sheet-v1.png	covered
gen2	Route18	92	13	6	SPRITE_YOUNGSTER	battle	TrainerBirdKeeper	TrainerBirdKeeperBob	assets/characters/npcs/bird-keeper-kasc-hd-4x3-walk-sheet-v1.png	covered
gen2	Route19	248	9	23	SPRITE_SWIMMER_GIRL	battle	TrainerSwimmerf	TrainerSwimmerfDawn	assets/characters/npcs/swimmer-female-gen2-kasc-hd-4x3-walk-sheet-v1.png	covered
gen2	Route19	249	13	28	SPRITE_SWIMMER_GUY	battle	TrainerSwimmerm	TrainerSwimmermHarold	assets/characters/npcs/swimmer-kasc-hd-4x3-walk-sheet-v1.png	covered
gen2	Route19	250	11	17	SPRITE_SWIMMER_GUY	battle	TrainerSwimmerm	TrainerSwimmermJerome	assets/characters/npcs/swimmer-kasc-hd-4x3-walk-sheet-v1.png	covered
gen2	Route19	251	8	23	SPRITE_SWIMMER_GUY	battle	TrainerSwimmerm	TrainerSwimmermTucker	assets/characters/npcs/swimmer-kasc-hd-4x3-walk-sheet-v1.png	covered
gen2	Route19	252	9	5	SPRITE_FISHER	nonbattle	SPRITE_FISHER	Route19Fisher1Script	assets/characters/npcs/fisher-kasc-hd-4x3-walk-sheet-v1.png	covered
gen2	Route19	253	11	5	SPRITE_FISHER	nonbattle	SPRITE_FISHER	Route19Fisher2Script	assets/characters/npcs/fisher-kasc-hd-4x3-walk-sheet-v1.png	covered
gen2	Route19FuchsiaGate	60	0	4	SPRITE_OFFICER	nonbattle	SPRITE_OFFICER	Route19FuchsiaGateOfficerScript	assets/characters/npcs/police-officer-gen2-kasc-hd-4x3-walk-sheet-v1.png	covered
gen2	Route2	168	10	45	SPRITE_BUG_CATCHER	battle	TrainerBugCatcher	TrainerBugCatcherRob	assets/characters/npcs/bug-catcher-kasc-hd-4x3-walk-sheet-v1.png	covered
gen2	Route2	169	6	4	SPRITE_BUG_CATCHER	battle	TrainerBugCatcher	TrainerBugCatcherEd	assets/characters/npcs/bug-catcher-kasc-hd-4x3-walk-sheet-v1.png	covered
gen2	Route2	170	0	40	SPRITE_BUG_CATCHER	battle	TrainerBugCatcher	TrainerBugCatcherDoug	assets/characters/npcs/bug-catcher-kasc-hd-4x3-walk-sheet-v1.png	covered
gen2	Route20	125	52	8	SPRITE_SWIMMER_GIRL	battle	TrainerSwimmerf	TrainerSwimmerfNicole	assets/characters/npcs/swimmer-female-gen2-kasc-hd-4x3-walk-sheet-v1.png	covered
gen2	Route20	126	45	13	SPRITE_SWIMMER_GIRL	battle	TrainerSwimmerf	TrainerSwimmerfLori	assets/characters/npcs/swimmer-female-gen2-kasc-hd-4x3-walk-sheet-v1.png	covered
gen2	Route20	127	12	13	SPRITE_SWIMMER_GUY	battle	TrainerSwimmerm	TrainerSwimmermCameron	assets/characters/npcs/swimmer-kasc-hd-4x3-walk-sheet-v1.png	covered
gen2	Route21	100	11	16	SPRITE_SWIMMER_GIRL	battle	TrainerSwimmerf	TrainerSwimmerfNikki	assets/characters/npcs/swimmer-female-gen2-kasc-hd-4x3-walk-sheet-v1.png	covered
gen2	Route21	101	2	30	SPRITE_SWIMMER_GUY	battle	TrainerSwimmerm	TrainerSwimmermSeth	assets/characters/npcs/swimmer-kasc-hd-4x3-walk-sheet-v1.png	covered
gen2	Route21	102	14	22	SPRITE_FISHER	battle	TrainerFisher	TrainerFisherArnold	assets/characters/npcs/fisher-kasc-hd-4x3-walk-sheet-v1.png	covered
gen2	Route24	129	8	7	SPRITE_ROCKET	nonbattle	SPRITE_ROCKET	Route24RocketScript	assets/characters/npcs/team-rocket-male-kasc-hd-4x3-walk-sheet-v1.png	covered
gen2	Route25	445	46	9	SPRITE_MISTY	nonbattle	SPRITE_MISTY	ObjectEvent	assets/characters/npcs/misty-gen2-kasc-hd-4x3-walk-sheet-v1.png	covered
gen2	Route25	446	46	10	SPRITE_COOLTRAINER_M	nonbattle	SPRITE_COOLTRAINER_M	ObjectEvent	assets/characters/npcs/cooltrainer-male-kasc-hd-4x3-walk-sheet-v1.png	covered
gen2	Route25	447	12	8	SPRITE_YOUNGSTER	battle	TrainerSchoolboy	TrainerSchoolboyDudley	assets/characters/npcs/school-kid-male-gen2-kasc-hd-4x3-walk-sheet-v1.png	covered
gen2	Route25	448	16	11	SPRITE_LASS	battle	TrainerLass	TrainerLassEllen	assets/characters/npcs/lass-kasc-hd-4x3-walk-sheet-v1.png	covered
gen2	Route25	449	21	8	SPRITE_YOUNGSTER	battle	TrainerSchoolboy	TrainerSchoolboyJoe	assets/characters/npcs/school-kid-male-gen2-kasc-hd-4x3-walk-sheet-v1.png	covered
gen2	Route25	450	22	6	SPRITE_LASS	battle	TrainerLass	TrainerLassLaura	assets/characters/npcs/lass-kasc-hd-4x3-walk-sheet-v1.png	covered
gen2	Route25	451	25	4	SPRITE_YOUNGSTER	battle	TrainerCamper	TrainerCamperLloyd	assets/characters/npcs/camper-gen2-kasc-hd-4x3-walk-sheet-v1.png	covered
gen2	Route25	452	28	11	SPRITE_LASS	battle	TrainerLass	TrainerLassShannon	assets/characters/npcs/lass-kasc-hd-4x3-walk-sheet-v1.png	covered
gen2	Route25	453	31	7	SPRITE_SUPER_NERD	battle	TrainerSupernerd	TrainerSupernerdPat	assets/characters/npcs/super-nerd-kasc-hd-4x3-walk-sheet-v1.png	covered
gen2	Route25	454	37	8	SPRITE_COOLTRAINER_M	nonbattle	TrainerCooltrainerm	TrainerCooltrainermKevin	assets/characters/npcs/ace-trainer-male-gen2-kasc-hd-4x3-walk-sheet-v1.png	covered
gen2	Route26	427	14	24	SPRITE_COOLTRAINER_M	battle	TrainerCooltrainerm	TrainerCooltrainermJake	assets/characters/npcs/ace-trainer-male-gen2-kasc-hd-4x3-walk-sheet-v1.png	covered
gen2	Route26	428	9	38	SPRITE_COOLTRAINER_M	battle	TrainerCooltrainerm	TrainerCooltrainermGaven3	assets/characters/npcs/ace-trainer-male-gen2-kasc-hd-4x3-walk-sheet-v1.png	covered
gen2	Route26	429	10	56	SPRITE_COOLTRAINER_F	battle	TrainerCooltrainerf	TrainerCooltrainerfJoyce	assets/characters/npcs/ace-trainer-female-gen2-kasc-hd-4x3-walk-sheet-v1.png	covered
gen2	Route26	430	5	8	SPRITE_COOLTRAINER_F	battle	TrainerCooltrainerf	TrainerCooltrainerfBeth1	assets/characters/npcs/ace-trainer-female-gen2-kasc-hd-4x3-walk-sheet-v1.png	covered
gen2	Route26	431	13	79	SPRITE_YOUNGSTER	battle	TrainerPsychic	TrainerPsychicRichard	assets/characters/npcs/psychic-kasc-hd-4x3-walk-sheet-v1.png	covered
gen2	Route26	432	10	92	SPRITE_FISHER	battle	TrainerFisher	TrainerFisherScott	assets/characters/npcs/fisher-kasc-hd-4x3-walk-sheet-v1.png	covered
gen2	Route26HealHouse	63	2	3	SPRITE_TEACHER	nonbattle	SPRITE_TEACHER	Route26HealHouseTeacherScript	assets/characters/npcs/teacher-gen2-kasc-hd-4x3-walk-sheet-v1.png	covered
gen2	Route27	484	48	7	SPRITE_COOLTRAINER_M	battle	TrainerCooltrainerm	TrainerCooltrainermBlake	assets/characters/npcs/ace-trainer-male-gen2-kasc-hd-4x3-walk-sheet-v1.png	covered
gen2	Route27	485	58	6	SPRITE_COOLTRAINER_M	battle	TrainerCooltrainerm	TrainerCooltrainermBrian	assets/characters/npcs/ace-trainer-male-gen2-kasc-hd-4x3-walk-sheet-v1.png	covered
gen2	Route27	486	72	10	SPRITE_COOLTRAINER_F	battle	TrainerCooltrainerf	TrainerCooltrainerfReena	assets/characters/npcs/ace-trainer-female-gen2-kasc-hd-4x3-walk-sheet-v1.png	covered
gen2	Route27	487	37	6	SPRITE_COOLTRAINER_F	battle	TrainerCooltrainerf	TrainerCooltrainerfMegan	assets/characters/npcs/ace-trainer-female-gen2-kasc-hd-4x3-walk-sheet-v1.png	covered
gen2	Route27	488	65	7	SPRITE_YOUNGSTER	battle	TrainerPsychic	TrainerPsychicGilbert	assets/characters/npcs/psychic-kasc-hd-4x3-walk-sheet-v1.png	covered
gen2	Route27	489	58	13	SPRITE_YOUNGSTER	battle	TrainerBirdKeeper	TrainerBirdKeeperJose2	assets/characters/npcs/bird-keeper-kasc-hd-4x3-walk-sheet-v1.png	covered
gen2	Route27	492	21	10	SPRITE_FISHER	nonbattle	SPRITE_FISHER	Route27FisherScript	assets/characters/npcs/fisher-kasc-hd-4x3-walk-sheet-v1.png	covered
gen2	Route27SandstormHouse	108	2	4	SPRITE_GRANNY	nonbattle	SPRITE_GRANNY	SandstormHouseWoman	assets/characters/npcs/granny-kasc-hd-4x3-walk-sheet-v1.png	covered
gen2	Route28SteelWingHouse	85	2	3	SPRITE_COOLTRAINER_F	nonbattle	SPRITE_COOLTRAINER_F	Celebrity	assets/characters/npcs/cooltrainer-female-kasc-hd-4x3-walk-sheet-v1.png	covered
gen2	Route29	430	50	12	SPRITE_COOLTRAINER_M	nonbattle	SPRITE_COOLTRAINER_M	CatchingTutorialDudeScript	assets/characters/npcs/cooltrainer-male-kasc-hd-4x3-walk-sheet-v1.png	covered
gen2	Route29	431	27	16	SPRITE_YOUNGSTER	nonbattle	SPRITE_YOUNGSTER	Route29YoungsterScript	assets/characters/npcs/youngster-kasc-hd-4x3-walk-sheet-v1.png	covered
gen2	Route29	432	15	11	SPRITE_TEACHER	nonbattle	SPRITE_TEACHER	Route29TeacherScript	assets/characters/npcs/teacher-gen2-kasc-hd-4x3-walk-sheet-v1.png	covered
gen2	Route29	434	25	3	SPRITE_FISHER	nonbattle	SPRITE_FISHER	Route29FisherScript	assets/characters/npcs/fisher-kasc-hd-4x3-walk-sheet-v1.png	covered
gen2	Route29	435	13	4	SPRITE_COOLTRAINER_M	nonbattle	SPRITE_COOLTRAINER_M	Route29CooltrainerMScript	assets/characters/npcs/cooltrainer-male-kasc-hd-4x3-walk-sheet-v1.png	covered
gen2	Route29	436	29	12	SPRITE_TEACHER	nonbattle	SPRITE_TEACHER	TuscanyScript	assets/characters/npcs/teacher-gen2-kasc-hd-4x3-walk-sheet-v1.png	covered
gen2	Route29Route46Gate	51	0	4	SPRITE_OFFICER	nonbattle	SPRITE_OFFICER	Route29Route46GateOfficerScript	assets/characters/npcs/police-officer-gen2-kasc-hd-4x3-walk-sheet-v1.png	covered
gen2	Route29Route46Gate	52	6	4	SPRITE_YOUNGSTER	nonbattle	SPRITE_YOUNGSTER	Route29Route46GateYoungsterScript	assets/characters/npcs/youngster-kasc-hd-4x3-walk-sheet-v1.png	covered
gen2	Route2Gate	40	6	4	SPRITE_SCIENTIST	nonbattle	SPRITE_SCIENTIST	Route2GateScientistScript	assets/characters/npcs/scientist-kasc-hd-4x3-walk-sheet-v1.png	covered
gen2	Route2NuggetHouse	64	2	4	SPRITE_FISHER	nonbattle	SPRITE_FISHER	Route2NuggetHouseFisherScript	assets/characters/npcs/fisher-kasc-hd-4x3-walk-sheet-v1.png	covered
gen2	Route3	145	26	12	SPRITE_FISHER	battle	TrainerFirebreather	TrainerFirebreatherOtis	assets/characters/npcs/firebreather-gen2-kasc-hd-4x3-walk-sheet-v1.png	covered
gen2	Route3	146	10	7	SPRITE_YOUNGSTER	battle	TrainerYoungster	TrainerYoungsterWarren	assets/characters/npcs/youngster-kasc-hd-4x3-walk-sheet-v1.png	covered
gen2	Route3	147	16	3	SPRITE_YOUNGSTER	battle	TrainerYoungster	TrainerYoungsterJimmy	assets/characters/npcs/youngster-kasc-hd-4x3-walk-sheet-v1.png	covered
gen2	Route3	148	49	5	SPRITE_FISHER	battle	TrainerFirebreather	TrainerFirebreatherBurt	assets/characters/npcs/firebreather-gen2-kasc-hd-4x3-walk-sheet-v1.png	covered
gen2	Route30	424	5	26	SPRITE_YOUNGSTER	nonbattle	SPRITE_YOUNGSTER	YoungsterJoey_ImportantBattleScript	assets/characters/npcs/youngster-kasc-hd-4x3-walk-sheet-v1.png	covered
gen2	Route30	425	2	28	SPRITE_YOUNGSTER	battle	TrainerYoungster	TrainerYoungsterJoey	assets/characters/npcs/youngster-kasc-hd-4x3-walk-sheet-v1.png	covered
gen2	Route30	426	5	23	SPRITE_YOUNGSTER	battle	TrainerYoungster	TrainerYoungsterMikey	assets/characters/npcs/youngster-kasc-hd-4x3-walk-sheet-v1.png	covered
gen2	Route30	427	1	7	SPRITE_BUG_CATCHER	battle	TrainerBugCatcher	TrainerBugCatcherDon	assets/characters/npcs/bug-catcher-kasc-hd-4x3-walk-sheet-v1.png	covered
gen2	Route30	428	7	30	SPRITE_YOUNGSTER	nonbattle	SPRITE_YOUNGSTER	Route30YoungsterScript	assets/characters/npcs/youngster-kasc-hd-4x3-walk-sheet-v1.png	covered
gen2	Route30	433	2	13	SPRITE_COOLTRAINER_F	nonbattle	SPRITE_COOLTRAINER_F	Route30CooltrainerFScript	assets/characters/npcs/cooltrainer-female-kasc-hd-4x3-walk-sheet-v1.png	covered
gen2	Route30BerryHouse	61	2	3	SPRITE_POKEFAN_M	nonbattle	SPRITE_POKEFAN_M	Route30BerryHousePokefanMScript	assets/characters/npcs/pokefan-male-gen2-kasc-hd-4x3-walk-sheet-v1.png	covered
gen2	Route31	433	17	7	SPRITE_FISHER	nonbattle	SPRITE_FISHER	Route31MailRecipientScript	assets/characters/npcs/fisher-kasc-hd-4x3-walk-sheet-v1.png	covered
gen2	Route31	434	9	5	SPRITE_YOUNGSTER	nonbattle	SPRITE_YOUNGSTER	Route31YoungsterScript	assets/characters/npcs/youngster-kasc-hd-4x3-walk-sheet-v1.png	covered
gen2	Route31	435	21	13	SPRITE_BUG_CATCHER	battle	TrainerBugCatcher	TrainerBugCatcherWade1	assets/characters/npcs/bug-catcher-kasc-hd-4x3-walk-sheet-v1.png	covered
gen2	Route31	436	33	8	SPRITE_COOLTRAINER_M	nonbattle	SPRITE_COOLTRAINER_M	Route31CooltrainerMScript	assets/characters/npcs/cooltrainer-male-kasc-hd-4x3-walk-sheet-v1.png	covered
gen2	Route31VioletGate	42	5	2	SPRITE_OFFICER	nonbattle	SPRITE_OFFICER	Route31VioletGateOfficerScript	assets/characters/npcs/police-officer-gen2-kasc-hd-4x3-walk-sheet-v1.png	covered
gen2	Route31VioletGate	43	1	2	SPRITE_COOLTRAINER_F	nonbattle	SPRITE_COOLTRAINER_F	Route31VioletGateCooltrainerFScript	assets/characters/npcs/cooltrainer-female-kasc-hd-4x3-walk-sheet-v1.png	covered
gen2	Route32	945	8	49	SPRITE_FISHER	battle	TrainerFisher	TrainerFisherJustin	assets/characters/npcs/fisher-kasc-hd-4x3-walk-sheet-v1.png	covered
gen2	Route32	946	12	56	SPRITE_FISHER	battle	TrainerFisher	TrainerFisherRalph1	assets/characters/npcs/fisher-kasc-hd-4x3-walk-sheet-v1.png	covered
gen2	Route32	947	6	48	SPRITE_FISHER	battle	TrainerFisher	TrainerFisherHenry	assets/characters/npcs/fisher-kasc-hd-4x3-walk-sheet-v1.png	covered
gen2	Route32	948	12	22	SPRITE_YOUNGSTER	battle	TrainerYoungster	TrainerYoungsterAlbert	assets/characters/npcs/youngster-kasc-hd-4x3-walk-sheet-v1.png	covered
gen2	Route32	949	4	63	SPRITE_YOUNGSTER	battle	TrainerYoungster	TrainerYoungsterGordon	assets/characters/npcs/youngster-kasc-hd-4x3-walk-sheet-v1.png	covered
gen2	Route32	950	3	45	SPRITE_YOUNGSTER	battle	TrainerCamper	TrainerCamperRoland	assets/characters/npcs/camper-gen2-kasc-hd-4x3-walk-sheet-v1.png	covered
gen2	Route32	951	10	30	SPRITE_LASS	battle	TrainerPicnicker	TrainerPicnickerLiz1	assets/characters/npcs/picnicker-gen2-kasc-hd-4x3-walk-sheet-v1.png	covered
gen2	Route32	952	19	8	SPRITE_COOLTRAINER_M	nonbattle	SPRITE_COOLTRAINER_M	Route32CooltrainerMScript	assets/characters/npcs/cooltrainer-male-kasc-hd-4x3-walk-sheet-v1.png	covered
gen2	Route32	953	11	82	SPRITE_YOUNGSTER	battle	TrainerBirdKeeper	TrainerBirdKeeperPeter	assets/characters/npcs/bird-keeper-kasc-hd-4x3-walk-sheet-v1.png	covered
gen2	Route32	954	7	70	SPRITE_FISHER	nonbattle	SPRITE_FISHER	SlowpokeTailSalesmanScript	assets/characters/npcs/fisher-kasc-hd-4x3-walk-sheet-v1.png	covered
gen2	Route32	956	15	13	SPRITE_FISHER	nonbattle	SPRITE_FISHER	Route32RoarTMGuyScript	assets/characters/npcs/fisher-kasc-hd-4x3-walk-sheet-v1.png	covered
gen2	Route32	957	12	67	SPRITE_LASS	nonbattle	SPRITE_LASS	FriedaScript	assets/characters/npcs/lass-kasc-hd-4x3-walk-sheet-v1.png	covered
gen2	Route32Pokecenter1F	108	3	1	SPRITE_NURSE	nonbattle	SPRITE_NURSE	Route32Pokecenter1FNurseScript	assets/characters/npcs/nurse-kasc-hd-4x3-walk-sheet-v1.png	covered
gen2	Route32Pokecenter1F	109	1	4	SPRITE_FISHING_GURU	nonbattle	SPRITE_FISHING_GURU	Route32Pokecenter1FFishingGuruScript	assets/characters/npcs/fishing-guru-kasc-hd-4x3-walk-sheet-v1.png	covered
gen2	Route32Pokecenter1F	110	6	2	SPRITE_COOLTRAINER_F	nonbattle	SPRITE_COOLTRAINER_F	Route32Pokecenter1FCooltrainerFScript	assets/characters/npcs/cooltrainer-female-kasc-hd-4x3-walk-sheet-v1.png	covered
gen2	Route32RuinsOfAlphGate	61	5	2	SPRITE_OFFICER	nonbattle	SPRITE_OFFICER	Route32RuinsOfAlphGateOfficerScript	assets/characters/npcs/police-officer-gen2-kasc-hd-4x3-walk-sheet-v1.png	covered
gen2	Route32RuinsOfAlphGate	62	8	2	SPRITE_POKEFAN_M	nonbattle	SPRITE_POKEFAN_M	Route32RuinsOfAlphGatePokefanMScript	assets/characters/npcs/pokefan-male-gen2-kasc-hd-4x3-walk-sheet-v1.png	covered
gen2	Route32RuinsOfAlphGate	63	1	6	SPRITE_YOUNGSTER	nonbattle	SPRITE_YOUNGSTER	Route32RuinsOfAlphGateYoungsterScript	assets/characters/npcs/youngster-kasc-hd-4x3-walk-sheet-v1.png	covered
gen2	Route33	207	6	13	SPRITE_POKEFAN_M	battle	TrainerHiker	TrainerHikerAnthony	assets/characters/npcs/hiker-kasc-hd-4x3-walk-sheet-v1.png	covered
gen2	Route33	208	13	16	SPRITE_LASS	nonbattle	SPRITE_LASS	Route33LassScript	assets/characters/npcs/lass-kasc-hd-4x3-walk-sheet-v1.png	covered
gen2	Route34	781	13	7	SPRITE_YOUNGSTER	battle	TrainerCamper	TrainerCamperTodd1	assets/characters/npcs/camper-gen2-kasc-hd-4x3-walk-sheet-v1.png	covered
gen2	Route34	782	15	32	SPRITE_YOUNGSTER	battle	TrainerYoungster	TrainerYoungsterSamuel	assets/characters/npcs/youngster-kasc-hd-4x3-walk-sheet-v1.png	covered
gen2	Route34	783	11	20	SPRITE_YOUNGSTER	battle	TrainerYoungster	TrainerYoungsterIan	assets/characters/npcs/youngster-kasc-hd-4x3-walk-sheet-v1.png	covered
gen2	Route34	784	10	26	SPRITE_LASS	battle	TrainerPicnicker	TrainerPicnickerGina1	assets/characters/npcs/picnicker-gen2-kasc-hd-4x3-walk-sheet-v1.png	covered
gen2	Route34	785	9	11	SPRITE_OFFICER	nonbattle	SPRITE_OFFICER	OfficerKeithScript	assets/characters/npcs/police-officer-gen2-kasc-hd-4x3-walk-sheet-v1.png	covered
gen2	Route34	786	18	28	SPRITE_POKEFAN_M	battle	TrainerPokefanm	TrainerPokefanmBrandon	assets/characters/npcs/pokefan-male-gen2-kasc-hd-4x3-walk-sheet-v1.png	covered
gen2	Route34	787	15	16	SPRITE_GRAMPS	nonbattle	SPRITE_GRAMPS	DayCareManScript_Outside	assets/characters/npcs/gramps-kasc-hd-4x3-walk-sheet-v1.png	covered
gen2	Route34	790	11	48	SPRITE_COOLTRAINER_F	battle	TrainerCooltrainerf	TrainerCooltrainerfIrene	assets/characters/npcs/ace-trainer-female-gen2-kasc-hd-4x3-walk-sheet-v1.png	covered
gen2	Route34	791	3	48	SPRITE_COOLTRAINER_F	battle	TrainerCooltrainerf	TrainerCooltrainerfJenn	assets/characters/npcs/ace-trainer-female-gen2-kasc-hd-4x3-walk-sheet-v1.png	covered
gen2	Route34	792	6	51	SPRITE_COOLTRAINER_F	battle	TrainerCooltrainerf	TrainerCooltrainerfKate	assets/characters/npcs/ace-trainer-female-gen2-kasc-hd-4x3-walk-sheet-v1.png	covered
gen2	Route34IlexForestGate	152	9	3	SPRITE_TEACHER	nonbattle	SPRITE_TEACHER	Route34IlexForestGateTeacherScript	assets/characters/npcs/teacher-gen2-kasc-hd-4x3-walk-sheet-v1.png	covered
gen2	Route34IlexForestGate	154	3	4	SPRITE_LASS	nonbattle	SPRITE_LASS	Route34IlexForestGateLassScript	assets/characters/npcs/lass-kasc-hd-4x3-walk-sheet-v1.png	covered
gen2	Route34IlexForestGate	155	5	7	SPRITE_TEACHER	nonbattle	SPRITE_TEACHER	Route34IlexForestGateTeacherScript	assets/characters/npcs/teacher-gen2-kasc-hd-4x3-walk-sheet-v1.png	covered
gen2	Route35	478	4	19	SPRITE_YOUNGSTER	battle	TrainerCamper	TrainerCamperIvan	assets/characters/npcs/camper-gen2-kasc-hd-4x3-walk-sheet-v1.png	covered
gen2	Route35	479	8	20	SPRITE_YOUNGSTER	battle	TrainerCamper	TrainerCamperElliot	assets/characters/npcs/camper-gen2-kasc-hd-4x3-walk-sheet-v1.png	covered
gen2	Route35	480	7	20	SPRITE_LASS	battle	TrainerPicnicker	TrainerPicnickerBrooke	assets/characters/npcs/picnicker-gen2-kasc-hd-4x3-walk-sheet-v1.png	covered
gen2	Route35	481	10	26	SPRITE_LASS	battle	TrainerPicnicker	TrainerPicnickerKim	assets/characters/npcs/picnicker-gen2-kasc-hd-4x3-walk-sheet-v1.png	covered
gen2	Route35	482	14	28	SPRITE_YOUNGSTER	battle	TrainerBirdKeeper	TrainerBirdKeeperBryan	assets/characters/npcs/bird-keeper-kasc-hd-4x3-walk-sheet-v1.png	covered
gen2	Route35	483	2	10	SPRITE_FISHER	battle	TrainerFirebreather	TrainerFirebreatherWalt	assets/characters/npcs/firebreather-gen2-kasc-hd-4x3-walk-sheet-v1.png	covered
gen2	Route35	484	16	7	SPRITE_BUG_CATCHER	battle	TrainerBugCatcher	TrainerBugCatcherArnie	assets/characters/npcs/bug-catcher-kasc-hd-4x3-walk-sheet-v1.png	covered
gen2	Route35	485	5	10	SPRITE_SUPER_NERD	battle	TrainerJuggler	TrainerJugglerIrwin	assets/characters/npcs/juggler-kasc-hd-4x3-walk-sheet-v1.png	covered
gen2	Route35	486	5	6	SPRITE_OFFICER	nonbattle	SPRITE_OFFICER	TrainerOfficerDirk	assets/characters/npcs/police-officer-gen2-kasc-hd-4x3-walk-sheet-v1.png	covered
gen2	Route35GoldenrodGate	212	0	4	SPRITE_OFFICER	nonbattle	SPRITE_OFFICER	RandyScript	assets/characters/npcs/police-officer-gen2-kasc-hd-4x3-walk-sheet-v1.png	covered
gen2	Route35GoldenrodGate	213	6	4	SPRITE_POKEFAN_F	nonbattle	SPRITE_POKEFAN_F	Route35GoldenrodGatePokefanFScript	assets/characters/npcs/pokefan-female-gen2-kasc-hd-4x3-walk-sheet-v1.png	covered
gen2	Route35GoldenrodGate	214	3	2	SPRITE_FISHER	nonbattle	SPRITE_FISHER	Route35GoldenrodGateFisherScript	assets/characters/npcs/fisher-kasc-hd-4x3-walk-sheet-v1.png	covered
gen2	Route35NationalParkGate	453	2	1	SPRITE_OFFICER	nonbattle	SPRITE_OFFICER	Route35OfficerScriptContest	assets/characters/npcs/police-officer-gen2-kasc-hd-4x3-walk-sheet-v1.png	covered
gen2	Route35NationalParkGate	454	6	5	SPRITE_YOUNGSTER	nonbattle	SPRITE_YOUNGSTER	Route35NationalParkGateYoungsterScript	assets/characters/npcs/youngster-kasc-hd-4x3-walk-sheet-v1.png	covered
gen2	Route35NationalParkGate	455	0	3	SPRITE_OFFICER	nonbattle	SPRITE_OFFICER	Route35NationalParkGateOfficerScript	assets/characters/npcs/police-officer-gen2-kasc-hd-4x3-walk-sheet-v1.png	covered
gen2	Route36	680	20	13	SPRITE_YOUNGSTER	battle	TrainerPsychic	TrainerPsychicMark	assets/characters/npcs/psychic-kasc-hd-4x3-walk-sheet-v1.png	covered
gen2	Route36	681	31	14	SPRITE_YOUNGSTER	battle	TrainerSchoolboy	TrainerSchoolboyAlan1	assets/characters/npcs/school-kid-male-gen2-kasc-hd-4x3-walk-sheet-v1.png	covered
gen2	Route36	683	51	8	SPRITE_LASS	nonbattle	SPRITE_LASS	Route36LassScript	assets/characters/npcs/lass-kasc-hd-4x3-walk-sheet-v1.png	covered
gen2	Route36	684	44	9	SPRITE_FISHER	nonbattle	SPRITE_FISHER	Route36RockSmashGuyScript	assets/characters/npcs/fisher-kasc-hd-4x3-walk-sheet-v1.png	covered
gen2	Route36	686	46	6	SPRITE_YOUNGSTER	nonbattle	SPRITE_YOUNGSTER	ArthurScript	assets/characters/npcs/youngster-kasc-hd-4x3-walk-sheet-v1.png	covered
gen2	Route36	687	33	12	SPRITE_LASS	nonbattle	SPRITE_LASS	Route36FloriaScript	assets/characters/npcs/lass-kasc-hd-4x3-walk-sheet-v1.png	covered
gen2	Route36NationalParkGate	866	0	3	SPRITE_OFFICER	nonbattle	SPRITE_OFFICER	Route36OfficerScriptContest	assets/characters/npcs/police-officer-gen2-kasc-hd-4x3-walk-sheet-v1.png	covered
gen2	Route36NationalParkGate	867	2	5	SPRITE_YOUNGSTER	nonbattle	SPRITE_YOUNGSTER	BugCatchingContestant1BScript	assets/characters/npcs/youngster-kasc-hd-4x3-walk-sheet-v1.png	covered
gen2	Route36NationalParkGate	868	4	5	SPRITE_YOUNGSTER	nonbattle	SPRITE_YOUNGSTER	BugCatchingContestant2BScript	assets/characters/npcs/youngster-kasc-hd-4x3-walk-sheet-v1.png	covered
gen2	Route36NationalParkGate	869	2	6	SPRITE_ROCKER	nonbattle	SPRITE_ROCKER	BugCatchingContestant3BScript	assets/characters/npcs/rocker-kasc-hd-4x3-walk-sheet-v1.png	covered
gen2	Route36NationalParkGate	870	6	5	SPRITE_POKEFAN_M	nonbattle	SPRITE_POKEFAN_M	BugCatchingContestant4BScript	assets/characters/npcs/pokefan-male-gen2-kasc-hd-4x3-walk-sheet-v1.png	covered
gen2	Route36NationalParkGate	871	2	7	SPRITE_YOUNGSTER	nonbattle	SPRITE_YOUNGSTER	BugCatchingContestant5BScript	assets/characters/npcs/youngster-kasc-hd-4x3-walk-sheet-v1.png	covered
gen2	Route36NationalParkGate	872	5	6	SPRITE_YOUNGSTER	nonbattle	SPRITE_YOUNGSTER	BugCatchingContestant6BScript	assets/characters/npcs/youngster-kasc-hd-4x3-walk-sheet-v1.png	covered
gen2	Route36NationalParkGate	873	3	6	SPRITE_LASS	nonbattle	SPRITE_LASS	BugCatchingContestant7BScript	assets/characters/npcs/lass-kasc-hd-4x3-walk-sheet-v1.png	covered
gen2	Route36NationalParkGate	874	4	7	SPRITE_YOUNGSTER	nonbattle	SPRITE_YOUNGSTER	BugCatchingContestant8BScript	assets/characters/npcs/youngster-kasc-hd-4x3-walk-sheet-v1.png	covered
gen2	Route36NationalParkGate	875	6	7	SPRITE_YOUNGSTER	nonbattle	SPRITE_YOUNGSTER	BugCatchingContestant9BScript	assets/characters/npcs/youngster-kasc-hd-4x3-walk-sheet-v1.png	covered
gen2	Route36NationalParkGate	876	6	6	SPRITE_YOUNGSTER	nonbattle	SPRITE_YOUNGSTER	BugCatchingContestant10BScript	assets/characters/npcs/youngster-kasc-hd-4x3-walk-sheet-v1.png	covered
gen2	Route36NationalParkGate	877	3	2	SPRITE_OFFICER	nonbattle	SPRITE_OFFICER	Route36NationalParkGateOfficerScript	assets/characters/npcs/police-officer-gen2-kasc-hd-4x3-walk-sheet-v1.png	covered
gen2	Route36RuinsOfAlphGate	49	0	4	SPRITE_OFFICER	nonbattle	SPRITE_OFFICER	Route36RuinsOfAlphGateOfficerScript	assets/characters/npcs/police-officer-gen2-kasc-hd-4x3-walk-sheet-v1.png	covered
gen2	Route36RuinsOfAlphGate	50	7	5	SPRITE_GRAMPS	nonbattle	SPRITE_GRAMPS	Route36RuinsOfAlphGateGrampsScript	assets/characters/npcs/gramps-kasc-hd-4x3-walk-sheet-v1.png	covered
gen2	Route37	252	6	6	SPRITE_YOUNGSTER	battle	TrainerPsychic	TrainerPsychicGreg	assets/characters/npcs/psychic-kasc-hd-4x3-walk-sheet-v1.png	covered
gen2	Route37	254	16	8	SPRITE_BUG_CATCHER	nonbattle	SPRITE_BUG_CATCHER	SunnyScript	assets/characters/npcs/bug-catcher-kasc-hd-4x3-walk-sheet-v1.png	covered
gen2	Route38	487	4	1	SPRITE_STANDING_YOUNGSTER	battle	TrainerSchoolboy	TrainerSchoolboyChad1	assets/characters/npcs/school-kid-male-gen2-kasc-hd-4x3-walk-sheet-v1.png	covered
gen2	Route38	488	15	3	SPRITE_LASS	battle	TrainerLass	TrainerLassDana1	assets/characters/npcs/lass-kasc-hd-4x3-walk-sheet-v1.png	covered
gen2	Route38	489	12	15	SPRITE_STANDING_YOUNGSTER	battle	TrainerBirdKeeper	TrainerBirdKeeperToby	assets/characters/npcs/bird-keeper-kasc-hd-4x3-walk-sheet-v1.png	covered
gen2	Route38	490	19	9	SPRITE_BEAUTY	battle	TrainerBeauty	TrainerBeautyValerie	assets/characters/npcs/beauty-kasc-hd-4x3-walk-sheet-v1.png	covered
gen2	Route38	491	24	5	SPRITE_SAILOR	battle	TrainerSailor	TrainerSailorHarry	assets/characters/npcs/sailor-kasc-hd-4x3-walk-sheet-v1.png	covered
gen2	Route38	493	5	8	SPRITE_BEAUTY	battle	TrainerBeauty	TrainerBeautyOlivia	assets/characters/npcs/beauty-kasc-hd-4x3-walk-sheet-v1.png	covered
gen2	Route38EcruteakGate	39	5	2	SPRITE_OFFICER	nonbattle	SPRITE_OFFICER	Route38EcruteakGateOfficerScript	assets/characters/npcs/police-officer-gen2-kasc-hd-4x3-walk-sheet-v1.png	covered
gen2	Route39	360	13	29	SPRITE_SAILOR	battle	TrainerSailor	TrainerSailorEugene	assets/characters/npcs/sailor-kasc-hd-4x3-walk-sheet-v1.png	covered
gen2	Route39	361	10	22	SPRITE_POKEFAN_M	battle	TrainerPokefanm	TrainerPokefanmDerek	assets/characters/npcs/pokefan-male-gen2-kasc-hd-4x3-walk-sheet-v1.png	covered
gen2	Route39	362	11	19	SPRITE_POKEFAN_F	battle	TrainerPokefanf	TrainerPokefanfRuth	assets/characters/npcs/pokefan-female-gen2-kasc-hd-4x3-walk-sheet-v1.png	covered
gen2	Route39	367	13	7	SPRITE_STANDING_YOUNGSTER	battle	TrainerPsychic	TrainerPsychicNorman	assets/characters/npcs/psychic-kasc-hd-4x3-walk-sheet-v1.png	covered
gen2	Route39	369	4	22	SPRITE_POKEFAN_F	nonbattle	TrainerPokefanf	TrainerPokefanfJaime	assets/characters/npcs/pokefan-female-gen2-kasc-hd-4x3-walk-sheet-v1.png	covered
gen2	Route39Barn	201	2	3	SPRITE_TWIN	nonbattle	SPRITE_TWIN	Route39BarnTwin1Script	assets/characters/npcs/twins-gen2-kasc-hd-4x3-walk-sheet-v1.png	covered
gen2	Route39Barn	202	4	3	SPRITE_TWIN	nonbattle	SPRITE_TWIN	Route39BarnTwin2Script	assets/characters/npcs/twins-gen2-kasc-hd-4x3-walk-sheet-v1.png	covered
gen2	Route39Farmhouse	209	3	2	SPRITE_POKEFAN_M	nonbattle	SPRITE_POKEFAN_M	PokefanM_DairyFarmer	assets/characters/npcs/pokefan-male-gen2-kasc-hd-4x3-walk-sheet-v1.png	covered
gen2	Route39Farmhouse	210	5	4	SPRITE_POKEFAN_F	nonbattle	SPRITE_POKEFAN_F	PokefanF_SnoreFarmer	assets/characters/npcs/pokefan-female-gen2-kasc-hd-4x3-walk-sheet-v1.png	covered
gen2	Route4	134	17	9	SPRITE_YOUNGSTER	battle	TrainerBirdKeeper	TrainerBirdKeeperHank	assets/characters/npcs/bird-keeper-kasc-hd-4x3-walk-sheet-v1.png	covered
gen2	Route4	135	9	8	SPRITE_LASS	battle	TrainerPicnicker	TrainerPicnickerHope	assets/characters/npcs/picnicker-gen2-kasc-hd-4x3-walk-sheet-v1.png	covered
gen2	Route4	136	21	6	SPRITE_LASS	battle	TrainerPicnicker	TrainerPicnickerSharon	assets/characters/npcs/picnicker-gen2-kasc-hd-4x3-walk-sheet-v1.png	covered
gen2	Route40	351	14	15	SPRITE_OLIVINE_RIVAL	battle	TrainerSwimmerm	TrainerSwimmermSimon	assets/characters/npcs/swimmer-kasc-hd-4x3-walk-sheet-v1.png	covered
gen2	Route40	352	18	30	SPRITE_OLIVINE_RIVAL	battle	TrainerSwimmerm	TrainerSwimmermRandall	assets/characters/npcs/swimmer-kasc-hd-4x3-walk-sheet-v1.png	covered
gen2	Route40	353	3	19	SPRITE_SWIMMER_GIRL	battle	TrainerSwimmerf	TrainerSwimmerfElaine	assets/characters/npcs/swimmer-female-gen2-kasc-hd-4x3-walk-sheet-v1.png	covered
gen2	Route40	354	10	25	SPRITE_SWIMMER_GIRL	battle	TrainerSwimmerf	TrainerSwimmerfPaula	assets/characters/npcs/swimmer-female-gen2-kasc-hd-4x3-walk-sheet-v1.png	covered
gen2	Route40	358	11	13	SPRITE_LASS	nonbattle	SPRITE_LASS	Route40Lass1Script	assets/characters/npcs/lass-kasc-hd-4x3-walk-sheet-v1.png	covered
gen2	Route40	359	8	10	SPRITE_BEAUTY	nonbattle	SPRITE_BEAUTY	MonicaScript	assets/characters/npcs/beauty-kasc-hd-4x3-walk-sheet-v1.png	covered
gen2	Route40	360	7	6	SPRITE_POKEFAN_M	nonbattle	SPRITE_POKEFAN_M	Route40PokefanMScript	assets/characters/npcs/pokefan-male-gen2-kasc-hd-4x3-walk-sheet-v1.png	covered
gen2	Route40	361	13	4	SPRITE_LASS	nonbattle	SPRITE_LASS	Route40Lass2Script	assets/characters/npcs/lass-kasc-hd-4x3-walk-sheet-v1.png	covered
gen2	Route40	362	16	9	SPRITE_STANDING_YOUNGSTER	nonbattle	SPRITE_STANDING_YOUNGSTER	Route40StandingYoungsterScript	assets/characters/npcs/youngster-kasc-hd-4x3-walk-sheet-v1.png	covered
gen2	Route40BattleTowerGate	85	3	3	SPRITE_ROCKER	nonbattle	SPRITE_ROCKER	Route40BattleTowerGateRockerScript	assets/characters/npcs/rocker-kasc-hd-4x3-walk-sheet-v1.png	covered
gen2	Route40BattleTowerGate	86	7	5	SPRITE_TWIN	nonbattle	SPRITE_TWIN	Route40BattleTowerGateTwinScript	assets/characters/npcs/twins-gen2-kasc-hd-4x3-walk-sheet-v1.png	covered
gen2	Route41	356	32	6	SPRITE_OLIVINE_RIVAL	battle	TrainerSwimmerm	TrainerSwimmermCharlie	assets/characters/npcs/swimmer-kasc-hd-4x3-walk-sheet-v1.png	covered
gen2	Route41	357	46	8	SPRITE_OLIVINE_RIVAL	battle	TrainerSwimmerm	TrainerSwimmermGeorge	assets/characters/npcs/swimmer-kasc-hd-4x3-walk-sheet-v1.png	covered
gen2	Route41	358	20	26	SPRITE_OLIVINE_RIVAL	battle	TrainerSwimmerm	TrainerSwimmermBerke	assets/characters/npcs/swimmer-kasc-hd-4x3-walk-sheet-v1.png	covered
gen2	Route41	359	32	30	SPRITE_OLIVINE_RIVAL	battle	TrainerSwimmerm	TrainerSwimmermKirk	assets/characters/npcs/swimmer-kasc-hd-4x3-walk-sheet-v1.png	covered
gen2	Route41	360	19	46	SPRITE_OLIVINE_RIVAL	battle	TrainerSwimmerm	TrainerSwimmermMathew	assets/characters/npcs/swimmer-kasc-hd-4x3-walk-sheet-v1.png	covered
gen2	Route41	361	17	4	SPRITE_SWIMMER_GIRL	battle	TrainerSwimmerf	TrainerSwimmerfKaylee	assets/characters/npcs/swimmer-female-gen2-kasc-hd-4x3-walk-sheet-v1.png	covered
gen2	Route41	362	23	19	SPRITE_SWIMMER_GIRL	battle	TrainerSwimmerf	TrainerSwimmerfSusie	assets/characters/npcs/swimmer-female-gen2-kasc-hd-4x3-walk-sheet-v1.png	covered
gen2	Route41	363	27	34	SPRITE_SWIMMER_GIRL	battle	TrainerSwimmerf	TrainerSwimmerfDenise	assets/characters/npcs/swimmer-female-gen2-kasc-hd-4x3-walk-sheet-v1.png	covered
gen2	Route41	364	44	28	SPRITE_SWIMMER_GIRL	battle	TrainerSwimmerf	TrainerSwimmerfKara	assets/characters/npcs/swimmer-female-gen2-kasc-hd-4x3-walk-sheet-v1.png	covered
gen2	Route41	365	9	50	SPRITE_SWIMMER_GIRL	battle	TrainerSwimmerf	TrainerSwimmerfWendy	assets/characters/npcs/swimmer-female-gen2-kasc-hd-4x3-walk-sheet-v1.png	covered
gen2	Route42	340	40	10	SPRITE_FISHER	battle	TrainerFisher	TrainerFisherTully	assets/characters/npcs/fisher-kasc-hd-4x3-walk-sheet-v1.png	covered
gen2	Route42	341	51	9	SPRITE_POKEFAN_M	battle	TrainerHiker	TrainerHikerBenjamin	assets/characters/npcs/hiker-kasc-hd-4x3-walk-sheet-v1.png	covered
gen2	Route42	342	47	8	SPRITE_SUPER_NERD	battle	TrainerPokemaniac	TrainerPokemaniacShane	assets/characters/npcs/pokemaniac-kasc-hd-4x3-walk-sheet-v1.png	covered
gen2	Route42EcruteakGate	34	5	2	SPRITE_OFFICER	nonbattle	SPRITE_OFFICER	Route42EcruteakGateOfficerScript	assets/characters/npcs/police-officer-gen2-kasc-hd-4x3-walk-sheet-v1.png	covered
gen2	Route43	519	13	5	SPRITE_SUPER_NERD	battle	TrainerPokemaniac	TrainerPokemaniacBen	assets/characters/npcs/pokemaniac-kasc-hd-4x3-walk-sheet-v1.png	covered
gen2	Route43	520	13	20	SPRITE_SUPER_NERD	battle	TrainerPokemaniac	TrainerPokemaniacBrent	assets/characters/npcs/pokemaniac-kasc-hd-4x3-walk-sheet-v1.png	covered
gen2	Route43	521	14	7	SPRITE_SUPER_NERD	battle	TrainerPokemaniac	TrainerPokemaniacRon	assets/characters/npcs/pokemaniac-kasc-hd-4x3-walk-sheet-v1.png	covered
gen2	Route43	522	4	16	SPRITE_FISHER	battle	TrainerFisher	TrainerFisherMarvin	assets/characters/npcs/fisher-kasc-hd-4x3-walk-sheet-v1.png	covered
gen2	Route43	523	9	25	SPRITE_LASS	battle	TrainerPicnicker	TrainerPicnickerTiffany	assets/characters/npcs/picnicker-gen2-kasc-hd-4x3-walk-sheet-v1.png	covered
gen2	Route43	524	13	40	SPRITE_YOUNGSTER	battle	TrainerCamper	TrainerCamperSpencer	assets/characters/npcs/camper-gen2-kasc-hd-4x3-walk-sheet-v1.png	covered
gen2	Route43Gate	262	0	4	SPRITE_OFFICER	nonbattle	SPRITE_OFFICER	OfficerScript_GuardWithSludgeBomb	assets/characters/npcs/police-officer-gen2-kasc-hd-4x3-walk-sheet-v1.png	covered
gen2	Route43Gate	263	2	4	SPRITE_ROCKET	nonbattle	SPRITE_ROCKET	RocketScript_MakingABundle	assets/characters/npcs/team-rocket-male-kasc-hd-4x3-walk-sheet-v1.png	covered
gen2	Route43Gate	264	7	4	SPRITE_ROCKET	nonbattle	SPRITE_ROCKET	RocketScript_MakingABundle	assets/characters/npcs/team-rocket-male-kasc-hd-4x3-walk-sheet-v1.png	covered
gen2	Route43MahoganyGate	53	0	4	SPRITE_OFFICER	nonbattle	SPRITE_OFFICER	Route43MahoganyGateOfficer	assets/characters/npcs/police-officer-gen2-kasc-hd-4x3-walk-sheet-v1.png	covered
gen2	Route44	521	35	3	SPRITE_FISHER	battle	TrainerFisher	TrainerFisherWilton1	assets/characters/npcs/fisher-kasc-hd-4x3-walk-sheet-v1.png	covered
gen2	Route44	522	19	13	SPRITE_FISHER	battle	TrainerFisher	TrainerFisherEdgar	assets/characters/npcs/fisher-kasc-hd-4x3-walk-sheet-v1.png	covered
gen2	Route44	523	10	9	SPRITE_YOUNGSTER	battle	TrainerPsychic	TrainerPsychicPhil	assets/characters/npcs/psychic-kasc-hd-4x3-walk-sheet-v1.png	covered
gen2	Route44	524	43	2	SPRITE_SUPER_NERD	battle	TrainerPokemaniac	TrainerPokemaniacZach	assets/characters/npcs/pokemaniac-kasc-hd-4x3-walk-sheet-v1.png	covered
gen2	Route44	525	51	5	SPRITE_YOUNGSTER	battle	TrainerBirdKeeper	TrainerBirdKeeperVance1	assets/characters/npcs/bird-keeper-kasc-hd-4x3-walk-sheet-v1.png	covered
gen2	Route44	526	41	15	SPRITE_COOLTRAINER_M	battle	TrainerCooltrainerm	TrainerCooltrainermAllen	assets/characters/npcs/ace-trainer-male-gen2-kasc-hd-4x3-walk-sheet-v1.png	covered
gen2	Route44	527	31	14	SPRITE_COOLTRAINER_F	battle	TrainerCooltrainerf	TrainerCooltrainerfCybil	assets/characters/npcs/ace-trainer-female-gen2-kasc-hd-4x3-walk-sheet-v1.png	covered
gen2	Route45	545	10	16	SPRITE_POKEFAN_M	battle	TrainerHiker	TrainerHikerErik	assets/characters/npcs/hiker-kasc-hd-4x3-walk-sheet-v1.png	covered
gen2	Route45	546	15	65	SPRITE_POKEFAN_M	battle	TrainerHiker	TrainerHikerMichael	assets/characters/npcs/hiker-kasc-hd-4x3-walk-sheet-v1.png	covered
gen2	Route45	547	5	28	SPRITE_POKEFAN_M	battle	TrainerHiker	TrainerHikerParry	assets/characters/npcs/hiker-kasc-hd-4x3-walk-sheet-v1.png	covered
gen2	Route45	548	9	65	SPRITE_POKEFAN_M	battle	TrainerHiker	TrainerHikerTimothy	assets/characters/npcs/hiker-kasc-hd-4x3-walk-sheet-v1.png	covered
gen2	Route45	549	11	50	SPRITE_BLACK_BELT	battle	TrainerBlackbelt	TrainerBlackbeltKenji	assets/characters/npcs/blackbelt-kasc-hd-4x3-walk-sheet-v1.png	covered
gen2	Route45	550	17	18	SPRITE_COOLTRAINER_M	battle	TrainerCooltrainerm	TrainerCooltrainermRyan	assets/characters/npcs/ace-trainer-male-gen2-kasc-hd-4x3-walk-sheet-v1.png	covered
gen2	Route45	551	5	36	SPRITE_COOLTRAINER_F	battle	TrainerCooltrainerf	TrainerCooltrainerfKelly	assets/characters/npcs/ace-trainer-female-gen2-kasc-hd-4x3-walk-sheet-v1.png	covered
gen2	Route45	557	4	70	SPRITE_YOUNGSTER	nonbattle	TrainerCamper	TrainerCamperQuentin	assets/characters/npcs/camper-gen2-kasc-hd-4x3-walk-sheet-v1.png	covered
gen2	Route46	265	12	19	SPRITE_POKEFAN_M	battle	TrainerHiker	TrainerHikerBailey	assets/characters/npcs/hiker-kasc-hd-4x3-walk-sheet-v1.png	covered
gen2	Route46	266	4	14	SPRITE_YOUNGSTER	battle	TrainerCamper	TrainerCamperTed	assets/characters/npcs/camper-gen2-kasc-hd-4x3-walk-sheet-v1.png	covered
gen2	Route46	267	2	13	SPRITE_LASS	battle	TrainerPicnicker	TrainerPicnickerErin1	assets/characters/npcs/picnicker-gen2-kasc-hd-4x3-walk-sheet-v1.png	covered
gen2	Route5	56	17	16	SPRITE_POKEFAN_M	nonbattle	SPRITE_POKEFAN_M	Route5PokefanMScript	assets/characters/npcs/pokefan-male-gen2-kasc-hd-4x3-walk-sheet-v1.png	covered
gen2	Route5CleanseTagHouse	75	2	5	SPRITE_GRANNY	nonbattle	SPRITE_GRANNY	Route5CleanseTagHouseGrannyScript	assets/characters/npcs/granny-kasc-hd-4x3-walk-sheet-v1.png	covered
gen2	Route5CleanseTagHouse	76	5	3	SPRITE_TEACHER	nonbattle	SPRITE_TEACHER	Route5CleanseTagHouseTeacherScript	assets/characters/npcs/teacher-gen2-kasc-hd-4x3-walk-sheet-v1.png	covered
gen2	Route5SaffronGate	35	0	4	SPRITE_OFFICER	nonbattle	SPRITE_OFFICER	Route5SaffronGateOfficerScript	assets/characters/npcs/police-officer-gen2-kasc-hd-4x3-walk-sheet-v1.png	covered
gen2	Route5UndergroundPathEntrance	33	2	2	SPRITE_TEACHER	nonbattle	SPRITE_TEACHER	Route5UndergroundPathEntranceTeacherScript	assets/characters/npcs/teacher-gen2-kasc-hd-4x3-walk-sheet-v1.png	covered
gen2	Route6	105	17	4	SPRITE_POKEFAN_M	nonbattle	SPRITE_POKEFAN_M	Route6PokefanMScript	assets/characters/npcs/pokefan-male-gen2-kasc-hd-4x3-walk-sheet-v1.png	covered
gen2	Route6	106	9	12	SPRITE_POKEFAN_M	battle	TrainerPokefanm	TrainerPokefanmRex	assets/characters/npcs/pokefan-male-gen2-kasc-hd-4x3-walk-sheet-v1.png	covered
gen2	Route6	107	10	12	SPRITE_POKEFAN_M	battle	TrainerPokefanm	TrainerPokefanmAllan	assets/characters/npcs/pokefan-male-gen2-kasc-hd-4x3-walk-sheet-v1.png	covered
gen2	Route6SaffronGate	72	0	4	SPRITE_OFFICER	nonbattle	SPRITE_OFFICER	Route6SaffronGuardScript	assets/characters/npcs/police-officer-gen2-kasc-hd-4x3-walk-sheet-v1.png	covered
gen2	Route7SaffronGate	60	5	2	SPRITE_OFFICER	nonbattle	SPRITE_OFFICER	Route7SaffronGuardScript	assets/characters/npcs/police-officer-gen2-kasc-hd-4x3-walk-sheet-v1.png	covered
gen2	Route8	187	10	8	SPRITE_BIKER	battle	TrainerBiker	TrainerBikerDwayne	assets/characters/npcs/biker-kasc-hd-4x3-walk-sheet-v1.png	covered
gen2	Route8	188	10	9	SPRITE_BIKER	battle	TrainerBiker	TrainerBikerHarris	assets/characters/npcs/biker-kasc-hd-4x3-walk-sheet-v1.png	covered
gen2	Route8	189	10	10	SPRITE_BIKER	battle	TrainerBiker	TrainerBikerZeke	assets/characters/npcs/biker-kasc-hd-4x3-walk-sheet-v1.png	covered
gen2	Route8	190	23	2	SPRITE_SUPER_NERD	battle	TrainerSupernerd	TrainerSupernerdSam	assets/characters/npcs/super-nerd-kasc-hd-4x3-walk-sheet-v1.png	covered
gen2	Route8	191	31	12	SPRITE_SUPER_NERD	battle	TrainerSupernerd	TrainerSupernerdTom	assets/characters/npcs/super-nerd-kasc-hd-4x3-walk-sheet-v1.png	covered
gen2	Route8SaffronGate	34	5	2	SPRITE_OFFICER	nonbattle	SPRITE_OFFICER	Route8SaffronGateOfficerScript	assets/characters/npcs/police-officer-gen2-kasc-hd-4x3-walk-sheet-v1.png	covered
gen2	Route9	219	23	11	SPRITE_YOUNGSTER	battle	TrainerCamper	TrainerCamperDean	assets/characters/npcs/camper-gen2-kasc-hd-4x3-walk-sheet-v1.png	covered
gen2	Route9	220	39	8	SPRITE_LASS	battle	TrainerPicnicker	TrainerPicnickerHeidi	assets/characters/npcs/picnicker-gen2-kasc-hd-4x3-walk-sheet-v1.png	covered
gen2	Route9	221	11	4	SPRITE_YOUNGSTER	battle	TrainerCamper	TrainerCamperSid	assets/characters/npcs/camper-gen2-kasc-hd-4x3-walk-sheet-v1.png	covered
gen2	Route9	222	12	15	SPRITE_LASS	battle	TrainerPicnicker	TrainerPicnickerEdna	assets/characters/npcs/picnicker-gen2-kasc-hd-4x3-walk-sheet-v1.png	covered
gen2	Route9	223	28	3	SPRITE_POKEFAN_M	battle	TrainerHiker	TrainerHikerTim	assets/characters/npcs/hiker-kasc-hd-4x3-walk-sheet-v1.png	covered
gen2	Route9	224	36	15	SPRITE_POKEFAN_M	battle	TrainerHiker	TrainerHikerSidney	assets/characters/npcs/hiker-kasc-hd-4x3-walk-sheet-v1.png	covered
gen2	RuinsOfAlphInnerChamber	122	3	7	SPRITE_FISHER	nonbattle	SPRITE_FISHER	RuinsOfAlphInnerChamberFisherScript	assets/characters/npcs/fisher-kasc-hd-4x3-walk-sheet-v1.png	covered
gen2	RuinsOfAlphInnerChamber	123	14	13	SPRITE_TEACHER	nonbattle	SPRITE_TEACHER	RuinsOfAlphInnerChamberTeacherScript	assets/characters/npcs/teacher-gen2-kasc-hd-4x3-walk-sheet-v1.png	covered
gen2	RuinsOfAlphInnerChamber	124	11	19	SPRITE_GRAMPS	nonbattle	SPRITE_GRAMPS	RuinsOfAlphInnerChamberGrampsScript	assets/characters/npcs/gramps-kasc-hd-4x3-walk-sheet-v1.png	covered
gen2	RuinsOfAlphKabutoChamber	275	5	5	SPRITE_RECEPTIONIST	nonbattle	SPRITE_RECEPTIONIST	RuinsOfAlphKabutoChamberReceptionistScript	assets/characters/npcs/receptionist-gen2-kasc-hd-4x3-walk-sheet-v1.png	covered
gen2	RuinsOfAlphKabutoChamber	276	3	1	SPRITE_SCIENTIST	nonbattle	SPRITE_SCIENTIST	RuinsOfAlphKabutoChamberScientistScript	assets/characters/npcs/scientist-kasc-hd-4x3-walk-sheet-v1.png	covered
gen2	RuinsOfAlphOutside	307	4	20	SPRITE_YOUNGSTER	battle	TrainerPsychic	TrainerPsychicNathan	assets/characters/npcs/psychic-kasc-hd-4x3-walk-sheet-v1.png	covered
gen2	RuinsOfAlphOutside	308	11	15	SPRITE_SCIENTIST	nonbattle	SPRITE_SCIENTIST	RuinsOfAlphOutsideScientistScript	assets/characters/npcs/scientist-kasc-hd-4x3-walk-sheet-v1.png	covered
gen2	RuinsOfAlphOutside	309	13	17	SPRITE_FISHER	nonbattle	SPRITE_FISHER	RuinsOfAlphOutsideFisherScript	assets/characters/npcs/fisher-kasc-hd-4x3-walk-sheet-v1.png	covered
gen2	RuinsOfAlphOutside	310	14	11	SPRITE_YOUNGSTER	nonbattle	SPRITE_YOUNGSTER	RuinsOfAlphOutsideYoungster1Script	assets/characters/npcs/youngster-kasc-hd-4x3-walk-sheet-v1.png	covered
gen2	RuinsOfAlphOutside	311	12	8	SPRITE_YOUNGSTER	nonbattle	SPRITE_YOUNGSTER	RuinsOfAlphOutsideYoungster2Script	assets/characters/npcs/youngster-kasc-hd-4x3-walk-sheet-v1.png	covered
gen2	RuinsOfAlphResearchCenter	405	4	5	SPRITE_SCIENTIST	nonbattle	SPRITE_SCIENTIST	RuinsOfAlphResearchCenterScientist1Script	assets/characters/npcs/scientist-kasc-hd-4x3-walk-sheet-v1.png	covered
gen2	RuinsOfAlphResearchCenter	406	5	2	SPRITE_SCIENTIST	nonbattle	SPRITE_SCIENTIST	RuinsOfAlphResearchCenterScientist2Script	assets/characters/npcs/scientist-kasc-hd-4x3-walk-sheet-v1.png	covered
gen2	RuinsOfAlphResearchCenter	407	2	5	SPRITE_SCIENTIST	nonbattle	SPRITE_SCIENTIST	RuinsOfAlphResearchCenterScientist3Script	assets/characters/npcs/scientist-kasc-hd-4x3-walk-sheet-v1.png	covered
gen2	SafariZoneWardensHome	93	2	4	SPRITE_LASS	nonbattle	SPRITE_LASS	WardensGranddaughter	assets/characters/npcs/lass-kasc-hd-4x3-walk-sheet-v1.png	covered
gen2	SaffronCity	299	7	14	SPRITE_LASS	nonbattle	SPRITE_LASS	SaffronCityLass1Script	assets/characters/npcs/lass-kasc-hd-4x3-walk-sheet-v1.png	covered
gen2	SaffronCity	300	19	30	SPRITE_POKEFAN_M	nonbattle	SPRITE_POKEFAN_M	SaffronCityPokefanMScript	assets/characters/npcs/pokefan-male-gen2-kasc-hd-4x3-walk-sheet-v1.png	covered
gen2	SaffronCity	301	32	7	SPRITE_COOLTRAINER_M	nonbattle	SPRITE_COOLTRAINER_M	SaffronCityCooltrainerMScript	assets/characters/npcs/cooltrainer-male-kasc-hd-4x3-walk-sheet-v1.png	covered
gen2	SaffronCity	302	20	24	SPRITE_COOLTRAINER_F	nonbattle	SPRITE_COOLTRAINER_F	SaffronCityCooltrainerFScript	assets/characters/npcs/cooltrainer-female-kasc-hd-4x3-walk-sheet-v1.png	covered
gen2	SaffronCity	303	27	12	SPRITE_FISHER	nonbattle	SPRITE_FISHER	SaffronCityFisherScript	assets/characters/npcs/fisher-kasc-hd-4x3-walk-sheet-v1.png	covered
gen2	SaffronCity	304	15	19	SPRITE_YOUNGSTER	nonbattle	SPRITE_YOUNGSTER	SaffronCityYoungster1Script	assets/characters/npcs/youngster-kasc-hd-4x3-walk-sheet-v1.png	covered
gen2	SaffronCity	305	35	22	SPRITE_YOUNGSTER	nonbattle	SPRITE_YOUNGSTER	SaffronCityYoungster2Script	assets/characters/npcs/youngster-kasc-hd-4x3-walk-sheet-v1.png	covered
gen2	SaffronCity	306	19	8	SPRITE_LASS	nonbattle	SPRITE_LASS	SaffronCityLass2Script	assets/characters/npcs/lass-kasc-hd-4x3-walk-sheet-v1.png	covered
gen2	SaffronGym	334	9	8	SPRITE_SABRINA	nonbattle	SPRITE_SABRINA	SaffronGymSabrinaScript	assets/characters/npcs/sabrina-gen2-kasc-hd-4x3-walk-sheet-v1.png	covered
gen2	SaffronGym	335	17	16	SPRITE_GRANNY	battle	TrainerMedium	TrainerMediumRebecca	assets/characters/npcs/medium-gen2-kasc-hd-4x3-walk-sheet-v1.png	covered
gen2	SaffronGym	336	3	16	SPRITE_YOUNGSTER	battle	TrainerPsychic	TrainerPsychicFranklin	assets/characters/npcs/psychic-kasc-hd-4x3-walk-sheet-v1.png	covered
gen2	SaffronGym	337	3	4	SPRITE_GRANNY	battle	TrainerMedium	TrainerMediumDoris	assets/characters/npcs/medium-gen2-kasc-hd-4x3-walk-sheet-v1.png	covered
gen2	SaffronGym	338	17	4	SPRITE_YOUNGSTER	battle	TrainerPsychic	TrainerPsychicJared	assets/characters/npcs/psychic-kasc-hd-4x3-walk-sheet-v1.png	covered
gen2	SaffronGym	339	9	14	SPRITE_GYM_GUIDE	nonbattle	SPRITE_GYM_GUIDE	SaffronGymGuideScript	assets/characters/npcs/gym-guide-kasc-hd-4x3-walk-sheet-v1.png	covered
gen2	SaffronMagnetTrainStation	231	9	9	SPRITE_OFFICER	nonbattle	SPRITE_OFFICER	SaffronMagnetTrainStationOfficerScript	assets/characters/npcs/police-officer-gen2-kasc-hd-4x3-walk-sheet-v1.png	covered
gen2	SaffronMagnetTrainStation	232	10	14	SPRITE_GYM_GUIDE	nonbattle	SPRITE_GYM_GUIDE	SaffronMagnetTrainStationGymGuideScript	assets/characters/npcs/gym-guide-kasc-hd-4x3-walk-sheet-v1.png	covered
gen2	SaffronMagnetTrainStation	233	6	11	SPRITE_TEACHER	nonbattle	SPRITE_TEACHER	SaffronMagnetTrainStationTeacherScript	assets/characters/npcs/teacher-gen2-kasc-hd-4x3-walk-sheet-v1.png	covered
gen2	SaffronMagnetTrainStation	234	6	10	SPRITE_LASS	nonbattle	SPRITE_LASS	SaffronMagnetTrainStationLassScript	assets/characters/npcs/lass-kasc-hd-4x3-walk-sheet-v1.png	covered
gen2	SaffronMart	50	1	3	SPRITE_CLERK	nonbattle	SPRITE_CLERK	SaffronMartClerkScript	assets/characters/npcs/clerk-kasc-hd-4x3-walk-sheet-v1.png	covered
gen2	SaffronMart	51	7	2	SPRITE_COOLTRAINER_M	nonbattle	SPRITE_COOLTRAINER_M	SaffronMartCooltrainerMScript	assets/characters/npcs/cooltrainer-male-kasc-hd-4x3-walk-sheet-v1.png	covered
gen2	SaffronMart	52	7	6	SPRITE_COOLTRAINER_F	nonbattle	SPRITE_COOLTRAINER_F	SaffronMartCooltrainerFScript	assets/characters/npcs/cooltrainer-female-kasc-hd-4x3-walk-sheet-v1.png	covered
gen2	SaffronPokecenter1F	125	3	1	SPRITE_NURSE	nonbattle	SPRITE_NURSE	SaffronPokecenter1FNurseScript	assets/characters/npcs/nurse-kasc-hd-4x3-walk-sheet-v1.png	covered
gen2	SaffronPokecenter1F	126	7	2	SPRITE_TEACHER	nonbattle	SPRITE_TEACHER	SaffronPokecenter1FTeacherScript	assets/characters/npcs/teacher-gen2-kasc-hd-4x3-walk-sheet-v1.png	covered
gen2	SaffronPokecenter1F	127	8	6	SPRITE_FISHER	nonbattle	SPRITE_FISHER	SaffronPokecenter1FFisherScript	assets/characters/npcs/fisher-kasc-hd-4x3-walk-sheet-v1.png	covered
gen2	SaffronPokecenter1F	128	1	4	SPRITE_YOUNGSTER	nonbattle	SPRITE_YOUNGSTER	SaffronPokecenter1FYoungsterScript	assets/characters/npcs/youngster-kasc-hd-4x3-walk-sheet-v1.png	covered
gen2	SeafoamGym	169	5	2	SPRITE_BLAINE	nonbattle	SPRITE_BLAINE	SeafoamGymBlaineScript	assets/characters/npcs/blaine-gen2-kasc-hd-4x3-walk-sheet-v1.png	covered
gen2	SeafoamGym	170	6	5	SPRITE_GYM_GUIDE	nonbattle	SPRITE_GYM_GUIDE	SeafoamGymGuideScript	assets/characters/npcs/gym-guide-kasc-hd-4x3-walk-sheet-v1.png	covered
gen2	SilphCo1F	68	4	2	SPRITE_RECEPTIONIST	nonbattle	SPRITE_RECEPTIONIST	SilphCoReceptionistScript	assets/characters/npcs/receptionist-gen2-kasc-hd-4x3-walk-sheet-v1.png	covered
gen2	SilphCo1F	69	13	1	SPRITE_OFFICER	nonbattle	SPRITE_OFFICER	SilphCoOfficerScript	assets/characters/npcs/police-officer-gen2-kasc-hd-4x3-walk-sheet-v1.png	covered
gen2	SilverCavePokecenter1F	43	3	1	SPRITE_NURSE	nonbattle	SPRITE_NURSE	SilverCavePokecenter1FNurseScript	assets/characters/npcs/nurse-kasc-hd-4x3-walk-sheet-v1.png	covered
gen2	SilverCavePokecenter1F	44	1	5	SPRITE_GRANNY	nonbattle	SPRITE_GRANNY	SilverCavePokecenter1FGrannyScript	assets/characters/npcs/granny-kasc-hd-4x3-walk-sheet-v1.png	covered
gen2	SilverCaveRoom3	62	9	10	SPRITE_RED	nonbattle	SPRITE_RED	Red	assets/characters/npcs/red-mt-silver-kasc-hd-4x3-walk-sheet-v1.png	covered
gen2	SlowpokeWellB1F	333	15	7	SPRITE_ROCKET	battle	TrainerGruntM	TrainerGruntM29	assets/characters/npcs/team-rocket-male-kasc-hd-4x3-walk-sheet-v1.png	covered
gen2	SlowpokeWellB1F	334	5	2	SPRITE_ROCKET	battle	TrainerGruntM	TrainerGruntM1	assets/characters/npcs/team-rocket-male-kasc-hd-4x3-walk-sheet-v1.png	covered
gen2	SlowpokeWellB1F	335	5	6	SPRITE_ROCKET	battle	TrainerGruntM	TrainerGruntM2	assets/characters/npcs/team-rocket-male-kasc-hd-4x3-walk-sheet-v1.png	covered
gen2	SlowpokeWellB1F	336	10	4	SPRITE_ROCKET_GIRL	battle	TrainerGruntF	TrainerGruntF1	assets/characters/npcs/team-rocket-female-kasc-hd-4x3-walk-sheet-v1.png	covered
gen2	SlowpokeWellB1F	339	16	14	SPRITE_KURT	nonbattle	SPRITE_KURT	SlowpokeWellB1FKurtScript	assets/characters/npcs/kurt-kasc-hd-4x3-walk-sheet-v1.png	covered
gen2	SlowpokeWellB2F	73	5	4	SPRITE_GYM_GUIDE	nonbattle	SPRITE_GYM_GUIDE	SlowpokeWellB2FGymGuideScript	assets/characters/npcs/gym-guide-kasc-hd-4x3-walk-sheet-v1.png	covered
gen2	SoulHouse	85	4	2	SPRITE_GRAMPS	nonbattle	SPRITE_GRAMPS	MrFuji	assets/characters/npcs/gramps-kasc-hd-4x3-walk-sheet-v1.png	covered
gen2	SoulHouse	86	7	3	SPRITE_TEACHER	nonbattle	SPRITE_TEACHER	SoulHouseTeacherScript	assets/characters/npcs/teacher-gen2-kasc-hd-4x3-walk-sheet-v1.png	covered
gen2	SoulHouse	87	2	5	SPRITE_LASS	nonbattle	SPRITE_LASS	SoulHouseLassScript	assets/characters/npcs/lass-kasc-hd-4x3-walk-sheet-v1.png	covered
gen2	SoulHouse	88	1	3	SPRITE_GRANNY	nonbattle	SPRITE_GRANNY	SoulHouseGrannyScript	assets/characters/npcs/granny-kasc-hd-4x3-walk-sheet-v1.png	covered
gen2	SproutTower1F	120	7	4	SPRITE_SAGE	nonbattle	SPRITE_SAGE	SproutTower1FSage1Script	assets/characters/npcs/sage-gen2-kasc-hd-4x3-walk-sheet-v1.png	covered
gen2	SproutTower1F	121	6	7	SPRITE_SAGE	nonbattle	SPRITE_SAGE	SproutTower1FSage2Script	assets/characters/npcs/sage-gen2-kasc-hd-4x3-walk-sheet-v1.png	covered
gen2	SproutTower1F	122	11	12	SPRITE_GRANNY	nonbattle	SPRITE_GRANNY	SproutTower1FGrannyScript	assets/characters/npcs/granny-kasc-hd-4x3-walk-sheet-v1.png	covered
gen2	SproutTower1F	123	9	9	SPRITE_TEACHER	nonbattle	SPRITE_TEACHER	SproutTower1FTeacherScript	assets/characters/npcs/teacher-gen2-kasc-hd-4x3-walk-sheet-v1.png	covered
gen2	SproutTower1F	124	3	5	SPRITE_SAGE	battle	TrainerSage	TrainerSageChow	assets/characters/npcs/sage-gen2-kasc-hd-4x3-walk-sheet-v1.png	covered
gen2	SproutTower2F	100	12	3	SPRITE_SAGE	battle	TrainerSage	TrainerSageNico	assets/characters/npcs/sage-gen2-kasc-hd-4x3-walk-sheet-v1.png	covered
gen2	SproutTower2F	101	9	14	SPRITE_SAGE	battle	TrainerSage	TrainerSageEdmond	assets/characters/npcs/sage-gen2-kasc-hd-4x3-walk-sheet-v1.png	covered
gen2	SproutTower3F	348	8	13	SPRITE_SAGE	battle	TrainerSage	TrainerSageJin	assets/characters/npcs/sage-gen2-kasc-hd-4x3-walk-sheet-v1.png	covered
gen2	SproutTower3F	349	8	8	SPRITE_SAGE	battle	TrainerSage	TrainerSageTroy	assets/characters/npcs/sage-gen2-kasc-hd-4x3-walk-sheet-v1.png	covered
gen2	SproutTower3F	350	10	2	SPRITE_SAGE	nonbattle	SPRITE_SAGE	SageLiScript	assets/characters/npcs/sage-gen2-kasc-hd-4x3-walk-sheet-v1.png	covered
gen2	SproutTower3F	351	11	11	SPRITE_SAGE	battle	TrainerSage	TrainerSageNeal	assets/characters/npcs/sage-gen2-kasc-hd-4x3-walk-sheet-v1.png	covered
gen2	SproutTower3F	354	10	4	SPRITE_RIVAL	nonbattle	SPRITE_RIVAL	ObjectEvent	assets/characters/npcs/silver-kasc-hd-4x3-walk-sheet-v1.png	covered
gen2	TeamRocketBaseB1F	784	0	0	SPRITE_ROCKET	nonbattle	SPRITE_ROCKET	ObjectEvent	assets/characters/npcs/team-rocket-male-kasc-hd-4x3-walk-sheet-v1.png	covered
gen2	TeamRocketBaseB1F	785	2	4	SPRITE_ROCKET	battle	TrainerGruntM	TrainerGruntM16	assets/characters/npcs/team-rocket-male-kasc-hd-4x3-walk-sheet-v1.png	covered
gen2	TeamRocketBaseB1F	786	18	12	SPRITE_SCIENTIST	battle	TrainerScientist	TrainerScientistJed	assets/characters/npcs/scientist-kasc-hd-4x3-walk-sheet-v1.png	covered
gen2	TeamRocketBaseB2F	956	20	16	SPRITE_ROCKET	nonbattle	SPRITE_ROCKET	ObjectEvent	assets/characters/npcs/team-rocket-male-kasc-hd-4x3-walk-sheet-v1.png	covered
gen2	TeamRocketBaseB2F	957	20	16	SPRITE_ROCKET_GIRL	nonbattle	SPRITE_ROCKET_GIRL	ObjectEvent	assets/characters/npcs/team-rocket-female-kasc-hd-4x3-walk-sheet-v1.png	covered
gen2	TeamRocketBaseB2F	958	5	13	SPRITE_LANCE	nonbattle	SPRITE_LANCE	ObjectEvent	assets/characters/npcs/lance-johto-champion-kasc-hd-4x3-walk-sheet-v1.png	covered
gen2	TeamRocketBaseB2F	966	25	13	SPRITE_ROCKET	battle	TrainerGruntM	TrainerGruntM17	assets/characters/npcs/team-rocket-male-kasc-hd-4x3-walk-sheet-v1.png	covered
gen2	TeamRocketBaseB2F	967	4	1	SPRITE_ROCKET	battle	TrainerGruntM	TrainerGruntM18	assets/characters/npcs/team-rocket-male-kasc-hd-4x3-walk-sheet-v1.png	covered
gen2	TeamRocketBaseB2F	968	21	14	SPRITE_ROCKET	battle	TrainerGruntM	TrainerGruntM19	assets/characters/npcs/team-rocket-male-kasc-hd-4x3-walk-sheet-v1.png	covered
gen2	TeamRocketBaseB3F	593	25	14	SPRITE_LANCE	nonbattle	SPRITE_LANCE	LanceGetPasswordScript	assets/characters/npcs/lance-johto-champion-kasc-hd-4x3-walk-sheet-v1.png	covered
gen2	TeamRocketBaseB3F	594	8	3	SPRITE_ROCKET	nonbattle	SPRITE_ROCKET	ObjectEvent	assets/characters/npcs/team-rocket-male-kasc-hd-4x3-walk-sheet-v1.png	covered
gen2	TeamRocketBaseB3F	596	21	7	SPRITE_ROCKET_GIRL	battle	SPRITE_ROCKET_GIRL	SlowpokeTailGrunt	assets/characters/npcs/team-rocket-female-kasc-hd-4x3-walk-sheet-v1.png	covered
gen2	TeamRocketBaseB3F	597	5	14	SPRITE_ROCKET	battle	SPRITE_ROCKET	RaticateTailGrunt	assets/characters/npcs/team-rocket-male-kasc-hd-4x3-walk-sheet-v1.png	covered
gen2	TeamRocketBaseB3F	598	23	11	SPRITE_SCIENTIST	battle	TrainerScientist	TrainerScientistRoss	assets/characters/npcs/scientist-kasc-hd-4x3-walk-sheet-v1.png	covered
gen2	TeamRocketBaseB3F	599	11	15	SPRITE_SCIENTIST	battle	TrainerScientist	TrainerScientistMitch	assets/characters/npcs/scientist-kasc-hd-4x3-walk-sheet-v1.png	covered
gen2	TeamRocketBaseB3F	600	24	14	SPRITE_ROCKET	nonbattle	SPRITE_ROCKET	TeamRocketBaseB3FRocketScript	assets/characters/npcs/team-rocket-male-kasc-hd-4x3-walk-sheet-v1.png	covered
gen2	TeamRocketBaseB3F	601	4	5	SPRITE_RIVAL	nonbattle	SPRITE_RIVAL	ObjectEvent	assets/characters/npcs/silver-kasc-hd-4x3-walk-sheet-v1.png	covered
gen2	TimeCapsule	68	3	4	SPRITE_CHRIS	nonbattle	SPRITE_CHRIS	TimeCapsuleFriendScript	assets/characters/npcs/gold-kasc-hd-4x3-walk-sheet-v1.png	covered
gen2	TimeCapsule	69	6	4	SPRITE_CHRIS	nonbattle	SPRITE_CHRIS	TimeCapsuleFriendScript	assets/characters/npcs/gold-kasc-hd-4x3-walk-sheet-v1.png	covered
gen2	TinTower1F	539	8	3	SPRITE_SUPER_NERD	nonbattle	SPRITE_SUPER_NERD	TinTower1FEusine	assets/characters/npcs/super-nerd-kasc-hd-4x3-walk-sheet-v1.png	covered
gen2	TinTower1F	540	5	9	SPRITE_SAGE	nonbattle	SPRITE_SAGE	TinTower1FSage1Script	assets/characters/npcs/sage-gen2-kasc-hd-4x3-walk-sheet-v1.png	covered
gen2	TinTower1F	541	11	11	SPRITE_SAGE	nonbattle	SPRITE_SAGE	TinTower1FSage2Script	assets/characters/npcs/sage-gen2-kasc-hd-4x3-walk-sheet-v1.png	covered
gen2	TinTower1F	542	14	6	SPRITE_SAGE	nonbattle	SPRITE_SAGE	TinTower1FSage3Script	assets/characters/npcs/sage-gen2-kasc-hd-4x3-walk-sheet-v1.png	covered
gen2	TinTower1F	543	4	2	SPRITE_SAGE	nonbattle	SPRITE_SAGE	TinTower1FSage4Script	assets/characters/npcs/sage-gen2-kasc-hd-4x3-walk-sheet-v1.png	covered
gen2	TinTower1F	544	9	1	SPRITE_SAGE	nonbattle	SPRITE_SAGE	TinTower1FSage5Script	assets/characters/npcs/sage-gen2-kasc-hd-4x3-walk-sheet-v1.png	covered
gen2	TinTower1F	545	14	2	SPRITE_SAGE	nonbattle	SPRITE_SAGE	TinTower1FSage6Script	assets/characters/npcs/sage-gen2-kasc-hd-4x3-walk-sheet-v1.png	covered
gen2	TradeCenter	68	3	4	SPRITE_CHRIS	nonbattle	SPRITE_CHRIS	CableClubFriendScript	assets/characters/npcs/gold-kasc-hd-4x3-walk-sheet-v1.png	covered
gen2	TradeCenter	69	6	4	SPRITE_CHRIS	nonbattle	SPRITE_CHRIS	CableClubFriendScript	assets/characters/npcs/gold-kasc-hd-4x3-walk-sheet-v1.png	covered
gen2	TrainerHouse1F	154	0	11	SPRITE_RECEPTIONIST	nonbattle	SPRITE_RECEPTIONIST	TrainerHouse1FReceptionistScript	assets/characters/npcs/receptionist-gen2-kasc-hd-4x3-walk-sheet-v1.png	covered
gen2	TrainerHouse1F	155	7	11	SPRITE_COOLTRAINER_M	nonbattle	SPRITE_COOLTRAINER_M	TrainerHouse1FCooltrainerMScript	assets/characters/npcs/cooltrainer-male-kasc-hd-4x3-walk-sheet-v1.png	covered
gen2	TrainerHouse1F	156	6	2	SPRITE_COOLTRAINER_F	nonbattle	SPRITE_COOLTRAINER_F	TrainerHouse1FCooltrainerFScript	assets/characters/npcs/cooltrainer-female-kasc-hd-4x3-walk-sheet-v1.png	covered
gen2	TrainerHouse1F	157	4	8	SPRITE_YOUNGSTER	nonbattle	SPRITE_YOUNGSTER	TrainerHouse1FYoungsterScript	assets/characters/npcs/youngster-kasc-hd-4x3-walk-sheet-v1.png	covered
gen2	TrainerHouse1F	158	2	4	SPRITE_GENTLEMAN	nonbattle	SPRITE_GENTLEMAN	TrainerHouse1FGentlemanScript	assets/characters/npcs/gentleman-kasc-hd-4x3-walk-sheet-v1.png	covered
gen2	TrainerHouseB1F	182	7	1	SPRITE_RECEPTIONIST	nonbattle	SPRITE_RECEPTIONIST	ObjectEvent	assets/characters/npcs/receptionist-gen2-kasc-hd-4x3-walk-sheet-v1.png	covered
gen2	TrainerHouseB1F	183	6	11	SPRITE_CHRIS	nonbattle	SPRITE_CHRIS	ObjectEvent	assets/characters/npcs/gold-kasc-hd-4x3-walk-sheet-v1.png	covered
gen2	UnionCave1F	214	3	6	SPRITE_POKEFAN_M	battle	TrainerHiker	TrainerHikerDaniel	assets/characters/npcs/hiker-kasc-hd-4x3-walk-sheet-v1.png	covered
gen2	UnionCave1F	215	4	21	SPRITE_SUPER_NERD	battle	TrainerPokemaniac	TrainerPokemaniacLarry	assets/characters/npcs/pokemaniac-kasc-hd-4x3-walk-sheet-v1.png	covered
gen2	UnionCave1F	216	11	8	SPRITE_POKEFAN_M	battle	TrainerHiker	TrainerHikerRussell	assets/characters/npcs/hiker-kasc-hd-4x3-walk-sheet-v1.png	covered
gen2	UnionCave1F	217	15	27	SPRITE_FISHER	battle	TrainerFirebreather	TrainerFirebreatherRay	assets/characters/npcs/firebreather-gen2-kasc-hd-4x3-walk-sheet-v1.png	covered
gen2	UnionCave1F	218	14	19	SPRITE_FISHER	battle	TrainerFirebreather	TrainerFirebreatherBill	assets/characters/npcs/firebreather-gen2-kasc-hd-4x3-walk-sheet-v1.png	covered
gen2	UnionCaveB1F	168	9	4	SPRITE_POKEFAN_M	battle	TrainerHiker	TrainerHikerPhillip	assets/characters/npcs/hiker-kasc-hd-4x3-walk-sheet-v1.png	covered
gen2	UnionCaveB1F	169	16	7	SPRITE_POKEFAN_M	battle	TrainerHiker	TrainerHikerLeonard	assets/characters/npcs/hiker-kasc-hd-4x3-walk-sheet-v1.png	covered
gen2	UnionCaveB1F	170	5	32	SPRITE_SUPER_NERD	battle	TrainerPokemaniac	TrainerPokemaniacAndrew	assets/characters/npcs/pokemaniac-kasc-hd-4x3-walk-sheet-v1.png	covered
gen2	UnionCaveB1F	171	17	30	SPRITE_SUPER_NERD	battle	TrainerPokemaniac	TrainerPokemaniacCalvin	assets/characters/npcs/pokemaniac-kasc-hd-4x3-walk-sheet-v1.png	covered
gen2	UnionCaveB2F	153	15	19	SPRITE_ROCKER	battle	TrainerCooltrainerm	TrainerCooltrainermNick	assets/characters/npcs/ace-trainer-male-gen2-kasc-hd-4x3-walk-sheet-v1.png	covered
gen2	UnionCaveB2F	154	5	13	SPRITE_COOLTRAINER_F	battle	TrainerCooltrainerf	TrainerCooltrainerfGwen	assets/characters/npcs/ace-trainer-female-gen2-kasc-hd-4x3-walk-sheet-v1.png	covered
gen2	UnionCaveB2F	155	3	30	SPRITE_COOLTRAINER_F	battle	TrainerCooltrainerf	TrainerCooltrainerfEmma	assets/characters/npcs/ace-trainer-female-gen2-kasc-hd-4x3-walk-sheet-v1.png	covered
gen2	VermilionCity	296	18	9	SPRITE_TEACHER	nonbattle	SPRITE_TEACHER	VermilionCityTeacherScript	assets/characters/npcs/teacher-gen2-kasc-hd-4x3-walk-sheet-v1.png	covered
gen2	VermilionCity	297	23	6	SPRITE_GRAMPS	nonbattle	SPRITE_GRAMPS	VermilionMachopOwner	assets/characters/npcs/gramps-kasc-hd-4x3-walk-sheet-v1.png	covered
gen2	VermilionCity	299	14	16	SPRITE_SUPER_NERD	nonbattle	SPRITE_SUPER_NERD	VermilionCitySuperNerdScript	assets/characters/npcs/super-nerd-kasc-hd-4x3-walk-sheet-v1.png	covered
gen2	VermilionCity	301	31	12	SPRITE_POKEFAN_M	nonbattle	SPRITE_POKEFAN_M	VermilionGymBadgeGuy	assets/characters/npcs/pokefan-male-gen2-kasc-hd-4x3-walk-sheet-v1.png	covered
gen2	VermilionDiglettsCaveSpeechHouse	33	1	3	SPRITE_GENTLEMAN	nonbattle	SPRITE_GENTLEMAN	VermilionDiglettsCaveSpeechHouseGentlemanScript	assets/characters/npcs/gentleman-kasc-hd-4x3-walk-sheet-v1.png	covered
gen2	VermilionFishingSpeechHouse	63	2	4	SPRITE_FISHING_GURU	nonbattle	SPRITE_FISHING_GURU	FishingDude	assets/characters/npcs/fishing-guru-kasc-hd-4x3-walk-sheet-v1.png	covered
gen2	VermilionGym	290	5	2	SPRITE_SURGE	nonbattle	SPRITE_SURGE	VermilionGymSurgeScript	assets/characters/npcs/lt-surge-gen2-kasc-hd-4x3-walk-sheet-v1.png	covered
gen2	VermilionGym	291	8	8	SPRITE_GENTLEMAN	battle	TrainerGentleman	TrainerGentlemanGregory	assets/characters/npcs/gentleman-kasc-hd-4x3-walk-sheet-v1.png	covered
gen2	VermilionGym	292	4	7	SPRITE_ROCKER	battle	TrainerGuitarist	TrainerGuitaristVincent	assets/characters/npcs/guitarist-gen2-kasc-hd-4x3-walk-sheet-v1.png	covered
gen2	VermilionGym	293	0	10	SPRITE_SUPER_NERD	battle	TrainerJuggler	TrainerJugglerHorton	assets/characters/npcs/juggler-kasc-hd-4x3-walk-sheet-v1.png	covered
gen2	VermilionGym	294	7	15	SPRITE_GYM_GUIDE	nonbattle	SPRITE_GYM_GUIDE	VermilionGymGuideScript	assets/characters/npcs/gym-guide-kasc-hd-4x3-walk-sheet-v1.png	covered
gen2	VermilionMagnetTrainSpeechHouse	48	2	3	SPRITE_POKEFAN_F	nonbattle	SPRITE_POKEFAN_F	VermilionMagnetTrainSpeechHousePokefanFScript	assets/characters/npcs/pokefan-female-gen2-kasc-hd-4x3-walk-sheet-v1.png	covered
gen2	VermilionMagnetTrainSpeechHouse	49	0	3	SPRITE_YOUNGSTER	nonbattle	SPRITE_YOUNGSTER	VermilionMagnetTrainSpeechHouseYoungsterScript	assets/characters/npcs/youngster-kasc-hd-4x3-walk-sheet-v1.png	covered
gen2	VermilionMart	49	1	3	SPRITE_CLERK	nonbattle	SPRITE_CLERK	VermilionMartClerkScript	assets/characters/npcs/clerk-kasc-hd-4x3-walk-sheet-v1.png	covered
gen2	VermilionMart	50	5	2	SPRITE_SUPER_NERD	nonbattle	SPRITE_SUPER_NERD	VermilionMartSuperNerdScript	assets/characters/npcs/super-nerd-kasc-hd-4x3-walk-sheet-v1.png	covered
gen2	VermilionMart	51	8	6	SPRITE_BEAUTY	nonbattle	SPRITE_BEAUTY	VermilionMartBeautyScript	assets/characters/npcs/beauty-kasc-hd-4x3-walk-sheet-v1.png	covered
gen2	VermilionPokecenter1F	90	3	1	SPRITE_NURSE	nonbattle	SPRITE_NURSE	VermilionPokecenter1FNurseScript	assets/characters/npcs/nurse-kasc-hd-4x3-walk-sheet-v1.png	covered
gen2	VermilionPokecenter1F	91	7	2	SPRITE_FISHING_GURU	nonbattle	SPRITE_FISHING_GURU	VermilionPokecenter1FFishingGuruScript	assets/characters/npcs/fishing-guru-kasc-hd-4x3-walk-sheet-v1.png	covered
gen2	VermilionPokecenter1F	92	6	5	SPRITE_SAILOR	nonbattle	SPRITE_SAILOR	VermilionPokecenter1FSailorScript	assets/characters/npcs/sailor-kasc-hd-4x3-walk-sheet-v1.png	covered
gen2	VermilionPokecenter1F	93	1	5	SPRITE_BUG_CATCHER	nonbattle	SPRITE_BUG_CATCHER	VermilionPokecenter1FBugCatcherScript	assets/characters/npcs/bug-catcher-kasc-hd-4x3-walk-sheet-v1.png	covered
gen2	VermilionPort	313	7	17	SPRITE_SAILOR	nonbattle	SPRITE_SAILOR	VermilionPortSailorAtGangwayScript	assets/characters/npcs/sailor-kasc-hd-4x3-walk-sheet-v1.png	covered
gen2	VermilionPort	314	6	11	SPRITE_SAILOR	nonbattle	SPRITE_SAILOR	VermilionPortSailorScript	assets/characters/npcs/sailor-kasc-hd-4x3-walk-sheet-v1.png	covered
gen2	VermilionPort	315	11	11	SPRITE_SUPER_NERD	nonbattle	SPRITE_SUPER_NERD	VermilionPortSuperNerdScript	assets/characters/npcs/super-nerd-kasc-hd-4x3-walk-sheet-v1.png	covered
gen2	VermilionPortPassage	34	17	1	SPRITE_TEACHER	nonbattle	SPRITE_TEACHER	VermilionPortPassageTeacherScript	assets/characters/npcs/teacher-gen2-kasc-hd-4x3-walk-sheet-v1.png	covered
gen2	VictoryRoad	263	18	13	SPRITE_RIVAL	nonbattle	SPRITE_RIVAL	ObjectEvent	assets/characters/npcs/silver-kasc-hd-4x3-walk-sheet-v1.png	covered
gen2	VictoryRoadGate	117	8	11	SPRITE_OFFICER	nonbattle	SPRITE_OFFICER	VictoryRoadGateOfficerScript	assets/characters/npcs/police-officer-gen2-kasc-hd-4x3-walk-sheet-v1.png	covered
gen2	VictoryRoadGate	118	7	5	SPRITE_BLACK_BELT	nonbattle	SPRITE_BLACK_BELT	VictoryRoadGateLeftBlackBeltScript	assets/characters/npcs/blackbelt-kasc-hd-4x3-walk-sheet-v1.png	covered
gen2	VictoryRoadGate	119	12	5	SPRITE_BLACK_BELT	nonbattle	SPRITE_BLACK_BELT	VictoryRoadGateRightBlackBeltScript	assets/characters/npcs/blackbelt-kasc-hd-4x3-walk-sheet-v1.png	covered
gen2	VioletCity	305	13	16	SPRITE_FISHER	nonbattle	SPRITE_FISHER	VioletCityEarlScript	assets/characters/npcs/fisher-kasc-hd-4x3-walk-sheet-v1.png	covered
gen2	VioletCity	306	28	28	SPRITE_LASS	nonbattle	SPRITE_LASS	VioletCityLassScript	assets/characters/npcs/lass-kasc-hd-4x3-walk-sheet-v1.png	covered
gen2	VioletCity	307	24	14	SPRITE_SUPER_NERD	nonbattle	SPRITE_SUPER_NERD	VioletCitySuperNerdScript	assets/characters/npcs/super-nerd-kasc-hd-4x3-walk-sheet-v1.png	covered
gen2	VioletCity	308	17	20	SPRITE_GRAMPS	nonbattle	SPRITE_GRAMPS	VioletCityGrampsScript	assets/characters/npcs/gramps-kasc-hd-4x3-walk-sheet-v1.png	covered
gen2	VioletCity	309	5	18	SPRITE_YOUNGSTER	nonbattle	SPRITE_YOUNGSTER	VioletCityYoungsterScript	assets/characters/npcs/youngster-kasc-hd-4x3-walk-sheet-v1.png	covered
gen2	VioletGym	296	5	1	SPRITE_FALKNER	nonbattle	SPRITE_FALKNER	VioletGymFalknerScript	assets/characters/npcs/falkner-kasc-hd-4x3-walk-sheet-v1.png	covered
gen2	VioletGym	297	7	6	SPRITE_YOUNGSTER	battle	TrainerBirdKeeper	TrainerBirdKeeperRod	assets/characters/npcs/bird-keeper-kasc-hd-4x3-walk-sheet-v1.png	covered
gen2	VioletGym	298	2	10	SPRITE_YOUNGSTER	battle	TrainerBirdKeeper	TrainerBirdKeeperAbe	assets/characters/npcs/bird-keeper-kasc-hd-4x3-walk-sheet-v1.png	covered
gen2	VioletGym	299	7	13	SPRITE_GYM_GUIDE	nonbattle	SPRITE_GYM_GUIDE	VioletGymGuideScript	assets/characters/npcs/gym-guide-kasc-hd-4x3-walk-sheet-v1.png	covered
gen2	VioletKylesHouse	45	2	3	SPRITE_POKEFAN_M	nonbattle	SPRITE_POKEFAN_M	VioletKylesHousePokefanMScript	assets/characters/npcs/pokefan-male-gen2-kasc-hd-4x3-walk-sheet-v1.png	covered
gen2	VioletKylesHouse	46	6	5	SPRITE_YOUNGSTER	nonbattle	SPRITE_YOUNGSTER	Kyle	assets/characters/npcs/youngster-kasc-hd-4x3-walk-sheet-v1.png	covered
gen2	VioletMart	61	1	3	SPRITE_CLERK	nonbattle	SPRITE_CLERK	VioletMartClerkScript	assets/characters/npcs/clerk-kasc-hd-4x3-walk-sheet-v1.png	covered
gen2	VioletMart	62	7	6	SPRITE_GRANNY	nonbattle	SPRITE_GRANNY	VioletMartGrannyScript	assets/characters/npcs/granny-kasc-hd-4x3-walk-sheet-v1.png	covered
gen2	VioletMart	63	5	2	SPRITE_COOLTRAINER_M	nonbattle	SPRITE_COOLTRAINER_M	VioletMartCooltrainerMScript	assets/characters/npcs/cooltrainer-male-kasc-hd-4x3-walk-sheet-v1.png	covered
gen2	VioletNicknameSpeechHouse	57	2	3	SPRITE_TEACHER	nonbattle	SPRITE_TEACHER	VioletNicknameSpeechHouseTeacherScript	assets/characters/npcs/teacher-gen2-kasc-hd-4x3-walk-sheet-v1.png	covered
gen2	VioletNicknameSpeechHouse	58	6	4	SPRITE_LASS	nonbattle	SPRITE_LASS	VioletNicknameSpeechHouseLassScript	assets/characters/npcs/lass-kasc-hd-4x3-walk-sheet-v1.png	covered
gen2	VioletPokecenter1F	229	3	1	SPRITE_NURSE	nonbattle	SPRITE_NURSE	VioletPokecenterNurse	assets/characters/npcs/nurse-kasc-hd-4x3-walk-sheet-v1.png	covered
gen2	VioletPokecenter1F	230	7	6	SPRITE_GAMEBOY_KID	nonbattle	SPRITE_GAMEBOY_KID	VioletPokecenter1FGameboyKidScript	assets/characters/npcs/game-boy-kid-kasc-hd-4x3-walk-sheet-v1.png	covered
gen2	VioletPokecenter1F	231	1	4	SPRITE_GENTLEMAN	nonbattle	SPRITE_GENTLEMAN	VioletPokecenter1FGentlemanScript	assets/characters/npcs/gentleman-kasc-hd-4x3-walk-sheet-v1.png	covered
gen2	VioletPokecenter1F	232	8	1	SPRITE_YOUNGSTER	nonbattle	SPRITE_YOUNGSTER	VioletPokecenter1FYoungsterScript	assets/characters/npcs/youngster-kasc-hd-4x3-walk-sheet-v1.png	covered
gen2	VioletPokecenter1F	233	4	3	SPRITE_SCIENTIST	nonbattle	SPRITE_SCIENTIST	VioletPokecenter1F_ElmsAideScript	assets/characters/npcs/scientist-kasc-hd-4x3-walk-sheet-v1.png	covered
gen2	ViridianCity	237	18	5	SPRITE_GRAMPS	nonbattle	SPRITE_GRAMPS	ViridianCityCoffeeGramps	assets/characters/npcs/gramps-kasc-hd-4x3-walk-sheet-v1.png	covered
gen2	ViridianCity	238	30	8	SPRITE_GRAMPS	nonbattle	SPRITE_GRAMPS	ViridianCityGrampsNearGym	assets/characters/npcs/gramps-kasc-hd-4x3-walk-sheet-v1.png	covered
gen2	ViridianCity	239	6	23	SPRITE_FISHER	nonbattle	SPRITE_FISHER	ViridianCityDreamEaterFisher	assets/characters/npcs/fisher-kasc-hd-4x3-walk-sheet-v1.png	covered
gen2	ViridianCity	240	17	21	SPRITE_YOUNGSTER	nonbattle	SPRITE_YOUNGSTER	ViridianCityYoungsterScript	assets/characters/npcs/youngster-kasc-hd-4x3-walk-sheet-v1.png	covered
gen2	ViridianGym	184	5	3	SPRITE_BLUE	nonbattle	SPRITE_BLUE	ViridianGymBlueScript	assets/characters/npcs/blue-johto-gym-kasc-hd-4x3-walk-sheet-v1.png	covered
gen2	ViridianGym	185	7	13	SPRITE_GYM_GUIDE	nonbattle	SPRITE_GYM_GUIDE	ViridianGymGuideScript	assets/characters/npcs/gym-guide-kasc-hd-4x3-walk-sheet-v1.png	covered
gen2	ViridianMart	49	1	3	SPRITE_CLERK	nonbattle	SPRITE_CLERK	ViridianMartClerkScript	assets/characters/npcs/clerk-kasc-hd-4x3-walk-sheet-v1.png	covered
gen2	ViridianMart	50	7	2	SPRITE_LASS	nonbattle	SPRITE_LASS	ViridianMartLassScript	assets/characters/npcs/lass-kasc-hd-4x3-walk-sheet-v1.png	covered
gen2	ViridianMart	51	1	6	SPRITE_COOLTRAINER_M	nonbattle	SPRITE_COOLTRAINER_M	ViridianMartCooltrainerMScript	assets/characters/npcs/cooltrainer-male-kasc-hd-4x3-walk-sheet-v1.png	covered
gen2	ViridianNicknameSpeechHouse	74	2	4	SPRITE_POKEFAN_M	nonbattle	SPRITE_POKEFAN_M	ViridianNicknameSpeechHousePokefanMScript	assets/characters/npcs/pokefan-male-gen2-kasc-hd-4x3-walk-sheet-v1.png	covered
gen2	ViridianNicknameSpeechHouse	75	5	4	SPRITE_LASS	nonbattle	SPRITE_LASS	ViridianNicknameSpeechHouseLassScript	assets/characters/npcs/lass-kasc-hd-4x3-walk-sheet-v1.png	covered
gen2	ViridianPokecenter1F	85	3	1	SPRITE_NURSE	nonbattle	SPRITE_NURSE	ViridianPokecenter1FNurseScript	assets/characters/npcs/nurse-kasc-hd-4x3-walk-sheet-v1.png	covered
gen2	ViridianPokecenter1F	86	8	4	SPRITE_COOLTRAINER_M	nonbattle	SPRITE_COOLTRAINER_M	ViridianPokecenter1FCooltrainerMScript	assets/characters/npcs/cooltrainer-male-kasc-hd-4x3-walk-sheet-v1.png	covered
gen2	ViridianPokecenter1F	87	5	3	SPRITE_COOLTRAINER_F	nonbattle	SPRITE_COOLTRAINER_F	ViridianPokecenter1FCooltrainerFScript	assets/characters/npcs/cooltrainer-female-kasc-hd-4x3-walk-sheet-v1.png	covered
gen2	ViridianPokecenter1F	88	1	6	SPRITE_BUG_CATCHER	nonbattle	SPRITE_BUG_CATCHER	ViridianPokecenter1FBugCatcherScript	assets/characters/npcs/bug-catcher-kasc-hd-4x3-walk-sheet-v1.png	covered
gen2	WillsRoom	142	5	7	SPRITE_WILL	nonbattle	SPRITE_WILL	WillScript_Battle	assets/characters/npcs/will-kasc-hd-4x3-walk-sheet-v1.png	covered
gen2	WiseTriosRoom	359	6	2	SPRITE_SAGE	nonbattle	SPRITE_SAGE	WiseTriosRoomSage1Script	assets/characters/npcs/sage-gen2-kasc-hd-4x3-walk-sheet-v1.png	covered
gen2	WiseTriosRoom	360	6	7	SPRITE_SAGE	nonbattle	SPRITE_SAGE	WiseTriosRoomSage2Script	assets/characters/npcs/sage-gen2-kasc-hd-4x3-walk-sheet-v1.png	covered
gen2	WiseTriosRoom	361	7	5	SPRITE_SAGE	nonbattle	SPRITE_SAGE	WiseTriosRoomSage3Script	assets/characters/npcs/sage-gen2-kasc-hd-4x3-walk-sheet-v1.png	covered
gen2	WiseTriosRoom	362	4	2	SPRITE_SAGE	battle	TrainerSage	TrainerSageGaku	assets/characters/npcs/sage-gen2-kasc-hd-4x3-walk-sheet-v1.png	covered
gen2	WiseTriosRoom	363	4	6	SPRITE_SAGE	battle	TrainerSage	TrainerSageMasa	assets/characters/npcs/sage-gen2-kasc-hd-4x3-walk-sheet-v1.png	covered
gen2	WiseTriosRoom	364	6	4	SPRITE_SAGE	battle	TrainerSage	TrainerSageKoji	assets/characters/npcs/sage-gen2-kasc-hd-4x3-walk-sheet-v1.png	covered
