dex	gender	palette	form	atlas	runtime_strip	runtime_content_width	runtime_content_height	source_sha256
001	none	normal	base	assets/pokemmo-followers/follower_001_none_normal_base.png	assets/pokemmo-runtime/follower_001_none_normal_base.png	15	16	4e2c9009adbb065412f9e8ca2fa335408c310212cf7fa1168e0a57f6022bbfd6
001	none	shiny	base	assets/pokemmo-followers/follower_001_none_shiny_base.png	assets/pokemmo-runtime/follower_001_none_shiny_base.png	15	16	70ddb645e2bf5d4878e2bdceb53f604840c616dc0771b1f84f356a562dde1ebe
002	none	normal	base	assets/pokemmo-followers/follower_002_none_normal_base.png	assets/pokemmo-runtime/follower_002_none_normal_base.png	15	15	ece0b7dc035034f7abd9b9ae5faf6862df48ad56e06dbc3b680dd546473b222a
002	none	shiny	base	assets/pokemmo-followers/follower_002_none_shiny_base.png	assets/pokemmo-runtime/follower_002_none_shiny_base.png	15	16	e28aef16045cf962feadb4dea36c23e9a52a5f04aa51837fb961481f7ae345c9
003	female	normal	base	assets/pokemmo-followers/follower_003_female_normal_base.png	assets/pokemmo-runtime/follower_003_female_normal_base.png	15	14	419bc189d46d6f61d4c9cf077be5802b37985fe9812f492e547034de2c271067
003	female	shiny	base	assets/pokemmo-followers/follower_003_female_shiny_base.png	assets/pokemmo-runtime/follower_003_female_shiny_base.png	15	16	1f44d211f7f25ff1c89eda04ca08fb36ca25aa31628cf474358416273f10cccd
003	male	normal	base	assets/pokemmo-followers/follower_003_male_normal_base.png	assets/pokemmo-runtime/follower_003_male_normal_base.png	15	14	64a37711183246fb134f9d169a73b938a0940b98071d737a1b966817182e1a58
003	male	shiny	base	assets/pokemmo-followers/follower_003_male_shiny_base.png	assets/pokemmo-runtime/follower_003_male_shiny_base.png	15	16	a7f35b87657b90122d5cdcb1b076007940ee684199b0dd81016fe550f49ac6e0
004	none	normal	base	assets/pokemmo-followers/follower_004_none_normal_base.png	assets/pokemmo-runtime/follower_004_none_normal_base.png	15	16	6102f77ea6062379dd81b57e7db613f59a0394cf759d46c07d217f853e59da43
004	none	shiny	base	assets/pokemmo-followers/follower_004_none_shiny_base.png	assets/pokemmo-runtime/follower_004_none_shiny_base.png	15	16	7e80269354d0c3758f5d8ce2ccbddbef967e72417d209f21696708a16d8b7757
005	none	normal	base	assets/pokemmo-followers/follower_005_none_normal_base.png	assets/pokemmo-runtime/follower_005_none_normal_base.png	15	16	c4c02bd9b0d4fd30bbe73f9f01b6e8211a2e077c739b0406a744ca7ca56b1a77
005	none	shiny	base	assets/pokemmo-followers/follower_005_none_shiny_base.png	assets/pokemmo-runtime/follower_005_none_shiny_base.png	15	16	1cf89b16eaec13f15cbd1fee35866db2d41a6d73c3172c51b115e25a6452ce0c
006	none	normal	base	assets/pokemmo-followers/follower_006_none_normal_base.png	assets/pokemmo-runtime/follower_006_none_normal_base.png	15	13	6034e7ce847c4ee27b85d6b3f0ed80eee658761750cdf327a1571b25412332f3
006	none	shiny	base	assets/pokemmo-followers/follower_006_none_shiny_base.png	assets/pokemmo-runtime/follower_006_none_shiny_base.png	15	14	08e2656fd622cb1c2fe20fb68bbf99a636df9cb44a9fd567c2273a16b5605ca8
007	none	normal	base	assets/pokemmo-followers/follower_007_none_normal_base.png	assets/pokemmo-runtime/follower_007_none_normal_base.png	15	15	28803681cf2e034932719492587d2c6bd4214c5f9d37f7734db9a756812e6e32
007	none	shiny	base	assets/pokemmo-followers/follower_007_none_shiny_base.png	assets/pokemmo-runtime/follower_007_none_shiny_base.png	14	16	028a4d59538fcebe08f6d317815f17c26458234c8d0e665f7df89beaf53069b6
008	none	normal	base	assets/pokemmo-followers/follower_008_none_normal_base.png	assets/pokemmo-runtime/follower_008_none_normal_base.png	15	16	b7e19adb539ee26dbc0e1efe17a89b8d5731a3c4686f56da65b10976d5c75b49
008	none	shiny	base	assets/pokemmo-followers/follower_008_none_shiny_base.png	assets/pokemmo-runtime/follower_008_none_shiny_base.png	15	16	8574f11203b6481cb097c6a6fd722a66b34b77149032431373ad3eb5f711e904
009	none	normal	base	assets/pokemmo-followers/follower_009_none_normal_base.png	assets/pokemmo-runtime/follower_009_none_normal_base.png	15	14	141660355b9ee381964899147125b1389b7787d63f9f43198465dffc059b823c
009	none	shiny	base	assets/pokemmo-followers/follower_009_none_shiny_base.png	assets/pokemmo-runtime/follower_009_none_shiny_base.png	15	15	a3513a37ba0dd326c3b76ac400a61926bd163b6c775c0ddf97b18aa46bbe72d7
010	none	normal	base	assets/pokemmo-followers/follower_010_none_normal_base.png	assets/pokemmo-runtime/follower_010_none_normal_base.png	15	16	15bf6631fd56bb2674651ea68ef9faef8c621359926760ecc4f746c97a748f7e
010	none	shiny	base	assets/pokemmo-followers/follower_010_none_shiny_base.png	assets/pokemmo-runtime/follower_010_none_shiny_base.png	15	16	236f368e0558684898d1ed864c2fc16a5d4f50e0a6bda8c15c32c41b90e58096
011	none	normal	base	assets/pokemmo-followers/follower_011_none_normal_base.png	assets/pokemmo-runtime/follower_011_none_normal_base.png	15	16	2e2292ca484180ee652261f64c5210942f380fd534e72415751c37f45da90ab4
011	none	shiny	base	assets/pokemmo-followers/follower_011_none_shiny_base.png	assets/pokemmo-runtime/follower_011_none_shiny_base.png	14	16	5624b951e81e42f0a1f61470e79be7f23cbdf35befc6d1d7d18971b1448d2902
012	none	normal	base	assets/pokemmo-followers/follower_012_none_normal_base.png	assets/pokemmo-runtime/follower_012_none_normal_base.png	15	13	6762c744c036d85ffa36ecfdc4d75f4abf07d397ca259fad15aeaddf7d6f2bef
012	none	shiny	base	assets/pokemmo-followers/follower_012_none_shiny_base.png	assets/pokemmo-runtime/follower_012_none_shiny_base.png	15	16	91866e360f58799e4b93a276ca3b7bd8ac9368550f886721418fc02a345b2372
013	none	normal	base	assets/pokemmo-followers/follower_013_none_normal_base.png	assets/pokemmo-runtime/follower_013_none_normal_base.png	15	16	474bf86e41829d016dc121ed9cbce5ac2b9f9c8d7976d834ed73b6eeb352698d
013	none	shiny	base	assets/pokemmo-followers/follower_013_none_shiny_base.png	assets/pokemmo-runtime/follower_013_none_shiny_base.png	15	16	f5ca32610fcdeebbeff1c6155c19c217abf6d95e7be23f326a3c63319ebc7700
014	none	normal	base	assets/pokemmo-followers/follower_014_none_normal_base.png	assets/pokemmo-runtime/follower_014_none_normal_base.png	12	16	653218ebacd5f09685d87bbac41a5e22fa52b97a697d7361d956f25fbf71ac32
014	none	shiny	base	assets/pokemmo-followers/follower_014_none_shiny_base.png	assets/pokemmo-runtime/follower_014_none_shiny_base.png	14	16	4fb5064cef9cb3558533dc885696e8660cfda2058b51c384ec5a91139b6f31d3
015	none	normal	base	assets/pokemmo-followers/follower_015_none_normal_base.png	assets/pokemmo-runtime/follower_015_none_normal_base.png	15	16	e20bca79c8ff5fa9a20cac88adc4c636e31b053bd82841b6be7307504aab73e7
015	none	shiny	base	assets/pokemmo-followers/follower_015_none_shiny_base.png	assets/pokemmo-runtime/follower_015_none_shiny_base.png	15	16	188fcaaf173c49b966ba95772d8b4b964904b544ffeee0487115ac8faa714d7f
016	none	normal	base	assets/pokemmo-followers/follower_016_none_normal_base.png	assets/pokemmo-runtime/follower_016_none_normal_base.png	14	14	fe94e1c44d1b083bcead4bd6673de652ee8aae7b5e7b3c5866efcc1c55c0733a
016	none	shiny	base	assets/pokemmo-followers/follower_016_none_shiny_base.png	assets/pokemmo-runtime/follower_016_none_shiny_base.png	14	16	dbb85dd5829caabefafb631879fb7fe1b80e56b38fa123768c29d35d2ee19b66
017	none	normal	base	assets/pokemmo-followers/follower_017_none_normal_base.png	assets/pokemmo-runtime/follower_017_none_normal_base.png	15	14	b777cd41307a8d17a266b90aade59796014664f940eb1df673feca7e57873d4c
017	none	shiny	base	assets/pokemmo-followers/follower_017_none_shiny_base.png	assets/pokemmo-runtime/follower_017_none_shiny_base.png	15	16	b5e12f8359bef292140c4370e5dc550bfe8595cbddd5087a93f837f7f8b64d66
018	none	normal	base	assets/pokemmo-followers/follower_018_none_normal_base.png	assets/pokemmo-runtime/follower_018_none_normal_base.png	15	14	8ab72bf030a234b72369061e77126a7e7978a8658c57fb3a32fc94b8c5027962
018	none	shiny	base	assets/pokemmo-followers/follower_018_none_shiny_base.png	assets/pokemmo-runtime/follower_018_none_shiny_base.png	15	16	b2a52c73105d265523c20ba40b2fa73a9e14e61b118087ad58f7c6a152b30cb1
019	none	normal	base	assets/pokemmo-followers/follower_019_none_normal_base.png	assets/pokemmo-runtime/follower_019_none_normal_base.png	15	16	f3615420dedbaf95783048b598ef196e75d0765552eb92276f5f2842056f1fed
019	none	shiny	base	assets/pokemmo-followers/follower_019_none_shiny_base.png	assets/pokemmo-runtime/follower_019_none_shiny_base.png	15	16	be53bcf7ab657447b5dea00c076e4cb86b8fc0db6f90b126f4f18bb553566b1a
020	none	normal	base	assets/pokemmo-followers/follower_020_none_normal_base.png	assets/pokemmo-runtime/follower_020_none_normal_base.png	15	16	942f803ab2ec3d61e89514a003fd46b104f63f6ba5ae34c5179ce5b1494d97b7
020	none	shiny	base	assets/pokemmo-followers/follower_020_none_shiny_base.png	assets/pokemmo-runtime/follower_020_none_shiny_base.png	15	16	6fab3badb60683a374ab918910aecc76b8ad3963d7f25836177b9b47739d49d0
021	none	normal	base	assets/pokemmo-followers/follower_021_none_normal_base.png	assets/pokemmo-runtime/follower_021_none_normal_base.png	15	14	d91f2b92b77facd42ff0f41ca451a8dd1014e063d6520a55a8c47ea38a6e6212
021	none	shiny	base	assets/pokemmo-followers/follower_021_none_shiny_base.png	assets/pokemmo-runtime/follower_021_none_shiny_base.png	15	16	d03cff9a53902146c7a5525f1f484564dfdf0b14b52f03981005c6d3cfab33ae
022	none	normal	base	assets/pokemmo-followers/follower_022_none_normal_base.png	assets/pokemmo-runtime/follower_022_none_normal_base.png	15	13	442d75060fc00fbb9a9759b3babad485fdd436c53991801377da0eec864aadea
022	none	shiny	base	assets/pokemmo-followers/follower_022_none_shiny_base.png	assets/pokemmo-runtime/follower_022_none_shiny_base.png	15	16	98037c7a12861d684124a9399fd561ffb202286113c8ca35710463c80a26d46f
023	none	normal	base	assets/pokemmo-followers/follower_023_none_normal_base.png	assets/pokemmo-runtime/follower_023_none_normal_base.png	15	16	f4006d82f4aa2f9c98a5dbfa742166b6595196380e09d5c377a976b39fb74be0
023	none	shiny	base	assets/pokemmo-followers/follower_023_none_shiny_base.png	assets/pokemmo-runtime/follower_023_none_shiny_base.png	15	16	0efa79edd8737e65d545145cfae045fc2b6f7aaad65520f8e7fcd0ade0b81877
024	none	normal	base	assets/pokemmo-followers/follower_024_none_normal_base.png	assets/pokemmo-runtime/follower_024_none_normal_base.png	15	16	020dd798397140e72f52eaa4e3a668b702668cba77349c58c40cee2d929e4fcf
024	none	shiny	base	assets/pokemmo-followers/follower_024_none_shiny_base.png	assets/pokemmo-runtime/follower_024_none_shiny_base.png	15	16	ffc899d479b8a34b3987c1efa4c09de55a262cbac0bd1402847ade1804ee3244
025	female	normal	base	assets/pokemmo-followers/follower_025_female_normal_base.png	assets/pokemmo-runtime/follower_025_female_normal_base.png	15	16	9bb6aeca7afcb9f7f300e5b99b36c54713301ebd18fe39f464007635ffb3b8c4
025	female	shiny	base	assets/pokemmo-followers/follower_025_female_shiny_base.png	assets/pokemmo-runtime/follower_025_female_shiny_base.png	14	16	cf5c3ecf3cd300e5fba8509956407021740781bba58cf443a88f7adb685e547c
025	male	normal	base	assets/pokemmo-followers/follower_025_male_normal_base.png	assets/pokemmo-runtime/follower_025_male_normal_base.png	15	16	d7e06692c1edc00fadd30c04235b0cefd4c0f0ce0781690e276653af0584fb50
025	male	shiny	base	assets/pokemmo-followers/follower_025_male_shiny_base.png	assets/pokemmo-runtime/follower_025_male_shiny_base.png	14	16	8f0651f9640451bb7e4a704b47e5aaa592f3bb05f8753c1accdf43a0f29d5a5f
026	none	normal	base	assets/pokemmo-followers/follower_026_none_normal_base.png	assets/pokemmo-runtime/follower_026_none_normal_base.png	15	14	b3de837d4c03ea25062ffaf28976b021e16e40a2430ada41b1f6908ad802bfe0
026	none	shiny	base	assets/pokemmo-followers/follower_026_none_shiny_base.png	assets/pokemmo-runtime/follower_026_none_shiny_base.png	15	14	c10638896b7cd3d6f42df2a1c177590e534a0d341dc3ca01dff6e3d0d2f7e298
027	none	normal	base	assets/pokemmo-followers/follower_027_none_normal_base.png	assets/pokemmo-runtime/follower_027_none_normal_base.png	15	16	851fc3d700e07b5a42140d573b5d388b130e9fb6255eae949a85418b9c4883e7
027	none	shiny	base	assets/pokemmo-followers/follower_027_none_shiny_base.png	assets/pokemmo-runtime/follower_027_none_shiny_base.png	14	16	911985ee9d27dc9e3b0fc42f5df329fd5cc5954454b1460959597e34c94d7a0e
028	none	normal	base	assets/pokemmo-followers/follower_028_none_normal_base.png	assets/pokemmo-runtime/follower_028_none_normal_base.png	15	15	3bebe788d7d6692e6dc16214c1a1e1338d04afda11e45e3b0613397f0a467643
028	none	shiny	base	assets/pokemmo-followers/follower_028_none_shiny_base.png	assets/pokemmo-runtime/follower_028_none_shiny_base.png	15	16	50ae58af8b3e78d2da7b64f8edff59f413f8a51c0fc8753e815ac6b31fc6e24d
029	none	normal	base	assets/pokemmo-followers/follower_029_none_normal_base.png	assets/pokemmo-runtime/follower_029_none_normal_base.png	15	15	0120db447bc8ee5650f032e5377400a0aa1f5e105bc28b8a1713d7daa80b3ef1
029	none	shiny	base	assets/pokemmo-followers/follower_029_none_shiny_base.png	assets/pokemmo-runtime/follower_029_none_shiny_base.png	14	16	e277dcdd44995164f62e0ad2268ccf07a65e2b0b4703b95581e7034e0d093d6a
030	none	normal	base	assets/pokemmo-followers/follower_030_none_normal_base.png	assets/pokemmo-runtime/follower_030_none_normal_base.png	15	16	ad81299c8ac6f697b0faffb31d07abbc44ec99d149aac5d40f46f115e19adfa2
030	none	shiny	base	assets/pokemmo-followers/follower_030_none_shiny_base.png	assets/pokemmo-runtime/follower_030_none_shiny_base.png	15	16	13636c27fe02dec6ef0c969218b2d13bd834611224c912ebb2e9e1ce3b8cc175
031	none	normal	base	assets/pokemmo-followers/follower_031_none_normal_base.png	assets/pokemmo-runtime/follower_031_none_normal_base.png	15	16	09a8f6c74992343d8b5b87e4c6a9c7783fbdec5c00a063cbdbbcc7a6f264d65a
031	none	shiny	base	assets/pokemmo-followers/follower_031_none_shiny_base.png	assets/pokemmo-runtime/follower_031_none_shiny_base.png	15	16	e3b493b4091dc89a09161357fb583fef6668f276615687674444404456844ac5
032	none	normal	base	assets/pokemmo-followers/follower_032_none_normal_base.png	assets/pokemmo-runtime/follower_032_none_normal_base.png	15	15	6b43458d6e1a59e5735044d138030a45ffb9bb795a421ac1b808d87dd7b9dd67
032	none	shiny	base	assets/pokemmo-followers/follower_032_none_shiny_base.png	assets/pokemmo-runtime/follower_032_none_shiny_base.png	14	16	2aff6157728cd976e9ac57b860b3d0eab5a824c421c3abffb84134340e692a32
033	none	normal	base	assets/pokemmo-followers/follower_033_none_normal_base.png	assets/pokemmo-runtime/follower_033_none_normal_base.png	15	15	9c7761b6a67ce5dd15bfce3d1dac1d0311c71ea6027b55e8b338ab2fb578047b
033	none	shiny	base	assets/pokemmo-followers/follower_033_none_shiny_base.png	assets/pokemmo-runtime/follower_033_none_shiny_base.png	15	16	9101ae78ea4c688307206643c817b68d88a10264191aa9911f393d14e916ce4a
034	none	normal	base	assets/pokemmo-followers/follower_034_none_normal_base.png	assets/pokemmo-runtime/follower_034_none_normal_base.png	15	16	63add81137d344bfb5386c0041c43cc0f412fa51fef4fab397f8a6ad1a47c0fd
034	none	shiny	base	assets/pokemmo-followers/follower_034_none_shiny_base.png	assets/pokemmo-runtime/follower_034_none_shiny_base.png	15	16	da0947c6f4409bba6bc8c7cfdc8eae4090595f74d881bb708d4ab75ed5ea2278
035	none	normal	base	assets/pokemmo-followers/follower_035_none_normal_base.png	assets/pokemmo-runtime/follower_035_none_normal_base.png	15	16	8f395751ef1bf1c4e05dbec7e9ee3081b1df5762a5162b07945c3b68c30d3f68
035	none	shiny	base	assets/pokemmo-followers/follower_035_none_shiny_base.png	assets/pokemmo-runtime/follower_035_none_shiny_base.png	14	16	875aedba5b34b6ec440f0fc304bd8d139e9722e40190825bcca80bea19ac90f7
036	none	normal	base	assets/pokemmo-followers/follower_036_none_normal_base.png	assets/pokemmo-runtime/follower_036_none_normal_base.png	15	16	6cdc8b8c5b105c97533fd3df2d4d0a034b3dfda3733ae727aaa452e7ed707829
036	none	shiny	base	assets/pokemmo-followers/follower_036_none_shiny_base.png	assets/pokemmo-runtime/follower_036_none_shiny_base.png	15	16	c412bc34b4709c1120f51810eb7609c4e6d3ca051c4ebfed6ec308da4d7a7b25
037	none	normal	base	assets/pokemmo-followers/follower_037_none_normal_base.png	assets/pokemmo-runtime/follower_037_none_normal_base.png	15	16	9fe659b53d54128d9e5ce80c7d853d0a27a2d11b1d5da0a5389682d67b2c3d82
037	none	shiny	base	assets/pokemmo-followers/follower_037_none_shiny_base.png	assets/pokemmo-runtime/follower_037_none_shiny_base.png	15	16	97768e76b5f051a172a653dc1fcfbf72949821e3700fd235107b54d230531489
038	none	normal	base	assets/pokemmo-followers/follower_038_none_normal_base.png	assets/pokemmo-runtime/follower_038_none_normal_base.png	15	14	e2ea827e974f8807bc1fd8c3b3fd53c4131787cc94965c46cd65ca58d9b66584
038	none	shiny	base	assets/pokemmo-followers/follower_038_none_shiny_base.png	assets/pokemmo-runtime/follower_038_none_shiny_base.png	15	15	862136801d3a9b0af392d5ba5ab037c583c4c60b1b94c95ccf3e366bff95c393
039	none	normal	base	assets/pokemmo-followers/follower_039_none_normal_base.png	assets/pokemmo-runtime/follower_039_none_normal_base.png	15	15	2b82ed1c8abb80dfe2928adca4cfce86bc24687dc680016152c1e72e596c4718
039	none	shiny	base	assets/pokemmo-followers/follower_039_none_shiny_base.png	assets/pokemmo-runtime/follower_039_none_shiny_base.png	14	16	c989454d37ca9fbd84ba092ed4107f697d04ae855b8922b797ebd987618255c5
040	none	normal	base	assets/pokemmo-followers/follower_040_none_normal_base.png	assets/pokemmo-runtime/follower_040_none_normal_base.png	15	16	bc899d51837ff1eb84ce48ac2d487da3ed8f129bd756f2e3356d37a87fbffa74
040	none	shiny	base	assets/pokemmo-followers/follower_040_none_shiny_base.png	assets/pokemmo-runtime/follower_040_none_shiny_base.png	15	16	dd2c101c583c8841ce0fe09430402a355f004ff61a89fab5ebafe1398a3a8020
041	none	normal	base	assets/pokemmo-followers/follower_041_none_normal_base.png	assets/pokemmo-runtime/follower_041_none_normal_base.png	15	16	1a4e6ebfcb79c2268bcbe48ccbc60cb453df94fc83c9d9f6168e6edf8f83025c
041	none	shiny	base	assets/pokemmo-followers/follower_041_none_shiny_base.png	assets/pokemmo-runtime/follower_041_none_shiny_base.png	15	16	233a6980355554699dcb41756703a59a0f7492f536223b82179d25add4323d6e
042	none	normal	base	assets/pokemmo-followers/follower_042_none_normal_base.png	assets/pokemmo-runtime/follower_042_none_normal_base.png	15	15	ba09496101d8d4d5e0855e6e3a167649b356dd2c1327bc557207814eb0eaf6cc
042	none	shiny	base	assets/pokemmo-followers/follower_042_none_shiny_base.png	assets/pokemmo-runtime/follower_042_none_shiny_base.png	15	16	763332bc8d3270ee271b53cec2b551edef169aa5e4a5b87637a4a231ea8e1d69
043	none	normal	base	assets/pokemmo-followers/follower_043_none_normal_base.png	assets/pokemmo-runtime/follower_043_none_normal_base.png	15	13	c1e06b5a74c29fe0f4cb352ffd75dba560f09aedec9538ea8de7d41d3df6d5a2
043	none	shiny	base	assets/pokemmo-followers/follower_043_none_shiny_base.png	assets/pokemmo-runtime/follower_043_none_shiny_base.png	14	16	b149a4ce4c999389ffc98e2c6c7e97934d049e34710412584d90e83dfd3a9250
044	none	normal	base	assets/pokemmo-followers/follower_044_none_normal_base.png	assets/pokemmo-runtime/follower_044_none_normal_base.png	15	15	9a20cd43369338cc3e277e0f844a9d316d9466824cab29525c0d6bbe672edd05
044	none	shiny	base	assets/pokemmo-followers/follower_044_none_shiny_base.png	assets/pokemmo-runtime/follower_044_none_shiny_base.png	15	16	8aee935f025bb746a71883abda066c80e364e845445900ee9704cd6f04ce5a78
045	none	normal	base	assets/pokemmo-followers/follower_045_none_normal_base.png	assets/pokemmo-runtime/follower_045_none_normal_base.png	15	13	80ae120fc7a1e6d29ed3ed07271a84100af17bbbd709e74667fbcdbea685bdea
045	none	shiny	base	assets/pokemmo-followers/follower_045_none_shiny_base.png	assets/pokemmo-runtime/follower_045_none_shiny_base.png	15	16	54d250f88b9c3ddefb47666e2825bc86a1b885cc812b6ac7ff4448a514255347
046	none	normal	base	assets/pokemmo-followers/follower_046_none_normal_base.png	assets/pokemmo-runtime/follower_046_none_normal_base.png	15	14	a3d3bb2afed92d664ad5ca93b6ff5e51143d5fb2a4bf3f6851e5d9f1f0ce8757
046	none	shiny	base	assets/pokemmo-followers/follower_046_none_shiny_base.png	assets/pokemmo-runtime/follower_046_none_shiny_base.png	15	16	d6494b2a801a6c009bbc926e3bdf94ca4849368af9d91e81b15063bd3bbcfa74
047	none	normal	base	assets/pokemmo-followers/follower_047_none_normal_base.png	assets/pokemmo-runtime/follower_047_none_normal_base.png	15	16	ce3e52144093ce1c22bb2a9a22de2c5c55023430460a7a6be9908a86c77f498f
047	none	shiny	base	assets/pokemmo-followers/follower_047_none_shiny_base.png	assets/pokemmo-runtime/follower_047_none_shiny_base.png	15	16	613ad48a3f9094f335b66b090368a482694fd91c77a54bc3c44e112e8bd25e54
048	none	normal	base	assets/pokemmo-followers/follower_048_none_normal_base.png	assets/pokemmo-runtime/follower_048_none_normal_base.png	15	16	a59fe8a14e9068b4c122239a5d64fedf20990dded704161c391c8cb1392e8a08
048	none	shiny	base	assets/pokemmo-followers/follower_048_none_shiny_base.png	assets/pokemmo-runtime/follower_048_none_shiny_base.png	15	16	86fb1d19afa7c7890fd3d48de49a6a4b8720b070f4dfaeca7c06915bcd684540
049	none	normal	base	assets/pokemmo-followers/follower_049_none_normal_base.png	assets/pokemmo-runtime/follower_049_none_normal_base.png	15	16	c509b3249ff1c843385d70f296b6073dcf986d7e8a3c7c0d5f9115ad53100080
049	none	shiny	base	assets/pokemmo-followers/follower_049_none_shiny_base.png	assets/pokemmo-runtime/follower_049_none_shiny_base.png	15	16	2156cfdb18b869be6d49e22265a2ef7a9954826745231b70697794fc82ceeafc
050	none	normal	base	assets/pokemmo-followers/follower_050_none_normal_base.png	assets/pokemmo-runtime/follower_050_none_normal_base.png	15	12	485001333eb9823aef03bd855e8e8225814a37c32ab249d72afb5fd870844232
050	none	shiny	base	assets/pokemmo-followers/follower_050_none_shiny_base.png	assets/pokemmo-runtime/follower_050_none_shiny_base.png	14	16	fd2dd83817e844206cccc61b47146faf4ac3f0dd581938f2f2776a172e436ad3
051	none	normal	base	assets/pokemmo-followers/follower_051_none_normal_base.png	assets/pokemmo-runtime/follower_051_none_normal_base.png	15	13	982bf74b1276be710b05c68c997c32c1e9afa1eca5da8f80ebc3537538404adc
051	none	shiny	base	assets/pokemmo-followers/follower_051_none_shiny_base.png	assets/pokemmo-runtime/follower_051_none_shiny_base.png	15	16	7051f49bfb9e91db598243e7a448d922b059c6d9f4823299541d3c1f929a3281
052	none	normal	base	assets/pokemmo-followers/follower_052_none_normal_base.png	assets/pokemmo-runtime/follower_052_none_normal_base.png	15	16	00860bd7ff23c8e38dd394865f207263d402b602d15c16d3cc200e1cf82afaac
052	none	shiny	base	assets/pokemmo-followers/follower_052_none_shiny_base.png	assets/pokemmo-runtime/follower_052_none_shiny_base.png	15	16	e9071e09672e44d597c18a7a72330f9a551a96d4f3d19c9ae339d36b05188637
053	none	normal	base	assets/pokemmo-followers/follower_053_none_normal_base.png	assets/pokemmo-runtime/follower_053_none_normal_base.png	15	16	5a58e91e9df67ee560fda9ba273cdd119d9a78f8b11ae1f81409796f93e3ab0b
053	none	shiny	base	assets/pokemmo-followers/follower_053_none_shiny_base.png	assets/pokemmo-runtime/follower_053_none_shiny_base.png	15	16	c7a04012809445ea2e304a129d2101e217f749419c07a22fac39e68f85401d6c
054	none	normal	base	assets/pokemmo-followers/follower_054_none_normal_base.png	assets/pokemmo-runtime/follower_054_none_normal_base.png	13	16	390cafb6066c4f38315ff51be78e69b4e9073178fef2c6b8121989272a81e26a
054	none	shiny	base	assets/pokemmo-followers/follower_054_none_shiny_base.png	assets/pokemmo-runtime/follower_054_none_shiny_base.png	14	16	edf3b21ef28cccc60c478f37dcd2a303e044f656c23d4537a6d8213279051d50
055	none	normal	base	assets/pokemmo-followers/follower_055_none_normal_base.png	assets/pokemmo-runtime/follower_055_none_normal_base.png	14	16	c5458e2274888b83537a54a25e4a9a8cbe9e716a1ce044267288e66d68aab321
055	none	shiny	base	assets/pokemmo-followers/follower_055_none_shiny_base.png	assets/pokemmo-runtime/follower_055_none_shiny_base.png	14	16	4c93a3be09e3bee3c9a02bde39913b5b95780217a1c373ddb12518c41f585c43
056	none	normal	base	assets/pokemmo-followers/follower_056_none_normal_base.png	assets/pokemmo-runtime/follower_056_none_normal_base.png	15	13	b1700fdc40e2eca69be605870436d760a736304115689fc348cf332a015ce73f
056	none	shiny	base	assets/pokemmo-followers/follower_056_none_shiny_base.png	assets/pokemmo-runtime/follower_056_none_shiny_base.png	15	16	f66404db73a211707ffe209525e88ff9634bd5974783c6eb81f177c7dd8a78e7
057	none	normal	base	assets/pokemmo-followers/follower_057_none_normal_base.png	assets/pokemmo-runtime/follower_057_none_normal_base.png	15	16	8552cc0e3b0ae183bb4f2335f2f34791e153bbcb46e90a05aaf6c1614f7a6ea0
057	none	shiny	base	assets/pokemmo-followers/follower_057_none_shiny_base.png	assets/pokemmo-runtime/follower_057_none_shiny_base.png	15	16	11870c3a6a38014fc2aad3280ca778ccc65ea5e4022dff55a23c073d8bf42707
058	none	normal	base	assets/pokemmo-followers/follower_058_none_normal_base.png	assets/pokemmo-runtime/follower_058_none_normal_base.png	15	16	479f1cf4d1c0393e76e3813c9ea9c4c6d90b9d7d7ef8f895b27ddc52306a075d
058	none	shiny	base	assets/pokemmo-followers/follower_058_none_shiny_base.png	assets/pokemmo-runtime/follower_058_none_shiny_base.png	15	16	b739bb7a0a7ae1cf0e8403503fa163e4c900acc969177cc746f7c07f01a97590
059	none	normal	base	assets/pokemmo-followers/follower_059_none_normal_base.png	assets/pokemmo-runtime/follower_059_none_normal_base.png	15	16	478c6c21d968bfc5db5112a6b66a514b01146a006fb74802b6eaaa2e347090d4
059	none	shiny	base	assets/pokemmo-followers/follower_059_none_shiny_base.png	assets/pokemmo-runtime/follower_059_none_shiny_base.png	15	16	9b54c3e43adc50c5bc0943edbb4109a1dd7a8275b21a97c49cecfa070b145863
060	none	normal	base	assets/pokemmo-followers/follower_060_none_normal_base.png	assets/pokemmo-runtime/follower_060_none_normal_base.png	15	15	bd463e2e2d027d66baf864e5df0e8eb67be2d8e6f170cec23af7f876cb5ab375
060	none	shiny	base	assets/pokemmo-followers/follower_060_none_shiny_base.png	assets/pokemmo-runtime/follower_060_none_shiny_base.png	15	16	a8f25720a61d725bb6abd352b1ec135d9a049599eb6c75abad194ba2230b5db6
061	none	normal	base	assets/pokemmo-followers/follower_061_none_normal_base.png	assets/pokemmo-runtime/follower_061_none_normal_base.png	15	16	a1ea6c37c7bcb2fe879f5b326ae6c997fcbb8a7a3fbd96012e89c9f15c79b53d
061	none	shiny	base	assets/pokemmo-followers/follower_061_none_shiny_base.png	assets/pokemmo-runtime/follower_061_none_shiny_base.png	15	16	3e16f60a06c2207edfd8448148a37c80ab3cfd85c06d8b667d8d1816c0754c49
062	none	normal	base	assets/pokemmo-followers/follower_062_none_normal_base.png	assets/pokemmo-runtime/follower_062_none_normal_base.png	15	16	af86505deb059d78fe2fdc60959a9ee9c640ea82a35bb94bf1e4f042c5a9cad6
062	none	shiny	base	assets/pokemmo-followers/follower_062_none_shiny_base.png	assets/pokemmo-runtime/follower_062_none_shiny_base.png	15	16	65973097d59cf3fa811cd6b7c2f8c30ba1e0519de0d9fb2ee7c27e58563b68ff
063	none	normal	base	assets/pokemmo-followers/follower_063_none_normal_base.png	assets/pokemmo-runtime/follower_063_none_normal_base.png	15	16	e1185f700bfbdafe3363d0e33907023baa8b1ce1547a2d2b6dcdc98866f5114a
063	none	shiny	base	assets/pokemmo-followers/follower_063_none_shiny_base.png	assets/pokemmo-runtime/follower_063_none_shiny_base.png	14	16	c1a863077a97af59b3f5febe190fb14850114ee0465b6c67c5679622cf72a72d
064	none	normal	base	assets/pokemmo-followers/follower_064_none_normal_base.png	assets/pokemmo-runtime/follower_064_none_normal_base.png	15	16	60fc0d901541cf5f493be7920b991e4722d5b92a51170c31da033fe966e8f06a
064	none	shiny	base	assets/pokemmo-followers/follower_064_none_shiny_base.png	assets/pokemmo-runtime/follower_064_none_shiny_base.png	15	16	37fab5d561bf0833dbafe89b944c5766b863ec7c428c4a934e86f43f87a8c4d3
065	none	normal	base	assets/pokemmo-followers/follower_065_none_normal_base.png	assets/pokemmo-runtime/follower_065_none_normal_base.png	15	16	aae1b71631dbe81f3216de321b107a1d6881b61fafab2f9d4516026b38b3e8d4
065	none	shiny	base	assets/pokemmo-followers/follower_065_none_shiny_base.png	assets/pokemmo-runtime/follower_065_none_shiny_base.png	15	16	a266e14cad7ef2ed61de18339849444c53a3cc7900fddbf1618441659ab19edc
066	none	normal	base	assets/pokemmo-followers/follower_066_none_normal_base.png	assets/pokemmo-runtime/follower_066_none_normal_base.png	13	16	6346cd621e3adebf1bda4ddf94d4e5e2c48f47dcac67826ae203cf7e377dd241
066	none	shiny	base	assets/pokemmo-followers/follower_066_none_shiny_base.png	assets/pokemmo-runtime/follower_066_none_shiny_base.png	14	16	64570e374de25ff42f96bf8e8f0cdaef030687989d9840af7a9b892127e0cd78
067	none	normal	base	assets/pokemmo-followers/follower_067_none_normal_base.png	assets/pokemmo-runtime/follower_067_none_normal_base.png	15	16	442c97778c490841bf4f0ad779d9e622edd6530aef68c46afe91df79a43604f0
067	none	shiny	base	assets/pokemmo-followers/follower_067_none_shiny_base.png	assets/pokemmo-runtime/follower_067_none_shiny_base.png	15	16	8598821b3e09037f702a7dba8769841a35b1d1fb4715ec57a1693137d2f264fb
068	none	normal	base	assets/pokemmo-followers/follower_068_none_normal_base.png	assets/pokemmo-runtime/follower_068_none_normal_base.png	15	16	1b9da3f9da85488803cd63d392151d3ca1bec04acbe7cfbcfeed6d6918e66fdc
068	none	shiny	base	assets/pokemmo-followers/follower_068_none_shiny_base.png	assets/pokemmo-runtime/follower_068_none_shiny_base.png	15	16	0b391dd051f9f301f02449a6663b61ec0a29725c8238ed27ca33d04b71142b57
069	none	normal	base	assets/pokemmo-followers/follower_069_none_normal_base.png	assets/pokemmo-runtime/follower_069_none_normal_base.png	12	16	a6f2a335b3fc96bfa792dce38d8020be3d61602363c6e7bb25240da7b7fbcf51
069	none	shiny	base	assets/pokemmo-followers/follower_069_none_shiny_base.png	assets/pokemmo-runtime/follower_069_none_shiny_base.png	14	16	14bf2ee541e1ca7db8ddeb06b46c6b8991659b17d1d15ea02ea341cedd74b8b6
070	none	normal	base	assets/pokemmo-followers/follower_070_none_normal_base.png	assets/pokemmo-runtime/follower_070_none_normal_base.png	15	16	2e8ae680dd45fb130538cb4cdcb2146bcbe63debab6b8dacd37f1b1bda1e310a
070	none	shiny	base	assets/pokemmo-followers/follower_070_none_shiny_base.png	assets/pokemmo-runtime/follower_070_none_shiny_base.png	15	16	a3967cc06001b2185c7156d9e3e271ab08773cafb726a0733095ed663c54b3f0
071	none	normal	base	assets/pokemmo-followers/follower_071_none_normal_base.png	assets/pokemmo-runtime/follower_071_none_normal_base.png	15	14	9c77114d77491d3f3697d0fa0413db9ad6506fba8b2b0cd5f7431150195ed6e2
071	none	shiny	base	assets/pokemmo-followers/follower_071_none_shiny_base.png	assets/pokemmo-runtime/follower_071_none_shiny_base.png	15	15	dec169515aed43bd081f63a7a84ed980f3cf573217b76ca28cdfdf3046a54988
072	none	normal	base	assets/pokemmo-followers/follower_072_none_normal_base.png	assets/pokemmo-runtime/follower_072_none_normal_base.png	15	16	b336819c3701aafd8468e193227c647f00d9d90305053424f241697682541290
072	none	shiny	base	assets/pokemmo-followers/follower_072_none_shiny_base.png	assets/pokemmo-runtime/follower_072_none_shiny_base.png	14	16	b5b80e9f5f5bf14a22f7f1897f6bf0206b890dd4b27cd961082ba64ee2f4dc91
073	none	normal	base	assets/pokemmo-followers/follower_073_none_normal_base.png	assets/pokemmo-runtime/follower_073_none_normal_base.png	15	15	487d099e1ee76af4a26d56cdbc90ac82e3fca330393f9a0c3b5993fa339acdfb
073	none	shiny	base	assets/pokemmo-followers/follower_073_none_shiny_base.png	assets/pokemmo-runtime/follower_073_none_shiny_base.png	15	16	8b2cf3cc91e0fed89e71944bcb14ad65fdd38e9ab9222598fa9ead098d4240f3
074	none	normal	base	assets/pokemmo-followers/follower_074_none_normal_base.png	assets/pokemmo-runtime/follower_074_none_normal_base.png	15	12	1857f22b6e324a70acf2d05b8fc79acad16c94ddd5328f4dcbda68ddc21bf9bb
074	none	shiny	base	assets/pokemmo-followers/follower_074_none_shiny_base.png	assets/pokemmo-runtime/follower_074_none_shiny_base.png	15	16	11810611f861256ef940e31275a9fe585c52214bec4687c31c2d833dcf26c6f7
075	none	normal	base	assets/pokemmo-followers/follower_075_none_normal_base.png	assets/pokemmo-runtime/follower_075_none_normal_base.png	15	16	75feba04419bb6fb1244a1603ad8a3f30247d17af1e21fcb4131ff3ee203f163
075	none	shiny	base	assets/pokemmo-followers/follower_075_none_shiny_base.png	assets/pokemmo-runtime/follower_075_none_shiny_base.png	15	16	bbdcf1b7a61583d636e2ff64c98df4715f084599b6b42c8751574b1f5e3c2e4b
076	none	normal	base	assets/pokemmo-followers/follower_076_none_normal_base.png	assets/pokemmo-runtime/follower_076_none_normal_base.png	15	12	83e83704d2b83c297553b1f47e660b5cdc1bce6c88bb32cd5cc456a51250abc8
076	none	shiny	base	assets/pokemmo-followers/follower_076_none_shiny_base.png	assets/pokemmo-runtime/follower_076_none_shiny_base.png	15	14	153081382ac101424c5a99584ccfb7e014b7b38912d1a1cee281394b6c37423a
077	none	normal	base	assets/pokemmo-followers/follower_077_none_normal_base.png	assets/pokemmo-runtime/follower_077_none_normal_base.png	15	16	2acb5438b0ba8a9c54b7db1ce60b6aa46309d007c9099899662e1173c568552f
077	none	shiny	base	assets/pokemmo-followers/follower_077_none_shiny_base.png	assets/pokemmo-runtime/follower_077_none_shiny_base.png	15	16	d1caad24b89ed93cf779797e859fe65f95999720999db1f08849ba1a93eebeb6
078	none	normal	base	assets/pokemmo-followers/follower_078_none_normal_base.png	assets/pokemmo-runtime/follower_078_none_normal_base.png	15	16	5dc2f00e63cf06eaa907db1f19618fa34228d9e31273c5a80f0632ee9c87e194
078	none	shiny	base	assets/pokemmo-followers/follower_078_none_shiny_base.png	assets/pokemmo-runtime/follower_078_none_shiny_base.png	15	16	4c7cdbc55ede6d143e0a1af7fbd81e68291a57e45b5e4ebeadf270a3e839895d
079	none	normal	base	assets/pokemmo-followers/follower_079_none_normal_base.png	assets/pokemmo-runtime/follower_079_none_normal_base.png	15	16	dc30f30ee559a98b93bc14f81a897fde14800176de1b6ba97defcc47c5d3cb52
079	none	shiny	base	assets/pokemmo-followers/follower_079_none_shiny_base.png	assets/pokemmo-runtime/follower_079_none_shiny_base.png	15	16	243c045ec8a8e1852d3c9504d34288e55697b63b4c058ebb8dffdb4253ccc6f1
080	none	normal	base	assets/pokemmo-followers/follower_080_none_normal_base.png	assets/pokemmo-runtime/follower_080_none_normal_base.png	15	16	b0b54a4d32abdc3a2180db0865832dec3088a278fad39b56a0a5d05135163275
080	none	shiny	base	assets/pokemmo-followers/follower_080_none_shiny_base.png	assets/pokemmo-runtime/follower_080_none_shiny_base.png	15	16	e5210714098f9ebe7eff465d7ff9482978f6b2b1a86f47e4394ef0ddd5d32f2f
081	none	normal	base	assets/pokemmo-followers/follower_081_none_normal_base.png	assets/pokemmo-runtime/follower_081_none_normal_base.png	15	13	1f1a2c0157e3f0eefe4b8bf005b353952a60c2ed995fcdfe690b4e6b4acbfd8e
081	none	shiny	base	assets/pokemmo-followers/follower_081_none_shiny_base.png	assets/pokemmo-runtime/follower_081_none_shiny_base.png	15	16	c45741936e74a00bc02ffc67cf8ff227f2fa1d9035c354aa7bcec3322983deef
082	none	normal	base	assets/pokemmo-followers/follower_082_none_normal_base.png	assets/pokemmo-runtime/follower_082_none_normal_base.png	15	16	1687a9759068d81acc5682c8634b8b4a257f5ec7bb900dc1f1ff1b1e12b0eaa2
082	none	shiny	base	assets/pokemmo-followers/follower_082_none_shiny_base.png	assets/pokemmo-runtime/follower_082_none_shiny_base.png	15	16	6b2aee65c0d80c2ad31bb3e448d331ccc01f1380886d9293be3b633da0c9b3f8
083	none	normal	base	assets/pokemmo-followers/follower_083_none_normal_base.png	assets/pokemmo-runtime/follower_083_none_normal_base.png	13	16	2910558536896a5d7e784aca5350dda49d160a10318dac3429e3be2d2cd630d1
083	none	shiny	base	assets/pokemmo-followers/follower_083_none_shiny_base.png	assets/pokemmo-runtime/follower_083_none_shiny_base.png	14	16	100b9c3696c3e65eae3dbfa29eeffdf908e74c8cdfc70e3b7e354cc56c4230b4
084	none	normal	base	assets/pokemmo-followers/follower_084_none_normal_base.png	assets/pokemmo-runtime/follower_084_none_normal_base.png	15	16	5286f73356c85cdff7f080a159f27ad0dd3fe234c2f74edd242c2c9dec8ef5c9
084	none	shiny	base	assets/pokemmo-followers/follower_084_none_shiny_base.png	assets/pokemmo-runtime/follower_084_none_shiny_base.png	15	16	4fa86f63ed81675ad35a0c7ef4c3e2f5f693cbfec0c13008b3d67fb4fcec2628
085	none	normal	base	assets/pokemmo-followers/follower_085_none_normal_base.png	assets/pokemmo-runtime/follower_085_none_normal_base.png	15	16	fad00c49feac7c52956bf14e5ff8658e2ccbef6eb9ae7e9c0980a8bb9613f25a
085	none	shiny	base	assets/pokemmo-followers/follower_085_none_shiny_base.png	assets/pokemmo-runtime/follower_085_none_shiny_base.png	15	16	d48d03c851004f6f5b2aad78b649e785d01513c1aa16d693a064adafe1c6460e
086	none	normal	base	assets/pokemmo-followers/follower_086_none_normal_base.png	assets/pokemmo-runtime/follower_086_none_normal_base.png	15	14	2ceb5d1088691d10928dcf1ebb8d906f02a65a7c418c50e0060502ef6e75cb28
086	none	shiny	base	assets/pokemmo-followers/follower_086_none_shiny_base.png	assets/pokemmo-runtime/follower_086_none_shiny_base.png	15	16	17641418d523976db42f1e3d0df42b37aad5ced45307dbc65cf68f5db01760cc
087	none	normal	base	assets/pokemmo-followers/follower_087_none_normal_base.png	assets/pokemmo-runtime/follower_087_none_normal_base.png	15	14	ec5e359a680da36e883f09d70af39ce283cf20883a2aa094649273b0e0562321
087	none	shiny	base	assets/pokemmo-followers/follower_087_none_shiny_base.png	assets/pokemmo-runtime/follower_087_none_shiny_base.png	15	16	fa4bd57f90f1f86962f34649e24ad02791c984146cdd93bd10d91b58ec676d58
088	none	normal	base	assets/pokemmo-followers/follower_088_none_normal_base.png	assets/pokemmo-runtime/follower_088_none_normal_base.png	15	15	003f8e5f6e1f9daa664e97786b8b8a149da0057f699dac2c37960d487cd9b67b
088	none	shiny	base	assets/pokemmo-followers/follower_088_none_shiny_base.png	assets/pokemmo-runtime/follower_088_none_shiny_base.png	15	16	7ea435238e08a49f11c06ae422c6c7b45d89ccd8a9eeed36c287bdeb78cdabec
089	none	normal	base	assets/pokemmo-followers/follower_089_none_normal_base.png	assets/pokemmo-runtime/follower_089_none_normal_base.png	15	12	3b03324a428c0f2fcd149da0ea5c0fe1b3c1131ef9d0444d5fcc3dabde664047
089	none	shiny	base	assets/pokemmo-followers/follower_089_none_shiny_base.png	assets/pokemmo-runtime/follower_089_none_shiny_base.png	15	16	0ef96299b4581329777af8476e6bd91d9a10e023ebc3550b7d8f33d607023cb6
090	none	normal	base	assets/pokemmo-followers/follower_090_none_normal_base.png	assets/pokemmo-runtime/follower_090_none_normal_base.png	15	15	71754ae9e5171648e64e1b1c7ab9c85ecbdb297624bd7551f69d1f9fa249e558
090	none	shiny	base	assets/pokemmo-followers/follower_090_none_shiny_base.png	assets/pokemmo-runtime/follower_090_none_shiny_base.png	14	16	b31ad4daf51819eac44a45622635b0667df680f61c94e76ddb7eeccb9dcbd46b
091	none	normal	base	assets/pokemmo-followers/follower_091_none_normal_base.png	assets/pokemmo-runtime/follower_091_none_normal_base.png	15	16	b3246080b85755a6ea5cdd486e1429989864e4b4d2e6f369fba249232eab6bfe
091	none	shiny	base	assets/pokemmo-followers/follower_091_none_shiny_base.png	assets/pokemmo-runtime/follower_091_none_shiny_base.png	15	16	a1f7853f67c08d6dc0f595232096321b4ad3d5fb5b2357d61e9eeb664db0a4bb
092	none	normal	base	assets/pokemmo-followers/follower_092_none_normal_base.png	assets/pokemmo-runtime/follower_092_none_normal_base.png	15	16	5256ec5bd232c2deeb131d9c1db2fd6870ed8981c2c23cf385e2a788b18c36d3
092	none	shiny	base	assets/pokemmo-followers/follower_092_none_shiny_base.png	assets/pokemmo-runtime/follower_092_none_shiny_base.png	15	16	af3064f231ef81e992919d691c616f650874db2507e6e81788b3734effd300c6
093	none	normal	base	assets/pokemmo-followers/follower_093_none_normal_base.png	assets/pokemmo-runtime/follower_093_none_normal_base.png	15	16	5aea3b656c7729f41af9b9f706ff9bf7130b8d574d07ecf1cc35a151e21425ec
093	none	shiny	base	assets/pokemmo-followers/follower_093_none_shiny_base.png	assets/pokemmo-runtime/follower_093_none_shiny_base.png	15	16	d56eb8cc6b4a968de1dfdf56038d6f5f9709a83e6d9532b4686dd2d69e0dccec
094	none	normal	base	assets/pokemmo-followers/follower_094_none_normal_base.png	assets/pokemmo-runtime/follower_094_none_normal_base.png	15	16	a56868257414649b9f71ad84a37e3fbf64068dea2aad2ad33b3facc00ca4ce23
094	none	shiny	base	assets/pokemmo-followers/follower_094_none_shiny_base.png	assets/pokemmo-runtime/follower_094_none_shiny_base.png	15	16	9d84051d1bd733c0ef3493cca471f5acf2b266bad75221927144b7d314c9dd79
095	none	normal	base	assets/pokemmo-followers/follower_095_none_normal_base.png	assets/pokemmo-runtime/follower_095_none_normal_base.png	13	16	bc4efc55b73ea68c9079c12af7cf4217f6bcbf6fbb3e8ab48a47f39559f4003d
095	none	shiny	base	assets/pokemmo-followers/follower_095_none_shiny_base.png	assets/pokemmo-runtime/follower_095_none_shiny_base.png	13	16	e691044bed16f9e3005a03a15e4ec3dba5a2d37c73e5dcdf795fc47d33b4eb2b
096	none	normal	base	assets/pokemmo-followers/follower_096_none_normal_base.png	assets/pokemmo-runtime/follower_096_none_normal_base.png	15	16	854cfd0f26fd267f1dc42790c65b109af32bb4fee9d934bbb68df7daf550c712
096	none	shiny	base	assets/pokemmo-followers/follower_096_none_shiny_base.png	assets/pokemmo-runtime/follower_096_none_shiny_base.png	15	16	9ca40bbe4fe889eddefa212b4c04f353694be36bfca03c6dcca6508a47a2161f
097	none	normal	base	assets/pokemmo-followers/follower_097_none_normal_base.png	assets/pokemmo-runtime/follower_097_none_normal_base.png	15	16	4aaf355754a52d1f059aabd00e1c6bcbae1fef236c4e72a63704f70a3e363b37
097	none	shiny	base	assets/pokemmo-followers/follower_097_none_shiny_base.png	assets/pokemmo-runtime/follower_097_none_shiny_base.png	15	16	a825726dda88b07401287a1fd547ea41eff798eb55e4e27c85d7f36106e367be
098	none	normal	base	assets/pokemmo-followers/follower_098_none_normal_base.png	assets/pokemmo-runtime/follower_098_none_normal_base.png	15	15	dd22df90505882035474f39fc2cd32e775a78ba71b02732ba7c23becc89776aa
098	none	shiny	base	assets/pokemmo-followers/follower_098_none_shiny_base.png	assets/pokemmo-runtime/follower_098_none_shiny_base.png	15	16	8f1ae91e83da5033bcdbf577e02a108bea6481631a1f5ef3e6bee9afb410fa05
099	none	normal	base	assets/pokemmo-followers/follower_099_none_normal_base.png	assets/pokemmo-runtime/follower_099_none_normal_base.png	15	16	5957a6b907a7de0d4fae9f4b8d5befa971d00986d1edc522f162d9c5aaa76cd1
099	none	shiny	base	assets/pokemmo-followers/follower_099_none_shiny_base.png	assets/pokemmo-runtime/follower_099_none_shiny_base.png	15	16	2c6213383091ee54333ffbe06e6ad8bb7e9726ac405340ea04d818295c6f9cc7
100	none	normal	base	assets/pokemmo-followers/follower_100_none_normal_base.png	assets/pokemmo-runtime/follower_100_none_normal_base.png	15	15	b63649e7f9f595189f730c6bde027466d5bfc78d33909d55427e3c147e5687eb
100	none	shiny	base	assets/pokemmo-followers/follower_100_none_shiny_base.png	assets/pokemmo-runtime/follower_100_none_shiny_base.png	14	16	dd8885de75d0bc9efba516067dc4e2e70d16651f1051718508ee56ead6e88356
101	none	normal	base	assets/pokemmo-followers/follower_101_none_normal_base.png	assets/pokemmo-runtime/follower_101_none_normal_base.png	15	14	e405752120e269e06a5e8a42d54f6d5ef9c0057089a290f58b990f9b83ac2429
101	none	shiny	base	assets/pokemmo-followers/follower_101_none_shiny_base.png	assets/pokemmo-runtime/follower_101_none_shiny_base.png	15	16	6d17b7b743ecaf0d5b580d2063e39c941f0c996f818528ea3654e5c1afd0e80c
102	none	normal	base	assets/pokemmo-followers/follower_102_none_normal_base.png	assets/pokemmo-runtime/follower_102_none_normal_base.png	15	14	47104a086ec91d378a61f9a5a98865a95596354e605e52023363dd2e76867a71
102	none	shiny	base	assets/pokemmo-followers/follower_102_none_shiny_base.png	assets/pokemmo-runtime/follower_102_none_shiny_base.png	15	16	78483a3944385faa82249f8acf9a98e4d3212d3cded244a6fc883b8d406dab10
103	none	normal	base	assets/pokemmo-followers/follower_103_none_normal_base.png	assets/pokemmo-runtime/follower_103_none_normal_base.png	15	16	a524f33e009452b6ae75528fc19fec2123acc6f6b9f4e3979b406bf6d2b642ce
103	none	shiny	base	assets/pokemmo-followers/follower_103_none_shiny_base.png	assets/pokemmo-runtime/follower_103_none_shiny_base.png	15	16	b93bc7783faa3d3d149a40f461ee7cf334687b3b84bb3be7b698e880c6533e5b
104	none	normal	base	assets/pokemmo-followers/follower_104_none_normal_base.png	assets/pokemmo-runtime/follower_104_none_normal_base.png	15	16	4750ba5b5fe30575e5927c4fdc4690a33972a8a5d0b130806687b0d9ac7ac478
104	none	shiny	base	assets/pokemmo-followers/follower_104_none_shiny_base.png	assets/pokemmo-runtime/follower_104_none_shiny_base.png	15	16	6b689e2affbeb3c4bf9ec22743eced607f1863c7974c015d4e0ed775a1b999ad
105	none	normal	base	assets/pokemmo-followers/follower_105_none_normal_base.png	assets/pokemmo-runtime/follower_105_none_normal_base.png	15	16	20b042efa6bf3f01d013abfd18c18635bf1db80569a2ad1476b1184e3f0bddec
105	none	shiny	base	assets/pokemmo-followers/follower_105_none_shiny_base.png	assets/pokemmo-runtime/follower_105_none_shiny_base.png	15	16	1726dca56bfd131e5b85ac5046afa3ded3b45818d82500b7ae24107e59ed7f9a
106	none	normal	base	assets/pokemmo-followers/follower_106_none_normal_base.png	assets/pokemmo-runtime/follower_106_none_normal_base.png	15	16	ebe00df7064c4dc5c19b69b771138d4e140ac9b4a97ce93884c936a47f186e47
106	none	shiny	base	assets/pokemmo-followers/follower_106_none_shiny_base.png	assets/pokemmo-runtime/follower_106_none_shiny_base.png	15	16	fd6d6d793ff4f79a857f6d379e326c57b7e32298b9307e7308c75fecc8a3a3ac
107	none	normal	base	assets/pokemmo-followers/follower_107_none_normal_base.png	assets/pokemmo-runtime/follower_107_none_normal_base.png	14	16	51ccf40e05a45e6ad43f94c4d75dfeb3680761f0466ce7e451dca03742869af4
107	none	shiny	base	assets/pokemmo-followers/follower_107_none_shiny_base.png	assets/pokemmo-runtime/follower_107_none_shiny_base.png	14	16	c18fe679a1766579ffcaabfce3b028217bb0fc9b034ea421ea3d399e6d23b7fb
108	none	normal	base	assets/pokemmo-followers/follower_108_none_normal_base.png	assets/pokemmo-runtime/follower_108_none_normal_base.png	15	16	4de9ee9e8f88a14a9a0e2e375690c0446bd6320cfe5c0bdce608af577c9e2dbd
108	none	shiny	base	assets/pokemmo-followers/follower_108_none_shiny_base.png	assets/pokemmo-runtime/follower_108_none_shiny_base.png	15	16	da56f504b64b4c0957cd36589c5966cff85bda5174fa5572b22878351d1b2251
109	none	normal	base	assets/pokemmo-followers/follower_109_none_normal_base.png	assets/pokemmo-runtime/follower_109_none_normal_base.png	15	16	b79a28c296279599433486d6fcbb2650523ae0afe15c9cd80cb111f8c6aff042
109	none	shiny	base	assets/pokemmo-followers/follower_109_none_shiny_base.png	assets/pokemmo-runtime/follower_109_none_shiny_base.png	15	16	f1fdb5ea7069b11b160d6756e225b5f3939960f7a91174857854ca44e1acdf9c
110	none	normal	base	assets/pokemmo-followers/follower_110_none_normal_base.png	assets/pokemmo-runtime/follower_110_none_normal_base.png	15	16	f07f23d8a91e231174f0c702bcb3a418e19f3296fc148b4db117effc9ec78e72
110	none	shiny	base	assets/pokemmo-followers/follower_110_none_shiny_base.png	assets/pokemmo-runtime/follower_110_none_shiny_base.png	15	16	ee9b715ba1af1446a112aaf5e57c6ac1ae3d1e044f2184cc4a04831034542e30
111	none	normal	base	assets/pokemmo-followers/follower_111_none_normal_base.png	assets/pokemmo-runtime/follower_111_none_normal_base.png	15	16	c798219e257b75c2cabb1eb2f76c5d099e86964694a1b7e8c524a0899cebd60b
111	none	shiny	base	assets/pokemmo-followers/follower_111_none_shiny_base.png	assets/pokemmo-runtime/follower_111_none_shiny_base.png	15	16	a72dd4bc7a125686303ebeb2f3c2d8ae89991ba4dd2c1b013253e2dc60ff656a
112	none	normal	base	assets/pokemmo-followers/follower_112_none_normal_base.png	assets/pokemmo-runtime/follower_112_none_normal_base.png	15	14	149e729b05e43c7499ffda7c73d45e7c93a3da6bc4ec9eac9c8e66ea55261c84
112	none	shiny	base	assets/pokemmo-followers/follower_112_none_shiny_base.png	assets/pokemmo-runtime/follower_112_none_shiny_base.png	15	16	4ea5031209c224be7b7dddad064ef6c12946ab41578d63b72f61d7546944ee44
113	none	normal	base	assets/pokemmo-followers/follower_113_none_normal_base.png	assets/pokemmo-runtime/follower_113_none_normal_base.png	15	15	0c34617dab300d8ec92f27031643f2965928ac485d21087b4c09288681fb3afa
113	none	shiny	base	assets/pokemmo-followers/follower_113_none_shiny_base.png	assets/pokemmo-runtime/follower_113_none_shiny_base.png	15	16	b498856f3c9d18a1db9dcab008cf23bd9dd67f3c89065dab4371fdb981740e4a
114	none	normal	base	assets/pokemmo-followers/follower_114_none_normal_base.png	assets/pokemmo-runtime/follower_114_none_normal_base.png	15	16	c207a3a5354123e934bea8a6cb0aa1afc55bae1f96efd83d8baef80adf4039c0
114	none	shiny	base	assets/pokemmo-followers/follower_114_none_shiny_base.png	assets/pokemmo-runtime/follower_114_none_shiny_base.png	14	16	970ea865359f0d5397ac3edf3ea94049d29f814c0aa9b051970dbe1f01504b3d
115	none	normal	base	assets/pokemmo-followers/follower_115_none_normal_base.png	assets/pokemmo-runtime/follower_115_none_normal_base.png	15	16	8a8dbe4a60a0c58c8d41298a2b70a5eae587ffd1f0ce1f08ac07839d11e02857
115	none	shiny	base	assets/pokemmo-followers/follower_115_none_shiny_base.png	assets/pokemmo-runtime/follower_115_none_shiny_base.png	15	16	026a55d2af8e643fef2ca34894105861f2262ded1b76f0a18b4a7f8edf17fd82
116	none	normal	base	assets/pokemmo-followers/follower_116_none_normal_base.png	assets/pokemmo-runtime/follower_116_none_normal_base.png	15	16	445c5bbaa79803a7c84ea2b993013277acabbf51c5773af32f7d432298068e57
116	none	shiny	base	assets/pokemmo-followers/follower_116_none_shiny_base.png	assets/pokemmo-runtime/follower_116_none_shiny_base.png	14	16	a86c9c5219482f545c6b8944d0ccdd1a3befce83e889a912163e1ce779c8e44d
117	none	normal	base	assets/pokemmo-followers/follower_117_none_normal_base.png	assets/pokemmo-runtime/follower_117_none_normal_base.png	14	16	461a7194e9b181a82a5af5b4b6aba4830874d7d48b32e6b3b23f7a74e3b145ff
117	none	shiny	base	assets/pokemmo-followers/follower_117_none_shiny_base.png	assets/pokemmo-runtime/follower_117_none_shiny_base.png	15	16	081d981a563ecc9dab36c69ae6ac46a3225176b0f478802fb7647e7ab87de827
118	none	normal	base	assets/pokemmo-followers/follower_118_none_normal_base.png	assets/pokemmo-runtime/follower_118_none_normal_base.png	15	13	dd7be66ed0c08ceee3ef9287913c8521c7714db28d04e758b11efada7c4ffc43
118	none	shiny	base	assets/pokemmo-followers/follower_118_none_shiny_base.png	assets/pokemmo-runtime/follower_118_none_shiny_base.png	15	16	81fea3923d8b3191773eea2a7f1ec6a38fad79b9ebe398ba357fc2c7f8411a56
119	none	normal	base	assets/pokemmo-followers/follower_119_none_normal_base.png	assets/pokemmo-runtime/follower_119_none_normal_base.png	15	15	40402e0e92a2f6eb0e85ea7e613b230384e4469a0e294ae2a88ddfa3f1d53344
119	none	shiny	base	assets/pokemmo-followers/follower_119_none_shiny_base.png	assets/pokemmo-runtime/follower_119_none_shiny_base.png	15	16	d17d138837dbee0bd302c237014528f17d7b678b20c9d53e0c74b25da359c0b1
120	none	normal	base	assets/pokemmo-followers/follower_120_none_normal_base.png	assets/pokemmo-runtime/follower_120_none_normal_base.png	15	16	975718d760a5d758f4b1bf3579928039a6e71c44e80d0d40ef445560dbf6105e
120	none	shiny	base	assets/pokemmo-followers/follower_120_none_shiny_base.png	assets/pokemmo-runtime/follower_120_none_shiny_base.png	15	16	ffee6f5894fdb658b8e96634f88011b48bfaeeeae94ae012e29767f71da6e275
121	none	normal	base	assets/pokemmo-followers/follower_121_none_normal_base.png	assets/pokemmo-runtime/follower_121_none_normal_base.png	15	16	98a3f86393753746c8b09a74b365d34a126703833c774c0fe1c1ee7cd36adb43
121	none	shiny	base	assets/pokemmo-followers/follower_121_none_shiny_base.png	assets/pokemmo-runtime/follower_121_none_shiny_base.png	15	16	f9c15db9e89af395e9b8a2f6002062b3317662e5a23a76574230a39c7a390eb4
122	none	normal	base	assets/pokemmo-followers/follower_122_none_normal_base.png	assets/pokemmo-runtime/follower_122_none_normal_base.png	15	16	2c0d12dbb4f6028fdd8960a410a88c7d4a0836c52db4d491539868f45dc279e7
122	none	shiny	base	assets/pokemmo-followers/follower_122_none_shiny_base.png	assets/pokemmo-runtime/follower_122_none_shiny_base.png	15	16	86c997da0616fa415e93a69786da1e17c2f4b850936eaa9d38b9e7b70bb9b1b7
123	none	normal	base	assets/pokemmo-followers/follower_123_none_normal_base.png	assets/pokemmo-runtime/follower_123_none_normal_base.png	15	16	bd4b7f6e8d1dd1c2a6c4c2198e83dd67c262fedbbb2ef3fb81c69ce8d10f0bbe
123	none	shiny	base	assets/pokemmo-followers/follower_123_none_shiny_base.png	assets/pokemmo-runtime/follower_123_none_shiny_base.png	15	16	de99ec31e2cbe2b49cb3512133562fefeb7731d9ec55e18d1d7ead2f31018856
124	none	normal	base	assets/pokemmo-followers/follower_124_none_normal_base.png	assets/pokemmo-runtime/follower_124_none_normal_base.png	15	16	8bd323699c63b8a4cb70229895af82408891e080e1515269dfb973aa49e53787
124	none	shiny	base	assets/pokemmo-followers/follower_124_none_shiny_base.png	assets/pokemmo-runtime/follower_124_none_shiny_base.png	15	16	1546779680be281ce30056c8772a73d80c71204aeef9d6ecf8969a9d4e6cdbb0
125	none	normal	base	assets/pokemmo-followers/follower_125_none_normal_base.png	assets/pokemmo-runtime/follower_125_none_normal_base.png	15	16	af8ce1c34c7b94a792132e4ca811d6f91c4e7577a0cda97e4238e31ad035d288
125	none	shiny	base	assets/pokemmo-followers/follower_125_none_shiny_base.png	assets/pokemmo-runtime/follower_125_none_shiny_base.png	15	16	99c10f644ca0da339116bae81930f60e232e2b5178d565b6c6c074c57e4003d9
126	none	normal	base	assets/pokemmo-followers/follower_126_none_normal_base.png	assets/pokemmo-runtime/follower_126_none_normal_base.png	15	16	f3627c0418369de506667a4f4ddbbfa6774c0b85fc47ce097d52881b1bb388aa
126	none	shiny	base	assets/pokemmo-followers/follower_126_none_shiny_base.png	assets/pokemmo-runtime/follower_126_none_shiny_base.png	15	16	cebfb6eb37c094afb974420b963dd6450ba19480a498a51a98cc008c10ebb05a
127	none	normal	base	assets/pokemmo-followers/follower_127_none_normal_base.png	assets/pokemmo-runtime/follower_127_none_normal_base.png	15	16	8c0cc4e06cf65db210b9fb1888abcb38734a6b834b3803e1fdde2b1d32708ec5
127	none	shiny	base	assets/pokemmo-followers/follower_127_none_shiny_base.png	assets/pokemmo-runtime/follower_127_none_shiny_base.png	15	16	ace52a493e269b765d99f75933655a266af9631d8feeedd0fc038b3d0a7bc481
128	none	normal	base	assets/pokemmo-followers/follower_128_none_normal_base.png	assets/pokemmo-runtime/follower_128_none_normal_base.png	15	16	09806ce05efb1af7b03a35f132dc9fdcb5a658f9bf7603ea120862e71d0b1fa4
128	none	shiny	base	assets/pokemmo-followers/follower_128_none_shiny_base.png	assets/pokemmo-runtime/follower_128_none_shiny_base.png	15	16	a6c98e4fdc127dd2ec22fb46527b7bff2b327a0a297a4d1dfbcff734fb46a6a9
129	none	normal	base	assets/pokemmo-followers/follower_129_none_normal_base.png	assets/pokemmo-runtime/follower_129_none_normal_base.png	15	15	dc6a8a05c8a7c9579c3bf3cd6ba2d4bcf2abef03a9577e7f5c4cbbd741c041e3
129	none	shiny	base	assets/pokemmo-followers/follower_129_none_shiny_base.png	assets/pokemmo-runtime/follower_129_none_shiny_base.png	15	16	0e6a217f5218972826ff2243a7f84e5d1c0a52f24700f6e3bfc205dbb26ab816
130	none	normal	base	assets/pokemmo-followers/follower_130_none_normal_base.png	assets/pokemmo-runtime/follower_130_none_normal_base.png	15	16	11e340ebcd2a61a08a1d4ba37670d30b1f1149295fe8e0cc1c9d5951b8e954f9
130	none	shiny	base	assets/pokemmo-followers/follower_130_none_shiny_base.png	assets/pokemmo-runtime/follower_130_none_shiny_base.png	15	16	6b62e08aaf4948c7df12c60355212e35fefff1b8a62c6170a5da49d74685a4b2
131	none	normal	base	assets/pokemmo-followers/follower_131_none_normal_base.png	assets/pokemmo-runtime/follower_131_none_normal_base.png	15	16	02b099da0ba49f1056a52e4910f07d0df6ef7b2705f9d8bd3e3ba28d42df890c
131	none	shiny	base	assets/pokemmo-followers/follower_131_none_shiny_base.png	assets/pokemmo-runtime/follower_131_none_shiny_base.png	15	16	ed58651fe83665bcd027c597a984340c248928aeb5897204cb40664d8d4e5446
132	none	normal	base	assets/pokemmo-followers/follower_132_none_normal_base.png	assets/pokemmo-runtime/follower_132_none_normal_base.png	15	11	0fd3a429b2f27ddeb2394f89529240c45605a63f7a13fc1401337521c2d1c680
132	none	shiny	base	assets/pokemmo-followers/follower_132_none_shiny_base.png	assets/pokemmo-runtime/follower_132_none_shiny_base.png	14	16	72e5adca783320edad47de4682706c9e3717e5c60573a8af8b481dc77fddb178
133	none	normal	base	assets/pokemmo-followers/follower_133_none_normal_base.png	assets/pokemmo-runtime/follower_133_none_normal_base.png	15	14	43a62adf8432dab06e017fc480aae42c23349a453010ed5b22caff4fa46e9957
133	none	shiny	base	assets/pokemmo-followers/follower_133_none_shiny_base.png	assets/pokemmo-runtime/follower_133_none_shiny_base.png	15	16	4b51458c35db1404bd493d52c174effbe1dcbe15335b35e8f891af7646e1391d
134	none	normal	base	assets/pokemmo-followers/follower_134_none_normal_base.png	assets/pokemmo-runtime/follower_134_none_normal_base.png	15	16	ed827d93ca5d6375373fd8d9d7c10f0c70dd7edb985111c937c6d7b3cadc3152
134	none	shiny	base	assets/pokemmo-followers/follower_134_none_shiny_base.png	assets/pokemmo-runtime/follower_134_none_shiny_base.png	15	16	9f967d0c03b18b58860a4d99eb7c0ba63fd17038e7031c2d4dbf0108ed1b20ba
135	none	normal	base	assets/pokemmo-followers/follower_135_none_normal_base.png	assets/pokemmo-runtime/follower_135_none_normal_base.png	15	16	9da9510ba42f0b00d3bc2360e757fed8400dacf20fddb9baaf375f78380d2678
135	none	shiny	base	assets/pokemmo-followers/follower_135_none_shiny_base.png	assets/pokemmo-runtime/follower_135_none_shiny_base.png	15	16	c5bafe68ee4ef3b74dde0a266c66355af7ef2f4d50fb02157bb0916d2f652680
136	none	normal	base	assets/pokemmo-followers/follower_136_none_normal_base.png	assets/pokemmo-runtime/follower_136_none_normal_base.png	15	16	70088f9638a68ca9702907275f61faafbb27b8e4d576c743c8e30c563feee233
136	none	shiny	base	assets/pokemmo-followers/follower_136_none_shiny_base.png	assets/pokemmo-runtime/follower_136_none_shiny_base.png	15	16	cfcc41c037ffbe4a5b41650a35fc3d0676277c3f8a1eeae07669983a785cfe6b
137	none	normal	base	assets/pokemmo-followers/follower_137_none_normal_base.png	assets/pokemmo-runtime/follower_137_none_normal_base.png	15	16	310b35b6b994f58f7f3d29aaba846270ea711ae31fb43e1ab851e659f16dbde2
137	none	shiny	base	assets/pokemmo-followers/follower_137_none_shiny_base.png	assets/pokemmo-runtime/follower_137_none_shiny_base.png	15	16	019634cc46751b08d2f7640f4c8a7dc41a210680780fdf0430d61dab3dfca29b
138	none	normal	base	assets/pokemmo-followers/follower_138_none_normal_base.png	assets/pokemmo-runtime/follower_138_none_normal_base.png	15	16	b8898629f24fd76cf068c93f5efdd88390fbc411a11b09012cdda92d9efb03c1
138	none	shiny	base	assets/pokemmo-followers/follower_138_none_shiny_base.png	assets/pokemmo-runtime/follower_138_none_shiny_base.png	14	16	fd4a5402f89ece22371bb1c922c24de45e912578157a3e499250ff8237da8ba4
139	none	normal	base	assets/pokemmo-followers/follower_139_none_normal_base.png	assets/pokemmo-runtime/follower_139_none_normal_base.png	15	15	7130384bff0083ed54d92443a78bbee179d6e935fec8deef55b351b4078ea8a3
139	none	shiny	base	assets/pokemmo-followers/follower_139_none_shiny_base.png	assets/pokemmo-runtime/follower_139_none_shiny_base.png	15	16	50b935447b5fbc983831e8f79095714da8f665907e1001c877f3b960a25427a5
140	none	normal	base	assets/pokemmo-followers/follower_140_none_normal_base.png	assets/pokemmo-runtime/follower_140_none_normal_base.png	15	14	845aac11c56627f699eb651084e6fe7cdaf4a9a4dfc796cbdd988ba055d37304
140	none	shiny	base	assets/pokemmo-followers/follower_140_none_shiny_base.png	assets/pokemmo-runtime/follower_140_none_shiny_base.png	14	16	f6779c8cc4bc75ce301f28102946dfceccdf9c291df4839cdc47ee6e2f5643f1
141	none	normal	base	assets/pokemmo-followers/follower_141_none_normal_base.png	assets/pokemmo-runtime/follower_141_none_normal_base.png	15	16	dc70f283cd9da94d9ebf0de8b4b8929b3efce2594a767a095f1bf387f802bb18
141	none	shiny	base	assets/pokemmo-followers/follower_141_none_shiny_base.png	assets/pokemmo-runtime/follower_141_none_shiny_base.png	15	16	c978746c0b7ae8b052c04baf3725aac5e043f9815cafe34f5c25869982b5a51a
142	none	normal	base	assets/pokemmo-followers/follower_142_none_normal_base.png	assets/pokemmo-runtime/follower_142_none_normal_base.png	15	12	f18a56ca22387aa4ab0331edd420e2f97298b7cd9f0d430c76292d9213b5937d
142	none	shiny	base	assets/pokemmo-followers/follower_142_none_shiny_base.png	assets/pokemmo-runtime/follower_142_none_shiny_base.png	15	16	00f23fa8414f95eae566db4c469662c5354ea4a97837ceca82b89e98995cde11
143	none	normal	base	assets/pokemmo-followers/follower_143_none_normal_base.png	assets/pokemmo-runtime/follower_143_none_normal_base.png	15	16	b8edac8b7fcc659a18e88bbc1adf0da7f0203d0992f3694be91c6a7b2ae40ce6
143	none	shiny	base	assets/pokemmo-followers/follower_143_none_shiny_base.png	assets/pokemmo-runtime/follower_143_none_shiny_base.png	15	16	ee399f3fd115d683bef28bb89920faf824aa8b1362379373adb23d512c701797
144	none	normal	base	assets/pokemmo-followers/follower_144_none_normal_base.png	assets/pokemmo-runtime/follower_144_none_normal_base.png	15	14	ebf2e4e9371292eee86cbf49c7f1abda215c2715fb9abf7aced4d3c5d193b0b5
144	none	shiny	base	assets/pokemmo-followers/follower_144_none_shiny_base.png	assets/pokemmo-runtime/follower_144_none_shiny_base.png	15	16	e6d2b67071602b588a9655fe360bb323eee9ea9252fd0c7e015f960b95a38967
145	none	normal	base	assets/pokemmo-followers/follower_145_none_normal_base.png	assets/pokemmo-runtime/follower_145_none_normal_base.png	15	15	0e7a3bab2de0587473e88cade52db12932ff484f67300646982e0db3017ccdc7
145	none	shiny	base	assets/pokemmo-followers/follower_145_none_shiny_base.png	assets/pokemmo-runtime/follower_145_none_shiny_base.png	15	16	4424795ac6128d7ff1c122c01f497c8a068d247b93a9f7b0a4cd256bdfbd3102
146	none	normal	base	assets/pokemmo-followers/follower_146_none_normal_base.png	assets/pokemmo-runtime/follower_146_none_normal_base.png	15	14	e0dc13db0aab6f845531788b201dbdc463148d48551b5c21c83f718cea023a69
146	none	shiny	base	assets/pokemmo-followers/follower_146_none_shiny_base.png	assets/pokemmo-runtime/follower_146_none_shiny_base.png	15	16	2a084a9ccb8a21ae572c91ffc2b0d7ad12b3f1014a1322154fca894c7d848282
147	none	normal	base	assets/pokemmo-followers/follower_147_none_normal_base.png	assets/pokemmo-runtime/follower_147_none_normal_base.png	14	16	50f28885ecaee84d6b1f25bb9fcf68fd627083d92a0cb225364d31f90f3b5d98
147	none	shiny	base	assets/pokemmo-followers/follower_147_none_shiny_base.png	assets/pokemmo-runtime/follower_147_none_shiny_base.png	15	16	034f36f54dbbf7635688384529a867b3c14aaf5e3d46ffd53e81e11a7514876e
148	none	normal	base	assets/pokemmo-followers/follower_148_none_normal_base.png	assets/pokemmo-runtime/follower_148_none_normal_base.png	15	16	425b13c84bf90aff4de466f276639b829b96551aa0fa36358f50665ac36434a0
148	none	shiny	base	assets/pokemmo-followers/follower_148_none_shiny_base.png	assets/pokemmo-runtime/follower_148_none_shiny_base.png	15	16	c2bb239da1da89f960a6a6714260ff252622457f79d2dbf8376ee1d8ae3b555d
149	none	normal	base	assets/pokemmo-followers/follower_149_none_normal_base.png	assets/pokemmo-runtime/follower_149_none_normal_base.png	15	16	c6093a181399e9d8fb6f332f9b1605b2f3716dedd539a47b36e758d0018af911
149	none	shiny	base	assets/pokemmo-followers/follower_149_none_shiny_base.png	assets/pokemmo-runtime/follower_149_none_shiny_base.png	15	16	069d52b6efccb5dc31bc434db90e265a9d80aeb2029a2397e46018c963c923d4
150	none	normal	base	assets/pokemmo-followers/follower_150_none_normal_base.png	assets/pokemmo-runtime/follower_150_none_normal_base.png	15	16	3e51427dda4c1510db716cbf8fbd411db060cf1084e7332f74958715c3090993
150	none	shiny	base	assets/pokemmo-followers/follower_150_none_shiny_base.png	assets/pokemmo-runtime/follower_150_none_shiny_base.png	15	16	f50559bac17d07ec61ca9ab3f3bf649616852d7141a9f833189e072e8299991c
151	none	normal	base	assets/pokemmo-followers/follower_151_none_normal_base.png	assets/pokemmo-runtime/follower_151_none_normal_base.png	15	16	0d5e7d236997255f69ebbe331586faadb933f0899a4aede8671173dbfccef530
151	none	shiny	base	assets/pokemmo-followers/follower_151_none_shiny_base.png	assets/pokemmo-runtime/follower_151_none_shiny_base.png	15	16	32b8a120936467fe6de107a30e81fe7210a34167dead87479172248801484d3e
152	none	normal	base	assets/pokemmo-followers/follower_152_none_normal_base.png	assets/pokemmo-runtime/follower_152_none_normal_base.png	13	16	725f650f30067eabf0fdab9922b389a1a4ed00d081befa003b5899d42458afcc
152	none	shiny	base	assets/pokemmo-followers/follower_152_none_shiny_base.png	assets/pokemmo-runtime/follower_152_none_shiny_base.png	14	16	67b8db555da4a69b4e6808490fcf7f3bc552797afcc81a96f6c09400b38b3127
153	none	normal	base	assets/pokemmo-followers/follower_153_none_normal_base.png	assets/pokemmo-runtime/follower_153_none_normal_base.png	15	16	89bf16321abfe21e1d5b9558b76a503591d071bc9b226a6fda7241f5e12e6744
153	none	shiny	base	assets/pokemmo-followers/follower_153_none_shiny_base.png	assets/pokemmo-runtime/follower_153_none_shiny_base.png	15	16	b299a7f6480c9113aaec1010d3e6d9183a4ee6e5d2e8f2c6d8ca4b478406afbe
154	female	normal	base	assets/pokemmo-followers/follower_154_female_normal_base.png	assets/pokemmo-runtime/follower_154_female_normal_base.png	15	16	23de8bf5b01ea83ac063340072cf2a086a2430bb8ad3e777d14c42b0fa5c040c
154	female	shiny	base	assets/pokemmo-followers/follower_154_female_shiny_base.png	assets/pokemmo-runtime/follower_154_female_shiny_base.png	15	16	8fceab7911b6a4e4d98f2d405ef3e7c24f9de4c971149d16b0bcf351a25e5b7f
154	male	normal	base	assets/pokemmo-followers/follower_154_male_normal_base.png	assets/pokemmo-runtime/follower_154_male_normal_base.png	15	16	a9e7488d8f1e1fb0c704fa6afb8c3f60b84f22dfbaf9c6feac5602c7374c079e
154	male	shiny	base	assets/pokemmo-followers/follower_154_male_shiny_base.png	assets/pokemmo-runtime/follower_154_male_shiny_base.png	15	16	6acc0bcf004acc77291c8472b6427c72c66cde40296dfb3398cad3f017819661
155	none	normal	base	assets/pokemmo-followers/follower_155_none_normal_base.png	assets/pokemmo-runtime/follower_155_none_normal_base.png	15	16	eaf3b5ae4de9fc6a14f183808e4d9ea8b6eff986e106792857ac1fc11e425b7d
155	none	shiny	base	assets/pokemmo-followers/follower_155_none_shiny_base.png	assets/pokemmo-runtime/follower_155_none_shiny_base.png	15	16	b22bd3a90b3347fe2ea8444ac0c3412ebfd01715fa2b0a09daa27b67e1097b57
156	none	normal	base	assets/pokemmo-followers/follower_156_none_normal_base.png	assets/pokemmo-runtime/follower_156_none_normal_base.png	15	16	62b45242c03fc45259b31ccd8a150a5d1cab53219f49e3a2c22a81b4b7efb04e
156	none	shiny	base	assets/pokemmo-followers/follower_156_none_shiny_base.png	assets/pokemmo-runtime/follower_156_none_shiny_base.png	15	16	48876a651e1c22dfb9f103c2bdf97433daf1b1589e5b69c83dbfeec00172cc5b
157	none	normal	base	assets/pokemmo-followers/follower_157_none_normal_base.png	assets/pokemmo-runtime/follower_157_none_normal_base.png	15	16	3dc69c94adf5faed3eccd76f98e1cd588e0e9101866fc3f0c15e2c4515175828
157	none	shiny	base	assets/pokemmo-followers/follower_157_none_shiny_base.png	assets/pokemmo-runtime/follower_157_none_shiny_base.png	15	16	cf386438d10a9d53fe68f0a5bc77f81d65658abde876908300451e3828d72918
158	none	normal	base	assets/pokemmo-followers/follower_158_none_normal_base.png	assets/pokemmo-runtime/follower_158_none_normal_base.png	15	16	09b910be7c3704d5889f9f7072abf8019385ff0c74042695ee0a518d3cd6d7de
158	none	shiny	base	assets/pokemmo-followers/follower_158_none_shiny_base.png	assets/pokemmo-runtime/follower_158_none_shiny_base.png	14	16	11b21a7e53b81114b7732c30cdeaeeb98eeb2a53490ff3187f06a669625ec0b6
159	none	normal	base	assets/pokemmo-followers/follower_159_none_normal_base.png	assets/pokemmo-runtime/follower_159_none_normal_base.png	15	16	d0af885ecd58467a3401df92e60a7b43d07412bac3ca329a3d19008f25e17e7a
159	none	shiny	base	assets/pokemmo-followers/follower_159_none_shiny_base.png	assets/pokemmo-runtime/follower_159_none_shiny_base.png	15	16	294084d192b3f78284169e54d6063b3f825bae04605cc6aeadcc251af0e2a623
160	none	normal	base	assets/pokemmo-followers/follower_160_none_normal_base.png	assets/pokemmo-runtime/follower_160_none_normal_base.png	15	16	19feab2789418bed1815df59e785e62d933e0f596dbbb8158d8cb1ee9d1ed80d
160	none	shiny	base	assets/pokemmo-followers/follower_160_none_shiny_base.png	assets/pokemmo-runtime/follower_160_none_shiny_base.png	15	16	d5ee68f4f96bc9957e87a2ad40e743576834e0d40aedb36b7b11c96e09fbab72
161	none	normal	base	assets/pokemmo-followers/follower_161_none_normal_base.png	assets/pokemmo-runtime/follower_161_none_normal_base.png	15	16	84c452a2c48fb65c5847aec9edc3209a973d31daebd9f27190ba9577cfebeb52
161	none	shiny	base	assets/pokemmo-followers/follower_161_none_shiny_base.png	assets/pokemmo-runtime/follower_161_none_shiny_base.png	15	16	9e531d0c25e74ff5ac2ab6c6e44666eaf8416eb498010929330cb2be96d3f311
162	none	normal	base	assets/pokemmo-followers/follower_162_none_normal_base.png	assets/pokemmo-runtime/follower_162_none_normal_base.png	15	16	228f97f63308cf3b91d21fc63383cc49bdc20eca8dbe3e58b139e03836d4a81e
162	none	shiny	base	assets/pokemmo-followers/follower_162_none_shiny_base.png	assets/pokemmo-runtime/follower_162_none_shiny_base.png	15	16	1c5cfbfa45c341d5e86e8c5a14967e7b373f22d3908fbf346f6518b89d44ce91
163	none	normal	base	assets/pokemmo-followers/follower_163_none_normal_base.png	assets/pokemmo-runtime/follower_163_none_normal_base.png	15	16	2b63490f0c22f0f864f83dc659401eea2e0d4c87758c05cddf97d9b5c8cdc798
163	none	shiny	base	assets/pokemmo-followers/follower_163_none_shiny_base.png	assets/pokemmo-runtime/follower_163_none_shiny_base.png	15	16	0b4d69264126a9d3e905e7d92de453f3c90aa1f11527db3d6d61f64e2a02d9c3
164	none	normal	base	assets/pokemmo-followers/follower_164_none_normal_base.png	assets/pokemmo-runtime/follower_164_none_normal_base.png	15	14	e55e7593a8cc644d20de6a9bc445af5e4dfb62ae53a9065b85970be94be3d8bc
164	none	shiny	base	assets/pokemmo-followers/follower_164_none_shiny_base.png	assets/pokemmo-runtime/follower_164_none_shiny_base.png	15	16	9c6a40c1e65a931706f0c446f2f0d38213a2f1c5c45e76734af87490a3a23aea
165	none	normal	base	assets/pokemmo-followers/follower_165_none_normal_base.png	assets/pokemmo-runtime/follower_165_none_normal_base.png	15	14	825a371ccdd4ba549995c533e4242aeefe9c83f300f6d607f49b4416023a2bb6
165	none	shiny	base	assets/pokemmo-followers/follower_165_none_shiny_base.png	assets/pokemmo-runtime/follower_165_none_shiny_base.png	15	16	569f06a2e2b7d0efa7c523e981a4064cb119fdfd3e3ca6e0247e08c8364f4e57
166	none	normal	base	assets/pokemmo-followers/follower_166_none_normal_base.png	assets/pokemmo-runtime/follower_166_none_normal_base.png	15	16	226b795aec3282e350733aa2f7f5e9cde68c85f3ed0ce36cf19be118fc25df7c
166	none	shiny	base	assets/pokemmo-followers/follower_166_none_shiny_base.png	assets/pokemmo-runtime/follower_166_none_shiny_base.png	15	16	6c1357e834553ea74128a2f5683fe22edef65df28cbd05b8e78c4103f933ac74
167	none	normal	base	assets/pokemmo-followers/follower_167_none_normal_base.png	assets/pokemmo-runtime/follower_167_none_normal_base.png	15	11	354d3d786115fe26c8728ef083885e93a08d136a93f17af0970fec080c688dae
167	none	shiny	base	assets/pokemmo-followers/follower_167_none_shiny_base.png	assets/pokemmo-runtime/follower_167_none_shiny_base.png	15	16	15cf42cb1eb2a37a9d4acc53a1ed1d16bb5f5ba02da88950fa61ce0ec034169c
168	none	normal	base	assets/pokemmo-followers/follower_168_none_normal_base.png	assets/pokemmo-runtime/follower_168_none_normal_base.png	15	13	690d3ae8b291a2d87dc69c616e14b8f6d32a4216d12603ee7e7aeb879b510a8b
168	none	shiny	base	assets/pokemmo-followers/follower_168_none_shiny_base.png	assets/pokemmo-runtime/follower_168_none_shiny_base.png	15	14	c6cf60bcf3d7bf3521662f6f22665f6713fc69e0df833ca369eff8434504ec7b
169	none	normal	base	assets/pokemmo-followers/follower_169_none_normal_base.png	assets/pokemmo-runtime/follower_169_none_normal_base.png	15	16	559a7d3184abadd1f46e5f9119b453816e371d3ce81652356774cf3cf8b8a9e1
169	none	shiny	base	assets/pokemmo-followers/follower_169_none_shiny_base.png	assets/pokemmo-runtime/follower_169_none_shiny_base.png	15	16	497c1c9a2364ec56630efb70f4b2699d99dad69d3d91ff2237331af3ae0c78c0
170	none	normal	base	assets/pokemmo-followers/follower_170_none_normal_base.png	assets/pokemmo-runtime/follower_170_none_normal_base.png	15	13	a0fa3dc1e91403562bec220a0f64e59b4aa5c8874763b47965d3b7d439dc0c44
170	none	shiny	base	assets/pokemmo-followers/follower_170_none_shiny_base.png	assets/pokemmo-runtime/follower_170_none_shiny_base.png	15	16	bc75bbbed51be281c53479a1765941a700a10e0712f96f23f99bbf9a973df22c
171	none	normal	base	assets/pokemmo-followers/follower_171_none_normal_base.png	assets/pokemmo-runtime/follower_171_none_normal_base.png	15	16	4d8ff5d0fe755449262a2f0c8112d18693d7e650f27c77a897834f700619d2bd
171	none	shiny	base	assets/pokemmo-followers/follower_171_none_shiny_base.png	assets/pokemmo-runtime/follower_171_none_shiny_base.png	15	16	b888d2c2523b41e664240ea0c1db7c7455b57866c1d1990a392afc127e9894ee
172	none	normal	base	assets/pokemmo-followers/follower_172_none_normal_base.png	assets/pokemmo-runtime/follower_172_none_normal_base.png	15	15	256bb1d8c51204c7435a95f9ba82dc25fed1f6c259e8be04ba6bbffc1a3bd5ca
172	none	shiny	base	assets/pokemmo-followers/follower_172_none_shiny_base.png	assets/pokemmo-runtime/follower_172_none_shiny_base.png	14	16	16bd982dcd1ae4d1f1f27744c56e5c561a164be2784458c6ab0ad6164ef11fc3
173	none	normal	base	assets/pokemmo-followers/follower_173_none_normal_base.png	assets/pokemmo-runtime/follower_173_none_normal_base.png	15	14	f9dd9c2a3a39aca6c782f9cf342bce1ae48040e5a578e7c993750c6e1afc1cf8
173	none	shiny	base	assets/pokemmo-followers/follower_173_none_shiny_base.png	assets/pokemmo-runtime/follower_173_none_shiny_base.png	14	16	a877b6b748444bdcce6e4220e4aee83faaf21df816ebf011f3ec03c0aa595728
174	none	normal	base	assets/pokemmo-followers/follower_174_none_normal_base.png	assets/pokemmo-runtime/follower_174_none_normal_base.png	15	16	eaa26a83d1a4b57b5b1274ea8bfd7fca9330b5826b53720b14e7ecd3b2e55942
174	none	shiny	base	assets/pokemmo-followers/follower_174_none_shiny_base.png	assets/pokemmo-runtime/follower_174_none_shiny_base.png	14	16	701ac163521e0094ed892adf002e819a002c7269898a6306f0124415b0ab555b
175	none	normal	base	assets/pokemmo-followers/follower_175_none_normal_base.png	assets/pokemmo-runtime/follower_175_none_normal_base.png	14	16	ab6bc3681281971c9bf8ea228573391b2088ce8ca4e78f8f7a90bf2939404918
175	none	shiny	base	assets/pokemmo-followers/follower_175_none_shiny_base.png	assets/pokemmo-runtime/follower_175_none_shiny_base.png	14	16	45f48ee5dbb7765b61a20a0fbfd3509bebd77580867a9e4279d08efb5ae4e9f2
176	none	normal	base	assets/pokemmo-followers/follower_176_none_normal_base.png	assets/pokemmo-runtime/follower_176_none_normal_base.png	14	16	5631b703620f47d158616ec1f449da572d8d3395b68a68e53bf58d14cfabcc51
176	none	shiny	base	assets/pokemmo-followers/follower_176_none_shiny_base.png	assets/pokemmo-runtime/follower_176_none_shiny_base.png	14	16	8433c7b7e2ab65dff35194da596da8078954c960e96ab4a8c1d5928e8606f347
177	none	normal	base	assets/pokemmo-followers/follower_177_none_normal_base.png	assets/pokemmo-runtime/follower_177_none_normal_base.png	15	15	6ee6b302e3ccb5e0176b404a1ccb6a0f73077a4de4f340230b3dd745c1ddde33
177	none	shiny	base	assets/pokemmo-followers/follower_177_none_shiny_base.png	assets/pokemmo-runtime/follower_177_none_shiny_base.png	14	16	e793b32ca2a15553a2087eddb271c7ab76fed1e9b218a40691470d8bb6bc69f0
178	none	normal	base	assets/pokemmo-followers/follower_178_none_normal_base.png	assets/pokemmo-runtime/follower_178_none_normal_base.png	15	16	110b560d9385ea38fef27445f7ba73de507319f125dea701a8534069dc459fb1
178	none	shiny	base	assets/pokemmo-followers/follower_178_none_shiny_base.png	assets/pokemmo-runtime/follower_178_none_shiny_base.png	15	16	b78fd838d9976cdd4bcfaf7b8e17adbc77ac33d30d34ab409096c9ce0240688d
179	none	normal	base	assets/pokemmo-followers/follower_179_none_normal_base.png	assets/pokemmo-runtime/follower_179_none_normal_base.png	15	15	4dad3966c13ceb58e6422cc69951860e9dd6ca3d6ee2db148a6f1d3965219b99
179	none	shiny	base	assets/pokemmo-followers/follower_179_none_shiny_base.png	assets/pokemmo-runtime/follower_179_none_shiny_base.png	15	16	357bceb59767e9c7a0ba2be89273ae4a347a44fb84c645c83141b770a0440f54
180	none	normal	base	assets/pokemmo-followers/follower_180_none_normal_base.png	assets/pokemmo-runtime/follower_180_none_normal_base.png	15	16	7b28c705a38adcb80f6e47fb5d61d789f0caa60b7bd614a6405adf0b340919c3
180	none	shiny	base	assets/pokemmo-followers/follower_180_none_shiny_base.png	assets/pokemmo-runtime/follower_180_none_shiny_base.png	15	16	83fa237f7fb5e3a18a75ab68834bb43e5b2d152b7b925a7361e7e7a1af3215be
181	none	normal	base	assets/pokemmo-followers/follower_181_none_normal_base.png	assets/pokemmo-runtime/follower_181_none_normal_base.png	15	16	1de0aee7a36da4e60dbab0221e4022f786869fbe39f625cd19b8a6af18013c04
181	none	shiny	base	assets/pokemmo-followers/follower_181_none_shiny_base.png	assets/pokemmo-runtime/follower_181_none_shiny_base.png	15	16	2a2975e93b01865926d3a69ef41f35dbc2d4121ba39e5f4faa6c3d2478434baa
182	none	normal	base	assets/pokemmo-followers/follower_182_none_normal_base.png	assets/pokemmo-runtime/follower_182_none_normal_base.png	13	16	8b5640de37341688d18f0ae828c167f0351aad21cf27419e3da4c1f7ec80672a
182	none	shiny	base	assets/pokemmo-followers/follower_182_none_shiny_base.png	assets/pokemmo-runtime/follower_182_none_shiny_base.png	14	16	e31fad63209023d34546306c99d00ae39942c7bb88bf95a4284e1d9c7463416b
183	none	normal	base	assets/pokemmo-followers/follower_183_none_normal_base.png	assets/pokemmo-runtime/follower_183_none_normal_base.png	15	11	9ca27c9166ea40506b58e40c53b947ad2c299eddeb0024e6ddabfeb2b7f3647f
183	none	shiny	base	assets/pokemmo-followers/follower_183_none_shiny_base.png	assets/pokemmo-runtime/follower_183_none_shiny_base.png	15	15	220708f5808aa61758e3b7f7857d44adf8ecc652aee6a8e52d47e85ed5d31dc2
184	none	normal	base	assets/pokemmo-followers/follower_184_none_normal_base.png	assets/pokemmo-runtime/follower_184_none_normal_base.png	15	14	cb7df6e447b6630cea6d36b72794fe255b065808ef7e0de4505063466ea346cf
184	none	shiny	base	assets/pokemmo-followers/follower_184_none_shiny_base.png	assets/pokemmo-runtime/follower_184_none_shiny_base.png	15	16	f2fe0980b09d9bb33a910f1e430ddc5d920833292e61a0b5117ee181dd17ee2b
185	none	normal	base	assets/pokemmo-followers/follower_185_none_normal_base.png	assets/pokemmo-runtime/follower_185_none_normal_base.png	15	16	cbfd0b489513ed14c7afdaf237c7113d2f59bef4d6c81c2f0302845d9a0bd260
185	none	shiny	base	assets/pokemmo-followers/follower_185_none_shiny_base.png	assets/pokemmo-runtime/follower_185_none_shiny_base.png	15	16	7b40e6ea310cae0f9fda7f2939f2fd7ebddb2c698d573840b0d6d560ccc22243
186	none	normal	base	assets/pokemmo-followers/follower_186_none_normal_base.png	assets/pokemmo-runtime/follower_186_none_normal_base.png	14	16	ce63d6f5dc1c7fb2dae533e2e7708ae1efcb31672b41aeef6bee2e8c3bc6a49c
186	none	shiny	base	assets/pokemmo-followers/follower_186_none_shiny_base.png	assets/pokemmo-runtime/follower_186_none_shiny_base.png	15	16	0651ecfe097250c9aa9218067cdf43f98c01ee7e7da3eb599666eecf5cda6001
187	none	normal	base	assets/pokemmo-followers/follower_187_none_normal_base.png	assets/pokemmo-runtime/follower_187_none_normal_base.png	14	16	1058d641d7128bcada4972e51e961861584041aad3767672f79e2e591bc28ff7
187	none	shiny	base	assets/pokemmo-followers/follower_187_none_shiny_base.png	assets/pokemmo-runtime/follower_187_none_shiny_base.png	14	16	2863eaa67cdcb4244b96e7fd0cf7579a85ad2b8ed6bd6e076b54f4e3709a8560
188	none	normal	base	assets/pokemmo-followers/follower_188_none_normal_base.png	assets/pokemmo-runtime/follower_188_none_normal_base.png	15	16	8c79170546ce51ac7635ac2ad059b5d67037c51ce786366c9852c9a88eed2304
188	none	shiny	base	assets/pokemmo-followers/follower_188_none_shiny_base.png	assets/pokemmo-runtime/follower_188_none_shiny_base.png	15	16	e4f985de22c922450f64a0b458fa56fc9721984028472a5fbc7f771591f3dd7b
189	none	normal	base	assets/pokemmo-followers/follower_189_none_normal_base.png	assets/pokemmo-runtime/follower_189_none_normal_base.png	15	16	292efd1ac8abbd78f821944bd3a88357beba832dcb174b281ba3e708c206ac80
189	none	shiny	base	assets/pokemmo-followers/follower_189_none_shiny_base.png	assets/pokemmo-runtime/follower_189_none_shiny_base.png	15	16	e5982112f47ca0815b088ddd835844a444334d4c594b9800e66eb87c23f6d505
190	none	normal	base	assets/pokemmo-followers/follower_190_none_normal_base.png	assets/pokemmo-runtime/follower_190_none_normal_base.png	15	16	7d74a679d6dbdaebda268aaa185a00ccd6291c9da6f2b8ff4a0724374cf338ce
190	none	shiny	base	assets/pokemmo-followers/follower_190_none_shiny_base.png	assets/pokemmo-runtime/follower_190_none_shiny_base.png	15	16	526254f98eda502760d0bb99899fb9a00e07a1ebdc9fb3931f96262b517d2374
191	none	normal	base	assets/pokemmo-followers/follower_191_none_normal_base.png	assets/pokemmo-runtime/follower_191_none_normal_base.png	10	15	660aca0631a796e21c39b8cdc09c722bfd142c8fbd0de4fc84a17515ffc38372
191	none	shiny	base	assets/pokemmo-followers/follower_191_none_shiny_base.png	assets/pokemmo-runtime/follower_191_none_shiny_base.png	14	16	b954c788c9220e140ab7933f83ecddcc5ee6a4f6ba15d5797c474641a20b6e47
192	none	normal	base	assets/pokemmo-followers/follower_192_none_normal_base.png	assets/pokemmo-runtime/follower_192_none_normal_base.png	14	16	d077c394229f2ff5299422ec9ee1040529fa619912cb940edea32afaca64f305
192	none	shiny	base	assets/pokemmo-followers/follower_192_none_shiny_base.png	assets/pokemmo-runtime/follower_192_none_shiny_base.png	14	16	a898affccde3cc3b781d9f09a1d6fd83e843e95fcf4a8fd3f1e9b504393349ff
193	none	normal	base	assets/pokemmo-followers/follower_193_none_normal_base.png	assets/pokemmo-runtime/follower_193_none_normal_base.png	15	12	eb8997b9b4ae629633f753998573df7d7165b20257eecbfd2a15050489392257
193	none	shiny	base	assets/pokemmo-followers/follower_193_none_shiny_base.png	assets/pokemmo-runtime/follower_193_none_shiny_base.png	15	14	5357cdc45bca4581b58c0000c92d676fb7f6810c8705c6a41cfe6ef6e9135de7
194	none	normal	base	assets/pokemmo-followers/follower_194_none_normal_base.png	assets/pokemmo-runtime/follower_194_none_normal_base.png	15	14	071b3945ba89b5ad8f74adebfd3f4a96ac7efdb91bf31349a2a6d0da40b7a247
194	none	shiny	base	assets/pokemmo-followers/follower_194_none_shiny_base.png	assets/pokemmo-runtime/follower_194_none_shiny_base.png	14	16	acd52ec530eb399bcbfcde99f7f1bc4f5885bc79823c5e08de07b5feb47a227d
195	none	normal	base	assets/pokemmo-followers/follower_195_none_normal_base.png	assets/pokemmo-runtime/follower_195_none_normal_base.png	15	16	90d3b5371b7f9d58e874d727a609ac8c6dfc350313a0b112644f37740044014a
195	none	shiny	base	assets/pokemmo-followers/follower_195_none_shiny_base.png	assets/pokemmo-runtime/follower_195_none_shiny_base.png	15	16	3c1598f00db7038921b87754386705ec99ea2caa4dc3eacf047d66c67b954a76
196	none	normal	base	assets/pokemmo-followers/follower_196_none_normal_base.png	assets/pokemmo-runtime/follower_196_none_normal_base.png	15	16	06d93b5ef6773df48e3dbf492a75465461d6c818e7349b5a4b5a194f222cb4eb
196	none	shiny	base	assets/pokemmo-followers/follower_196_none_shiny_base.png	assets/pokemmo-runtime/follower_196_none_shiny_base.png	15	16	79e570e24e482c1b2a420cc4635f4cba9e87c1230e62fddbe800823f9af20ed5
197	none	normal	base	assets/pokemmo-followers/follower_197_none_normal_base.png	assets/pokemmo-runtime/follower_197_none_normal_base.png	15	16	2a7ce253b865990f8989311c8fc156f3f27053887c3921900a93775a358ff18c
197	none	shiny	base	assets/pokemmo-followers/follower_197_none_shiny_base.png	assets/pokemmo-runtime/follower_197_none_shiny_base.png	15	16	601e0d1005926873ff790a4e311ae5f6fa5f7788f96af3aebfbad35f15874a2a
198	none	normal	base	assets/pokemmo-followers/follower_198_none_normal_base.png	assets/pokemmo-runtime/follower_198_none_normal_base.png	13	16	bfe8d7f16a41f406d19f4c094beb0e737109374c21861ba0ed3759aaec547abb
198	none	shiny	base	assets/pokemmo-followers/follower_198_none_shiny_base.png	assets/pokemmo-runtime/follower_198_none_shiny_base.png	14	16	773e0551ad7f7ce8069d19957751575df8c5eb7312c49e03f4ccf9013eccc860
199	none	normal	base	assets/pokemmo-followers/follower_199_none_normal_base.png	assets/pokemmo-runtime/follower_199_none_normal_base.png	11	16	69b4d664130555d63c932ae1ba50e38ca5983ed3e9561e17c3e35c10abe56a97
199	none	shiny	base	assets/pokemmo-followers/follower_199_none_shiny_base.png	assets/pokemmo-runtime/follower_199_none_shiny_base.png	13	16	b158bba280dc212969d2286daa189162674ff4fbb9cd934d89454be18cc357f6
200	none	normal	base	assets/pokemmo-followers/follower_200_none_normal_base.png	assets/pokemmo-runtime/follower_200_none_normal_base.png	15	16	61ec57cdb0be772a4b0a871004161f83595f5931a7e1878f98b80b5e5957b63d
200	none	shiny	base	assets/pokemmo-followers/follower_200_none_shiny_base.png	assets/pokemmo-runtime/follower_200_none_shiny_base.png	15	16	c61eebb52d9115d6d06cae60574161c59a0716a09372c1a039e88ea6bd89f67b
201	none	normal	01	assets/pokemmo-followers/follower_201_none_normal_01.png	assets/pokemmo-runtime/follower_201_none_normal_01.png	13	15	4fd64a7c5e692b52fcc6e5013103921ac00dda789c18c947d4ef3b9d1116919d
201	none	normal	02	assets/pokemmo-followers/follower_201_none_normal_02.png	assets/pokemmo-runtime/follower_201_none_normal_02.png	14	16	02c091cc576e216a3b6ba78169de5c2e7bea883703663167a2cd51f1dd261905
201	none	normal	03	assets/pokemmo-followers/follower_201_none_normal_03.png	assets/pokemmo-runtime/follower_201_none_normal_03.png	12	15	e5bc8792e35d70b974244f7ab68b5a26cc1d8fd5a3774b2fda1db3fefee5ac92
201	none	normal	04	assets/pokemmo-followers/follower_201_none_normal_04.png	assets/pokemmo-runtime/follower_201_none_normal_04.png	13	15	132013b3afa90bb85defa32a402bec01a08974dc5a238bd6969d2adfc270949b
201	none	normal	05	assets/pokemmo-followers/follower_201_none_normal_05.png	assets/pokemmo-runtime/follower_201_none_normal_05.png	14	15	829b681ed3946df031ab07ca4bce22de8c54ac6929724621b2fe020197108431
201	none	normal	06	assets/pokemmo-followers/follower_201_none_normal_06.png	assets/pokemmo-runtime/follower_201_none_normal_06.png	8	16	2e44aca432ace8aca151c83d0a8f48fefb5ffa3f468abda2c83bc6557d127829
201	none	normal	07	assets/pokemmo-followers/follower_201_none_normal_07.png	assets/pokemmo-runtime/follower_201_none_normal_07.png	15	15	c3b970839c2eca35eab773e968d29b605941513a3e69d7bfe418742458c29d14
201	none	normal	08	assets/pokemmo-followers/follower_201_none_normal_08.png	assets/pokemmo-runtime/follower_201_none_normal_08.png	9	15	d9ecee58a3e3deeb8372e5dc31e01c7200517a991cdd63e87bd06762eebbd2b0
201	none	normal	09	assets/pokemmo-followers/follower_201_none_normal_09.png	assets/pokemmo-runtime/follower_201_none_normal_09.png	9	13	1f16a61a2bbd223048db085ab09676233f8b5fad143ad7385ac6cc98c58eecf7
201	none	normal	10	assets/pokemmo-followers/follower_201_none_normal_10.png	assets/pokemmo-runtime/follower_201_none_normal_10.png	11	15	95b4e48bc8ab0fa955678f947f645bcf64b5194300b6b7db42b4fbe00fb75f01
201	none	normal	11	assets/pokemmo-followers/follower_201_none_normal_11.png	assets/pokemmo-runtime/follower_201_none_normal_11.png	9	13	a42fdbc37917eab8ccab06bddb8c00b04a1b25218b309b4904cadd6164356ab9
201	none	normal	12	assets/pokemmo-followers/follower_201_none_normal_12.png	assets/pokemmo-runtime/follower_201_none_normal_12.png	15	14	0f8535fb8be892165e416d903454be7bc00f3d5ac30bc75b3986aa77f97c76dc
201	none	normal	13	assets/pokemmo-followers/follower_201_none_normal_13.png	assets/pokemmo-runtime/follower_201_none_normal_13.png	15	13	0c92a19be0a81625a41d6ec8d198192c8a82edfd0a652e553dee5c84edd9d43e
201	none	normal	14	assets/pokemmo-followers/follower_201_none_normal_14.png	assets/pokemmo-runtime/follower_201_none_normal_14.png	15	15	d448277bdb3494660dae39b9599d4b882a15158776a64f641652a5bcf60ecc03
201	none	normal	15	assets/pokemmo-followers/follower_201_none_normal_15.png	assets/pokemmo-runtime/follower_201_none_normal_15.png	9	14	e68ab545e790e550f4760f78362be18e98a87c9000149638c8168747d725e428
201	none	normal	16	assets/pokemmo-followers/follower_201_none_normal_16.png	assets/pokemmo-runtime/follower_201_none_normal_16.png	12	14	9b700ecbac5b2554844392b33db3c836f7c8d0678c0f5884acc1bea4ca92a7b1
201	none	normal	17	assets/pokemmo-followers/follower_201_none_normal_17.png	assets/pokemmo-runtime/follower_201_none_normal_17.png	9	14	5659ebc0570f96c85921031d4a3b29d0e91d6f3b22621badaa9dc77f538b391c
201	none	normal	18	assets/pokemmo-followers/follower_201_none_normal_18.png	assets/pokemmo-runtime/follower_201_none_normal_18.png	10	16	e761e3e063325edd6f6ea2eb951fe20c3bb2a7f6991b7fb8743caab63cbe9ee9
201	none	normal	19	assets/pokemmo-followers/follower_201_none_normal_19.png	assets/pokemmo-runtime/follower_201_none_normal_19.png	11	13	e0646d89955d007c2730da19f4c578627d2f215d0f1e2eeda176fb21bcdcf015
201	none	normal	20	assets/pokemmo-followers/follower_201_none_normal_20.png	assets/pokemmo-runtime/follower_201_none_normal_20.png	15	13	90a960b21a157a4e678c4f1788e43b713e7aad09093221c25527e3036d7c2ff7
201	none	normal	21	assets/pokemmo-followers/follower_201_none_normal_21.png	assets/pokemmo-runtime/follower_201_none_normal_21.png	10	14	d82d1a180c35a48b184c728aaf94b1abc65863df6915e815ab90cff0c042f657
201	none	normal	22	assets/pokemmo-followers/follower_201_none_normal_22.png	assets/pokemmo-runtime/follower_201_none_normal_22.png	13	13	26c180fb4843eb171fbf33a65e2de1abd0f978dc02cd71506ba7ac1ef3aa8e99
201	none	normal	23	assets/pokemmo-followers/follower_201_none_normal_23.png	assets/pokemmo-runtime/follower_201_none_normal_23.png	11	11	3b563c623ec8de60c7a67d9a14460cacb2281af6869bf4bf066c7fd2d60bc1bc
201	none	normal	24	assets/pokemmo-followers/follower_201_none_normal_24.png	assets/pokemmo-runtime/follower_201_none_normal_24.png	11	15	1f601bb1932ad1756080fc89463823980403892297d170ca93ee608a174e2f85
201	none	normal	25	assets/pokemmo-followers/follower_201_none_normal_25.png	assets/pokemmo-runtime/follower_201_none_normal_25.png	9	16	37e933e702ecadf002ee393b0d42fb564a24804adad3b86bba0406faaf2c332d
201	none	normal	26	assets/pokemmo-followers/follower_201_none_normal_26.png	assets/pokemmo-runtime/follower_201_none_normal_26.png	9	15	478fb4e92332c6066f71325b78ae84e833c33fa832d876903c24f7d3b6d8e7aa
201	none	normal	27	assets/pokemmo-followers/follower_201_none_normal_27.png	assets/pokemmo-runtime/follower_201_none_normal_27.png	9	16	76e70d73c1a10cd9036da356a3c5b89095bb21ae339716942a35fdbb2aaebb2f
201	none	normal	base	assets/pokemmo-followers/follower_201_none_normal_base.png	assets/pokemmo-runtime/follower_201_none_normal_base.png	9	15	f2fa49d989ac03ab40a640ce5bc7bba6fbc510f608da9d10dec83dbaf609377e
201	none	shiny	01	assets/pokemmo-followers/follower_201_none_shiny_01.png	assets/pokemmo-runtime/follower_201_none_shiny_01.png	14	16	d59d41059132e7d0b2ae6f92054fdbc530962185d440588f98cc9934a9d8f92e
201	none	shiny	02	assets/pokemmo-followers/follower_201_none_shiny_02.png	assets/pokemmo-runtime/follower_201_none_shiny_02.png	14	16	f7d6df2e1c9471b39ed1cf94cc68d14c883846898a9555495d7839f71b7f75f5
201	none	shiny	03	assets/pokemmo-followers/follower_201_none_shiny_03.png	assets/pokemmo-runtime/follower_201_none_shiny_03.png	14	16	e207f7110ad4935601fc53addeaa7ade334f36388cac0efbdbe1cbeb8fdad669
201	none	shiny	04	assets/pokemmo-followers/follower_201_none_shiny_04.png	assets/pokemmo-runtime/follower_201_none_shiny_04.png	14	16	810a518a19d16bc73cd7947645fbd631271ec56c88a4dd6bf0e6f4778063a8b1
201	none	shiny	05	assets/pokemmo-followers/follower_201_none_shiny_05.png	assets/pokemmo-runtime/follower_201_none_shiny_05.png	15	16	ab9c675c8ed92857eb6c79c009b9d31c7b5a883c427858f5b18c309e4b8f700b
201	none	shiny	06	assets/pokemmo-followers/follower_201_none_shiny_06.png	assets/pokemmo-runtime/follower_201_none_shiny_06.png	14	16	76a8b417d89f7e5dd25888ff2d6335f00a1bc8abc35a8bcbea1c5bab098f6217
201	none	shiny	07	assets/pokemmo-followers/follower_201_none_shiny_07.png	assets/pokemmo-runtime/follower_201_none_shiny_07.png	14	16	0c1e21bbbad7d14ad1ca56e651e6a951e19ae24edc76994561eb182574df007c
201	none	shiny	08	assets/pokemmo-followers/follower_201_none_shiny_08.png	assets/pokemmo-runtime/follower_201_none_shiny_08.png	14	16	fc29c09144ae1f72ec7aa39ebb2cf2b58e300eb2220b86b02dcb1e4d259e3e42
201	none	shiny	09	assets/pokemmo-followers/follower_201_none_shiny_09.png	assets/pokemmo-runtime/follower_201_none_shiny_09.png	14	16	f91c35c8479665c88b49df3777a45e1921d7633e0b643f4029f4fc76182669e8
201	none	shiny	10	assets/pokemmo-followers/follower_201_none_shiny_10.png	assets/pokemmo-runtime/follower_201_none_shiny_10.png	14	16	95182e70f71638d56d96f5711677dd802c503945afce27633e3be8e76124e6c0
201	none	shiny	11	assets/pokemmo-followers/follower_201_none_shiny_11.png	assets/pokemmo-runtime/follower_201_none_shiny_11.png	14	16	08327d595c77f50367f3bf276c6b40dbf6048d222fce6dafffa417adf9a84e50
201	none	shiny	12	assets/pokemmo-followers/follower_201_none_shiny_12.png	assets/pokemmo-runtime/follower_201_none_shiny_12.png	14	16	da16fba536d589126eed57abe053afac2dc21c82f4e1e2cc5725cd31491e4de9
201	none	shiny	13	assets/pokemmo-followers/follower_201_none_shiny_13.png	assets/pokemmo-runtime/follower_201_none_shiny_13.png	14	16	b06e7a8bf15de947c7a0724de011b2fb20ba8b9c4b99b6741aea3634ac128d35
201	none	shiny	14	assets/pokemmo-followers/follower_201_none_shiny_14.png	assets/pokemmo-runtime/follower_201_none_shiny_14.png	14	16	d4cc5beccdf361b570918481aa2cdfcf4b0e88bd1675e423fdaa313bf54817fd
201	none	shiny	15	assets/pokemmo-followers/follower_201_none_shiny_15.png	assets/pokemmo-runtime/follower_201_none_shiny_15.png	14	16	a06d7d37fe3aa5f8ab67ef0039664f4695af3a17358e0c03c19e21e2aed7cabd
201	none	shiny	16	assets/pokemmo-followers/follower_201_none_shiny_16.png	assets/pokemmo-runtime/follower_201_none_shiny_16.png	14	16	71286a4b86421cf7ca1ee1ad1443aaa2f004773472224d9051fd30bed72571f0
201	none	shiny	17	assets/pokemmo-followers/follower_201_none_shiny_17.png	assets/pokemmo-runtime/follower_201_none_shiny_17.png	14	16	5558aea0ecca7438e7ff906265cf0b6a8c65de5916db0ea99906c337392e24a8
201	none	shiny	18	assets/pokemmo-followers/follower_201_none_shiny_18.png	assets/pokemmo-runtime/follower_201_none_shiny_18.png	14	16	cd02d63ff881f9d69f8652e9f8133823b4bca2245e21ba844c45141c17be6601
201	none	shiny	19	assets/pokemmo-followers/follower_201_none_shiny_19.png	assets/pokemmo-runtime/follower_201_none_shiny_19.png	14	16	40cc2202f271a56a5d22ce30e460ba20ca3b8b7e127421765372fcd3b2572506
201	none	shiny	20	assets/pokemmo-followers/follower_201_none_shiny_20.png	assets/pokemmo-runtime/follower_201_none_shiny_20.png	14	16	0b13113332c1e4404b272a093bc4ddf59f45a328e68e40bf85d86cb5d00c3b90
201	none	shiny	21	assets/pokemmo-followers/follower_201_none_shiny_21.png	assets/pokemmo-runtime/follower_201_none_shiny_21.png	14	16	5f227748585ff989a2284f29a4f534f0f45055f008be9229dc2fba1dc2551c31
201	none	shiny	22	assets/pokemmo-followers/follower_201_none_shiny_22.png	assets/pokemmo-runtime/follower_201_none_shiny_22.png	14	16	c23b83facacd943c590c4606500f998033f710d1ebd515895bb8ce6439c679ee
201	none	shiny	23	assets/pokemmo-followers/follower_201_none_shiny_23.png	assets/pokemmo-runtime/follower_201_none_shiny_23.png	14	16	ab29f8b3db4ed92e8f2075b7350985a1d269a02ab3de40f475d530c3b776f53e
201	none	shiny	24	assets/pokemmo-followers/follower_201_none_shiny_24.png	assets/pokemmo-runtime/follower_201_none_shiny_24.png	14	16	aea649a2171eaf6958de576dddd96231f0919458259724e1e6c0d1dc96517876
201	none	shiny	25	assets/pokemmo-followers/follower_201_none_shiny_25.png	assets/pokemmo-runtime/follower_201_none_shiny_25.png	14	16	45d5cf9da69a0a6c6019e98e9d55337d26b8e0c25e7e692c62e64eee3648cb76
201	none	shiny	26	assets/pokemmo-followers/follower_201_none_shiny_26.png	assets/pokemmo-runtime/follower_201_none_shiny_26.png	14	16	ac377c2b1cb48d233c91fc99fdfe24e5244830024f1648c61efa7dee3fa57a42
201	none	shiny	27	assets/pokemmo-followers/follower_201_none_shiny_27.png	assets/pokemmo-runtime/follower_201_none_shiny_27.png	14	16	5d520f6c0415a05b8b8634a03dba8c55912dd22654785aede88ee10bb22f4f08
201	none	shiny	base	assets/pokemmo-followers/follower_201_none_shiny_base.png	assets/pokemmo-runtime/follower_201_none_shiny_base.png	14	16	30e0a2c995e618e9ca97ab07b7e73937939201e876b8e54e430e62c81accc3a5
202	female	normal	base	assets/pokemmo-followers/follower_202_female_normal_base.png	assets/pokemmo-runtime/follower_202_female_normal_base.png	14	16	8636cd68bfbe05a7095e214caeb19988e0b09e4c9c25c5a3c0abe2872c153a17
202	female	shiny	base	assets/pokemmo-followers/follower_202_female_shiny_base.png	assets/pokemmo-runtime/follower_202_female_shiny_base.png	14	16	447800183fbf60dc6cc306bc65772eb44f0a1cc65dad4f373d201d9d00329838
202	male	normal	base	assets/pokemmo-followers/follower_202_male_normal_base.png	assets/pokemmo-runtime/follower_202_male_normal_base.png	14	16	9f65b22b3a0188d13ccd413020b3a629a90c5fa87f635b3462d7d62483689cbe
202	male	shiny	base	assets/pokemmo-followers/follower_202_male_shiny_base.png	assets/pokemmo-runtime/follower_202_male_shiny_base.png	14	16	02ca0013c8b34c25c9fc2d289b86119453df97c0b6bbde39985edbb492e48aef
203	none	normal	base	assets/pokemmo-followers/follower_203_none_normal_base.png	assets/pokemmo-runtime/follower_203_none_normal_base.png	15	16	8b16b05651a7466599e49464d47dd1f4dbc3c0235a215e4e601b5cd16b36f115
203	none	shiny	base	assets/pokemmo-followers/follower_203_none_shiny_base.png	assets/pokemmo-runtime/follower_203_none_shiny_base.png	15	16	3f3e1f01c01a0cb5e7030a83d418abadd49dfcea819f64bbc59f8fe41e30b6bf
204	none	normal	base	assets/pokemmo-followers/follower_204_none_normal_base.png	assets/pokemmo-runtime/follower_204_none_normal_base.png	13	15	7afdbc19768cb797aa930f9f57ad5e0795ec72e5bc837fcaf2de3f4cbae383cd
204	none	shiny	base	assets/pokemmo-followers/follower_204_none_shiny_base.png	assets/pokemmo-runtime/follower_204_none_shiny_base.png	14	16	1d8756db8463f2c0fbb2765478859ec8f83dbffe9958cfc935f5abe225ace38d
205	none	normal	base	assets/pokemmo-followers/follower_205_none_normal_base.png	assets/pokemmo-runtime/follower_205_none_normal_base.png	15	15	3b80e017de1424286c5c8faf4199e0cbc51a853cba3f6fe895d5543afe3645a4
205	none	shiny	base	assets/pokemmo-followers/follower_205_none_shiny_base.png	assets/pokemmo-runtime/follower_205_none_shiny_base.png	15	16	1d7fc5d289fe200242f7a6c6836d58be177a3d2351b5948310706b36dc493bdf
206	none	normal	base	assets/pokemmo-followers/follower_206_none_normal_base.png	assets/pokemmo-runtime/follower_206_none_normal_base.png	15	16	ad9439e9a91314c28cd3a7f16918f3a5f29bf9678b0a51bfef3bf0405ad715f1
206	none	shiny	base	assets/pokemmo-followers/follower_206_none_shiny_base.png	assets/pokemmo-runtime/follower_206_none_shiny_base.png	15	16	2e09ef656382a431f9c93f4797d3f9908e018a2cc8bbf3aeccd556a70304f077
207	none	normal	base	assets/pokemmo-followers/follower_207_none_normal_base.png	assets/pokemmo-runtime/follower_207_none_normal_base.png	15	16	00193c52ec2dde827f04a1afd1b9ca1083d404f5902ebd25b7de8cafb274fcc6
207	none	shiny	base	assets/pokemmo-followers/follower_207_none_shiny_base.png	assets/pokemmo-runtime/follower_207_none_shiny_base.png	15	16	9411cf850369e7063c72cf5e45530383a6f9e652526539a5c35b2faca55f7ec6
208	female	normal	base	assets/pokemmo-followers/follower_208_female_normal_base.png	assets/pokemmo-runtime/follower_208_female_normal_base.png	15	16	aecff67726bf14a9a17f26171e3ed0b83e554d9ce8682578ad263b3f395af238
208	female	shiny	base	assets/pokemmo-followers/follower_208_female_shiny_base.png	assets/pokemmo-runtime/follower_208_female_shiny_base.png	15	16	3d80b6000966e560e34605b032badc32cabec4f450915d457330910bd3c179bc
208	male	normal	base	assets/pokemmo-followers/follower_208_male_normal_base.png	assets/pokemmo-runtime/follower_208_male_normal_base.png	15	16	995a554e726afbffe7c6ec52d7bd8bccbfb2f892f722d1289ae355d677d0634a
208	male	shiny	base	assets/pokemmo-followers/follower_208_male_shiny_base.png	assets/pokemmo-runtime/follower_208_male_shiny_base.png	15	16	c9f4723f4f03deff05908256a9f7c20b08fa3e636caf97678b5b9dbafc5a64de
209	none	normal	base	assets/pokemmo-followers/follower_209_none_normal_base.png	assets/pokemmo-runtime/follower_209_none_normal_base.png	15	16	58e9c5c8a20ae9b49847d185af42fe7a1dcec39e55168fcf0b5ffd629c7dab48
209	none	shiny	base	assets/pokemmo-followers/follower_209_none_shiny_base.png	assets/pokemmo-runtime/follower_209_none_shiny_base.png	15	16	1753a493a2d8776cd613831c6cef8a8f99b8d7da5437eddc37a867c1973ef848
210	none	normal	base	assets/pokemmo-followers/follower_210_none_normal_base.png	assets/pokemmo-runtime/follower_210_none_normal_base.png	15	16	2f20bd93b9bc6084cec7280bbfa2a2494e77fc98fff4dec1fb23e352b2238036
210	none	shiny	base	assets/pokemmo-followers/follower_210_none_shiny_base.png	assets/pokemmo-runtime/follower_210_none_shiny_base.png	15	16	dc66912bbf16cabb361213ec594cf1750e59e5765f388cfecaa50d0344d67956
211	none	normal	base	assets/pokemmo-followers/follower_211_none_normal_base.png	assets/pokemmo-runtime/follower_211_none_normal_base.png	15	16	3122d23bfb5a1fa2f39b6e5dda02534603a1198d3b01fd2f2bce5704c07ca0b8
211	none	shiny	base	assets/pokemmo-followers/follower_211_none_shiny_base.png	assets/pokemmo-runtime/follower_211_none_shiny_base.png	15	16	b3d9975b874c66bfb2b2903ed9ba04d4464055769a3b23dde676e13dc40b9d56
212	none	normal	base	assets/pokemmo-followers/follower_212_none_normal_base.png	assets/pokemmo-runtime/follower_212_none_normal_base.png	15	16	024cea6aca7257c68c533f8483f983a2a352bff8197382a2d16e0a6c4308ea7c
212	none	shiny	base	assets/pokemmo-followers/follower_212_none_shiny_base.png	assets/pokemmo-runtime/follower_212_none_shiny_base.png	15	16	8417135377ab84c0b87e81d2ebe955963d4b0addc5c627422af4e8e0ec21c32c
213	none	normal	base	assets/pokemmo-followers/follower_213_none_normal_base.png	assets/pokemmo-runtime/follower_213_none_normal_base.png	15	16	3774bb11f84ded3e583ffd1cf2444245c429fea4c84c835074b637fce3a7c0fe
213	none	shiny	base	assets/pokemmo-followers/follower_213_none_shiny_base.png	assets/pokemmo-runtime/follower_213_none_shiny_base.png	15	16	010317f13b8929d0870f7dc0cbbfe73c4ec7b8ab21b28e2304c822d2ebbb8a45
214	female	normal	base	assets/pokemmo-followers/follower_214_female_normal_base.png	assets/pokemmo-runtime/follower_214_female_normal_base.png	15	16	a78c587f0efe32e22850c371192995f823510ebcb08b351dab7fdc631cd91caf
214	female	shiny	base	assets/pokemmo-followers/follower_214_female_shiny_base.png	assets/pokemmo-runtime/follower_214_female_shiny_base.png	15	16	6cd707ffc24eee2b742a6f48b73b8a6ee10233e4d5e268247d8fdaaa2e5ead96
214	male	normal	base	assets/pokemmo-followers/follower_214_male_normal_base.png	assets/pokemmo-runtime/follower_214_male_normal_base.png	15	16	924eb59d2a1bb5b725774c005d2428adcff4ec58664c4c7e39e599bbbbae82ec
214	male	shiny	base	assets/pokemmo-followers/follower_214_male_shiny_base.png	assets/pokemmo-runtime/follower_214_male_shiny_base.png	15	16	9fecf022882e3c0d61256946b26f2767acd2b304f09267c146be4e3caff9120e
215	none	normal	base	assets/pokemmo-followers/follower_215_none_normal_base.png	assets/pokemmo-runtime/follower_215_none_normal_base.png	15	16	4cefaffdcc080a11f623fb70e95a90572e7a63c84d259eeea84af0f24aa3cc8f
215	none	shiny	base	assets/pokemmo-followers/follower_215_none_shiny_base.png	assets/pokemmo-runtime/follower_215_none_shiny_base.png	14	16	91e018f27526544ec2cbb35359407b63d4da2c7e831c58d30ddc0533426273d4
216	none	normal	base	assets/pokemmo-followers/follower_216_none_normal_base.png	assets/pokemmo-runtime/follower_216_none_normal_base.png	15	16	f0cb180599b3f85e14add466b0c96712251fe89e65e15314ca4cbcb461e5b306
216	none	shiny	base	assets/pokemmo-followers/follower_216_none_shiny_base.png	assets/pokemmo-runtime/follower_216_none_shiny_base.png	14	16	6b79668d9da946d3cb0fe436880109f5cbb1b52a203ccf73464119c93a895751
217	none	normal	base	assets/pokemmo-followers/follower_217_none_normal_base.png	assets/pokemmo-runtime/follower_217_none_normal_base.png	15	16	e698075216e335640964b44ac01fa8036de866cc8946e6b162a6be242fc47fc1
217	none	shiny	base	assets/pokemmo-followers/follower_217_none_shiny_base.png	assets/pokemmo-runtime/follower_217_none_shiny_base.png	15	16	c45e703298c9b1e71f34be74154a13a94d8a6906b83e8172298881bbe4f6d174
218	none	normal	base	assets/pokemmo-followers/follower_218_none_normal_base.png	assets/pokemmo-runtime/follower_218_none_normal_base.png	14	16	0352ba11a07c2b2c198caf08e3cf39baff7c9c1c94ca36388da2381edcd61a28
218	none	shiny	base	assets/pokemmo-followers/follower_218_none_shiny_base.png	assets/pokemmo-runtime/follower_218_none_shiny_base.png	14	16	8dbc186d9776998bdb709e1806f06a5c6958148e3b8aef99c9ed47f5f379c537
219	none	normal	base	assets/pokemmo-followers/follower_219_none_normal_base.png	assets/pokemmo-runtime/follower_219_none_normal_base.png	15	16	ceba2a276f5d0277d8d94c484a235657b4463e49d709c65a0fad2d24369b7281
219	none	shiny	base	assets/pokemmo-followers/follower_219_none_shiny_base.png	assets/pokemmo-runtime/follower_219_none_shiny_base.png	15	16	355e01f4e90ed53a2bb33eb6e7b2f83adf01186220ff7c13e845faeec3acaf06
220	none	normal	base	assets/pokemmo-followers/follower_220_none_normal_base.png	assets/pokemmo-runtime/follower_220_none_normal_base.png	15	13	538bf89ea86709bda4a2b6d5c1cbb1675ecee42b48d2ed6beecf194e564fbecc
220	none	shiny	base	assets/pokemmo-followers/follower_220_none_shiny_base.png	assets/pokemmo-runtime/follower_220_none_shiny_base.png	14	16	a96ca7ff8e23d98159cefd69cbf4cf18cb123cea10a544628406f733d8fd9995
221	none	normal	base	assets/pokemmo-followers/follower_221_none_normal_base.png	assets/pokemmo-runtime/follower_221_none_normal_base.png	15	16	5b4a1e4182f686fa0420fbe671c07eba54d658c87a1320986a6d6d36f6574644
221	none	shiny	base	assets/pokemmo-followers/follower_221_none_shiny_base.png	assets/pokemmo-runtime/follower_221_none_shiny_base.png	15	16	6f34f78007ff748887ece6477513fb398ae81639d9d121ca73a554759e07ac9e
222	none	normal	base	assets/pokemmo-followers/follower_222_none_normal_base.png	assets/pokemmo-runtime/follower_222_none_normal_base.png	15	15	a687b6d4d93ad0af4f71692b37fab13bc93fe7d03eb8d38f904a21c4345e940b
222	none	shiny	base	assets/pokemmo-followers/follower_222_none_shiny_base.png	assets/pokemmo-runtime/follower_222_none_shiny_base.png	15	16	4cd8373ce13da41cdcbfd98d0d90048cd394c4183ac89e4941a93c34022e7f50
223	none	normal	base	assets/pokemmo-followers/follower_223_none_normal_base.png	assets/pokemmo-runtime/follower_223_none_normal_base.png	15	16	3fc2536439b603bbcfd4df90a6808adc37634ad99ebd8eb2bc595df1d4520a38
223	none	shiny	base	assets/pokemmo-followers/follower_223_none_shiny_base.png	assets/pokemmo-runtime/follower_223_none_shiny_base.png	15	16	ff3c2765a215e73709b4b8a5d247198ba6de62209193150fa8dbeb2e50a79c93
224	none	normal	base	assets/pokemmo-followers/follower_224_none_normal_base.png	assets/pokemmo-runtime/follower_224_none_normal_base.png	15	16	9c11f8af2ca112930fd56d1a5234acd4f7ecbfe40f433e67bb61c64c2129c89a
224	none	shiny	base	assets/pokemmo-followers/follower_224_none_shiny_base.png	assets/pokemmo-runtime/follower_224_none_shiny_base.png	15	16	fcc60b5c53f98f4267f31d0751ee665a7facef10ec39977ef9a746acf8c3f889
225	none	normal	base	assets/pokemmo-followers/follower_225_none_normal_base.png	assets/pokemmo-runtime/follower_225_none_normal_base.png	14	16	6310626e3e7d010eace0c6b80571e11f1ab57bab0d3223fa11ff17e9324d8438
225	none	shiny	base	assets/pokemmo-followers/follower_225_none_shiny_base.png	assets/pokemmo-runtime/follower_225_none_shiny_base.png	14	16	06a355a3a9e50f61a4909c3cd83e15b92b9b7e0f3dbff6dd815f4368e4d5c5f1
226	none	normal	base	assets/pokemmo-followers/follower_226_none_normal_base.png	assets/pokemmo-runtime/follower_226_none_normal_base.png	15	12	8279134d4204b2277ceccbcb79df8c017f5c4fba2502f1b606ae67851f27ca41
226	none	shiny	base	assets/pokemmo-followers/follower_226_none_shiny_base.png	assets/pokemmo-runtime/follower_226_none_shiny_base.png	15	14	69360c32951ad9e30a9c45b0aa9e6d57f08a11ac06b4cd572bcc93adc7884d21
227	none	normal	base	assets/pokemmo-followers/follower_227_none_normal_base.png	assets/pokemmo-runtime/follower_227_none_normal_base.png	15	14	28f3fa562940d2c09fa613ad47609995e4624dafe10ecbe14f23453be90b5613
227	none	shiny	base	assets/pokemmo-followers/follower_227_none_shiny_base.png	assets/pokemmo-runtime/follower_227_none_shiny_base.png	15	16	ac44f0872a0e7458b082f3f1bd8169b44a2553fe41d0d7a145783874d5ca7572
228	none	normal	base	assets/pokemmo-followers/follower_228_none_normal_base.png	assets/pokemmo-runtime/follower_228_none_normal_base.png	15	16	f07220bf2dd41093946a3c7c5e3032c7cf5f12f59aa11dee1ae55f512be910c6
228	none	shiny	base	assets/pokemmo-followers/follower_228_none_shiny_base.png	assets/pokemmo-runtime/follower_228_none_shiny_base.png	14	16	a8bbde1084d4e21f14122994887fd05295386eb80ecd3c330812653b16eb31b0
229	none	normal	base	assets/pokemmo-followers/follower_229_none_normal_base.png	assets/pokemmo-runtime/follower_229_none_normal_base.png	15	16	515b0c0d5738e68437903fb64f0e418d562fceb94ff60c5246e8516be970ea9a
229	none	shiny	base	assets/pokemmo-followers/follower_229_none_shiny_base.png	assets/pokemmo-runtime/follower_229_none_shiny_base.png	15	16	1c70d05e980f4478764746d88239bbee4040336bd7321ce8c870eb2043e22b4d
230	none	normal	base	assets/pokemmo-followers/follower_230_none_normal_base.png	assets/pokemmo-runtime/follower_230_none_normal_base.png	15	16	d5a4aea8854640db8852bd4ecba80e958003f80bff986799bc86c2f76164804e
230	none	shiny	base	assets/pokemmo-followers/follower_230_none_shiny_base.png	assets/pokemmo-runtime/follower_230_none_shiny_base.png	15	16	48d05258b8ec5e5028e34c9a2a39faf76645b9450c204d1dfe29077a570dcf2b
231	none	normal	base	assets/pokemmo-followers/follower_231_none_normal_base.png	assets/pokemmo-runtime/follower_231_none_normal_base.png	15	14	6606a11939a6ccb2323b23fad17861fa859b93f4f7bb5d0f15ea45799b1a204b
231	none	shiny	base	assets/pokemmo-followers/follower_231_none_shiny_base.png	assets/pokemmo-runtime/follower_231_none_shiny_base.png	15	16	f7336a0b4a441c313771e1615c2cce3667ef2df0781f7065ae0fd089f31c41f4
232	none	normal	base	assets/pokemmo-followers/follower_232_none_normal_base.png	assets/pokemmo-runtime/follower_232_none_normal_base.png	15	12	b7ced92a57a82d4fcb4873b385ee5d94d221d9babb24b310816bbb41afaffe72
232	none	shiny	base	assets/pokemmo-followers/follower_232_none_shiny_base.png	assets/pokemmo-runtime/follower_232_none_shiny_base.png	15	14	d2d4c1ce5e0db103d44dab7895d0f2bbf63921a21a87b857c1a4c078fdecfd94
233	none	normal	base	assets/pokemmo-followers/follower_233_none_normal_base.png	assets/pokemmo-runtime/follower_233_none_normal_base.png	15	16	be142642fdf30d550ee518245cc2c4f57c32e3e23b002bbc4d0b9e3c0fa3d105
233	none	shiny	base	assets/pokemmo-followers/follower_233_none_shiny_base.png	assets/pokemmo-runtime/follower_233_none_shiny_base.png	15	16	3db1614c3fa2acdccbc429cbabf41f6d5f4c5f1f79fc5ed1059a42abcb7f3a73
234	none	normal	base	assets/pokemmo-followers/follower_234_none_normal_base.png	assets/pokemmo-runtime/follower_234_none_normal_base.png	13	16	f3c10184bae21e7fa60ec3a6b33cea94899b4bcf268439e50ad10784ae12ebdb
234	none	shiny	base	assets/pokemmo-followers/follower_234_none_shiny_base.png	assets/pokemmo-runtime/follower_234_none_shiny_base.png	13	16	56420c819e080219efe1da6391dc257706f5ccf427097f83cb9c9530a631d7dd
235	none	normal	base	assets/pokemmo-followers/follower_235_none_normal_base.png	assets/pokemmo-runtime/follower_235_none_normal_base.png	15	16	667d9d643b11fcf74ac0f0b030bbdc89126d7c6a10322ea155cb3e558edfba58
235	none	shiny	base	assets/pokemmo-followers/follower_235_none_shiny_base.png	assets/pokemmo-runtime/follower_235_none_shiny_base.png	15	16	26f685da60223ab568a38a53cab1a488b25901ca7c0813e476d51a2f46721407
236	none	normal	base	assets/pokemmo-followers/follower_236_none_normal_base.png	assets/pokemmo-runtime/follower_236_none_normal_base.png	12	16	ba8d98f57697ac51c5cba5ac770b6f4d86eb2f24809c98da4eb60914495171da
236	none	shiny	base	assets/pokemmo-followers/follower_236_none_shiny_base.png	assets/pokemmo-runtime/follower_236_none_shiny_base.png	14	16	dc7daa9a47beaa618a47d88ef2fc69961b076e36e3e7411996c801dac33b3320
237	none	normal	base	assets/pokemmo-followers/follower_237_none_normal_base.png	assets/pokemmo-runtime/follower_237_none_normal_base.png	14	16	c45190e994d9fceaa55e37a547f00621ef971b2d99e967c8ca10a93e492b75ff
237	none	shiny	base	assets/pokemmo-followers/follower_237_none_shiny_base.png	assets/pokemmo-runtime/follower_237_none_shiny_base.png	15	16	ee8e259bc817866e19f62c403cd6adcc8d9395822d081ccdb7d993a50f48cd86
238	none	normal	base	assets/pokemmo-followers/follower_238_none_normal_base.png	assets/pokemmo-runtime/follower_238_none_normal_base.png	15	16	ae377c07c6ecfe8aa1bd164a60ef375e5f90c71f848e6822e5ab442181cba6fb
238	none	shiny	base	assets/pokemmo-followers/follower_238_none_shiny_base.png	assets/pokemmo-runtime/follower_238_none_shiny_base.png	14	16	b3aa1590c8147959cb6c5ba55271920853bd6a5051e8b477fa1f5faa2b1e1a4b
239	none	normal	base	assets/pokemmo-followers/follower_239_none_normal_base.png	assets/pokemmo-runtime/follower_239_none_normal_base.png	15	16	80762cace17022b9d02f206142d8c8b89db57250474d33201568d453d2dae845
239	none	shiny	base	assets/pokemmo-followers/follower_239_none_shiny_base.png	assets/pokemmo-runtime/follower_239_none_shiny_base.png	15	16	664b542a07012bab12117645a2b11641955b5d1ac5bdc7184d4ed4394d64bfc8
240	none	normal	base	assets/pokemmo-followers/follower_240_none_normal_base.png	assets/pokemmo-runtime/follower_240_none_normal_base.png	12	16	dacd2338831af6246d4b404e0232ea705ef5069c20ece65bf4229f8d729ecba1
240	none	shiny	base	assets/pokemmo-followers/follower_240_none_shiny_base.png	assets/pokemmo-runtime/follower_240_none_shiny_base.png	14	16	fd955ab1318f2c2c7cca9f62c1702608e91e5512d417563b04b3b442a774c217
241	none	normal	base	assets/pokemmo-followers/follower_241_none_normal_base.png	assets/pokemmo-runtime/follower_241_none_normal_base.png	15	15	8c0c625fc28a7cde45cef5dd34eb80e57be60194395fc9a02381d757a6ed5837
241	none	shiny	base	assets/pokemmo-followers/follower_241_none_shiny_base.png	assets/pokemmo-runtime/follower_241_none_shiny_base.png	15	16	8710991db7b39d16ffe6b2e49fa285f74fe465142c875ca4bdfafb9215ffa563
242	none	normal	base	assets/pokemmo-followers/follower_242_none_normal_base.png	assets/pokemmo-runtime/follower_242_none_normal_base.png	15	16	bf22899b6d375b1ed47710b1c5f8111226558722ef7c38625dd0e7ebedeea5c0
242	none	shiny	base	assets/pokemmo-followers/follower_242_none_shiny_base.png	assets/pokemmo-runtime/follower_242_none_shiny_base.png	15	16	a02959d419e62e1c80331b4bf313a70b559addc707003dfa14c7b00bc3167ba7
243	none	normal	base	assets/pokemmo-followers/follower_243_none_normal_base.png	assets/pokemmo-runtime/follower_243_none_normal_base.png	15	16	11c3cf6e39ed3062ff02e385822421d608fd726078ffc80068deda4e508c14d6
243	none	shiny	base	assets/pokemmo-followers/follower_243_none_shiny_base.png	assets/pokemmo-runtime/follower_243_none_shiny_base.png	15	16	5301f9ef5f6d585006ea201e3fe107b44470576324b8faf482588fea02bdf287
244	none	normal	base	assets/pokemmo-followers/follower_244_none_normal_base.png	assets/pokemmo-runtime/follower_244_none_normal_base.png	15	16	e9e42087906b9ea5e4c02e67a855faf6a8e9b80ac6e71f1d1f7608b3aee31dad
244	none	shiny	base	assets/pokemmo-followers/follower_244_none_shiny_base.png	assets/pokemmo-runtime/follower_244_none_shiny_base.png	15	16	706358036e7ed1807360cd544b543e6252338b85e03d2915926056c9395a145d
245	none	normal	base	assets/pokemmo-followers/follower_245_none_normal_base.png	assets/pokemmo-runtime/follower_245_none_normal_base.png	15	16	0798a084089e2258d13af1ae6eab0a0861f80e63e042d4897487fb6ab502b5ed
245	none	shiny	base	assets/pokemmo-followers/follower_245_none_shiny_base.png	assets/pokemmo-runtime/follower_245_none_shiny_base.png	15	16	00072081ac620df97128e9fc665c9adf6eed12b217319371a96fcf41ba1eb868
246	none	normal	base	assets/pokemmo-followers/follower_246_none_normal_base.png	assets/pokemmo-runtime/follower_246_none_normal_base.png	14	16	e29101995f1bee086f53c11ef014a6cce3701c4d61993ca6589f7d254c473c8c
246	none	shiny	base	assets/pokemmo-followers/follower_246_none_shiny_base.png	assets/pokemmo-runtime/follower_246_none_shiny_base.png	14	16	54ce48f06898d17720d4bab68a0726947755623b132c0b4f239e1a557c979a5c
247	none	normal	base	assets/pokemmo-followers/follower_247_none_normal_base.png	assets/pokemmo-runtime/follower_247_none_normal_base.png	14	16	fe14d18b86e28a07d540131c05350e2fdb08bca44b3df246a7b5baeca15670fc
247	none	shiny	base	assets/pokemmo-followers/follower_247_none_shiny_base.png	assets/pokemmo-runtime/follower_247_none_shiny_base.png	14	16	76cb436dd1206c2b1c4133df39cc4a778f75719bd1a2f5f12d71736306ce3b25
248	none	normal	base	assets/pokemmo-followers/follower_248_none_normal_base.png	assets/pokemmo-runtime/follower_248_none_normal_base.png	15	16	4b2afcf744f93b1a27a1de37b803046d43ef69b0c2b453c654653f496249f1b5
248	none	shiny	base	assets/pokemmo-followers/follower_248_none_shiny_base.png	assets/pokemmo-runtime/follower_248_none_shiny_base.png	15	16	dea703dfbc1d7a57e131bebfe37f64d7a9bcba001e8b97f96aa5d5041c2d7a4f
249	none	normal	base	assets/pokemmo-followers/follower_249_none_normal_base.png	assets/pokemmo-runtime/follower_249_none_normal_base.png	15	14	482911b4522ac4592eaad1f47f0c4d644728662d28e34a7a429dd94007b677cb
249	none	shiny	base	assets/pokemmo-followers/follower_249_none_shiny_base.png	assets/pokemmo-runtime/follower_249_none_shiny_base.png	15	14	78811ff2c2ab07b5215920164611b4170dbde83c8c119b7f10b203fb6b9f04bc
250	none	normal	base	assets/pokemmo-followers/follower_250_none_normal_base.png	assets/pokemmo-runtime/follower_250_none_normal_base.png	15	12	2b65f33efe6b050627f5a93e855a30970c23458f4e3567b290efda9fc4f36f9c
250	none	shiny	base	assets/pokemmo-followers/follower_250_none_shiny_base.png	assets/pokemmo-runtime/follower_250_none_shiny_base.png	15	14	5bff49ae66ad25fa37ad9830a2a854f46d6451913cb6f617fb3beacab1212c81
251	none	normal	base	assets/pokemmo-followers/follower_251_none_normal_base.png	assets/pokemmo-runtime/follower_251_none_normal_base.png	12	16	24e743f03fd9623ac4890b8baafcbb3e57770f4fd18a22f01d8d143f6e1bf18c
251	none	shiny	base	assets/pokemmo-followers/follower_251_none_shiny_base.png	assets/pokemmo-runtime/follower_251_none_shiny_base.png	14	16	ffb460082037e3749a57cce508c0de06323c4aa667f97511a3ec51b6f3b8428a
