dex	species	form	gender	palette	atlas	runtime_strip	scale_class	height_dm	file_sha256	rgba_sha256	runtime_content_width	runtime_content_height	motion_profile
001	bulbasaur	00	none	normal	assets/pokemon-walksheets/dex-001__species-bulbasaur__form-00__gender-none__palette-normal__walk-3x4.png	assets/pokemon-runtime/dex-001__species-bulbasaur__form-00__gender-none__palette-normal__walk-3x4.png	pokemon_small	7	b8d0cd5e389b42942e82840bae9ae475b23677e90e4cac5518b0172797a4e832	b9cd83f4a019e8bb8ec331dce6bc998f5fdc401e6fc4e007a2342bd7aa2b6d4a	15	16	terrestrial-quadruped-light-v1
002	ivysaur	00	none	normal	assets/pokemon-walksheets/dex-002__species-ivysaur__form-00__gender-none__palette-normal__walk-3x4.png	assets/pokemon-runtime/dex-002__species-ivysaur__form-00__gender-none__palette-normal__walk-3x4.png	pokemon_medium	10	cecd016d23c7bc4b23e7e7817fef8732d1922b43a9e37e2e7eac6d7999c7e9fc	1e3026e13abe7756ab2b99fe6002bcadd7d42f39b78d27a0dbc4f3d692ece68c	15	12	terrestrial-quadruped-light-v1
003	venusaur	00	female	normal	assets/pokemon-walksheets/dex-003__species-venusaur__form-00__gender-female__palette-normal__walk-3x4.png	assets/pokemon-runtime/dex-003__species-venusaur__form-00__gender-female__palette-normal__walk-3x4.png	pokemon_large	20	3263070a77683e4b43e3b9a5160834b004ca191e4464c593fb6cf2349ed141e9	79f18611981e207f73d132d8685d41ea0b870de7528c939852bf11049cd96fe8	15	12	terrestrial-quadruped-heavy-v1
003	venusaur	00	male	normal	assets/pokemon-walksheets/dex-003__species-venusaur__form-00__gender-male__palette-normal__walk-3x4.png	assets/pokemon-runtime/dex-003__species-venusaur__form-00__gender-male__palette-normal__walk-3x4.png	pokemon_large	20	9f452a4e550c649b507dead28235733f9b70e3b0faa456f22c1a46dddcb857d6	5fbce81f7722c9338a48e7d4fa5846056f34df203f82d2902550e44592cd9260	15	11	terrestrial-quadruped-heavy-v1
004	charmander	00	none	normal	assets/pokemon-walksheets/dex-004__species-charmander__form-00__gender-none__palette-normal__walk-3x4.png	assets/pokemon-runtime/dex-004__species-charmander__form-00__gender-none__palette-normal__walk-3x4.png	pokemon_small	6	3e026bd630331c0dfb772bcd6d4201d490e7aaf4819ca8e23273d39b5c153115	537531af697e57832c910a84aebab7c5a41c6cf82a1d22af9575bc5e21cc3280	15	16	terrestrial-biped-light-v1
005	charmeleon	00	none	normal	assets/pokemon-walksheets/dex-005__species-charmeleon__form-00__gender-none__palette-normal__walk-3x4.png	assets/pokemon-runtime/dex-005__species-charmeleon__form-00__gender-none__palette-normal__walk-3x4.png	pokemon_medium	11	f6d91e51981021ee4a7d44a9b2646e6b07212f057488213133d61e2c1a9e022b	ce786b4ca91b058f539820c762fcf99676879d21073b4f2e1433cc5be51adf39	14	16	terrestrial-biped-light-v1
006	charizard	00	none	normal	assets/pokemon-walksheets/dex-006__species-charizard__form-00__gender-none__palette-normal__walk-3x4.png	assets/pokemon-runtime/dex-006__species-charizard__form-00__gender-none__palette-normal__walk-3x4.png	pokemon_large	17	39c634f3a0970e2cd01dec58838c0aa3e1f9bd8f9fff9dd91d84d51f726c1954	a99ef54ba2b2aacf06e3f28816cd93c9b1cbc72655054ee7a4af0d47153bdf3c	15	16	airborne-wing-flap-v1
007	squirtle	00	none	normal	assets/pokemon-walksheets/dex-007__species-squirtle__form-00__gender-none__palette-normal__walk-3x4.png	assets/pokemon-runtime/dex-007__species-squirtle__form-00__gender-none__palette-normal__walk-3x4.png	pokemon_small	5	b1b528da1ad0a5c843f493e158b1c08cbbcfe2fd3959efb839be805482c7bfc0	177beaf27e40a7f105ff62a9d7573050eaa31a112f02acc5abd7b82edad96b30	15	16	terrestrial-biped-light-v1
008	wartortle	00	none	normal	assets/pokemon-walksheets/dex-008__species-wartortle__form-00__gender-none__palette-normal__walk-3x4.png	assets/pokemon-runtime/dex-008__species-wartortle__form-00__gender-none__palette-normal__walk-3x4.png	pokemon_medium	10	1735c33cde1f9ce8427d0f52026487703f5a0d0db74b45fe80632c2b4be5191e	c85f1030564eb2e8bb2bb69c8b2003111bb2901f97367ead0e12600e6d1688c5	15	16	terrestrial-biped-light-v1
009	blastoise	00	none	normal	assets/pokemon-walksheets/dex-009__species-blastoise__form-00__gender-none__palette-normal__walk-3x4.png	assets/pokemon-runtime/dex-009__species-blastoise__form-00__gender-none__palette-normal__walk-3x4.png	pokemon_large	16	00ffa93e5bb8b90958fa90a5821d40f265e9764894221f7d986bb2c456398778	6f2ce33d8d50b469e5dc776d15fca6a7ecd5ce00da3aa5da9eea2f27918d8d77	15	14	terrestrial-biped-heavy-v1
010	caterpie	00	none	normal	assets/pokemon-walksheets/dex-010__species-caterpie__form-00__gender-none__palette-normal__walk-3x4.png	assets/pokemon-runtime/dex-010__species-caterpie__form-00__gender-none__palette-normal__walk-3x4.png	pokemon_small	3	384635a6bb044827a527abf0036f37f8cde7a8da9964744da5866ca166779d69	b5533ceb711210c9ea9d1d9d02f74425aa58b62db40be102553841031d2616cc	15	16	larval-inchworm-v1
011	metapod	00	none	normal	assets/pokemon-walksheets/dex-011__species-metapod__form-00__gender-none__palette-normal__walk-3x4.png	assets/pokemon-runtime/dex-011__species-metapod__form-00__gender-none__palette-normal__walk-3x4.png	pokemon_small	7	7653a80cfe9821498eb154176ed40a311b0331ad29ebdb560a795145a6d0be63	e7f16eca8e41f6ba29ce77cf518cd611303be522298a5b48d75bb27253644423	15	16	ground-hop-bounce-v1
012	butterfree	00	female	normal	assets/pokemon-walksheets/dex-012__species-butterfree__form-00__gender-female__palette-normal__walk-3x4.png	assets/pokemon-runtime/dex-012__species-butterfree__form-00__gender-female__palette-normal__walk-3x4.png	pokemon_medium	11	e1da662b7a2ea6c00310fd632eff5f9da8c21e619cae95b2bef3e24154f56bea	d0aa03c1a8f979f877ab695bcb174a4a25abcf24e6cb279879ef347e2868f6f3	14	16	airborne-wing-flap-v1
012	butterfree	00	male	normal	assets/pokemon-walksheets/dex-012__species-butterfree__form-00__gender-male__palette-normal__walk-3x4.png	assets/pokemon-runtime/dex-012__species-butterfree__form-00__gender-male__palette-normal__walk-3x4.png	pokemon_medium	11	6887e6d88452689e273e929f523bcffd9705cf5419557ec3832752d06167a906	b07aff3dc6306f21189235e34085bbfad06671218d075d324ca56ca6aaa5e403	14	16	airborne-wing-flap-v1
013	weedle	00	none	normal	assets/pokemon-walksheets/dex-013__species-weedle__form-00__gender-none__palette-normal__walk-3x4.png	assets/pokemon-runtime/dex-013__species-weedle__form-00__gender-none__palette-normal__walk-3x4.png	pokemon_small	3	bed7fc9ada927e1ad9ed605f1840396787a31c7324c0af92093e376460909944	dc1a1ccc5aaed52deffb9af975bc12af1c2d36776f9103dab175f8902f56944b	15	16	larval-inchworm-v1
014	kakuna	00	none	normal	assets/pokemon-walksheets/dex-014__species-kakuna__form-00__gender-none__palette-normal__walk-3x4.png	assets/pokemon-runtime/dex-014__species-kakuna__form-00__gender-none__palette-normal__walk-3x4.png	pokemon_small	6	73a97bb343f49f276577cdbdae2253855fc74370800dd965b3e67408da3b6031	9c95dc7d95ad7562b22bdf26aeef65e1f19ea6bfc7d06e4c2172cd30fc82266e	9	16	ground-hop-bounce-v1
015	beedrill	00	none	normal	assets/pokemon-walksheets/dex-015__species-beedrill__form-00__gender-none__palette-normal__walk-3x4.png	assets/pokemon-runtime/dex-015__species-beedrill__form-00__gender-none__palette-normal__walk-3x4.png	pokemon_medium	10	b671d262bbdb794ac4f4df98e80ed09fa29ca95e0f781cd8272dcfe8630f0a78	9aeda512144690c3d949750b159cca836988d1d79f7598a3ca9ec10fc8f4282c	14	16	airborne-wing-flap-v1
016	pidgey	00	none	normal	assets/pokemon-walksheets/dex-016__species-pidgey__form-00__gender-none__palette-normal__walk-3x4.png	assets/pokemon-runtime/dex-016__species-pidgey__form-00__gender-none__palette-normal__walk-3x4.png	pokemon_small	3	bcd1781b1787e304695fbd8cde8df78ad4fab51d481c30a673a2be0fa3d2f9cd	ad2fb8ca2d1358594d07534ec584208d0e128fb617032ea836f954a285c62ffe	15	12	airborne-wing-flap-v1
016	pidgey	00	none	shiny	assets/pokemon-walksheets/dex-016__species-pidgey__form-00__gender-none__palette-shiny__walk-3x4.png	assets/pokemon-runtime/dex-016__species-pidgey__form-00__gender-none__palette-shiny__walk-3x4.png	pokemon_small	3	20feebef7660215fc1eb650592217420e037d8fb20ca081cdbb38cab11b55a43	79ccf19ad59d4ba365db89df552217b43976dd5ac76f40875dc30fea75034c66	15	12	airborne-wing-flap-v1
017	pidgeotto	00	none	normal	assets/pokemon-walksheets/dex-017__species-pidgeotto__form-00__gender-none__palette-normal__walk-3x4.png	assets/pokemon-runtime/dex-017__species-pidgeotto__form-00__gender-none__palette-normal__walk-3x4.png	pokemon_medium	11	7ae28cd86e5f38dd4e57714fa179c0d07e67faa1669e8dd629f589cc8bf54f8d	75525b3ec89a06e467dd3303fdc7032b12adb06c8ba026fe1ea3a61c0f058d67	15	13	airborne-wing-flap-v1
018	pidgeot	00	none	normal	assets/pokemon-walksheets/dex-018__species-pidgeot__form-00__gender-none__palette-normal__walk-3x4.png	assets/pokemon-runtime/dex-018__species-pidgeot__form-00__gender-none__palette-normal__walk-3x4.png	pokemon_large	15	7fdbb70b6a803413a7600abb2da1027f0339a847cea719159bf228f1536ec94a	445424c480a68efa2d4fc32772900aceddc5ea80f55c7fe391712ce2a0ced875	14	16	airborne-wing-flap-v1
019	rattata	00	female	normal	assets/pokemon-walksheets/dex-019__species-rattata__form-00__gender-female__palette-normal__walk-3x4.png	assets/pokemon-runtime/dex-019__species-rattata__form-00__gender-female__palette-normal__walk-3x4.png	pokemon_small	3	08afa5d6a8e24c74e8a9f732afb654b42ff4037f88837ce77d3f98b71e1f4610	1f80894c9d52db13b38349fb6c059b6d8462943026e04ebd291dc0499cfb392e	15	16	terrestrial-quadruped-light-v1
019	rattata	00	male	normal	assets/pokemon-walksheets/dex-019__species-rattata__form-00__gender-male__palette-normal__walk-3x4.png	assets/pokemon-runtime/dex-019__species-rattata__form-00__gender-male__palette-normal__walk-3x4.png	pokemon_small	3	9b33612612a4d01d60903ce895c8c4ef8a0b25b27817ae888dce03caa8c5b969	ebc4570714644229eab5661f08b0e19954841731237c4e3fa2d787d1e7abc03e	15	16	terrestrial-quadruped-light-v1
020	raticate	00	female	normal	assets/pokemon-walksheets/dex-020__species-raticate__form-00__gender-female__palette-normal__walk-3x4.png	assets/pokemon-runtime/dex-020__species-raticate__form-00__gender-female__palette-normal__walk-3x4.png	pokemon_small	7	2bd6e0e0aee64d562a7718da43821b2adf6d4f4b25f5fbd2ccdaefd341726335	d2c8ec8148930b51891a1cf48a18a6cf52962b0c700101c5d73ad2129c7b264e	15	16	terrestrial-quadruped-light-v1
020	raticate	00	male	normal	assets/pokemon-walksheets/dex-020__species-raticate__form-00__gender-male__palette-normal__walk-3x4.png	assets/pokemon-runtime/dex-020__species-raticate__form-00__gender-male__palette-normal__walk-3x4.png	pokemon_small	7	a8399a6727cb0068c306354a10a5663fb9a4b8bd29a370887dd593699841fe68	42afe0060493d6e6094a718112639a2142ed8faae5b228acf1242cbfbadd0f98	15	16	terrestrial-quadruped-light-v1
021	spearow	00	none	normal	assets/pokemon-walksheets/dex-021__species-spearow__form-00__gender-none__palette-normal__walk-3x4.png	assets/pokemon-runtime/dex-021__species-spearow__form-00__gender-none__palette-normal__walk-3x4.png	pokemon_small	3	8122db4fe1ce6e37ec0d501d735639324672790e94f58c0b66c7b9f271994eec	9e8a00d3f50316700c7ea8402eb4ad4f86e3cc2473b98ff4f27f4371e68fad6c	15	10	airborne-wing-flap-v1
021	spearow	00	none	shiny	assets/pokemon-walksheets/dex-021__species-spearow__form-00__gender-none__palette-shiny__walk-3x4.png	assets/pokemon-runtime/dex-021__species-spearow__form-00__gender-none__palette-shiny__walk-3x4.png	pokemon_small	3	894f26d1afdd1bca4c2bd4903e406986bb8a5943e158a1c37476562787c94cb4	5b854ca8449598a3e5e4a3a0082d347e8c712aa48ffbb1b09d5b98b6fde3b219	15	10	airborne-wing-flap-v1
022	fearow	00	none	normal	assets/pokemon-walksheets/dex-022__species-fearow__form-00__gender-none__palette-normal__walk-3x4.png	assets/pokemon-runtime/dex-022__species-fearow__form-00__gender-none__palette-normal__walk-3x4.png	pokemon_medium	12	8f7841407cba12bb0fc75e490cc0f3071b202cf0e00a1c4f4393b3730a6319e6	c9ab301c387d0bc6832585ed6614d69cb2f3c2aca70f8ab680b4cb91c84395a7	15	11	airborne-wing-flap-v1
023	ekans	00	none	normal	assets/pokemon-walksheets/dex-023__species-ekans__form-00__gender-none__palette-normal__walk-3x4.png	assets/pokemon-runtime/dex-023__species-ekans__form-00__gender-none__palette-normal__walk-3x4.png	pokemon_large	20	c8c667792106795e23528e311d58f820d705ba5a6a4b454b78a550c044ab6093	82ba0176b49ccbdb8ea40c5e5c51ab9233b53d94a7b20f5c1c8692ca7b39e376	15	13	terrestrial-serpentine-wave-v1
024	arbok	00	none	normal	assets/pokemon-walksheets/dex-024__species-arbok__form-00__gender-none__palette-normal__walk-3x4.png	assets/pokemon-runtime/dex-024__species-arbok__form-00__gender-none__palette-normal__walk-3x4.png	pokemon_large	35	3c6ca3c95378d8bc7fe7fcf8d62113cacf105e902423206e330e806bcefd7a68	39550d702b37c63d27e154823b7087ab99521a45c59debdb44085011f62c1588	15	16	terrestrial-serpentine-wave-v1
025	pikachu	00	female	normal	assets/pokemon-walksheets/dex-025__species-pikachu__form-00__gender-female__palette-normal__walk-3x4.png	assets/pokemon-runtime/dex-025__species-pikachu__form-00__gender-female__palette-normal__walk-3x4.png	pokemon_small	4	0fdd929dfbc94411d349a44ede8cef1a7f45c8a34408fe20c5b93a2a2f684139	de68ca05f37fa1c2235552eebf1ee1fa2225e5df4f534294d50d80b52afce99d	14	16	terrestrial-biped-light-v1
025	pikachu	00	female	shiny	assets/pokemon-walksheets/dex-025__species-pikachu__form-00__gender-female__palette-shiny__walk-3x4.png	assets/pokemon-runtime/dex-025__species-pikachu__form-00__gender-female__palette-shiny__walk-3x4.png	pokemon_small	4	bd30243847cf237b2c3ddad057b47004fe924a5252c0b2b8bcfd7310d415ed3b	1bcbb13709f32ddd5a97966ca6505ffd726889ed6fe6fbe33d678c46205c70b0	14	16	terrestrial-biped-light-v1
025	pikachu	00	male	normal	assets/pokemon-walksheets/dex-025__species-pikachu__form-00__gender-male__palette-normal__walk-3x4.png	assets/pokemon-runtime/dex-025__species-pikachu__form-00__gender-male__palette-normal__walk-3x4.png	pokemon_small	4	e155aaed09b40e5c13d1049be6a2fbfd61665aba77ed0e51e48ec5cf12ba24e7	b1e642a0a16ce468a75c25d917fac3c4ee010391ed5aea508c6b1aed0a95c446	14	16	terrestrial-biped-light-v1
025	pikachu	00	male	shiny	assets/pokemon-walksheets/dex-025__species-pikachu__form-00__gender-male__palette-shiny__walk-3x4.png	assets/pokemon-runtime/dex-025__species-pikachu__form-00__gender-male__palette-shiny__walk-3x4.png	pokemon_small	4	fdec4bdbdffadef60f957a91dd5598654ea3e9ea7c839084def031ad07c237c8	b478b6cce0c7a3f7247a0103f9c01b299bdbbe506a8399d67bc4f9e5a6060f7b	14	16	terrestrial-biped-light-v1
026	raichu	00	female	normal	assets/pokemon-walksheets/dex-026__species-raichu__form-00__gender-female__palette-normal__walk-3x4.png	assets/pokemon-runtime/dex-026__species-raichu__form-00__gender-female__palette-normal__walk-3x4.png	pokemon_medium	8	1612e13007880a80c9246852bc1c49d8a9834ca1d6988df163ae2c2976364116	7813eeb928f0c3e05ffd47f59807f2ddfe873861a0d45cc2f3357edd1ae9aad4	13	16	terrestrial-biped-light-v1
026	raichu	00	male	normal	assets/pokemon-walksheets/dex-026__species-raichu__form-00__gender-male__palette-normal__walk-3x4.png	assets/pokemon-runtime/dex-026__species-raichu__form-00__gender-male__palette-normal__walk-3x4.png	pokemon_medium	8	e2078ac6ddba3b0150c0f0b22b3b449bcb4270b31b6b046b735cc14a08d6be8d	387ad18afcf61da04bfeaed7b7b11c9e9e519f7b33ce87dc969bf3dbed5559f5	12	16	terrestrial-biped-light-v1
027	sandshrew	00	none	normal	assets/pokemon-walksheets/dex-027__species-sandshrew__form-00__gender-none__palette-normal__walk-3x4.png	assets/pokemon-runtime/dex-027__species-sandshrew__form-00__gender-none__palette-normal__walk-3x4.png	pokemon_small	6	b0dfbca6bf9c361b666761db466a0a8f490ba1cb38ab3d2d604a511930a71a81	a63639b38796fde063a604ef028cab178be72c49d8aed39e7453c5fd2e8de292	15	16	terrestrial-biped-light-v1
028	sandslash	00	none	normal	assets/pokemon-walksheets/dex-028__species-sandslash__form-00__gender-none__palette-normal__walk-3x4.png	assets/pokemon-runtime/dex-028__species-sandslash__form-00__gender-none__palette-normal__walk-3x4.png	pokemon_medium	10	a4d85fda806a3a3759073162bc52aa10a016e9730e8004213adca6d964212f81	12ef9666a764836d2559b05d71fb3b7a2509fb28c1564c17086f957398ae57d1	15	16	terrestrial-biped-light-v1
029	nidoranf	00	none	normal	assets/pokemon-walksheets/dex-029__species-nidoranf__form-00__gender-none__palette-normal__walk-3x4.png	assets/pokemon-runtime/dex-029__species-nidoranf__form-00__gender-none__palette-normal__walk-3x4.png	pokemon_small	4	7522fd3bca4bc01357088d50bad38e731f77caf2e4302118006de79b335d0987	6cd9f0f68c14ce13ec5ea39663247b62729382076456a2d2c59e658d904d927d	15	15	terrestrial-quadruped-light-v1
030	nidorina	00	none	normal	assets/pokemon-walksheets/dex-030__species-nidorina__form-00__gender-none__palette-normal__walk-3x4.png	assets/pokemon-runtime/dex-030__species-nidorina__form-00__gender-none__palette-normal__walk-3x4.png	pokemon_medium	8	a43c71fc528f7b5d954cf407927c1a35033b9ee6020853d332dc3aff77e8ce7e	2c0d92a00892d4a52c4c26ab6757c80b8aa7ec5b3e8dc06d94b0c16db9a61779	15	16	terrestrial-quadruped-light-v1
031	nidoqueen	00	none	normal	assets/pokemon-walksheets/dex-031__species-nidoqueen__form-00__gender-none__palette-normal__walk-3x4.png	assets/pokemon-runtime/dex-031__species-nidoqueen__form-00__gender-none__palette-normal__walk-3x4.png	pokemon_medium	13	7954de313d144f0344eb82600c62ded61cdf4c01f2e35795bbf6c4634c3b8398	6b9ebde01af1f8e042d955a844273be389807c4eed26b6a75cbef11508b0dad1	15	16	terrestrial-biped-heavy-v1
032	nidoranm	00	none	normal	assets/pokemon-walksheets/dex-032__species-nidoranm__form-00__gender-none__palette-normal__walk-3x4.png	assets/pokemon-runtime/dex-032__species-nidoranm__form-00__gender-none__palette-normal__walk-3x4.png	pokemon_small	5	1e63cda170452efd64833a3be52b0995baf7bfd385d0ab12250b1d3321d91103	16c35b9766e369cf31d253fa7e6009eac97f12f04c75685f0bf75711e95edbd6	15	16	terrestrial-quadruped-light-v1
033	nidorino	00	none	normal	assets/pokemon-walksheets/dex-033__species-nidorino__form-00__gender-none__palette-normal__walk-3x4.png	assets/pokemon-runtime/dex-033__species-nidorino__form-00__gender-none__palette-normal__walk-3x4.png	pokemon_medium	9	7240cadefd7498351a048faedda53a2415e7a5600a49e59bac0454ede1ea90f3	ada31fb346b1279425f0f11915dee8ecb1ea170c7b61cfe27a8875b68011171e	15	13	terrestrial-quadruped-light-v1
034	nidoking	00	none	normal	assets/pokemon-walksheets/dex-034__species-nidoking__form-00__gender-none__palette-normal__walk-3x4.png	assets/pokemon-runtime/dex-034__species-nidoking__form-00__gender-none__palette-normal__walk-3x4.png	pokemon_medium	14	07dab06491afa7ab5990204c04de498e510f64738692babb62c657a74900e8f0	f50d7e5a687765889fa8c509127c7b4a7e56dec4aa08beac551e403bd2ac77c1	15	16	terrestrial-biped-heavy-v1
035	clefairy	00	none	normal	assets/pokemon-walksheets/dex-035__species-clefairy__form-00__gender-none__palette-normal__walk-3x4.png	assets/pokemon-runtime/dex-035__species-clefairy__form-00__gender-none__palette-normal__walk-3x4.png	pokemon_small	6	1f6ab1f348c6ea427fbcfe98fb9b1d4580fe59f4023bff2ec97d3d4ee4235717	66344269f1e2c1c842ab3629ebe3713b23fc90d2835555a0038c4cb14900edcc	15	15	terrestrial-biped-light-v1
036	clefable	00	none	normal	assets/pokemon-walksheets/dex-036__species-clefable__form-00__gender-none__palette-normal__walk-3x4.png	assets/pokemon-runtime/dex-036__species-clefable__form-00__gender-none__palette-normal__walk-3x4.png	pokemon_medium	13	ab8cd6a5b5aac153aa45e6e6ef4ed733f5cf508214d80c516a52899863b3fc25	5191da8412be73542370a4070165902fd0505c29f9505c48dc366f322c28dcb2	15	16	terrestrial-biped-light-v1
037	vulpix	00	none	normal	assets/pokemon-walksheets/dex-037__species-vulpix__form-00__gender-none__palette-normal__walk-3x4.png	assets/pokemon-runtime/dex-037__species-vulpix__form-00__gender-none__palette-normal__walk-3x4.png	pokemon_small	6	6c9576b27ace1ccb8b1a3e4de021c94b20dc7c3ba361b9b8c83622a4cb5f6e3d	e76939829b51347ec48a30d12003878b809b4db619c753b5dce33d924fb5427d	15	14	terrestrial-quadruped-light-v1
038	ninetales	00	none	normal	assets/pokemon-walksheets/dex-038__species-ninetales__form-00__gender-none__palette-normal__walk-3x4.png	assets/pokemon-runtime/dex-038__species-ninetales__form-00__gender-none__palette-normal__walk-3x4.png	pokemon_medium	11	03ada0cf2bdf48f99d908c0ef9bb9dd7db63655107d75499b9b406bc4109a393	8a39b23b3d0a8a63f9a13ed70d6d62805927ae31cab6b361c3d74d6b64ac791f	15	14	terrestrial-quadruped-light-v1
039	jigglypuff	00	none	normal	assets/pokemon-walksheets/dex-039__species-jigglypuff__form-00__gender-none__palette-normal__walk-3x4.png	assets/pokemon-runtime/dex-039__species-jigglypuff__form-00__gender-none__palette-normal__walk-3x4.png	pokemon_small	5	40d872aa3117f490b77ebe0b439865b0cff06384542e8173aeca0f6a0ca47dd1	9bbefe623a583e822f005d8564fb559f13781f29cc498d708f3bd30c561f07eb	15	16	terrestrial-biped-light-v1
040	wigglytuff	00	none	normal	assets/pokemon-walksheets/dex-040__species-wigglytuff__form-00__gender-none__palette-normal__walk-3x4.png	assets/pokemon-runtime/dex-040__species-wigglytuff__form-00__gender-none__palette-normal__walk-3x4.png	pokemon_medium	10	0bcdb07b64bd8375ae6e224329500bff8373b5946b086dc01347d25af138879a	d8142a1fe86a931d942af91924050185fed141d2bae28bc4fd1fdd940d0c565d	15	16	terrestrial-biped-light-v1
041	zubat	00	female	normal	assets/pokemon-walksheets/dex-041__species-zubat__form-00__gender-female__palette-normal__walk-3x4.png	assets/pokemon-runtime/dex-041__species-zubat__form-00__gender-female__palette-normal__walk-3x4.png	pokemon_medium	8	dff9f19344967cebb50d91034895895ed053b797d6cdfea79c6a5ca57e476f16	30ba9528d83a11a78efb437f9a6f2b192d45fd9eafcafb358a4714a1bbbca21b	15	16	airborne-wing-flap-v1
041	zubat	00	male	normal	assets/pokemon-walksheets/dex-041__species-zubat__form-00__gender-male__palette-normal__walk-3x4.png	assets/pokemon-runtime/dex-041__species-zubat__form-00__gender-male__palette-normal__walk-3x4.png	pokemon_medium	8	249d6c5bb96fd8132c8c3fc736561fe98ed264b0c99a7105fbaede46c655c49b	6f44bb86b6d776e41d59f72bed61c1fa28ffb5f37dcd5cecb893730e2b5b8498	15	16	airborne-wing-flap-v1
042	golbat	00	female	normal	assets/pokemon-walksheets/dex-042__species-golbat__form-00__gender-female__palette-normal__walk-3x4.png	assets/pokemon-runtime/dex-042__species-golbat__form-00__gender-female__palette-normal__walk-3x4.png	pokemon_large	16	9fdafb418f7fe0a55fb815fca862a22599c421a0a284b2baae474ac715a903d2	8bccb87ee7b73f8d70f345b9c0f178a6518602b8c82fcda3e762edf56b299ca1	15	16	airborne-wing-flap-v1
042	golbat	00	male	normal	assets/pokemon-walksheets/dex-042__species-golbat__form-00__gender-male__palette-normal__walk-3x4.png	assets/pokemon-runtime/dex-042__species-golbat__form-00__gender-male__palette-normal__walk-3x4.png	pokemon_large	16	2ba5847632d373cb3db77827d51fdf088a8e9977a7c59b9b2cc9d9598dae69d3	c4b9585f7457fecf9584df60c8a7c31700f7ec6de6135e2c511869cf6d5ae396	15	16	airborne-wing-flap-v1
043	oddish	00	none	normal	assets/pokemon-walksheets/dex-043__species-oddish__form-00__gender-none__palette-normal__walk-3x4.png	assets/pokemon-runtime/dex-043__species-oddish__form-00__gender-none__palette-normal__walk-3x4.png	pokemon_small	5	093a29f2c1bcedbb5c28163804a0e4afcc90081d772058573c04a16903526d09	79ae7cf94d0f9c9698baabb84d7e6796532ad111661c275a0ce192a7326d9c4b	15	16	terrestrial-biped-light-v1
044	gloom	00	female	normal	assets/pokemon-walksheets/dex-044__species-gloom__form-00__gender-female__palette-normal__walk-3x4.png	assets/pokemon-runtime/dex-044__species-gloom__form-00__gender-female__palette-normal__walk-3x4.png	pokemon_medium	8	26201b2fed3eba2bfe23cd5e6bc8b146d34926ba551cbb7e120686d7e4a47962	a14356b7ff11d1332ad233437eecca1d3db405ffce1b9d41510997d43bcc4811	15	16	terrestrial-biped-light-v1
044	gloom	00	male	normal	assets/pokemon-walksheets/dex-044__species-gloom__form-00__gender-male__palette-normal__walk-3x4.png	assets/pokemon-runtime/dex-044__species-gloom__form-00__gender-male__palette-normal__walk-3x4.png	pokemon_medium	8	34134d761458bd64598346bdb61f1dec0faf5e6d2dc593b24f3988b2b2ec13aa	9c33613d4763a4ccb34f8a359d7a7dc871b19d4cc5ff424607424b46b8d1f031	15	16	terrestrial-biped-light-v1
045	vileplume	00	female	normal	assets/pokemon-walksheets/dex-045__species-vileplume__form-00__gender-female__palette-normal__walk-3x4.png	assets/pokemon-runtime/dex-045__species-vileplume__form-00__gender-female__palette-normal__walk-3x4.png	pokemon_medium	12	032416aef6059f9e649f60709c841482cf86f5625bf460b66d08819275459319	69ac90edf98748da3be8ccaef714d1fbd83b05c110b8978865e0871464159d03	15	10	terrestrial-biped-light-v1
045	vileplume	00	male	normal	assets/pokemon-walksheets/dex-045__species-vileplume__form-00__gender-male__palette-normal__walk-3x4.png	assets/pokemon-runtime/dex-045__species-vileplume__form-00__gender-male__palette-normal__walk-3x4.png	pokemon_medium	12	f1465e23552902a897d5438c60a86cf9e0a9bb36def67720128d946b9273411a	411d707295678a179e02a36320c52c70ff749c3ff2be9d588e67589f48bbccec	15	10	terrestrial-biped-light-v1
046	paras	00	none	normal	assets/pokemon-walksheets/dex-046__species-paras__form-00__gender-none__palette-normal__walk-3x4.png	assets/pokemon-runtime/dex-046__species-paras__form-00__gender-none__palette-normal__walk-3x4.png	pokemon_small	3	505dc8e3ce1a1225dab13feca9beef5f49bd02263af3548c3745617300b679f0	7bd7dd4e4d9d806fec1565647c38fa126cd083b8c15d8d23d1defe56b4765cd4	15	12	terrestrial-multiped-crawl-v1
047	parasect	00	none	normal	assets/pokemon-walksheets/dex-047__species-parasect__form-00__gender-none__palette-normal__walk-3x4.png	assets/pokemon-runtime/dex-047__species-parasect__form-00__gender-none__palette-normal__walk-3x4.png	pokemon_medium	10	e530051a82f1e173051e0e0179371fa7768f53dd2558816a2cf269f375c30353	5ce11e015d26dbcf26274884ca2bfa313dec352f0c929147c1764200739db54b	15	13	terrestrial-multiped-crawl-v1
048	venonat	00	none	normal	assets/pokemon-walksheets/dex-048__species-venonat__form-00__gender-none__palette-normal__walk-3x4.png	assets/pokemon-runtime/dex-048__species-venonat__form-00__gender-none__palette-normal__walk-3x4.png	pokemon_medium	10	e30c34659f7c7fda5b735cc6c77d41bed86ba8f075aeb3684b2d93ff89139798	525f60ef0745ac3642c6b9bc4975444fb6c1eddb1db9a5deec71f2164ddc9ddb	12	16	terrestrial-biped-light-v1
049	venomoth	00	none	normal	assets/pokemon-walksheets/dex-049__species-venomoth__form-00__gender-none__palette-normal__walk-3x4.png	assets/pokemon-runtime/dex-049__species-venomoth__form-00__gender-none__palette-normal__walk-3x4.png	pokemon_large	15	ee59a974008cd71ee378073caff880ca40400e675bf73e0eea49504ad7c529e7	df5c2d01bbbcd8f8e864bb78007f170c21d86a1d84ca6aaf4ac202790e4c499e	15	16	airborne-wing-flap-v1
050	diglett	00	none	normal	assets/pokemon-walksheets/dex-050__species-diglett__form-00__gender-none__palette-normal__walk-3x4.png	assets/pokemon-runtime/dex-050__species-diglett__form-00__gender-none__palette-normal__walk-3x4.png	pokemon_small	2	51a8f078429a191b5de144e8d7f1109a866f069c7c99b0cc9f7d9694ec7195b9	9c534efa4c00cd6f71ca19e0e8554451f0c6c7568e53821005e953d68ea8becd	15	12	rooted-or-cocoon-sway-v1
051	dugtrio	00	none	normal	assets/pokemon-walksheets/dex-051__species-dugtrio__form-00__gender-none__palette-normal__walk-3x4.png	assets/pokemon-runtime/dex-051__species-dugtrio__form-00__gender-none__palette-normal__walk-3x4.png	pokemon_small	7	f45fdb892671a9edb525f689d33f2f72bb8e6e011001107b5602d8262d858b22	522db9b4700b323743e4e324db9911b27860135054a5289078bb0512c2e8bf49	15	12	rooted-or-cocoon-sway-v1
052	meowth	00	none	normal	assets/pokemon-walksheets/dex-052__species-meowth__form-00__gender-none__palette-normal__walk-3x4.png	assets/pokemon-runtime/dex-052__species-meowth__form-00__gender-none__palette-normal__walk-3x4.png	pokemon_small	4	8c1f103b4911c3e4fd157d01a15fb98c1aa8a7906e82d12a914fa9173708d915	7edf8087138368bd97926533e78d5e3cde4b9a2ba2dfaba5e084dd1e1d3578fb	13	16	terrestrial-biped-light-v1
053	persian	00	none	normal	assets/pokemon-walksheets/dex-053__species-persian__form-00__gender-none__palette-normal__walk-3x4.png	assets/pokemon-runtime/dex-053__species-persian__form-00__gender-none__palette-normal__walk-3x4.png	pokemon_medium	10	05a02adb3fc409e52d2e485e0a6b64f2fb92f74df75e13f39481d3efdd23c334	9559e71e5d95c7abde95a27bae703fe44a28ca2365d9bef393938e4c09977922	15	16	terrestrial-quadruped-light-v1
054	psyduck	00	none	normal	assets/pokemon-walksheets/dex-054__species-psyduck__form-00__gender-none__palette-normal__walk-3x4.png	assets/pokemon-runtime/dex-054__species-psyduck__form-00__gender-none__palette-normal__walk-3x4.png	pokemon_medium	8	184caee7baf496827dd0c5bf4cadb2be8c575b64f191a4774deeccf4f0561a19	6b3cf11930ef513059e787100f3f759a108fc0ff430ecccc36989ab8015693b4	15	16	terrestrial-biped-light-v1
055	golduck	00	none	normal	assets/pokemon-walksheets/dex-055__species-golduck__form-00__gender-none__palette-normal__walk-3x4.png	assets/pokemon-runtime/dex-055__species-golduck__form-00__gender-none__palette-normal__walk-3x4.png	pokemon_large	17	c16fdd6ee21e7f4599eff042d0834fdbaf273bf69b483a51e6c9c65d5ab97c03	d856935520f56f7e7aba8a9899a66ce17e87eccb50042583c8f7abecf50ac489	15	16	terrestrial-biped-light-v1
056	mankey	00	none	normal	assets/pokemon-walksheets/dex-056__species-mankey__form-00__gender-none__palette-normal__walk-3x4.png	assets/pokemon-runtime/dex-056__species-mankey__form-00__gender-none__palette-normal__walk-3x4.png	pokemon_small	5	81be50f3a7d3b1dc02b589358842111320b12fb22174b17ed5bfee871c47b5e2	7cf31b698ef2fd66a2fa7b83f6b5218565035c58b929406f0ebd741e56a72601	15	16	terrestrial-biped-light-v1
057	primeape	00	none	normal	assets/pokemon-walksheets/dex-057__species-primeape__form-00__gender-none__palette-normal__walk-3x4.png	assets/pokemon-runtime/dex-057__species-primeape__form-00__gender-none__palette-normal__walk-3x4.png	pokemon_medium	10	269d3f524bdadfdb0e9570b33aad2eb27dcb6c78a597c1a89890b5ce8b895d54	70c58b51d93d51bcea965cc8df0173a0481259ce82490b3dd4c3c844b54c9c51	15	16	terrestrial-biped-light-v1
058	growlithe	00	none	normal	assets/pokemon-walksheets/dex-058__species-growlithe__form-00__gender-none__palette-normal__walk-3x4.png	assets/pokemon-runtime/dex-058__species-growlithe__form-00__gender-none__palette-normal__walk-3x4.png	pokemon_small	7	0ddc2ae1cfd3fc1772c6c2e1c269c01e0093e9934c3dadaaf0587b0b9418c247	2b73a37e523f205fe21a7ee16c4e4c42a37c5006272d053d0193ac76d6ff2612	15	16	terrestrial-quadruped-light-v1
059	arcanine	00	none	normal	assets/pokemon-walksheets/dex-059__species-arcanine__form-00__gender-none__palette-normal__walk-3x4.png	assets/pokemon-runtime/dex-059__species-arcanine__form-00__gender-none__palette-normal__walk-3x4.png	pokemon_large	19	6033750efbb2945c114376d104a46604b4b3ba020d3965ba34498f722748d634	160ed9ef678a9b3ce5f83fea894ffe558ad874c9ae9bd27c29ad7469f6a7114c	15	16	terrestrial-quadruped-heavy-v1
060	poliwag	00	none	normal	assets/pokemon-walksheets/dex-060__species-poliwag__form-00__gender-none__palette-normal__walk-3x4.png	assets/pokemon-runtime/dex-060__species-poliwag__form-00__gender-none__palette-normal__walk-3x4.png	pokemon_small	6	b6f1ac61ce3c10901fc9462ad61c5f0dfeb98fb52d9ce542ffed981ba8992bae	8b1b0ade2ef962122d8b630214ac93acb8d1e318b7373d57d4daed5d73744698	15	15	terrestrial-biped-light-v1
061	poliwhirl	00	none	normal	assets/pokemon-walksheets/dex-061__species-poliwhirl__form-00__gender-none__palette-normal__walk-3x4.png	assets/pokemon-runtime/dex-061__species-poliwhirl__form-00__gender-none__palette-normal__walk-3x4.png	pokemon_medium	10	de6e6bee3bd8488bab1bdad205a7118156b937f91a41f1674079eb8282a6128a	fae1b1e335e7c134523e8dc4d1bbb94b9b6c44e609aed63cf64b4ea60c04ea1e	15	16	terrestrial-biped-light-v1
062	poliwrath	00	none	normal	assets/pokemon-walksheets/dex-062__species-poliwrath__form-00__gender-none__palette-normal__walk-3x4.png	assets/pokemon-runtime/dex-062__species-poliwrath__form-00__gender-none__palette-normal__walk-3x4.png	pokemon_medium	13	4b7b3e24614d6a883a77d56283cec73d83ce9f72b5943993240bca8f778fc8ff	79f2ab3be8b855a4ae21c036b293de8692cf8751e431b7fef548e8ef951c7f37	15	16	terrestrial-biped-heavy-v1
063	abra	00	none	normal	assets/pokemon-walksheets/dex-063__species-abra__form-00__gender-none__palette-normal__walk-3x4.png	assets/pokemon-runtime/dex-063__species-abra__form-00__gender-none__palette-normal__walk-3x4.png	pokemon_medium	9	7def01867a1d9bcbca539ce29df11c37bc17372db48d7853f6c94898675f8ba8	e557f3ec943bbda00379b0f424dbddc8d1527f6d283867371db2bd66b5d20826	15	15	terrestrial-biped-light-v1
064	kadabra	00	female	normal	assets/pokemon-walksheets/dex-064__species-kadabra__form-00__gender-female__palette-normal__walk-3x4.png	assets/pokemon-runtime/dex-064__species-kadabra__form-00__gender-female__palette-normal__walk-3x4.png	pokemon_medium	13	3b3f4fb626d11e2503ede07abc07d3cb5ab8da28e5027270c6e302405eb253dc	12795fc8928508aed890ad2264de6a2cbacf10fa9c9cd4e8e3b14cf2dfbd873c	15	16	terrestrial-biped-light-v1
064	kadabra	00	male	normal	assets/pokemon-walksheets/dex-064__species-kadabra__form-00__gender-male__palette-normal__walk-3x4.png	assets/pokemon-runtime/dex-064__species-kadabra__form-00__gender-male__palette-normal__walk-3x4.png	pokemon_medium	13	e4a63e32c1270ceceffefb1378e043b2e0764d2ab63cfe4ab225040ba2917473	47c55f2e21c518b1a3525f90a4f0ace60e8a18cf612eb0b80c9f573c87a163a4	15	16	terrestrial-biped-light-v1
065	alakazam	00	female	normal	assets/pokemon-walksheets/dex-065__species-alakazam__form-00__gender-female__palette-normal__walk-3x4.png	assets/pokemon-runtime/dex-065__species-alakazam__form-00__gender-female__palette-normal__walk-3x4.png	pokemon_large	15	e5f4bb450f3d13dba7aff07e565243f74ead8e3481e379490fdb1a1ad0d8bb3b	8122face0fc9755f593d93ac531ff555e083ccc30c974756d621b1b09c027d88	15	16	terrestrial-biped-light-v1
065	alakazam	00	male	normal	assets/pokemon-walksheets/dex-065__species-alakazam__form-00__gender-male__palette-normal__walk-3x4.png	assets/pokemon-runtime/dex-065__species-alakazam__form-00__gender-male__palette-normal__walk-3x4.png	pokemon_large	15	1b07615b4d669576487dcf1623d5dc41eed52f42c42122d6ac897374f070151a	65806cc746c6583f978b83a9168bc8eb13564cceb7aa6e48dd859a61f1051d90	15	16	terrestrial-biped-light-v1
066	machop	00	none	normal	assets/pokemon-walksheets/dex-066__species-machop__form-00__gender-none__palette-normal__walk-3x4.png	assets/pokemon-runtime/dex-066__species-machop__form-00__gender-none__palette-normal__walk-3x4.png	pokemon_medium	8	343a87f3a188e713124bdae7a1aff6dee0f15f9b2195d6c794143180d4334427	727c404c9092f4ce2d45ccbe76d9d40cfeaeff02734a746196d4db4afbc1edc8	11	16	terrestrial-biped-light-v1
067	machoke	00	none	normal	assets/pokemon-walksheets/dex-067__species-machoke__form-00__gender-none__palette-normal__walk-3x4.png	assets/pokemon-runtime/dex-067__species-machoke__form-00__gender-none__palette-normal__walk-3x4.png	pokemon_large	15	0c442f36c029c4054cfeb007e4dfd4ebffc666cd0ea7d8c5dabac42e031cf08b	448a54ad2bea32adaeb2a1a1158057fbf9f0c64f9b5c95e9c7ca2b04eca988da	14	16	terrestrial-biped-heavy-v1
068	machamp	00	none	normal	assets/pokemon-walksheets/dex-068__species-machamp__form-00__gender-none__palette-normal__walk-3x4.png	assets/pokemon-runtime/dex-068__species-machamp__form-00__gender-none__palette-normal__walk-3x4.png	pokemon_large	16	4583824e6674f945edf5753f5a3737d4a7418fed34f6123ebfd027de9a203832	5d4a6286d572121caea6c2c8441f40289333bfd8be07b605fadd257a91516551	14	16	terrestrial-biped-heavy-v1
069	bellsprout	00	none	normal	assets/pokemon-walksheets/dex-069__species-bellsprout__form-00__gender-none__palette-normal__walk-3x4.png	assets/pokemon-runtime/dex-069__species-bellsprout__form-00__gender-none__palette-normal__walk-3x4.png	pokemon_small	7	6b78b80e3f18bc3f126609be90095e3266b2d6cf084e8a545f3cd7d0db4f7f4e	53e029263cf83f51ea577de6f45a0e13594d5fd5309e2189e63fa8a141b1fdf0	15	16	terrestrial-biped-light-v1
070	weepinbell	00	none	normal	assets/pokemon-walksheets/dex-070__species-weepinbell__form-00__gender-none__palette-normal__walk-3x4.png	assets/pokemon-runtime/dex-070__species-weepinbell__form-00__gender-none__palette-normal__walk-3x4.png	pokemon_medium	10	f3fc33d9416454eb9710e2b3366ca5eeae4c1a3e1e227e804194769cab9b42be	22e5751360ea9c23ed8a0d5345b9ec1f346892d1e33f9800d32abc98e067b5b1	15	16	rooted-or-cocoon-sway-v1
071	victreebel	00	none	normal	assets/pokemon-walksheets/dex-071__species-victreebel__form-00__gender-none__palette-normal__walk-3x4.png	assets/pokemon-runtime/dex-071__species-victreebel__form-00__gender-none__palette-normal__walk-3x4.png	pokemon_large	17	1846851a6423f2039e8dda869008580e8755b5e945d881f09b0caf009646ffd3	75cc60ff9a24863c2c603303009c3748b0a4ef9ff5c2c0db1950badf79d46296	15	16	rooted-or-cocoon-sway-v1
072	tentacool	00	none	normal	assets/pokemon-walksheets/dex-072__species-tentacool__form-00__gender-none__palette-normal__walk-3x4.png	assets/pokemon-runtime/dex-072__species-tentacool__form-00__gender-none__palette-normal__walk-3x4.png	pokemon_medium	9	d82367baa882160d2b864c277cae717bb077ffe6cf6797201c3518bdb41b35f3	e7f5f2ee945cde979d3c6fc7cbac66bafb80d298ee281b218dc035736576bae4	8	16	aquatic-fin-swim-v1
073	tentacruel	00	none	normal	assets/pokemon-walksheets/dex-073__species-tentacruel__form-00__gender-none__palette-normal__walk-3x4.png	assets/pokemon-runtime/dex-073__species-tentacruel__form-00__gender-none__palette-normal__walk-3x4.png	pokemon_large	16	ede764bebffb892a21882b49d54a7d8cf445fbe99eb8f9a8a01f9148f6a65bc4	949c05c5cd2773ea95ee5a75cf4856f0634608a1137b8542e1e218614ac09321	13	16	aquatic-fin-swim-v1
074	geodude	00	none	normal	assets/pokemon-walksheets/dex-074__species-geodude__form-00__gender-none__palette-normal__walk-3x4.png	assets/pokemon-runtime/dex-074__species-geodude__form-00__gender-none__palette-normal__walk-3x4.png	pokemon_small	4	867bddc766aac9d33513c828e785909eb14934bf56ed6ea756d78038300c1c11	756b9e7b2d98d5de7079de83bb0cecc307e30046ec4edbd47b31edda1dbeb8a3	15	11	ground-arm-assisted-v1
075	graveler	00	none	normal	assets/pokemon-walksheets/dex-075__species-graveler__form-00__gender-none__palette-normal__walk-3x4.png	assets/pokemon-runtime/dex-075__species-graveler__form-00__gender-none__palette-normal__walk-3x4.png	pokemon_medium	10	6a63dbabed90ac89f0b28df3ddede5a3170c82938a8a0c4a590da34ba7f35fad	ba37877405613331f128a4eac030555adbf05553b3101b35a72a9237edaf4660	15	14	ground-arm-assisted-v1
076	golem	00	none	normal	assets/pokemon-walksheets/dex-076__species-golem__form-00__gender-none__palette-normal__walk-3x4.png	assets/pokemon-runtime/dex-076__species-golem__form-00__gender-none__palette-normal__walk-3x4.png	pokemon_medium	14	fb56fa46b6316c5dad8676266f98aa63335e92d5c295f68cd556fbf0eec884ad	1b56005ef8077bbceaf268e70e5f8114538a1461f982257dab67c85a64b498ea	15	15	ground-arm-assisted-v1
076	golem	00	none	shiny	assets/pokemon-walksheets/dex-076__species-golem__form-00__gender-none__palette-shiny__walk-3x4.png	assets/pokemon-runtime/dex-076__species-golem__form-00__gender-none__palette-shiny__walk-3x4.png	pokemon_medium	14	5a64bb9e238fcfdc4e81628a1fa85ac651f3d402fd1080f415c5792b6b2a9139	114f57a299363a267e65b63211f9012d4515bda6dc220977f6ae46cc972fcb77	15	15	ground-arm-assisted-v1
077	ponyta	00	none	normal	assets/pokemon-walksheets/dex-077__species-ponyta__form-00__gender-none__palette-normal__walk-3x4.png	assets/pokemon-runtime/dex-077__species-ponyta__form-00__gender-none__palette-normal__walk-3x4.png	pokemon_medium	10	5671eab63487a7b95a00f81fb2a26164364fe32b8d9ee4a05f629f1c5b951d7e	1441893d1211166a09ecd99e5df7e707eb908149bfff8668df93f1d8ce2e97ae	15	16	terrestrial-quadruped-light-v1
078	rapidash	00	none	normal	assets/pokemon-walksheets/dex-078__species-rapidash__form-00__gender-none__palette-normal__walk-3x4.png	assets/pokemon-runtime/dex-078__species-rapidash__form-00__gender-none__palette-normal__walk-3x4.png	pokemon_large	17	e8e375054ffdc732e4f433e94cae70c4653768eb0838dfbf4a463d78e2402b1c	69a928484d96179ae24f14fcc30f058711b535e558417fa2423930aefd97fc84	15	16	terrestrial-quadruped-light-v1
078	rapidash	00	none	shiny	assets/pokemon-walksheets/dex-078__species-rapidash__form-00__gender-none__palette-shiny__walk-3x4.png	assets/pokemon-runtime/dex-078__species-rapidash__form-00__gender-none__palette-shiny__walk-3x4.png	pokemon_large	17	25fce73137b429cf34913fb6dcdc089744b5610749c8cc24fcb6ed24295e18c8	3e60644ac72339d660dce5051d0c0b13602f4c55ce75f5789453b60ecc15115f	15	16	terrestrial-quadruped-light-v1
079	slowpoke	00	none	normal	assets/pokemon-walksheets/dex-079__species-slowpoke__form-00__gender-none__palette-normal__walk-3x4.png	assets/pokemon-runtime/dex-079__species-slowpoke__form-00__gender-none__palette-normal__walk-3x4.png	pokemon_medium	12	7a52ddbcbad083cf2798bf3bd847995fef45122fafa9f163ab4379a971144a71	fc5d057682521bcccdabbde8aaeacf612c4e2fe436f18477577259723a43c8c5	15	16	terrestrial-quadruped-heavy-v1
080	slowbro	00	none	normal	assets/pokemon-walksheets/dex-080__species-slowbro__form-00__gender-none__palette-normal__walk-3x4.png	assets/pokemon-runtime/dex-080__species-slowbro__form-00__gender-none__palette-normal__walk-3x4.png	pokemon_large	16	beededf693e870878076fa8c18e4d1b66580c5ef52fffe8290fd5ff940e9f82f	6872fdcca3bb96ed4cf250b931517a883bc680ce5713bb27009527b2d1a831c6	15	13	terrestrial-biped-heavy-v1
081	magnemite	00	none	normal	assets/pokemon-walksheets/dex-081__species-magnemite__form-00__gender-none__palette-normal__walk-3x4.png	assets/pokemon-runtime/dex-081__species-magnemite__form-00__gender-none__palette-normal__walk-3x4.png	pokemon_small	3	d6cd2a9a6ededeeffea323c2a8c1cfc8e205aceac61416a7419935b69f505c45	0c822efade7538199ea543c6b2488cccac6501ae370dfc698f6825c567e5840b	15	16	airborne-hover-bob-v1
082	magneton	00	none	normal	assets/pokemon-walksheets/dex-082__species-magneton__form-00__gender-none__palette-normal__walk-3x4.png	assets/pokemon-runtime/dex-082__species-magneton__form-00__gender-none__palette-normal__walk-3x4.png	pokemon_medium	10	692b9d6253cf4dc13528d10c9a789c89632818cd8483cb90007ee6fbe5009fad	0c05e45ccb9559a499fcc202b49264c95cfb8b613be40b44906776b4ea067f1b	15	16	airborne-hover-bob-v1
083	farfetchd	00	none	normal	assets/pokemon-walksheets/dex-083__species-farfetchd__form-00__gender-none__palette-normal__walk-3x4.png	assets/pokemon-runtime/dex-083__species-farfetchd__form-00__gender-none__palette-normal__walk-3x4.png	pokemon_medium	8	568f0f240577c3f75a5b6fc21ce0257112a6f8bad14d8cfa1982b76db04c0ab7	db04eda630417d548cb8fa0951edc4d1d008a1d15c11408040ad91d8489e1837	15	16	terrestrial-biped-light-v1
084	doduo	00	none	normal	assets/pokemon-walksheets/dex-084__species-doduo__form-00__gender-none__palette-normal__walk-3x4.png	assets/pokemon-runtime/dex-084__species-doduo__form-00__gender-none__palette-normal__walk-3x4.png	pokemon_medium	14	253ee03bb9092d45f9286bcd1243f23eb5b7f6ed342f3f90366c49c23f681ef4	c95ea8208f9cda941b2c42b2521ee2d1f12324739bab9ff0b85e8348b9a3702b	8	16	terrestrial-biped-light-v1
085	dodrio	00	female	normal	assets/pokemon-walksheets/dex-085__species-dodrio__form-00__gender-female__palette-normal__walk-3x4.png	assets/pokemon-runtime/dex-085__species-dodrio__form-00__gender-female__palette-normal__walk-3x4.png	pokemon_large	18	f2f64731088687e57e941830db198a53bacfcdbe7af3676a1178757a6205800f	618403ed7d06ce7e5c6013a934a9f623f1cd6e2fa2fcdaa6c01e92cf65666d04	14	16	terrestrial-biped-light-v1
085	dodrio	00	male	normal	assets/pokemon-walksheets/dex-085__species-dodrio__form-00__gender-male__palette-normal__walk-3x4.png	assets/pokemon-runtime/dex-085__species-dodrio__form-00__gender-male__palette-normal__walk-3x4.png	pokemon_large	18	42df3fda689f186b9c23f07479780e85b71d99da548e39e67034b988795d5866	b5ed91492afa7aac3dcfca06544ae72bed3839d68d8182908b353bf7559d0a0b	14	16	terrestrial-biped-light-v1
086	seel	00	none	normal	assets/pokemon-walksheets/dex-086__species-seel__form-00__gender-none__palette-normal__walk-3x4.png	assets/pokemon-runtime/dex-086__species-seel__form-00__gender-none__palette-normal__walk-3x4.png	pokemon_medium	11	72e379bac32da67adfab9f48db4ca1483539bea36f4b7248af58a8c034171c8a	c77dd19519c50141fdb09c1be004275356b1b4cbfba1c38915843e02849b3979	15	11	aquatic-paddle-bob-v1
087	dewgong	00	none	normal	assets/pokemon-walksheets/dex-087__species-dewgong__form-00__gender-none__palette-normal__walk-3x4.png	assets/pokemon-runtime/dex-087__species-dewgong__form-00__gender-none__palette-normal__walk-3x4.png	pokemon_large	17	688f8fcb8b6941064df6331aebfb58b51c5fa91767f6abd3c0d1e43b9d3dd8bd	583a663bb9d249d7754607bcea661d8564c0f2e142ccfa11e6bbc450fbc906a8	15	14	aquatic-paddle-bob-v1
088	grimer	00	none	normal	assets/pokemon-walksheets/dex-088__species-grimer__form-00__gender-none__palette-normal__walk-3x4.png	assets/pokemon-runtime/dex-088__species-grimer__form-00__gender-none__palette-normal__walk-3x4.png	pokemon_medium	9	13a9cc55c1f6a3fefcc3a4880c90b993f7f68ecd1d9dcd5489864b0d24111623	306a3f98af1b801703730a5675c592ada82037672213bc8715482ce44c6eb9af	15	14	amorphous-ground-sway-v1
089	muk	00	none	normal	assets/pokemon-walksheets/dex-089__species-muk__form-00__gender-none__palette-normal__walk-3x4.png	assets/pokemon-runtime/dex-089__species-muk__form-00__gender-none__palette-normal__walk-3x4.png	pokemon_medium	12	26466e39c14653d02b8293780458673cf98da80013db573146d43269b882ac7f	ba376b615a27247192108d34d6cb98b3b411cbc693b9fdc1ef6c3fd2f3f5cfa9	15	11	amorphous-ground-sway-v1
090	shellder	00	none	normal	assets/pokemon-walksheets/dex-090__species-shellder__form-00__gender-none__palette-normal__walk-3x4.png	assets/pokemon-runtime/dex-090__species-shellder__form-00__gender-none__palette-normal__walk-3x4.png	pokemon_small	3	eb3d8e32ab1ce63bf53b4a575d82846eb8e0194c8c3553bc05731114dce1ddde	8be66df573e045009f7a0afd11aa86fa67ca72f496637a57992bafa0a6a552f8	15	12	ground-hop-bounce-v1
091	cloyster	00	none	normal	assets/pokemon-walksheets/dex-091__species-cloyster__form-00__gender-none__palette-normal__walk-3x4.png	assets/pokemon-runtime/dex-091__species-cloyster__form-00__gender-none__palette-normal__walk-3x4.png	pokemon_large	15	664a04d985e76930de261d722030e0af788fd7880a5cde673104208a3a7a7a5d	3b740ff15ef51992216d6aa780a05d3eaee0aaac118d12466b13ffe8bfce7097	15	15	ground-hop-bounce-v1
092	gastly	00	none	normal	assets/pokemon-walksheets/dex-092__species-gastly__form-00__gender-none__palette-normal__walk-3x4.png	assets/pokemon-runtime/dex-092__species-gastly__form-00__gender-none__palette-normal__walk-3x4.png	pokemon_medium	13	517d4c26a40427428a87d5025db92a3f6fdae0c525f2b4bd07999bb6aab46e4c	a0b1151634d309457a0954414a78ad6314e15db22093ad70a529d3fe58a38995	15	15	airborne-hover-bob-v1
093	haunter	00	none	normal	assets/pokemon-walksheets/dex-093__species-haunter__form-00__gender-none__palette-normal__walk-3x4.png	assets/pokemon-runtime/dex-093__species-haunter__form-00__gender-none__palette-normal__walk-3x4.png	pokemon_large	16	2ab0220f3306d5aa5508cede7ca3f886bf167a83fc88c250d16f49189d967430	27fe1e0dae66ec1a61d7d77c5b2f5cc4bc2c77a8a16312fab62dbda1dcfc715f	15	15	airborne-hover-bob-v1
094	gengar	00	none	normal	assets/pokemon-walksheets/dex-094__species-gengar__form-00__gender-none__palette-normal__walk-3x4.png	assets/pokemon-runtime/dex-094__species-gengar__form-00__gender-none__palette-normal__walk-3x4.png	pokemon_large	15	e6b407d9b97ad32d85d51dfa44a7968b1a7d1a2a2c7a3db6394b23d89de852d9	fdd59233d30873a90b8e707e04afada18678e50b748960a4d3d4422b2c1bcea0	15	16	terrestrial-biped-light-v1
095	onix	00	none	normal	assets/pokemon-walksheets/dex-095__species-onix__form-00__gender-none__palette-normal__walk-3x4.png	assets/pokemon-runtime/dex-095__species-onix__form-00__gender-none__palette-normal__walk-3x4.png	pokemon_large	88	c6474d9fddd2a170a4e62234e3b0a8e030cf3a71e37cc2ce0a0000184f04a321	24d10e32ffd9b87b1c78c1ed304a18ffa51b1c35a133ffc09a5931ac259b5908	15	16	terrestrial-serpentine-wave-v1
096	drowzee	00	none	normal	assets/pokemon-walksheets/dex-096__species-drowzee__form-00__gender-none__palette-normal__walk-3x4.png	assets/pokemon-runtime/dex-096__species-drowzee__form-00__gender-none__palette-normal__walk-3x4.png	pokemon_medium	10	3effc53a61eddcd7056b05128bdf55de5cea2680bd4c5c0f26d78fbab15fc9b5	c170193f4b365dd313f9f99f1a070f772cad49ff5b6d4b0335e10615b3eb9ea7	15	16	terrestrial-biped-light-v1
097	hypno	00	female	normal	assets/pokemon-walksheets/dex-097__species-hypno__form-00__gender-female__palette-normal__walk-3x4.png	assets/pokemon-runtime/dex-097__species-hypno__form-00__gender-female__palette-normal__walk-3x4.png	pokemon_large	16	45f1050d5f7c4cabb4141c4ae7c6a17a0f249a15c0201cb5fdb9772ff99628d3	cb51c17de079473ee280a7943032cf03f3262de5689b5332928ee4efc2af3a48	15	16	terrestrial-biped-light-v1
097	hypno	00	male	normal	assets/pokemon-walksheets/dex-097__species-hypno__form-00__gender-male__palette-normal__walk-3x4.png	assets/pokemon-runtime/dex-097__species-hypno__form-00__gender-male__palette-normal__walk-3x4.png	pokemon_large	16	9a74f42be212e54e8736023f22692c84bed0a4b25476eb9fd07639def3e677a4	88750d0385e4d0358d49a5127a57a0e74efd28e67abb18dee85dad1659c90781	15	16	terrestrial-biped-light-v1
098	krabby	00	none	normal	assets/pokemon-walksheets/dex-098__species-krabby__form-00__gender-none__palette-normal__walk-3x4.png	assets/pokemon-runtime/dex-098__species-krabby__form-00__gender-none__palette-normal__walk-3x4.png	pokemon_small	4	0935db325bc7eff9b933f33f513fe9f2ecac648f37992a017ec8999b1aa4624f	92cb0967774c61b66cd5586eb88a4144e9296d1995f5a0107004003425270f76	15	16	terrestrial-multiped-crawl-v1
099	kingler	00	none	normal	assets/pokemon-walksheets/dex-099__species-kingler__form-00__gender-none__palette-normal__walk-3x4.png	assets/pokemon-runtime/dex-099__species-kingler__form-00__gender-none__palette-normal__walk-3x4.png	pokemon_medium	13	69349c130de59d6b421d4485faa902cc28c3dffe80bbd7e43b4a3643ff39ca74	04137cfa8e798bfbeaa05f0717d36b8dd833fc42a1af636b7ba3e0abbb3a8f4f	15	15	terrestrial-multiped-crawl-v1
100	voltorb	00	none	normal	assets/pokemon-walksheets/dex-100__species-voltorb__form-00__gender-none__palette-normal__walk-3x4.png	assets/pokemon-runtime/dex-100__species-voltorb__form-00__gender-none__palette-normal__walk-3x4.png	pokemon_small	5	38cb7b9fc872b5f63aa2eeb6c3ddbb43326e0e22417c3e6496d1630df5c0d2b4	73236ee74d08677b3d99d739f7f59d3569b4493b88cfd8fb292ac6035a9b3b0c	15	15	ground-roll-rock-v1
101	electrode	00	none	normal	assets/pokemon-walksheets/dex-101__species-electrode__form-00__gender-none__palette-normal__walk-3x4.png	assets/pokemon-runtime/dex-101__species-electrode__form-00__gender-none__palette-normal__walk-3x4.png	pokemon_medium	12	44b3b6d06df2f82793c27171ff398827030c829f1afe0cb1f1ca1f58c1a04629	ca841b4e13058f3dda451a35f01180771343b15a2a1aecaf1edcfa8938577cd1	15	15	ground-roll-rock-v1
102	exeggcute	00	none	normal	assets/pokemon-walksheets/dex-102__species-exeggcute__form-00__gender-none__palette-normal__walk-3x4.png	assets/pokemon-runtime/dex-102__species-exeggcute__form-00__gender-none__palette-normal__walk-3x4.png	pokemon_small	4	ac66cd8925457c4a82664cdfccd7393bca22a8b5064a90b3c3c30144a3069851	adab7c3b96748ba05d041c677121bc46f1b7cc6bbab5e45d4ddef69a547fb3f3	15	7	ground-roll-rock-v1
103	exeggutor	00	none	normal	assets/pokemon-walksheets/dex-103__species-exeggutor__form-00__gender-none__palette-normal__walk-3x4.png	assets/pokemon-runtime/dex-103__species-exeggutor__form-00__gender-none__palette-normal__walk-3x4.png	pokemon_large	20	8bc4f2853500a8ec161a152cd1fcc1b39786cb84c892bd4eb56d60b3a5f97fd3	0e9222335ac0c8d7ca48dc1604cd7b698d46dfd494860c384e71a99c952147b6	15	14	terrestrial-biped-heavy-v1
104	cubone	00	none	normal	assets/pokemon-walksheets/dex-104__species-cubone__form-00__gender-none__palette-normal__walk-3x4.png	assets/pokemon-runtime/dex-104__species-cubone__form-00__gender-none__palette-normal__walk-3x4.png	pokemon_small	4	de2d6e2e37e1469ce6c4fd9db2ba9c3de330b364d315ce4d1805598bee840b1e	16e56f760b7de0eb8ca9a1d17b5b5b4cba29a246239a28e377e1146b75524329	13	16	terrestrial-biped-light-v1
105	marowak	00	none	normal	assets/pokemon-walksheets/dex-105__species-marowak__form-00__gender-none__palette-normal__walk-3x4.png	assets/pokemon-runtime/dex-105__species-marowak__form-00__gender-none__palette-normal__walk-3x4.png	pokemon_medium	10	d16f805bd9c7b55dded5c212904d414dc082c340d5c803b3861edbed7a2142b2	9857e72f48ff4f70a017739e381727621979b40d906f5f1ffc5bdb1ba36ae145	14	16	terrestrial-biped-light-v1
106	hitmonlee	00	none	normal	assets/pokemon-walksheets/dex-106__species-hitmonlee__form-00__gender-none__palette-normal__walk-3x4.png	assets/pokemon-runtime/dex-106__species-hitmonlee__form-00__gender-none__palette-normal__walk-3x4.png	pokemon_large	15	baf4f8d8b34f32b19d88c786eb3634096347b3b587bf880d049701a0043e2d0e	538c810f997c3142ee658b7374b3853a06fd235f0782661efb4701ecaa363078	11	16	terrestrial-biped-light-v1
107	hitmonchan	00	none	normal	assets/pokemon-walksheets/dex-107__species-hitmonchan__form-00__gender-none__palette-normal__walk-3x4.png	assets/pokemon-runtime/dex-107__species-hitmonchan__form-00__gender-none__palette-normal__walk-3x4.png	pokemon_medium	14	96a7cf4012d8c5878283eacece3cc90a332f494bceef3effa9aa2623414e6da3	45e5fec06c0186162b1ffca2c8e9abe979d1f0ae83bf7054db8e4c99fb174617	12	16	terrestrial-biped-light-v1
108	lickitung	00	none	normal	assets/pokemon-walksheets/dex-108__species-lickitung__form-00__gender-none__palette-normal__walk-3x4.png	assets/pokemon-runtime/dex-108__species-lickitung__form-00__gender-none__palette-normal__walk-3x4.png	pokemon_medium	12	8686530cf3a004dddfbd9ba62551968d12552134af85b0d3f65b9e9270eed54b	bfc2d1d5c6c7a242f4016f3030d0874d9bbacb8840e242ac37ff28516f37ef6e	15	15	terrestrial-biped-heavy-v1
109	koffing	00	none	normal	assets/pokemon-walksheets/dex-109__species-koffing__form-00__gender-none__palette-normal__walk-3x4.png	assets/pokemon-runtime/dex-109__species-koffing__form-00__gender-none__palette-normal__walk-3x4.png	pokemon_small	6	4cb5c910377571002918cea45b315a57506f8ca107ef04858c88c3bd78f6dace	f48143f86c1f61e4601b1baf9023380c471030eef4b2f5a6c3e086855719b08a	15	15	airborne-hover-bob-v1
110	weezing	00	none	normal	assets/pokemon-walksheets/dex-110__species-weezing__form-00__gender-none__palette-normal__walk-3x4.png	assets/pokemon-runtime/dex-110__species-weezing__form-00__gender-none__palette-normal__walk-3x4.png	pokemon_medium	12	c8b2c6d728d03b40fc71d9edfbd9a169dc26e359721b3d2f64f90ad29c1adf64	6717149e0df4c1e50d3f5df04ad592031cee1e4f7d657d47676d277c567ec9ef	15	16	airborne-hover-bob-v1
111	rhyhorn	00	female	normal	assets/pokemon-walksheets/dex-111__species-rhyhorn__form-00__gender-female__palette-normal__walk-3x4.png	assets/pokemon-runtime/dex-111__species-rhyhorn__form-00__gender-female__palette-normal__walk-3x4.png	pokemon_medium	10	2d1f5ac1c16f89d561487fb68ea79f70595c78c826bc8d58f1b2e3e5e7b103da	df5d9e5ee63df1897a63fba3ce1a02d1da530df849230206bd1b6c7fde8e9b75	15	15	terrestrial-quadruped-heavy-v1
111	rhyhorn	00	male	normal	assets/pokemon-walksheets/dex-111__species-rhyhorn__form-00__gender-male__palette-normal__walk-3x4.png	assets/pokemon-runtime/dex-111__species-rhyhorn__form-00__gender-male__palette-normal__walk-3x4.png	pokemon_medium	10	bd07856cfcf6d4fcfc69de4078c1e1c8cb535fec8a4239b45b62802c2331894d	815067b4a542dbdf5916a4b8a01fa1af297fb83bc0b088f956b848179c0cc039	15	15	terrestrial-quadruped-heavy-v1
112	rhydon	00	female	normal	assets/pokemon-walksheets/dex-112__species-rhydon__form-00__gender-female__palette-normal__walk-3x4.png	assets/pokemon-runtime/dex-112__species-rhydon__form-00__gender-female__palette-normal__walk-3x4.png	pokemon_large	19	d34e14410b6c00dac69ca554f149aa3f9d90cc535f6a9ffd2985232acd538c6b	f6b72aad382ba134acb7463a1ff7e852f974af6fd1fb3324c29c275849c0a19f	15	16	terrestrial-biped-heavy-v1
112	rhydon	00	male	normal	assets/pokemon-walksheets/dex-112__species-rhydon__form-00__gender-male__palette-normal__walk-3x4.png	assets/pokemon-runtime/dex-112__species-rhydon__form-00__gender-male__palette-normal__walk-3x4.png	pokemon_large	19	4be64d896b631d9be73205279c8d168ddddafea205900ff8c9961cdc3dca760c	eddadb3f9968bc737ed45db844fa4aa3275c3011158d4a308a576fb6a8980b9c	15	16	terrestrial-biped-heavy-v1
113	chansey	00	none	normal	assets/pokemon-walksheets/dex-113__species-chansey__form-00__gender-none__palette-normal__walk-3x4.png	assets/pokemon-runtime/dex-113__species-chansey__form-00__gender-none__palette-normal__walk-3x4.png	pokemon_medium	11	a368ef2d1e5ef92c030df0d7d615af305a386894e79ec7911d9177d329491169	d1e6acb9e754a433ea6a0a1c5c776425b9a3d92b26f09b4963f8800bc45b923d	15	13	terrestrial-biped-heavy-v1
114	tangela	00	none	normal	assets/pokemon-walksheets/dex-114__species-tangela__form-00__gender-none__palette-normal__walk-3x4.png	assets/pokemon-runtime/dex-114__species-tangela__form-00__gender-none__palette-normal__walk-3x4.png	pokemon_medium	10	0aad851b1866b51ff451a3e69b4409568ddd2bef28c81b651834e275256ec13a	79dbe82edb9316ec48c712934b135405eb388f39220f1e7261cb636e929dbfcb	15	16	terrestrial-biped-light-v1
115	kangaskhan	00	none	normal	assets/pokemon-walksheets/dex-115__species-kangaskhan__form-00__gender-none__palette-normal__walk-3x4.png	assets/pokemon-runtime/dex-115__species-kangaskhan__form-00__gender-none__palette-normal__walk-3x4.png	pokemon_large	22	bffd16cad2b4502728172469e706165324a7f5abf9f6556049df1bf04600549a	e4ade51f54e6716dcb0198aad1fd59e3ad66362306f9f37c534ee2c711fa62a3	15	15	terrestrial-biped-heavy-v1
116	horsea	00	none	normal	assets/pokemon-walksheets/dex-116__species-horsea__form-00__gender-none__palette-normal__walk-3x4.png	assets/pokemon-runtime/dex-116__species-horsea__form-00__gender-none__palette-normal__walk-3x4.png	pokemon_small	4	8df0b8755a281c89d31cc9ecc2986ff9bc820e68726b4f9f553b7b8a06c5d241	7498e85a8a12a997900ffdf06d7d3f3d37e57f690819c857b7ff7cc029ef691f	15	16	aquatic-fin-swim-v1
117	seadra	00	none	normal	assets/pokemon-walksheets/dex-117__species-seadra__form-00__gender-none__palette-normal__walk-3x4.png	assets/pokemon-runtime/dex-117__species-seadra__form-00__gender-none__palette-normal__walk-3x4.png	pokemon_medium	12	d38f041f73235b39b59a4b087df0e83f51fc451bfb3f2377408fcd0a8e2f282c	20b90fff3decc21f1c94d12640c6b21fa1c7d37ce64975e1942c09f7b5e9f51e	15	16	aquatic-fin-swim-v1
118	goldeen	00	female	normal	assets/pokemon-walksheets/dex-118__species-goldeen__form-00__gender-female__palette-normal__walk-3x4.png	assets/pokemon-runtime/dex-118__species-goldeen__form-00__gender-female__palette-normal__walk-3x4.png	pokemon_small	6	c7b63de2100852c7df91e428fa25858a2b27ee06395b823b18d670b9f233856d	f3b2d5b16c0986dd6af947a05e76bdc2606438a9a8172b7f09e165557fcd9211	15	7	aquatic-fin-swim-v1
118	goldeen	00	male	normal	assets/pokemon-walksheets/dex-118__species-goldeen__form-00__gender-male__palette-normal__walk-3x4.png	assets/pokemon-runtime/dex-118__species-goldeen__form-00__gender-male__palette-normal__walk-3x4.png	pokemon_small	6	ba44bd6309e490c1c916e54ff280a3a698c1fea5b9205f72e2bb7bb92ad419fd	4239355e6fff5bf34137a2d5a751927b17c67c7c79aa945851f1b10289a14a4b	15	7	aquatic-fin-swim-v1
119	seaking	00	female	normal	assets/pokemon-walksheets/dex-119__species-seaking__form-00__gender-female__palette-normal__walk-3x4.png	assets/pokemon-runtime/dex-119__species-seaking__form-00__gender-female__palette-normal__walk-3x4.png	pokemon_medium	13	ab2e929b8cd679317d6862da3706152677862e1c7f20fe2d0aca8d7cd8ae75bc	1774746fcf6e0ee5412bb4c88a9afbc4b9daa9d8879d46d1927adb5dd90b8d3c	15	16	aquatic-fin-swim-v1
119	seaking	00	male	normal	assets/pokemon-walksheets/dex-119__species-seaking__form-00__gender-male__palette-normal__walk-3x4.png	assets/pokemon-runtime/dex-119__species-seaking__form-00__gender-male__palette-normal__walk-3x4.png	pokemon_medium	13	7a25db45b3b72913db993ac0c41798408c39ac70d4d79958d9bac78751490161	22b2bcc85c5eb2656b3965113092384b4b0e4cdf4af7505d5ed4ec29d6bba401	15	16	aquatic-fin-swim-v1
120	staryu	00	none	normal	assets/pokemon-walksheets/dex-120__species-staryu__form-00__gender-none__palette-normal__walk-3x4.png	assets/pokemon-runtime/dex-120__species-staryu__form-00__gender-none__palette-normal__walk-3x4.png	pokemon_medium	8	b60f803209115b5ac3c4d82a82feb6d1f45e702285a378a12e3ebfeddbf01ebb	fbe3a4c8c343b50819694e8862c005630fe712219c32ad9ef6c604646577f8c2	15	16	aquatic-fin-swim-v1
121	starmie	00	none	normal	assets/pokemon-walksheets/dex-121__species-starmie__form-00__gender-none__palette-normal__walk-3x4.png	assets/pokemon-runtime/dex-121__species-starmie__form-00__gender-none__palette-normal__walk-3x4.png	pokemon_medium	11	e1055d2b8bd2fa7016fb76ea21240f15744ee0219ba615c55701e724e2a16fef	099adef01949a8d67592581b85664e1e718058e500b1de851d96edc3b47e6e51	15	16	aquatic-fin-swim-v1
122	mrmime	00	none	normal	assets/pokemon-walksheets/dex-122__species-mrmime__form-00__gender-none__palette-normal__walk-3x4.png	assets/pokemon-runtime/dex-122__species-mrmime__form-00__gender-none__palette-normal__walk-3x4.png	pokemon_medium	13	db314fa26e6799337b8f3a48ffbea40a7326c9bf4de0359698f14b240c69df08	0fddc551f5e3179935b5ddc36e731bb2189aa359f833dfb47ff85795ccbfd4b5	15	16	terrestrial-biped-light-v1
123	scyther	00	female	normal	assets/pokemon-walksheets/dex-123__species-scyther__form-00__gender-female__palette-normal__walk-3x4.png	assets/pokemon-runtime/dex-123__species-scyther__form-00__gender-female__palette-normal__walk-3x4.png	pokemon_large	15	93362b0840146283af80d6a425a64fbc05a3532868e53ead71b0dabd9795efa0	6e6e34051d79c97d32276e2a7368ffe330bb67af5e41c39774335bc15c9dc910	13	16	airborne-wing-flap-v1
123	scyther	00	male	normal	assets/pokemon-walksheets/dex-123__species-scyther__form-00__gender-male__palette-normal__walk-3x4.png	assets/pokemon-runtime/dex-123__species-scyther__form-00__gender-male__palette-normal__walk-3x4.png	pokemon_large	15	dce0468295d6b3c8c31be012a46e4fe25ba2a5cd54970712ffa1b12a841a93a2	ff496cf5f18ab0b8806b5f88a51a206fd500e052c5e43bef4b22b92e5f15eca2	13	16	airborne-wing-flap-v1
124	jynx	00	none	normal	assets/pokemon-walksheets/dex-124__species-jynx__form-00__gender-none__palette-normal__walk-3x4.png	assets/pokemon-runtime/dex-124__species-jynx__form-00__gender-none__palette-normal__walk-3x4.png	pokemon_medium	14	405c671be06eb717a25a651edb740fe6524d393f188d5aa885a57ce34f76ee3d	6c183a24f07710e5bbb3ec4b1fbf5ea6d258d2b7fe341e9d294aea3aba4f5a80	15	16	terrestrial-biped-light-v1
125	electabuzz	00	none	normal	assets/pokemon-walksheets/dex-125__species-electabuzz__form-00__gender-none__palette-normal__walk-3x4.png	assets/pokemon-runtime/dex-125__species-electabuzz__form-00__gender-none__palette-normal__walk-3x4.png	pokemon_medium	11	9b09d9eb61b90db81c2fef39f70709589ab6a4e94fb850534c82e268493303ea	400602c2d4d448f9005179a6dcb77f2ede495e46be1f0a00d0ed24709ab57050	15	16	terrestrial-biped-light-v1
125	electabuzz	00	none	shiny	assets/pokemon-walksheets/dex-125__species-electabuzz__form-00__gender-none__palette-shiny__walk-3x4.png	assets/pokemon-runtime/dex-125__species-electabuzz__form-00__gender-none__palette-shiny__walk-3x4.png	pokemon_medium	11	8ce708a9e1d02b6b3a06397f53eb98a3ab280c04cb6c986c04217a80bfbe240d	d56c5883ad40cf84356e004b8124ebb3ab2dacedc03c0258a481b4002b9c347c	15	16	terrestrial-biped-light-v1
126	magmar	00	none	normal	assets/pokemon-walksheets/dex-126__species-magmar__form-00__gender-none__palette-normal__walk-3x4.png	assets/pokemon-runtime/dex-126__species-magmar__form-00__gender-none__palette-normal__walk-3x4.png	pokemon_medium	13	f99eeac261a488d3d3b38e077f0998906b1a3c485969a99c22f0b5c43a9b9d99	4696ed72dc713f2526e461d5bfb05dfd30e56ee53fe9d386eb32d21fb970cd00	15	16	terrestrial-biped-heavy-v1
127	pinsir	00	none	normal	assets/pokemon-walksheets/dex-127__species-pinsir__form-00__gender-none__palette-normal__walk-3x4.png	assets/pokemon-runtime/dex-127__species-pinsir__form-00__gender-none__palette-normal__walk-3x4.png	pokemon_large	15	0bb349538199618068a49bc3fe3c83971fd3368a05f67e79b3b0fac1c27021dd	4633d5bda4ce2569d73326213824a0dee82e7e775570571c79b6d65795cb4c64	15	16	terrestrial-biped-heavy-v1
127	pinsir	00	none	shiny	assets/pokemon-walksheets/dex-127__species-pinsir__form-00__gender-none__palette-shiny__walk-3x4.png	assets/pokemon-runtime/dex-127__species-pinsir__form-00__gender-none__palette-shiny__walk-3x4.png	pokemon_large	15	0e84fb5803009fc4715354185493194b1a371a4e4350063474ac57f6396e11c5	77003584b81107d9eb01ce23cb9b68abd49536b174ea012fe306747b47505142	15	16	terrestrial-biped-heavy-v1
128	tauros	00	none	normal	assets/pokemon-walksheets/dex-128__species-tauros__form-00__gender-none__palette-normal__walk-3x4.png	assets/pokemon-runtime/dex-128__species-tauros__form-00__gender-none__palette-normal__walk-3x4.png	pokemon_medium	14	44413f483791596335646ab5f0a45957bb7ef82de15a168543e7f73fdf31bc2c	875906f354f8f9d0b53e2de0ee18179a683ab2d4578df8116e400dfa7ae0e496	15	16	terrestrial-quadruped-heavy-v1
129	magikarp	00	female	normal	assets/pokemon-walksheets/dex-129__species-magikarp__form-00__gender-female__palette-normal__walk-3x4.png	assets/pokemon-runtime/dex-129__species-magikarp__form-00__gender-female__palette-normal__walk-3x4.png	pokemon_medium	9	a47172edcd74f500e9678922380579a350202f86e79b1afdfbcc4f52f921e792	0d6bb2b44c943432a3f12f9cb1cb42cf617c02a15e74dd0d8912c725053d9cf2	15	13	aquatic-fin-swim-v1
129	magikarp	00	male	normal	assets/pokemon-walksheets/dex-129__species-magikarp__form-00__gender-male__palette-normal__walk-3x4.png	assets/pokemon-runtime/dex-129__species-magikarp__form-00__gender-male__palette-normal__walk-3x4.png	pokemon_medium	9	4a21512680e70d87ae178571433cde0486343aca39722f2ae9e19ce0876ccceb	d12ee6085b0c2da8989473803e28fd63642d241547cb026ef1983268cf353518	15	13	aquatic-fin-swim-v1
130	gyarados	00	female	normal	assets/pokemon-walksheets/dex-130__species-gyarados__form-00__gender-female__palette-normal__walk-3x4.png	assets/pokemon-runtime/dex-130__species-gyarados__form-00__gender-female__palette-normal__walk-3x4.png	pokemon_large	65	1071bb574d9440574763199308ea6c69e06e89da7dfc1d61941eba43be614089	f6aa6c950a74854d9c329ab5374fc67e1f460fa0cf5b8569c76b9d3c6a9fee89	15	16	aquatic-serpentine-swim-v1
130	gyarados	00	male	normal	assets/pokemon-walksheets/dex-130__species-gyarados__form-00__gender-male__palette-normal__walk-3x4.png	assets/pokemon-runtime/dex-130__species-gyarados__form-00__gender-male__palette-normal__walk-3x4.png	pokemon_large	65	608b1ce2425de385ef203a1c7a62087d0909c71d69f678af26bb2ea40dfb9cf8	c98860dc58ee4f478a561273deeb359126b93398ac22cb9750bb74d09b28311f	15	16	aquatic-serpentine-swim-v1
131	lapras	00	none	normal	assets/pokemon-walksheets/dex-131__species-lapras__form-00__gender-none__palette-normal__walk-3x4.png	assets/pokemon-runtime/dex-131__species-lapras__form-00__gender-none__palette-normal__walk-3x4.png	pokemon_large	25	ecc2068bcc6000a689d9d264af41dac292b22785c4768c7ee76ca6ac56a07f4f	1eb86880be4807a6885283cf3fe66dc821001fbd5a082bb244043815a1859084	15	13	aquatic-paddle-bob-v1
132	ditto	00	none	normal	assets/pokemon-walksheets/dex-132__species-ditto__form-00__gender-none__palette-normal__walk-3x4.png	assets/pokemon-runtime/dex-132__species-ditto__form-00__gender-none__palette-normal__walk-3x4.png	pokemon_small	3	da7f11d9f44a2223ecfc8bdb12b5f560323483f1421c5dda94203a450e8b28a5	bde87b43cfa1390ac43c8b69c981db7c88f2fea299ed66742917ffe7008bb31e	15	16	amorphous-ground-sway-v1
133	eevee	00	none	normal	assets/pokemon-walksheets/dex-133__species-eevee__form-00__gender-none__palette-normal__walk-3x4.png	assets/pokemon-runtime/dex-133__species-eevee__form-00__gender-none__palette-normal__walk-3x4.png	pokemon_small	3	da94e07dc5730af63fe27e80c2bf618b58b8304158744cbb7ba06f723a5a6a94	32437f30204821b15f405de3c3cd65ff7dcaf5aae5fc42ad9b58543a9173e717	15	12	terrestrial-quadruped-light-v1
133	eevee	00	none	shiny	assets/pokemon-walksheets/dex-133__species-eevee__form-00__gender-none__palette-shiny__walk-3x4.png	assets/pokemon-runtime/dex-133__species-eevee__form-00__gender-none__palette-shiny__walk-3x4.png	pokemon_small	3	ae82459ed71057a41e56d29b0a9906bbfe97b39cc0d2a5dafa01c270d0ce6b16	c92dac29c08faa1d5075dbcd553a0c2d74e771c10565733ae64477fbc3362b3a	15	12	terrestrial-quadruped-light-v1
134	vaporeon	00	none	normal	assets/pokemon-walksheets/dex-134__species-vaporeon__form-00__gender-none__palette-normal__walk-3x4.png	assets/pokemon-runtime/dex-134__species-vaporeon__form-00__gender-none__palette-normal__walk-3x4.png	pokemon_medium	10	cc10f6c0e88eb4334fc04b4983086a94751ea3a6c12aa9923b159e5e5235f6b0	36136fa2fa8d853e6c43eaa810403d78c5978a0f96f915d2f9e0ba25391d6c3f	15	16	terrestrial-quadruped-light-v1
135	jolteon	00	none	normal	assets/pokemon-walksheets/dex-135__species-jolteon__form-00__gender-none__palette-normal__walk-3x4.png	assets/pokemon-runtime/dex-135__species-jolteon__form-00__gender-none__palette-normal__walk-3x4.png	pokemon_medium	8	f6dd829014e5d9dac4ee6cedfa0f79d0b884dc9ab837b36245346e4ba1846714	4b7ecd5baeca5dc5a78e1395f7f8185a78428b0f8368d77f48b8a0d79bd38319	15	16	terrestrial-quadruped-light-v1
135	jolteon	00	none	shiny	assets/pokemon-walksheets/dex-135__species-jolteon__form-00__gender-none__palette-shiny__walk-3x4.png	assets/pokemon-runtime/dex-135__species-jolteon__form-00__gender-none__palette-shiny__walk-3x4.png	pokemon_medium	8	f4f94c330b85c3669d9463a73beb70a7b7380d8186b598f5e0f3b6a5b989849b	42e5e9f7ef7bc71fb61f3402445642071628c6c2353808fdde7a10c9dc9c8e4f	15	16	terrestrial-quadruped-light-v1
136	flareon	00	none	normal	assets/pokemon-walksheets/dex-136__species-flareon__form-00__gender-none__palette-normal__walk-3x4.png	assets/pokemon-runtime/dex-136__species-flareon__form-00__gender-none__palette-normal__walk-3x4.png	pokemon_medium	9	b34afee2f2f0a8ccae853ee45e71ab0a9339dd57655687d3ebbf9be2df7b2179	8cde3f851f2486598ce359d17c714af0e9ff45c322666a2a84393fd6ef9a21f7	14	16	terrestrial-quadruped-light-v1
137	porygon	00	none	normal	assets/pokemon-walksheets/dex-137__species-porygon__form-00__gender-none__palette-normal__walk-3x4.png	assets/pokemon-runtime/dex-137__species-porygon__form-00__gender-none__palette-normal__walk-3x4.png	pokemon_medium	8	3271e1e5c98afddd04ad1644b9f373ba74222e1eb9f07a8a3615015376c2fd96	37f63465aea459887ae679ea18f2a89fdfe0eb286e734c5ada220fbec9a4f88a	15	16	airborne-hover-bob-v1
138	omanyte	00	none	normal	assets/pokemon-walksheets/dex-138__species-omanyte__form-00__gender-none__palette-normal__walk-3x4.png	assets/pokemon-runtime/dex-138__species-omanyte__form-00__gender-none__palette-normal__walk-3x4.png	pokemon_small	4	5a3ada39a24e9d6e23ffacd80b317b76f93411351e74985d752d7b40b087298f	9b2edd35f0722f62a49e71fade5d0e9a805e2947eb7aeef83bff66a68b351a07	15	16	aquatic-paddle-bob-v1
139	omastar	00	none	normal	assets/pokemon-walksheets/dex-139__species-omastar__form-00__gender-none__palette-normal__walk-3x4.png	assets/pokemon-runtime/dex-139__species-omastar__form-00__gender-none__palette-normal__walk-3x4.png	pokemon_medium	10	abf9cb0dc3228b067e9efcf40632603401cc93d78d21441fc7befe237d655749	68c492c618d3f77fdbd39393e83a8d289495dc90473029d3792f85172c24ad46	15	15	aquatic-paddle-bob-v1
140	kabuto	00	none	normal	assets/pokemon-walksheets/dex-140__species-kabuto__form-00__gender-none__palette-normal__walk-3x4.png	assets/pokemon-runtime/dex-140__species-kabuto__form-00__gender-none__palette-normal__walk-3x4.png	pokemon_small	5	ca766e8280b5a422410d53b98c2d3854ca0dcdbd71e2b66002f8bd61fced491a	b98fbe1991f0b22708290ad571d947ffa0ac221a4e52466f401b06666ea536ff	15	11	terrestrial-multiped-crawl-v1
141	kabutops	00	none	normal	assets/pokemon-walksheets/dex-141__species-kabutops__form-00__gender-none__palette-normal__walk-3x4.png	assets/pokemon-runtime/dex-141__species-kabutops__form-00__gender-none__palette-normal__walk-3x4.png	pokemon_medium	13	8b9a27970dae01aa69f0e268adf70e57581eca2f2207e162b489a15746f62bdf	73989fc07bb72ca38784307fa8a5fd1073caba0e057eb80f97b811183f3c47f3	14	16	terrestrial-biped-light-v1
142	aerodactyl	00	none	normal	assets/pokemon-walksheets/dex-142__species-aerodactyl__form-00__gender-none__palette-normal__walk-3x4.png	assets/pokemon-runtime/dex-142__species-aerodactyl__form-00__gender-none__palette-normal__walk-3x4.png	pokemon_large	18	302722583409c9c03ddb4c9d6514cadb853f0d5030a4a9f623439f547065b128	f2beba86b29e6400f2bbaf1f9ea4890d757fb3a9cb7c5e2f0ac5d0e1efb252ad	15	13	airborne-wing-flap-v1
142	aerodactyl	00	none	shiny	assets/pokemon-walksheets/dex-142__species-aerodactyl__form-00__gender-none__palette-shiny__walk-3x4.png	assets/pokemon-runtime/dex-142__species-aerodactyl__form-00__gender-none__palette-shiny__walk-3x4.png	pokemon_large	18	e881c20be21a0dbc6daebdff1af962c9943f821357023564e4b684d83f4e7b56	baa66a0e01d081b04a02f4e5eb29fa9ba5e777e413a30041b698f6e90ffd115f	15	13	airborne-wing-flap-v1
143	snorlax	00	none	normal	assets/pokemon-walksheets/dex-143__species-snorlax__form-00__gender-none__palette-normal__walk-3x4.png	assets/pokemon-runtime/dex-143__species-snorlax__form-00__gender-none__palette-normal__walk-3x4.png	pokemon_large	21	ec5c33b353a52c77090990b2ca7d5ad4098308625707807bf87059f5f06a29fe	57dc806ef628e73f538faca63369060be5ca9a242876c8e4878e07d6a19b4f71	15	16	terrestrial-biped-heavy-v1
144	articuno	00	none	normal	assets/pokemon-walksheets/dex-144__species-articuno__form-00__gender-none__palette-normal__walk-3x4.png	assets/pokemon-runtime/dex-144__species-articuno__form-00__gender-none__palette-normal__walk-3x4.png	pokemon_large	17	fe792271b3f2ed15c923e5eaa6ae1236e9479107b1a25647ca1b6d23b9a3f253	5144e9ddab2f6ad85f623b2413e12e873b94a7065385d5803c1577a465e5e03f	15	16	airborne-wing-flap-v1
145	zapdos	00	none	normal	assets/pokemon-walksheets/dex-145__species-zapdos__form-00__gender-none__palette-normal__walk-3x4.png	assets/pokemon-runtime/dex-145__species-zapdos__form-00__gender-none__palette-normal__walk-3x4.png	pokemon_large	16	794e817a8ba167eef008ad36fa67d710a5312e657e9767897096f3bc0e0d5926	12faecafc7432f2791472d514eca53f747c0d1782d72be87182aaf9fdf4c1e47	13	16	airborne-wing-flap-v1
146	moltres	00	none	normal	assets/pokemon-walksheets/dex-146__species-moltres__form-00__gender-none__palette-normal__walk-3x4.png	assets/pokemon-runtime/dex-146__species-moltres__form-00__gender-none__palette-normal__walk-3x4.png	pokemon_large	20	bdd6e3773133f941664f80193c496dbf095bd4d729edd5d0ac2a810c14790604	380412cfa1fac296d6898ab7027d1149aefc0e4aaf619dbc7c978bf6be699969	15	12	airborne-wing-flap-v1
147	dratini	00	none	normal	assets/pokemon-walksheets/dex-147__species-dratini__form-00__gender-none__palette-normal__walk-3x4.png	assets/pokemon-runtime/dex-147__species-dratini__form-00__gender-none__palette-normal__walk-3x4.png	pokemon_large	18	76e79f31a8ee3de2f6b258b2fb5098e52e2a47e2044ec8c1d3ed75940ab8f015	ef1ada5b64fb1a1edd7ec9e176cf8c1a72109d235357acb6d2ad9b3fff5101e8	15	16	airborne-serpentine-wave-v1
148	dragonair	00	none	normal	assets/pokemon-walksheets/dex-148__species-dragonair__form-00__gender-none__palette-normal__walk-3x4.png	assets/pokemon-runtime/dex-148__species-dragonair__form-00__gender-none__palette-normal__walk-3x4.png	pokemon_large	40	55a2bf44d3961547f0ed96a90fc405aa0ad7eba76d906cffc42ba89ca80850c0	75560fa2e1f2a566cb3e2c3fbe5698775699f5e27b957f804a2d243870a9db1d	12	16	airborne-serpentine-wave-v1
149	dragonite	00	none	normal	assets/pokemon-walksheets/dex-149__species-dragonite__form-00__gender-none__palette-normal__walk-3x4.png	assets/pokemon-runtime/dex-149__species-dragonite__form-00__gender-none__palette-normal__walk-3x4.png	pokemon_large	22	6409f7ea44036457eb6940f7776793a08b2dfd487b7c607f0cefcb9f6db3fa25	39965cb776bef7a654c2a385ee0f700e6f460e244a44b38d7f7c81bf926241c3	15	16	airborne-wing-flap-v1
150	mewtwo	00	none	normal	assets/pokemon-walksheets/dex-150__species-mewtwo__form-00__gender-none__palette-normal__walk-3x4.png	assets/pokemon-runtime/dex-150__species-mewtwo__form-00__gender-none__palette-normal__walk-3x4.png	pokemon_large	20	51ad21bc9cc3b29bf61174afe41b2342d7cfe9b6982b48110f851046c1fe0db7	24349af19b69618c642d236ca25f2461dd6493c84e849013befefceea93b8ec0	15	16	terrestrial-biped-light-v1
150	mewtwo	00	none	shiny	assets/pokemon-walksheets/dex-150__species-mewtwo__form-00__gender-none__palette-shiny__walk-3x4.png	assets/pokemon-runtime/dex-150__species-mewtwo__form-00__gender-none__palette-shiny__walk-3x4.png	pokemon_large	20	fcbab5b539a81b8aef8f493bee9504d82f2e8ad0643877b9d03d6edbc7265314	74238ce5b15e3c93e8f32128d81fb5459cb97141cd5de0f7322c2abef2af4045	15	16	terrestrial-biped-light-v1
151	mew	00	none	normal	assets/pokemon-walksheets/dex-151__species-mew__form-00__gender-none__palette-normal__walk-3x4.png	assets/pokemon-runtime/dex-151__species-mew__form-00__gender-none__palette-normal__walk-3x4.png	pokemon_small	4	f6a08a62f947df73808ddd3ead42eb5c3b90601926289c97d426c07d666f106f	5238e9f0caa88871f5b6c015a25c2c7b524bd5c2dadc51c515c23630a6731727	15	16	airborne-hover-bob-v1
152	chikorita	00	none	normal	assets/pokemon-walksheets/dex-152__species-chikorita__form-00__gender-none__palette-normal__walk-3x4.png	assets/pokemon-runtime/dex-152__species-chikorita__form-00__gender-none__palette-normal__walk-3x4.png	pokemon_medium	9	7933f179816dd7636ce9d259bc116d4d94d78197c54d322b2f3ae36ca7862374	2c878d472cfa6966155e334b37bf3d73cfdb07e333c6331172342bf34670aa26	15	16	terrestrial-quadruped-light-v1
153	bayleef	00	none	normal	assets/pokemon-walksheets/dex-153__species-bayleef__form-00__gender-none__palette-normal__walk-3x4.png	assets/pokemon-runtime/dex-153__species-bayleef__form-00__gender-none__palette-normal__walk-3x4.png	pokemon_medium	12	a83646e17ef2b4bc81cb95e6ae4a743bf8e51c68a855414e5504c07f159623ea	6f1cdc6dd338d68faa726760459fe85210833de1acc6a4988cddb0475a400683	14	16	terrestrial-quadruped-light-v1
154	meganium	00	female	normal	assets/pokemon-walksheets/dex-154__species-meganium__form-00__gender-female__palette-normal__walk-3x4.png	assets/pokemon-runtime/dex-154__species-meganium__form-00__gender-female__palette-normal__walk-3x4.png	pokemon_large	18	dc257bf4bda7166fde3f451996feb1f25c99573ac30261e4bbe30842b6737d33	6194df3d413f70c2f9bda508e7341cc081848b3a56aee3b9700322ebfed40ae5	15	16	terrestrial-quadruped-heavy-v1
154	meganium	00	male	normal	assets/pokemon-walksheets/dex-154__species-meganium__form-00__gender-male__palette-normal__walk-3x4.png	assets/pokemon-runtime/dex-154__species-meganium__form-00__gender-male__palette-normal__walk-3x4.png	pokemon_large	18	483e4bb2714d167f52e5f95cca74d7851a3f9e7814fbbbe7cce6539b61df8c79	5f0032177ccd5a6c748a0ff94b4c0e4202ca61a5c5642eed578b2f57b3d03e5d	15	16	terrestrial-quadruped-heavy-v1
155	cyndaquil	00	none	normal	assets/pokemon-walksheets/dex-155__species-cyndaquil__form-00__gender-none__palette-normal__walk-3x4.png	assets/pokemon-runtime/dex-155__species-cyndaquil__form-00__gender-none__palette-normal__walk-3x4.png	pokemon_small	5	8c0f54d27c19cbc03321f72635b415bba3712820da8e935b567bc05b63624932	be65e68c04a08437b9d59bfc688c3ef28a00494ccca5a44da77fd595656f2c5c	15	16	terrestrial-quadruped-light-v1
156	quilava	00	none	normal	assets/pokemon-walksheets/dex-156__species-quilava__form-00__gender-none__palette-normal__walk-3x4.png	assets/pokemon-runtime/dex-156__species-quilava__form-00__gender-none__palette-normal__walk-3x4.png	pokemon_medium	9	b8284a1278feef0bdffc8ffe261b1d529373c0dea87eba6dc9c04a05ad6c35ce	016edf50a023f39e2844391202ce21914bd25e451785fc23c3392b7908d31141	15	16	terrestrial-quadruped-light-v1
157	typhlosion	00	none	normal	assets/pokemon-walksheets/dex-157__species-typhlosion__form-00__gender-none__palette-normal__walk-3x4.png	assets/pokemon-runtime/dex-157__species-typhlosion__form-00__gender-none__palette-normal__walk-3x4.png	pokemon_large	17	1b8c246cc28813e0623b4d10069b8ebdd32256f42a4dd6d210a3334a9e8db1a5	b242652d3e415ddacda695a0a57237fd964e29877c4ebc1df6869e5a2f4cedb7	13	16	terrestrial-biped-heavy-v1
158	totodile	00	none	normal	assets/pokemon-walksheets/dex-158__species-totodile__form-00__gender-none__palette-normal__walk-3x4.png	assets/pokemon-runtime/dex-158__species-totodile__form-00__gender-none__palette-normal__walk-3x4.png	pokemon_small	6	3909a6e0bf28b0e46a8f64aecc9ffbf463a71f66dc9ca91dbf1811e669114c15	35e9a41b4295a84a17563247a67726b28b32331a718b961d2045d9f73ff0ce76	15	16	terrestrial-biped-light-v1
159	croconaw	00	none	normal	assets/pokemon-walksheets/dex-159__species-croconaw__form-00__gender-none__palette-normal__walk-3x4.png	assets/pokemon-runtime/dex-159__species-croconaw__form-00__gender-none__palette-normal__walk-3x4.png	pokemon_medium	11	d172a2abf9e8f03ad51301d8ec2459d611f5cf8fe622ad89602becd12d3f7ef0	49414543664ca466ca138d6bf681680908914af9a198625658cbba51ab3e4bd0	14	16	terrestrial-biped-light-v1
160	feraligatr	00	none	normal	assets/pokemon-walksheets/dex-160__species-feraligatr__form-00__gender-none__palette-normal__walk-3x4.png	assets/pokemon-runtime/dex-160__species-feraligatr__form-00__gender-none__palette-normal__walk-3x4.png	pokemon_large	23	421c270545d564255c3a528b44626f24f9a998905eab0293602aca6c946b2909	f1345385cec28f7d7dd0078fed2a11cb597f4c2bab976938bd0046bc6714e3a9	15	16	terrestrial-biped-heavy-v1
161	sentret	00	none	normal	assets/pokemon-walksheets/dex-161__species-sentret__form-00__gender-none__palette-normal__walk-3x4.png	assets/pokemon-runtime/dex-161__species-sentret__form-00__gender-none__palette-normal__walk-3x4.png	pokemon_medium	8	783e5298fd018032453820ba764bf8b120dfdbe36528b40a9a370cb5a1119a58	fc851e49578b2d9968e7b7f605237f6db8978757247833b2db9f3281c454d836	15	16	terrestrial-biped-light-v1
162	furret	00	none	normal	assets/pokemon-walksheets/dex-162__species-furret__form-00__gender-none__palette-normal__walk-3x4.png	assets/pokemon-runtime/dex-162__species-furret__form-00__gender-none__palette-normal__walk-3x4.png	pokemon_large	18	52a7fce63cbd8497e85d0b7fd7bef662bd22c8faa6b4e168be86b1d6e4ac52c0	dadd9a7c13e2cb3a7224cad649449ee17f05e4f48a916295a3123ed5f7d5f40e	15	16	terrestrial-quadruped-light-v1
163	hoothoot	00	none	normal	assets/pokemon-walksheets/dex-163__species-hoothoot__form-00__gender-none__palette-normal__walk-3x4.png	assets/pokemon-runtime/dex-163__species-hoothoot__form-00__gender-none__palette-normal__walk-3x4.png	pokemon_small	7	cfdfa19dc8a70be1d60dab50a1611e346a7ae25518c19dd971ec84211a7363c0	367dff4de0bc3fbef20165c03ced2de7ac3988f4070b050ebdfd0ed4f0c2e129	15	15	airborne-wing-flap-v1
164	noctowl	00	none	normal	assets/pokemon-walksheets/dex-164__species-noctowl__form-00__gender-none__palette-normal__walk-3x4.png	assets/pokemon-runtime/dex-164__species-noctowl__form-00__gender-none__palette-normal__walk-3x4.png	pokemon_large	16	eef86d60b70f49cff8466b053ba0f137fca42ce3b34ef01c487bae65947c8a12	4e6e03177e31b5c1d2165109cd5fe628bd0aff085debd5949bc7e8e72f83410e	14	16	airborne-wing-flap-v1
165	ledyba	00	female	normal	assets/pokemon-walksheets/dex-165__species-ledyba__form-00__gender-female__palette-normal__walk-3x4.png	assets/pokemon-runtime/dex-165__species-ledyba__form-00__gender-female__palette-normal__walk-3x4.png	pokemon_medium	10	1f541f5f54db8861a871b6d18159809ac0fefe85ded8500097ece70942847caa	c6bca0b173a8d80ad594c48bccdd143ba212e95a646d847e0317412e4a2ed71c	15	12	airborne-wing-flap-v1
165	ledyba	00	female	shiny	assets/pokemon-walksheets/dex-165__species-ledyba__form-00__gender-female__palette-shiny__walk-3x4.png	assets/pokemon-runtime/dex-165__species-ledyba__form-00__gender-female__palette-shiny__walk-3x4.png	pokemon_medium	10	485602fbdbcef4257e791b53e55ceb1f8a0f77df9bb0932a6bd23f2a1a0e1233	019cfd1954eb654a3fb06afd1afedc593648c74274306cf454877ddffbee3739	15	12	airborne-wing-flap-v1
165	ledyba	00	male	normal	assets/pokemon-walksheets/dex-165__species-ledyba__form-00__gender-male__palette-normal__walk-3x4.png	assets/pokemon-runtime/dex-165__species-ledyba__form-00__gender-male__palette-normal__walk-3x4.png	pokemon_medium	10	0e06f957df70c073bfc47757c2c7444ac934e4e78e1f6dd0c934a6bd4c68df7d	41b3c6f951b2722ec96ecf6cbeea0964de47ff82b1e60a601255739422cc92d7	15	13	airborne-wing-flap-v1
165	ledyba	00	male	shiny	assets/pokemon-walksheets/dex-165__species-ledyba__form-00__gender-male__palette-shiny__walk-3x4.png	assets/pokemon-runtime/dex-165__species-ledyba__form-00__gender-male__palette-shiny__walk-3x4.png	pokemon_medium	10	7ff4e091fdac65acbd95575cabe0466efb6e8947e1d6e7f2843913cbdc2a9de9	2eb920118159b09e806ba3db2b58ef98b5a2d947a655445a7e890386b1c827fd	15	13	airborne-wing-flap-v1
166	ledian	00	female	normal	assets/pokemon-walksheets/dex-166__species-ledian__form-00__gender-female__palette-normal__walk-3x4.png	assets/pokemon-runtime/dex-166__species-ledian__form-00__gender-female__palette-normal__walk-3x4.png	pokemon_medium	14	4a52bf70cd32f8f61c868ada0cb942bd5ffb1763d7307adcf7dc9bf65b472dbd	d8ad0476fb7a06e019c72ebf5ca4f530be302f6ffdf0edf97093093ac49f71a6	9	16	airborne-wing-flap-v1
166	ledian	00	female	shiny	assets/pokemon-walksheets/dex-166__species-ledian__form-00__gender-female__palette-shiny__walk-3x4.png	assets/pokemon-runtime/dex-166__species-ledian__form-00__gender-female__palette-shiny__walk-3x4.png	pokemon_medium	14	8621059411f1679fe77fbb091c5297199f755fbe5e137328392be6b35d87a1b1	14b974e54c94b2b729ac562d629a98f1733e33897fdc8024aefd385d815c82e3	9	16	airborne-wing-flap-v1
166	ledian	00	male	normal	assets/pokemon-walksheets/dex-166__species-ledian__form-00__gender-male__palette-normal__walk-3x4.png	assets/pokemon-runtime/dex-166__species-ledian__form-00__gender-male__palette-normal__walk-3x4.png	pokemon_medium	14	3f9601092be8c0307b1297d55bfb41f905195c19e8d2d47d11f7bbac292e8591	2087dd77d85facb80c3475e67edd2b2d4d89df7757bf5a3ab77d0339189961bf	9	16	airborne-wing-flap-v1
166	ledian	00	male	shiny	assets/pokemon-walksheets/dex-166__species-ledian__form-00__gender-male__palette-shiny__walk-3x4.png	assets/pokemon-runtime/dex-166__species-ledian__form-00__gender-male__palette-shiny__walk-3x4.png	pokemon_medium	14	560280a2f9a8b2a72811d5a95aaa8a2969fa9db99ab7d0a1715751825f387511	c3cd96450b1410f5aca504014c98fee01fe9f632a4900738b829917163d9fccb	9	16	airborne-wing-flap-v1
167	spinarak	00	none	normal	assets/pokemon-walksheets/dex-167__species-spinarak__form-00__gender-none__palette-normal__walk-3x4.png	assets/pokemon-runtime/dex-167__species-spinarak__form-00__gender-none__palette-normal__walk-3x4.png	pokemon_small	5	5f823f901d4b4f4f7a641437bd3ff991741e1ec0238703cc8001a97707c575b8	462f7d849eaa6975aac63396556eaabfabe76c9f54a7c5abda7d6a5d4dbb8f73	15	8	terrestrial-multiped-crawl-v1
168	ariados	00	none	normal	assets/pokemon-walksheets/dex-168__species-ariados__form-00__gender-none__palette-normal__walk-3x4.png	assets/pokemon-runtime/dex-168__species-ariados__form-00__gender-none__palette-normal__walk-3x4.png	pokemon_medium	11	adba4b90d30a1be1e951fc07edaa324cdde63b772225cfb58130fb3f51649dbb	5178e430c9eed4da14bb14ca3cd10089da02fcf45d0cdaa5d4245aa75b5428bc	15	13	terrestrial-multiped-crawl-v1
169	crobat	00	none	normal	assets/pokemon-walksheets/dex-169__species-crobat__form-00__gender-none__palette-normal__walk-3x4.png	assets/pokemon-runtime/dex-169__species-crobat__form-00__gender-none__palette-normal__walk-3x4.png	pokemon_large	18	4be332094c46a9df71cd658ec1ec3b188645e57c205d3180876a0f1fadc3476c	22ea3365ab614c962134ff00112e9b1014c8318847371d2bb683433a0e434376	11	16	airborne-wing-flap-v1
170	chinchou	00	none	normal	assets/pokemon-walksheets/dex-170__species-chinchou__form-00__gender-none__palette-normal__walk-3x4.png	assets/pokemon-runtime/dex-170__species-chinchou__form-00__gender-none__palette-normal__walk-3x4.png	pokemon_small	5	fc3a2e16b286f4e57c8f7a32c2ce6e332a366238bff5823779da58b56d5232f6	b41d7bac0ca663412a5d3e4642f2e8a5bd5936db04dc322d98cc906020859568	15	13	aquatic-fin-swim-v1
171	lanturn	00	none	normal	assets/pokemon-walksheets/dex-171__species-lanturn__form-00__gender-none__palette-normal__walk-3x4.png	assets/pokemon-runtime/dex-171__species-lanturn__form-00__gender-none__palette-normal__walk-3x4.png	pokemon_medium	12	c65c0435e8b7b1070445284e07957e4fbbbb1c34d7c08854370488d01ab09e23	654a1148e368524a86e828daf8ce6fd3dd98635b8e7f05075f380ee783fd0383	15	16	aquatic-fin-swim-v1
172	pichu	00	none	normal	assets/pokemon-walksheets/dex-172__species-pichu__form-00__gender-none__palette-normal__walk-3x4.png	assets/pokemon-runtime/dex-172__species-pichu__form-00__gender-none__palette-normal__walk-3x4.png	pokemon_small	3	af5bc5f39f2a87cc576ba4b5042acde111ac89fa4262109f468a6c675fcd1333	3c515658f77ef566c428941cf688b3132aec57c8628f31aec0bbabe19e9156ae	15	16	terrestrial-biped-light-v1
172	pichu	00	none	shiny	assets/pokemon-walksheets/dex-172__species-pichu__form-00__gender-none__palette-shiny__walk-3x4.png	assets/pokemon-runtime/dex-172__species-pichu__form-00__gender-none__palette-shiny__walk-3x4.png	pokemon_small	3	441686bf8a7dd729a8f4e7bc470dfcf7fe62ddb88e18744a92186ea3638b11c7	d9e98584037d7289261bbe9cee4e96a02b313af53eb08015765aec701a092fcd	15	16	terrestrial-biped-light-v1
173	cleffa	00	none	normal	assets/pokemon-walksheets/dex-173__species-cleffa__form-00__gender-none__palette-normal__walk-3x4.png	assets/pokemon-runtime/dex-173__species-cleffa__form-00__gender-none__palette-normal__walk-3x4.png	pokemon_small	3	6bb5ba4cdb90fb0b258122722a26daa3b73c525c3c619a9977947ad54d4dacec	076cb10e00d480dcadecbb81e306cf48579068e936c52dd01d6c767b920a7103	15	14	terrestrial-biped-light-v1
174	igglybuff	00	none	normal	assets/pokemon-walksheets/dex-174__species-igglybuff__form-00__gender-none__palette-normal__walk-3x4.png	assets/pokemon-runtime/dex-174__species-igglybuff__form-00__gender-none__palette-normal__walk-3x4.png	pokemon_small	3	84fa6a6328ef1caacd42cc1c94582ed9593535e2c3b35cecf10ac83ede4d5583	e01cfd9126981a0602b07a756359a6d6afef920b5d7d779413cf9feddf0d0ac8	13	16	terrestrial-biped-light-v1
175	togepi	00	none	normal	assets/pokemon-walksheets/dex-175__species-togepi__form-00__gender-none__palette-normal__walk-3x4.png	assets/pokemon-runtime/dex-175__species-togepi__form-00__gender-none__palette-normal__walk-3x4.png	pokemon_small	3	56cb387076e9e1e68973b8564f6016b43531c278f535954107c5216ce593a4aa	f8d9fc2122e995840647b36e5afd08b48eb0bc4e0e1462490a2fff3f6f4793da	15	16	terrestrial-biped-light-v1
176	togetic	00	none	normal	assets/pokemon-walksheets/dex-176__species-togetic__form-00__gender-none__palette-normal__walk-3x4.png	assets/pokemon-runtime/dex-176__species-togetic__form-00__gender-none__palette-normal__walk-3x4.png	pokemon_small	6	1237b7e5f45f4030086f2da5fd90f3e3461b33813e315de028e12de713e04806	2d900212fb4d5f77298f4a47b4f46b3da3c16bead8e67d72e6238e0ee015866a	11	16	airborne-wing-flap-v1
177	natu	00	none	normal	assets/pokemon-walksheets/dex-177__species-natu__form-00__gender-none__palette-normal__walk-3x4.png	assets/pokemon-runtime/dex-177__species-natu__form-00__gender-none__palette-normal__walk-3x4.png	pokemon_small	2	abca7137841554a160ad224190187f9c9f567e39f2c17d71edb6086d5b0dcb82	7e35ceabf6afffd1b1e89646344e9b2bd80be08e587ee05a54bf7427b1b874b9	15	16	ground-hop-bounce-v1
178	xatu	00	female	normal	assets/pokemon-walksheets/dex-178__species-xatu__form-00__gender-female__palette-normal__walk-3x4.png	assets/pokemon-runtime/dex-178__species-xatu__form-00__gender-female__palette-normal__walk-3x4.png	pokemon_large	15	ec6c87765486a438cb78fb981de50a9b48b6207a57e0d2dcaa9fa8c7f22bc418	b2d5593fc21e34566a16528825601ba4f07d173aff058973ec56905787567fdd	15	11	airborne-wing-flap-v1
178	xatu	00	male	normal	assets/pokemon-walksheets/dex-178__species-xatu__form-00__gender-male__palette-normal__walk-3x4.png	assets/pokemon-runtime/dex-178__species-xatu__form-00__gender-male__palette-normal__walk-3x4.png	pokemon_large	15	6d4da43c86e61914bfbe0f7f232308cd1abf94bd5f9a3df3bb12d70bbb3fec19	44f324df123454a8b8cd5c157ed43581fe07354ff2f9417d74c14db8a80b62eb	15	11	airborne-wing-flap-v1
179	mareep	00	none	normal	assets/pokemon-walksheets/dex-179__species-mareep__form-00__gender-none__palette-normal__walk-3x4.png	assets/pokemon-runtime/dex-179__species-mareep__form-00__gender-none__palette-normal__walk-3x4.png	pokemon_small	6	c70a7d39d2ed7ae1fca00f89868086f058fedc517f44a74034478fb200418243	208b93ecaee1c988b1dbce9e7ac3acae594bf5e2efa4f8a8cc744b13ae3832b5	15	16	terrestrial-quadruped-light-v1
180	flaaffy	00	none	normal	assets/pokemon-walksheets/dex-180__species-flaaffy__form-00__gender-none__palette-normal__walk-3x4.png	assets/pokemon-runtime/dex-180__species-flaaffy__form-00__gender-none__palette-normal__walk-3x4.png	pokemon_medium	8	d261016546024eec899319a628163ea21ec801ebc92ca0ac014a53dd6e5ced0d	84b24ecb980b943ee4f835b3ca554b355272331f7a456c49247090ce867d3986	15	16	terrestrial-biped-light-v1
181	ampharos	00	none	normal	assets/pokemon-walksheets/dex-181__species-ampharos__form-00__gender-none__palette-normal__walk-3x4.png	assets/pokemon-runtime/dex-181__species-ampharos__form-00__gender-none__palette-normal__walk-3x4.png	pokemon_medium	14	228af23fe3a862374e68c08bed4cd3652a353ec41327be764054bcff624d7b19	4114baefa21a437800dbaea53723c8ced548929c14a51afc2f0ae1954598e72d	12	16	terrestrial-biped-light-v1
182	bellossom	00	none	normal	assets/pokemon-walksheets/dex-182__species-bellossom__form-00__gender-none__palette-normal__walk-3x4.png	assets/pokemon-runtime/dex-182__species-bellossom__form-00__gender-none__palette-normal__walk-3x4.png	pokemon_small	4	e51ad83850a66cf4e64c387380564ca71ce9d2b74a881b2751db574270fbdf32	8c9525b4929f4f0bb3e4b19c2f63ffd73337924a47adaf2283e508361af147c6	14	16	terrestrial-biped-light-v1
183	marill	00	none	normal	assets/pokemon-walksheets/dex-183__species-marill__form-00__gender-none__palette-normal__walk-3x4.png	assets/pokemon-runtime/dex-183__species-marill__form-00__gender-none__palette-normal__walk-3x4.png	pokemon_small	4	e951a39ad01171445bd15b98412982462b8f4ad203506bd918e4218a47c5ae9f	5270cc8588e8eb52565ae41e2af3cb7d71f2b26c3ebb0b3bdcfadade529a3532	15	16	terrestrial-biped-light-v1
184	azumarill	00	none	normal	assets/pokemon-walksheets/dex-184__species-azumarill__form-00__gender-none__palette-normal__walk-3x4.png	assets/pokemon-runtime/dex-184__species-azumarill__form-00__gender-none__palette-normal__walk-3x4.png	pokemon_medium	8	b9883c867b518b79d4dc7500b252984e3507d539984977d544495ad90cce45eb	6c9784c0b043cc12f841d92b0bd0a4587acfab3c9a9f25c1ae9995dd19271810	15	15	terrestrial-biped-light-v1
185	sudowoodo	00	female	normal	assets/pokemon-walksheets/dex-185__species-sudowoodo__form-00__gender-female__palette-normal__walk-3x4.png	assets/pokemon-runtime/dex-185__species-sudowoodo__form-00__gender-female__palette-normal__walk-3x4.png	pokemon_medium	12	e9e01dd8606b6230ce80ea695cbeb52d80d5e8b7aa7b657875e26dab9be3212a	ea889e46de549f0a01099de180f9b02482868d6e30d6852e562643ea10359438	14	16	terrestrial-biped-light-v1
185	sudowoodo	00	male	normal	assets/pokemon-walksheets/dex-185__species-sudowoodo__form-00__gender-male__palette-normal__walk-3x4.png	assets/pokemon-runtime/dex-185__species-sudowoodo__form-00__gender-male__palette-normal__walk-3x4.png	pokemon_medium	12	f378f12864efa22327f7e230b655ce31779f5a1d486ff42a26fa8e65719260fd	464d6a1edebdf0965a309f5e396dac5777c30bc0df1fd4bfd64ca43ce4ab70a8	13	16	terrestrial-biped-light-v1
186	politoed	00	female	normal	assets/pokemon-walksheets/dex-186__species-politoed__form-00__gender-female__palette-normal__walk-3x4.png	assets/pokemon-runtime/dex-186__species-politoed__form-00__gender-female__palette-normal__walk-3x4.png	pokemon_medium	11	f88dd9be1a2e2621f8e25f54431341cf72c95d118134e768542643e2a55aadab	3d7db8563fde28f42ec5bef0655514a19cf342321422aa93ecfee07294d753a9	15	16	terrestrial-biped-light-v1
186	politoed	00	male	normal	assets/pokemon-walksheets/dex-186__species-politoed__form-00__gender-male__palette-normal__walk-3x4.png	assets/pokemon-runtime/dex-186__species-politoed__form-00__gender-male__palette-normal__walk-3x4.png	pokemon_medium	11	d74d2ca03f1e11cc09007609856fa0fbb195d395db8e6cb64323ad673e97e863	8f0a9c00c18dc84d90c7e39926e311f3d3cda8c73414bbdb056bf343db99761f	15	16	terrestrial-biped-light-v1
187	hoppip	00	none	normal	assets/pokemon-walksheets/dex-187__species-hoppip__form-00__gender-none__palette-normal__walk-3x4.png	assets/pokemon-runtime/dex-187__species-hoppip__form-00__gender-none__palette-normal__walk-3x4.png	pokemon_small	4	62548b1a489d075814e2e632e9dad8a6fc024da398a0d34937b034f940e73aee	cac093d6746086c9142cc821b03127120a067e13e9c273e975f61b564e8f0cc4	15	16	airborne-hover-bob-v1
188	skiploom	00	none	normal	assets/pokemon-walksheets/dex-188__species-skiploom__form-00__gender-none__palette-normal__walk-3x4.png	assets/pokemon-runtime/dex-188__species-skiploom__form-00__gender-none__palette-normal__walk-3x4.png	pokemon_small	6	5a13be7d0e99ab1b507df4a5b0445bf98061d60d5d558ec49426ee1695ee5d45	c67a9994c3911013cf320d5ba835eea2996ecd3293b344bdf7d864616cc90ce6	15	15	airborne-hover-bob-v1
189	jumpluff	00	none	normal	assets/pokemon-walksheets/dex-189__species-jumpluff__form-00__gender-none__palette-normal__walk-3x4.png	assets/pokemon-runtime/dex-189__species-jumpluff__form-00__gender-none__palette-normal__walk-3x4.png	pokemon_medium	8	1fa35d460b95b041a5e9028b2b36914d95003dea944086400392a2d0b43b7e5e	cb79ba4785ef89c603a997bba96e0d5a4432011f3b683cf0227efa1755381811	15	15	airborne-hover-bob-v1
190	aipom	00	female	normal	assets/pokemon-walksheets/dex-190__species-aipom__form-00__gender-female__palette-normal__walk-3x4.png	assets/pokemon-runtime/dex-190__species-aipom__form-00__gender-female__palette-normal__walk-3x4.png	pokemon_medium	8	939b0ae57d68cbf79a369d291ac782ab529e5144326b28d02211fc11f078fd5b	aa530ffeaf7eb893c279b703668daf27336173b6c3e082e2355fd4ab67d6fa9f	15	16	terrestrial-biped-light-v1
190	aipom	00	male	normal	assets/pokemon-walksheets/dex-190__species-aipom__form-00__gender-male__palette-normal__walk-3x4.png	assets/pokemon-runtime/dex-190__species-aipom__form-00__gender-male__palette-normal__walk-3x4.png	pokemon_medium	8	75c4dbd0e515b8a956e856cb5e4977078c98eb9209472a15e4d452d90cc647bd	9378cffc349ad22401ba69df0a1365c40f447c0a56a74fd66099f1c8e27e5440	15	16	terrestrial-biped-light-v1
191	sunkern	00	none	normal	assets/pokemon-walksheets/dex-191__species-sunkern__form-00__gender-none__palette-normal__walk-3x4.png	assets/pokemon-runtime/dex-191__species-sunkern__form-00__gender-none__palette-normal__walk-3x4.png	pokemon_small	3	2c15298977705af5425b83e4cd5a206221a719869ef22736539252ecf9b4b58b	67792b35b6d16f29a1662139f3a7e56b4782343ec4fc3de1477084fa7d4f4316	14	16	ground-hop-bounce-v1
192	sunflora	00	none	normal	assets/pokemon-walksheets/dex-192__species-sunflora__form-00__gender-none__palette-normal__walk-3x4.png	assets/pokemon-runtime/dex-192__species-sunflora__form-00__gender-none__palette-normal__walk-3x4.png	pokemon_medium	8	d95e307a5b26cf38e6108a3be29a51311b297e9f8c65c00454ac486b3673e426	24305c83ef436b469631401fb7e0c5f5ac76f8c2a6907096ed331a25f8b9ca9e	15	16	terrestrial-biped-light-v1
193	yanma	00	none	normal	assets/pokemon-walksheets/dex-193__species-yanma__form-00__gender-none__palette-normal__walk-3x4.png	assets/pokemon-runtime/dex-193__species-yanma__form-00__gender-none__palette-normal__walk-3x4.png	pokemon_medium	12	9ecea71b281b5211a15d3427eea2f1d606def753025946524114b401fcfa568d	6326c222596f61cb435e6fdf1ebd228c92768ef4c47de94825aedc3f09075d8f	15	14	airborne-wing-flap-v1
194	wooper	00	female	normal	assets/pokemon-walksheets/dex-194__species-wooper__form-00__gender-female__palette-normal__walk-3x4.png	assets/pokemon-runtime/dex-194__species-wooper__form-00__gender-female__palette-normal__walk-3x4.png	pokemon_small	4	90ae778d168ef4610cf674160fc3ba6378d99088f1d003793b777acfcebe57e6	9389244532299f0ffd205405de51f3a3fec983ae317dfd49f9ece88ec16937fe	15	16	terrestrial-quadruped-light-v1
194	wooper	00	male	normal	assets/pokemon-walksheets/dex-194__species-wooper__form-00__gender-male__palette-normal__walk-3x4.png	assets/pokemon-runtime/dex-194__species-wooper__form-00__gender-male__palette-normal__walk-3x4.png	pokemon_small	4	d571a6e2d67f8d53c5858ccb373916da59f36b5b90b74e91d70f35b78300cf77	08dcaa90377e805093ed1c28afc96f67df2639e18e281ded30e8300c23ea7dda	15	15	terrestrial-quadruped-light-v1
195	quagsire	00	female	normal	assets/pokemon-walksheets/dex-195__species-quagsire__form-00__gender-female__palette-normal__walk-3x4.png	assets/pokemon-runtime/dex-195__species-quagsire__form-00__gender-female__palette-normal__walk-3x4.png	pokemon_medium	14	837a291fa35da8d7c37308839e826f01805d64923ef1cef5060f3686b8c8e62c	e64cf7c9a7b177ae63d0399ecc2816f943bd16434c7e8a8ab3f96904be9d5eae	15	16	terrestrial-biped-heavy-v1
195	quagsire	00	male	normal	assets/pokemon-walksheets/dex-195__species-quagsire__form-00__gender-male__palette-normal__walk-3x4.png	assets/pokemon-runtime/dex-195__species-quagsire__form-00__gender-male__palette-normal__walk-3x4.png	pokemon_medium	14	3b33c402c42758a77281822c4ddd7b61d0ea95d3248e1e987060735b3287419b	d68312df262c4fe0afe97bb1b4baa5b1414d7fdc7852a7b581939f25fa5fba1d	15	16	terrestrial-biped-heavy-v1
196	espeon	00	none	normal	assets/pokemon-walksheets/dex-196__species-espeon__form-00__gender-none__palette-normal__walk-3x4.png	assets/pokemon-runtime/dex-196__species-espeon__form-00__gender-none__palette-normal__walk-3x4.png	pokemon_medium	9	9d5573cbaa395a469af743c2bdf043f91c96a216e2effdfbe696564ca798a5e0	9e3a4f5dc7990adebcd90e7de5565965a89314bf407400a0edcb8a118cb565df	14	16	terrestrial-quadruped-light-v1
196	espeon	00	none	shiny	assets/pokemon-walksheets/dex-196__species-espeon__form-00__gender-none__palette-shiny__walk-3x4.png	assets/pokemon-runtime/dex-196__species-espeon__form-00__gender-none__palette-shiny__walk-3x4.png	pokemon_medium	9	6cc87ce4e5990a28f3be365be458cdad0ecae258b484acc76b8f66512f2416f4	eef75c250187a515299510ea61086ddfff3a05108b9bd080a6ea8226a5397ac3	14	16	terrestrial-quadruped-light-v1
197	umbreon	00	none	normal	assets/pokemon-walksheets/dex-197__species-umbreon__form-00__gender-none__palette-normal__walk-3x4.png	assets/pokemon-runtime/dex-197__species-umbreon__form-00__gender-none__palette-normal__walk-3x4.png	pokemon_medium	10	aa78fc1f6e649d4db62e192ee94c642790d45f85223859949b995802ede79649	1eb697a5418aad03f9373dc79042dac51df849d21bca955276fd9ee3418d4f22	15	16	terrestrial-quadruped-light-v1
198	murkrow	00	female	normal	assets/pokemon-walksheets/dex-198__species-murkrow__form-00__gender-female__palette-normal__walk-3x4.png	assets/pokemon-runtime/dex-198__species-murkrow__form-00__gender-female__palette-normal__walk-3x4.png	pokemon_small	5	68f34f07dfbb8acc3483436427ea5dfba787dd68e084b96471e621aeb1ecd7e9	4619f5ca0ce9145689c4e8d9c2b44b161763588ad542f8e81ef93511fc735728	15	11	airborne-wing-flap-v1
198	murkrow	00	female	shiny	assets/pokemon-walksheets/dex-198__species-murkrow__form-00__gender-female__palette-shiny__walk-3x4.png	assets/pokemon-runtime/dex-198__species-murkrow__form-00__gender-female__palette-shiny__walk-3x4.png	pokemon_small	5	1a6f5cbbc5d2561620ddaf6b6ebebcbc78ed3d659219dc04f2bc7d6d22f56a6d	7d90da745c17013590f0eaca4adbe8a84e59247d11ddcf92471a0b0cfca27268	15	11	airborne-wing-flap-v1
198	murkrow	00	male	normal	assets/pokemon-walksheets/dex-198__species-murkrow__form-00__gender-male__palette-normal__walk-3x4.png	assets/pokemon-runtime/dex-198__species-murkrow__form-00__gender-male__palette-normal__walk-3x4.png	pokemon_small	5	6a19f829770045b6b8bb155ec161a7e1d3496766e92e4d74d1fed0cffb3f1b77	c601f65c542c5d432610bd05e5b94669d4c7aa13807af9a9c84891f6673d5529	15	12	airborne-wing-flap-v1
198	murkrow	00	male	shiny	assets/pokemon-walksheets/dex-198__species-murkrow__form-00__gender-male__palette-shiny__walk-3x4.png	assets/pokemon-runtime/dex-198__species-murkrow__form-00__gender-male__palette-shiny__walk-3x4.png	pokemon_small	5	b7a2382198a12dde750e74fb263643889644179c16722efab0466c9ce6d278cf	4471861a643c7e0d0abac579b2d371823d1f082c632f57a962f1d1957b1f3501	15	12	airborne-wing-flap-v1
199	slowking	00	none	normal	assets/pokemon-walksheets/dex-199__species-slowking__form-00__gender-none__palette-normal__walk-3x4.png	assets/pokemon-runtime/dex-199__species-slowking__form-00__gender-none__palette-normal__walk-3x4.png	pokemon_large	20	5f98690130335176418e25a7b70cb0132668c5f84db8d973e809a73adf043b13	27724f8b862c68e68c53ee788c8f661a72d1c9981b2652de3c5e6a85afcb6287	11	16	terrestrial-biped-heavy-v1
200	misdreavus	00	none	normal	assets/pokemon-walksheets/dex-200__species-misdreavus__form-00__gender-none__palette-normal__walk-3x4.png	assets/pokemon-runtime/dex-200__species-misdreavus__form-00__gender-none__palette-normal__walk-3x4.png	pokemon_small	7	3e824fd4b228d7cb8b6c6e046edc652c727ddd89e85e47848e241ab545160b2c	54d5572a7d37ba820cb67719a8aa1380f06502e346d5a5c929d233e699e7f1c4	15	14	airborne-hover-bob-v1
201	unown	11	none	normal	assets/pokemon-walksheets/dex-201__species-unown__form-11__gender-none__palette-normal__walk-3x4.png	assets/pokemon-runtime/dex-201__species-unown__form-11__gender-none__palette-normal__walk-3x4.png	pokemon_small	5	64b77210a08d27c57e1bdaf5ad28a7717e459a3cc1afc43ba2895480ec258b01	a9c603502628812e4bdad4ba0371b609c9fa3675e32544d7dd3d58435743b43e	10	16	airborne-hover-bob-v1
202	wobbuffet	00	female	normal	assets/pokemon-walksheets/dex-202__species-wobbuffet__form-00__gender-female__palette-normal__walk-3x4.png	assets/pokemon-runtime/dex-202__species-wobbuffet__form-00__gender-female__palette-normal__walk-3x4.png	pokemon_medium	13	04a16ae2dd3e3274ebd5fa3690c60734c8dd36f6f71b4e3296588f201ccb6d6d	d7ad41e4dac5d0ee30e326d92aa49ad17b61cd1010ff0c446672a0a9e4449746	14	16	amorphous-ground-sway-v1
202	wobbuffet	00	male	normal	assets/pokemon-walksheets/dex-202__species-wobbuffet__form-00__gender-male__palette-normal__walk-3x4.png	assets/pokemon-runtime/dex-202__species-wobbuffet__form-00__gender-male__palette-normal__walk-3x4.png	pokemon_medium	13	4eeb278d37a147beae1cc23f4788db2a4c8d074e967d7b966d98d47def4dfdd2	ef61a3c3e371eab4b6576f33c583b113e42495fb63b1972a22f504adeaf05bd4	14	16	amorphous-ground-sway-v1
203	girafarig	00	female	normal	assets/pokemon-walksheets/dex-203__species-girafarig__form-00__gender-female__palette-normal__walk-3x4.png	assets/pokemon-runtime/dex-203__species-girafarig__form-00__gender-female__palette-normal__walk-3x4.png	pokemon_large	15	ee0f07cc7bfdd6a966080447948fefd6cac85524ffde78fca4cd79a8923b133c	12d323b493e6201cd721790e59f4c31db47e0c293d6628ca8be6bd563939f7b4	15	16	terrestrial-quadruped-light-v1
203	girafarig	00	male	normal	assets/pokemon-walksheets/dex-203__species-girafarig__form-00__gender-male__palette-normal__walk-3x4.png	assets/pokemon-runtime/dex-203__species-girafarig__form-00__gender-male__palette-normal__walk-3x4.png	pokemon_large	15	d5d26cca190e7efd819f2fa634c65518de51de297d89d827abd23516baa20f9a	93878dd75920667029545c5c8870fdbd2da6472f58933880f62d931157be20f3	15	16	terrestrial-quadruped-light-v1
204	pineco	00	none	normal	assets/pokemon-walksheets/dex-204__species-pineco__form-00__gender-none__palette-normal__walk-3x4.png	assets/pokemon-runtime/dex-204__species-pineco__form-00__gender-none__palette-normal__walk-3x4.png	pokemon_small	6	44b45e887569200bfb913fd5666e7ccb4d3c0a78d6c33263883ed2a32dcb0c0b	d999ef985be1e65c4acf092274782aa017853300d27ed6ad647807ee74301b45	15	16	rooted-or-cocoon-sway-v1
205	forretress	00	none	normal	assets/pokemon-walksheets/dex-205__species-forretress__form-00__gender-none__palette-normal__walk-3x4.png	assets/pokemon-runtime/dex-205__species-forretress__form-00__gender-none__palette-normal__walk-3x4.png	pokemon_medium	12	d95b0370934bd23fd4855df257f77c2f9243c37125a39890d63cf34415cd5346	a8dac1e08059330a2cbda2850eea99fcd97caf6f31bcbdb3176b923ae1b0ec61	15	15	rooted-or-cocoon-sway-v1
206	dunsparce	00	none	normal	assets/pokemon-walksheets/dex-206__species-dunsparce__form-00__gender-none__palette-normal__walk-3x4.png	assets/pokemon-runtime/dex-206__species-dunsparce__form-00__gender-none__palette-normal__walk-3x4.png	pokemon_large	15	8f01f867081ac6d022c5775928d565d9802aba95b306b8b915723527dd914036	8adbb8ce30b5eed11e446e5005ebb3c9f2ce15a6656b1aa83fc65df293fc848f	15	9	terrestrial-serpentine-wave-v1
207	gligar	00	female	normal	assets/pokemon-walksheets/dex-207__species-gligar__form-00__gender-female__palette-normal__walk-3x4.png	assets/pokemon-runtime/dex-207__species-gligar__form-00__gender-female__palette-normal__walk-3x4.png	pokemon_medium	11	1758eda55b03ceb5182d2771b315876b9f44481597719c5e3c1ebe21154b4ca1	895203c130b49d71b058bba943f25c74a4257db3250ce30df2587fb7f7f52da4	14	16	airborne-wing-flap-v1
207	gligar	00	male	normal	assets/pokemon-walksheets/dex-207__species-gligar__form-00__gender-male__palette-normal__walk-3x4.png	assets/pokemon-runtime/dex-207__species-gligar__form-00__gender-male__palette-normal__walk-3x4.png	pokemon_medium	11	0b74a6d0a517f2e2d519843236a4432941f27630bd69177eb1ed67bcb9c7d2fc	d3fbe7af63223238068bdd608a5155222d79ebdd6492f206d6b2c1e0135c6c60	14	16	airborne-wing-flap-v1
208	steelix	00	female	normal	assets/pokemon-walksheets/dex-208__species-steelix__form-00__gender-female__palette-normal__walk-3x4.png	assets/pokemon-runtime/dex-208__species-steelix__form-00__gender-female__palette-normal__walk-3x4.png	pokemon_large	92	59f8d1bbbca93b56b8fd3975df40aabf04565ef26e0d1f9ad359a34945d7dbfe	4a515600dde886a724bf925534a1cb7cffa584a995d339c0f9560f5217154f03	15	15	terrestrial-serpentine-wave-v1
208	steelix	00	male	normal	assets/pokemon-walksheets/dex-208__species-steelix__form-00__gender-male__palette-normal__walk-3x4.png	assets/pokemon-runtime/dex-208__species-steelix__form-00__gender-male__palette-normal__walk-3x4.png	pokemon_large	92	db2e334f7a50472ad71afe3d06722a70e0eb078f945cbe915892bec07022cd51	2d60d9b2abbc83800f8fa12f43a49f35fa076cc1d208325655c20a89c372f5ce	15	15	terrestrial-serpentine-wave-v1
209	snubbull	00	none	normal	assets/pokemon-walksheets/dex-209__species-snubbull__form-00__gender-none__palette-normal__walk-3x4.png	assets/pokemon-runtime/dex-209__species-snubbull__form-00__gender-none__palette-normal__walk-3x4.png	pokemon_small	6	360df9f27f9cf4c229c2bc787b5d738ed8be2c3fc55384b0f93c40c45269f935	892a8e83dc32d7e3918a48d6708ce2a2b9c8177d1d7667e085b6fe9ca0a0d7e0	15	16	terrestrial-biped-light-v1
210	granbull	00	none	normal	assets/pokemon-walksheets/dex-210__species-granbull__form-00__gender-none__palette-normal__walk-3x4.png	assets/pokemon-runtime/dex-210__species-granbull__form-00__gender-none__palette-normal__walk-3x4.png	pokemon_medium	14	1b500c48f891a7a058dc741daeba049561b603fef2f1dfdd5d45771a4de819ca	28cf94b1f922358cdb2d8fd7f73b441a602ed5d54df25e05a7b8ac4f0dafa3f5	15	16	terrestrial-biped-light-v1
211	qwilfish	00	none	normal	assets/pokemon-walksheets/dex-211__species-qwilfish__form-00__gender-none__palette-normal__walk-3x4.png	assets/pokemon-runtime/dex-211__species-qwilfish__form-00__gender-none__palette-normal__walk-3x4.png	pokemon_small	5	d5aed3654676ee8dd322388b8c35826529f25db6a6519da06a41f846c66f79ff	dd804057efa6e3c7b68b1bf5ef56639c603b1f1ce1b24e5c43dbdfede3f46c2b	15	13	aquatic-fin-swim-v1
212	scizor	00	female	normal	assets/pokemon-walksheets/dex-212__species-scizor__form-00__gender-female__palette-normal__walk-3x4.png	assets/pokemon-runtime/dex-212__species-scizor__form-00__gender-female__palette-normal__walk-3x4.png	pokemon_large	18	0cb1e1876a848bb00b424f524b6435d1aaf0771de32b2283b69b93859daa8958	efdf61fb5f19b3145eb28de082b4870f8b31e4dfdac8d2de27e9351d0fa63d26	11	16	terrestrial-biped-light-v1
212	scizor	00	male	normal	assets/pokemon-walksheets/dex-212__species-scizor__form-00__gender-male__palette-normal__walk-3x4.png	assets/pokemon-runtime/dex-212__species-scizor__form-00__gender-male__palette-normal__walk-3x4.png	pokemon_large	18	061a53fa7e266b91c3fa5fd1cb045e4d14d6cc1c06a32966f2ee07d67aaa9593	52037904e6bcd846899d8768a5a7bb2cc45d9d08c357359cf1001f538fe7eeff	11	16	terrestrial-biped-light-v1
213	shuckle	00	none	normal	assets/pokemon-walksheets/dex-213__species-shuckle__form-00__gender-none__palette-normal__walk-3x4.png	assets/pokemon-runtime/dex-213__species-shuckle__form-00__gender-none__palette-normal__walk-3x4.png	pokemon_small	6	28452f44befaf784e34f56ed71375fcd8097e50f3b5bbada9060d297af174eab	fbdbb5aa06000a98d30ef93448ad2337dadb3c17b67267a42fa0eb5e0988f3d2	15	14	terrestrial-multiped-crawl-v1
214	heracross	00	female	normal	assets/pokemon-walksheets/dex-214__species-heracross__form-00__gender-female__palette-normal__walk-3x4.png	assets/pokemon-runtime/dex-214__species-heracross__form-00__gender-female__palette-normal__walk-3x4.png	pokemon_large	15	153b447ccc35a39a0438ca88194af55d1045a8538a9bf63b6895a07c77e02f75	b6f2c56aa2416e6ccec2a75831aad08a4c90a3b0c177ba9ba4badc6fd00bf86c	15	16	terrestrial-biped-light-v1
214	heracross	00	male	normal	assets/pokemon-walksheets/dex-214__species-heracross__form-00__gender-male__palette-normal__walk-3x4.png	assets/pokemon-runtime/dex-214__species-heracross__form-00__gender-male__palette-normal__walk-3x4.png	pokemon_large	15	b4b4c27777f7a63a9d27b4c9291add52e06f4c949d6dcee1698e5faf83fb0e5b	463e3d9231c601fca309c88ba9dfdc93e210d0a4f5b1e7450f36b9e07f487dbe	15	16	terrestrial-biped-light-v1
215	sneasel	00	female	normal	assets/pokemon-walksheets/dex-215__species-sneasel__form-00__gender-female__palette-normal__walk-3x4.png	assets/pokemon-runtime/dex-215__species-sneasel__form-00__gender-female__palette-normal__walk-3x4.png	pokemon_medium	9	5823943f49440186eb7b166dd785493aecab56464c3f765d0972ecfcf5bc2cdc	027dc4dbba4d821c4e64742224689dd957d5c11100bf48da4b8d3ce9d12f83cd	11	16	terrestrial-biped-light-v1
215	sneasel	00	male	normal	assets/pokemon-walksheets/dex-215__species-sneasel__form-00__gender-male__palette-normal__walk-3x4.png	assets/pokemon-runtime/dex-215__species-sneasel__form-00__gender-male__palette-normal__walk-3x4.png	pokemon_medium	9	fd8b5d38634caadc021378cd198bb6c1365d7d17cee9e29bcdce4be136c4afaf	3d13f2904956f95dfc3361621786e18193b0dfed298731ce3e6083bc86ba16f0	10	16	terrestrial-biped-light-v1
216	teddiursa	00	none	normal	assets/pokemon-walksheets/dex-216__species-teddiursa__form-00__gender-none__palette-normal__walk-3x4.png	assets/pokemon-runtime/dex-216__species-teddiursa__form-00__gender-none__palette-normal__walk-3x4.png	pokemon_small	6	dc4f53f58c2c7246e754b7fcd989014d3ffe5d70b78ce66c4eff38bc23f439c6	7cd99cfa0af3ad6b06dca086bdc48b325cafccc04c1356caf33851155488142a	13	16	terrestrial-biped-light-v1
217	ursaring	00	female	normal	assets/pokemon-walksheets/dex-217__species-ursaring__form-00__gender-female__palette-normal__walk-3x4.png	assets/pokemon-runtime/dex-217__species-ursaring__form-00__gender-female__palette-normal__walk-3x4.png	pokemon_large	18	0531d6ca3ccac207f2bc6f225307f81cdadadc2683d637dbd9e498a6dae381d4	037ceb214191ad74970928f14a8527a92982f7569f6e38501c36b5b84da4f5ba	13	16	terrestrial-biped-heavy-v1
217	ursaring	00	male	normal	assets/pokemon-walksheets/dex-217__species-ursaring__form-00__gender-male__palette-normal__walk-3x4.png	assets/pokemon-runtime/dex-217__species-ursaring__form-00__gender-male__palette-normal__walk-3x4.png	pokemon_large	18	b6610adfeb57d06039fa1abeb645f96c075abcd3c89260701f9651199beeb041	a75a717c2284edb8968d6f3bedb4617697b97763eacf136e492b17e18cfdb0aa	13	16	terrestrial-biped-heavy-v1
218	slugma	00	none	normal	assets/pokemon-walksheets/dex-218__species-slugma__form-00__gender-none__palette-normal__walk-3x4.png	assets/pokemon-runtime/dex-218__species-slugma__form-00__gender-none__palette-normal__walk-3x4.png	pokemon_small	7	61c13606cd30afdb8bfdd7ec010c6c978cfb3a396fffa9ea8116fc5fa7563afd	c941159846062acf700b1865a219b1432b8db74f54a2b7cf6879e3b2bd3ca537	15	16	terrestrial-serpentine-wave-v1
219	magcargo	00	none	normal	assets/pokemon-walksheets/dex-219__species-magcargo__form-00__gender-none__palette-normal__walk-3x4.png	assets/pokemon-runtime/dex-219__species-magcargo__form-00__gender-none__palette-normal__walk-3x4.png	pokemon_medium	8	09730e55772f74c2de24e5bc782ff09ccda50245f886173fa466faf22b4d2017	26369fce1655adb161c21e4c6f4fd1e23068af0ccc89715fe723605dc3b15372	15	16	terrestrial-serpentine-wave-v1
220	swinub	00	none	normal	assets/pokemon-walksheets/dex-220__species-swinub__form-00__gender-none__palette-normal__walk-3x4.png	assets/pokemon-runtime/dex-220__species-swinub__form-00__gender-none__palette-normal__walk-3x4.png	pokemon_small	4	e00c26c54127848eee178fd025cfc69421ea0f858953eb0a66aefa905eb76924	d6d9d02387462eb2742dcf36323e8ad25ffc41afbca19d2ca7b996c0439c3097	15	11	terrestrial-quadruped-light-v1
221	piloswine	00	female	normal	assets/pokemon-walksheets/dex-221__species-piloswine__form-00__gender-female__palette-normal__walk-3x4.png	assets/pokemon-runtime/dex-221__species-piloswine__form-00__gender-female__palette-normal__walk-3x4.png	pokemon_medium	11	d85a0879477f52969d404ba8b57eedfac399f987d3f8baaa98c0eccd9d50dae4	aa925e88f8793b8a5dd6a8d02f85275478ac38b8d6176c16a0c23eccde031515	15	16	terrestrial-quadruped-heavy-v1
221	piloswine	00	male	normal	assets/pokemon-walksheets/dex-221__species-piloswine__form-00__gender-male__palette-normal__walk-3x4.png	assets/pokemon-runtime/dex-221__species-piloswine__form-00__gender-male__palette-normal__walk-3x4.png	pokemon_medium	11	2d31403bd2186c5ed1872f2b8f2ec9ec9625ab863148b052853eb0cac2f4404f	2db0b9941eb46f7cebca9cb16c24f1360448c5eb9fc2063ffc57bf1dece564a5	15	16	terrestrial-quadruped-heavy-v1
222	corsola	00	none	normal	assets/pokemon-walksheets/dex-222__species-corsola__form-00__gender-none__palette-normal__walk-3x4.png	assets/pokemon-runtime/dex-222__species-corsola__form-00__gender-none__palette-normal__walk-3x4.png	pokemon_small	6	a9f069f4bd9fca72ffc4bf0eab5fc73f364735775e76667b0341d6d4fa0d8494	210618ddd7ac6dbcaa920e34b4dc9da019594fda4810e6eb0e8fece2ab4ea7f3	15	16	rooted-or-cocoon-sway-v1
223	remoraid	00	none	normal	assets/pokemon-walksheets/dex-223__species-remoraid__form-00__gender-none__palette-normal__walk-3x4.png	assets/pokemon-runtime/dex-223__species-remoraid__form-00__gender-none__palette-normal__walk-3x4.png	pokemon_small	6	33b9337a432da7908d0fcffae45f89e825675c06343f03fa941cd4f22abe97ff	754737838d75ef4bd73584e994da70ef8afbb51d5a082ef4efe410167c7575f9	15	16	aquatic-fin-swim-v1
224	octillery	00	female	normal	assets/pokemon-walksheets/dex-224__species-octillery__form-00__gender-female__palette-normal__walk-3x4.png	assets/pokemon-runtime/dex-224__species-octillery__form-00__gender-female__palette-normal__walk-3x4.png	pokemon_medium	9	8e41e2490c724f0fbdd9af18789ba68afd435320c8e14c297a3b90b5652828ec	1fe14d092cb1121589f2463818c0727e051eca0f50fd0c7e525d884d6953619e	15	15	aquatic-paddle-bob-v1
224	octillery	00	male	normal	assets/pokemon-walksheets/dex-224__species-octillery__form-00__gender-male__palette-normal__walk-3x4.png	assets/pokemon-runtime/dex-224__species-octillery__form-00__gender-male__palette-normal__walk-3x4.png	pokemon_medium	9	6d8cddfdd847e565714b29c287b43ff6687c35bdc2ce8c7b4b81c6669405d50d	70d65b59c52d05e7b3e9da73006a674bc8b2275d2ee6fa87eca1721b1937fb96	15	15	aquatic-paddle-bob-v1
225	delibird	00	none	normal	assets/pokemon-walksheets/dex-225__species-delibird__form-00__gender-none__palette-normal__walk-3x4.png	assets/pokemon-runtime/dex-225__species-delibird__form-00__gender-none__palette-normal__walk-3x4.png	pokemon_medium	9	01b80ee779fd9f76c0ab6c8106fad886532d72880ff85245716f322b66073d89	1ea0946cc452fa447b7e96d01bd7e59d10e1c5f4d5a867586770c9718f619da8	14	16	terrestrial-biped-light-v1
226	mantine	00	none	normal	assets/pokemon-walksheets/dex-226__species-mantine__form-00__gender-none__palette-normal__walk-3x4.png	assets/pokemon-runtime/dex-226__species-mantine__form-00__gender-none__palette-normal__walk-3x4.png	pokemon_large	21	c6b17f2e61a9d76c48c13978a1f1de8166d292361caa4ae577d1bab71bc48724	997fda717bdcacfd233a75c88ee443828b4af069f1ea961d6bc2baa867cb0ca7	15	6	aquatic-fin-swim-v1
227	skarmory	00	none	normal	assets/pokemon-walksheets/dex-227__species-skarmory__form-00__gender-none__palette-normal__walk-3x4.png	assets/pokemon-runtime/dex-227__species-skarmory__form-00__gender-none__palette-normal__walk-3x4.png	pokemon_large	17	25d64116fb1e4bab93ebd192e500a8e5de6dcff0e18468ea94c1cd763e77ecc6	d14abff6a28321bf71023be8185376f083319d30fe58d28e79e54020b1f308e5	15	10	airborne-wing-flap-v1
228	houndour	00	none	normal	assets/pokemon-walksheets/dex-228__species-houndour__form-00__gender-none__palette-normal__walk-3x4.png	assets/pokemon-runtime/dex-228__species-houndour__form-00__gender-none__palette-normal__walk-3x4.png	pokemon_small	6	e26a28482163accb55edd0d3162d4f331288fe48796310a6271685ff7bfd0576	5e11d679fb218553d76c0bf68a7121a9421c87799aa7bd492ae52df5511ead79	15	16	terrestrial-quadruped-light-v1
229	houndoom	00	female	normal	assets/pokemon-walksheets/dex-229__species-houndoom__form-00__gender-female__palette-normal__walk-3x4.png	assets/pokemon-runtime/dex-229__species-houndoom__form-00__gender-female__palette-normal__walk-3x4.png	pokemon_medium	14	6eab7ce54f15a9a163fcdd8696d1a01d75530794c233aa0ed333ca0742d26cc5	b544f18a4a116907c5749775841d40f39274548166f529d5c368388dead870af	15	16	terrestrial-quadruped-light-v1
229	houndoom	00	male	normal	assets/pokemon-walksheets/dex-229__species-houndoom__form-00__gender-male__palette-normal__walk-3x4.png	assets/pokemon-runtime/dex-229__species-houndoom__form-00__gender-male__palette-normal__walk-3x4.png	pokemon_medium	14	de4d5cf92c8ee9e325b3913158ae638f5d0ed65a74cd913fb341099e3aaed5ad	616b9b1ff0a6c209100879b070bea0385caa250ea1adf8d8621d0999cbd36c51	15	16	terrestrial-quadruped-light-v1
230	kingdra	00	none	normal	assets/pokemon-walksheets/dex-230__species-kingdra__form-00__gender-none__palette-normal__walk-3x4.png	assets/pokemon-runtime/dex-230__species-kingdra__form-00__gender-none__palette-normal__walk-3x4.png	pokemon_large	18	61ae6eac65f94b62bba0d85d72cae4d0e6b36eebd630b3964df738c6e9e1987c	e3fb7b19c1a47585c5a066e89ff37961f00b49c1c5171f467335a0489f389f75	14	16	aquatic-serpentine-swim-v1
231	phanpy	00	none	normal	assets/pokemon-walksheets/dex-231__species-phanpy__form-00__gender-none__palette-normal__walk-3x4.png	assets/pokemon-runtime/dex-231__species-phanpy__form-00__gender-none__palette-normal__walk-3x4.png	pokemon_small	5	aef13f11879d842da71e78e1012bbc987ec7ed800182b5b410653619c4b24274	ea69dfcab2d8c1d920176adb5d069ca61ea837a68e1beb005540046930186072	15	13	terrestrial-quadruped-light-v1
232	donphan	00	female	normal	assets/pokemon-walksheets/dex-232__species-donphan__form-00__gender-female__palette-normal__walk-3x4.png	assets/pokemon-runtime/dex-232__species-donphan__form-00__gender-female__palette-normal__walk-3x4.png	pokemon_medium	11	e912e49e8a898e4e65ebf2627a82021eb02835df2172144f70412920cb79d8d1	5450c34457ca8e574a97de323bad7b229c6b5f9a90409297cd38012659796e03	15	9	terrestrial-quadruped-heavy-v1
232	donphan	00	male	normal	assets/pokemon-walksheets/dex-232__species-donphan__form-00__gender-male__palette-normal__walk-3x4.png	assets/pokemon-runtime/dex-232__species-donphan__form-00__gender-male__palette-normal__walk-3x4.png	pokemon_medium	11	c52665f55395f9d3bb625a9f1f79c6022d80487299d7ead087d6703d3cdb982a	28629ca619e1aacd582774498124c6f896c0f73e75edc9e9a8865e3ba6eeeead	15	9	terrestrial-quadruped-heavy-v1
233	porygon2	00	none	normal	assets/pokemon-walksheets/dex-233__species-porygon2__form-00__gender-none__palette-normal__walk-3x4.png	assets/pokemon-runtime/dex-233__species-porygon2__form-00__gender-none__palette-normal__walk-3x4.png	pokemon_small	6	84a5a4628b6008a0acae48f48bdefe572a479d8b038bcd9916449a395ed0fc00	a63405c4944d1b57c550c3de3ba4d610002c23e137c7f8450a5bc0e73ac1cb72	15	16	airborne-hover-bob-v1
234	stantler	00	none	normal	assets/pokemon-walksheets/dex-234__species-stantler__form-00__gender-none__palette-normal__walk-3x4.png	assets/pokemon-runtime/dex-234__species-stantler__form-00__gender-none__palette-normal__walk-3x4.png	pokemon_medium	14	920e8e4e14d7bf130296566da706a5a0b3632a1606768b9155b44949cde1da0c	fbd7f63a579d5be29959b53318b24da1f1d36a1428a5949bd3c57fc09a67357c	12	16	terrestrial-quadruped-light-v1
235	smeargle	00	none	normal	assets/pokemon-walksheets/dex-235__species-smeargle__form-00__gender-none__palette-normal__walk-3x4.png	assets/pokemon-runtime/dex-235__species-smeargle__form-00__gender-none__palette-normal__walk-3x4.png	pokemon_medium	12	e11479a4b394fec6cc7bb84d7f25bda044d1b1bc983e6580f02937486b4f3ddc	26ab39a1516186ea3da2d1d09b5e63fb54a869227c5bef675b0642f367bcba93	11	16	terrestrial-biped-light-v1
236	tyrogue	00	none	normal	assets/pokemon-walksheets/dex-236__species-tyrogue__form-00__gender-none__palette-normal__walk-3x4.png	assets/pokemon-runtime/dex-236__species-tyrogue__form-00__gender-none__palette-normal__walk-3x4.png	pokemon_small	7	a9bb1bffa523e7c0962205c4f897a846b59c3d4c76e7e70d5877faed348ca9ec	01c6fbb544a5f4b8de39dbd05d3fc606247b78f25464c17e004f6936e686ae63	10	16	terrestrial-biped-light-v1
237	hitmontop	00	none	normal	assets/pokemon-walksheets/dex-237__species-hitmontop__form-00__gender-none__palette-normal__walk-3x4.png	assets/pokemon-runtime/dex-237__species-hitmontop__form-00__gender-none__palette-normal__walk-3x4.png	pokemon_medium	14	bb915f6c58b4608615d53be60dd970e21df26a2fff97cdaa168862bdc359f2db	2cf8db4a0e7aa14f8f3a5433ef3d31074c5ed5e943fbba62a7bc1949f5e753e9	14	16	terrestrial-biped-light-v1
237	hitmontop	00	none	shiny	assets/pokemon-walksheets/dex-237__species-hitmontop__form-00__gender-none__palette-shiny__walk-3x4.png	assets/pokemon-runtime/dex-237__species-hitmontop__form-00__gender-none__palette-shiny__walk-3x4.png	pokemon_medium	14	262341bbb72ce3ecd4e8035c2f830e499410c0f0228530f471863de6a5086b87	a0cb2f0eef7085377e496b0a5f1452f10069fcdc9e7e12a2d559f05e9a195751	14	16	terrestrial-biped-light-v1
238	smoochum	00	none	normal	assets/pokemon-walksheets/dex-238__species-smoochum__form-00__gender-none__palette-normal__walk-3x4.png	assets/pokemon-runtime/dex-238__species-smoochum__form-00__gender-none__palette-normal__walk-3x4.png	pokemon_small	4	b36e800499baf1d993225815812b068b25fa48e4b5681041cd63213594da7253	e374ea628bb0a9ff4c1f7398b02432531adcdd998f86ebfe09b6cac98fb475be	12	16	terrestrial-biped-light-v1
239	elekid	00	none	normal	assets/pokemon-walksheets/dex-239__species-elekid__form-00__gender-none__palette-normal__walk-3x4.png	assets/pokemon-runtime/dex-239__species-elekid__form-00__gender-none__palette-normal__walk-3x4.png	pokemon_small	6	3060abd4499131bebde215ae12cadf753c715750401c3928fd935945a1717620	deacf5a43c4fbcb550425465f3b0bfd11b7a017314e7f56c2785c44b89b99ce0	15	16	terrestrial-biped-light-v1
239	elekid	00	none	shiny	assets/pokemon-walksheets/dex-239__species-elekid__form-00__gender-none__palette-shiny__walk-3x4.png	assets/pokemon-runtime/dex-239__species-elekid__form-00__gender-none__palette-shiny__walk-3x4.png	pokemon_small	6	e76123057ac8f357225baab8c315cacac008f3992baab25e151ae7a158e12e6d	5d6ebd3ee6517ba8aabeb93d74d917aca532b3815da924afd6a383ef686649da	15	16	terrestrial-biped-light-v1
240	magby	00	none	normal	assets/pokemon-walksheets/dex-240__species-magby__form-00__gender-none__palette-normal__walk-3x4.png	assets/pokemon-runtime/dex-240__species-magby__form-00__gender-none__palette-normal__walk-3x4.png	pokemon_small	7	f89668bc8e388b7ff0f514ffd398fbfcd5948bdb9a5489eec42ed31e32ce413d	a1af0cc1c75646cd5aea195d00eb51f0cd8390d709c026128823bcc895e4742f	12	16	terrestrial-biped-light-v1
241	miltank	00	none	normal	assets/pokemon-walksheets/dex-241__species-miltank__form-00__gender-none__palette-normal__walk-3x4.png	assets/pokemon-runtime/dex-241__species-miltank__form-00__gender-none__palette-normal__walk-3x4.png	pokemon_medium	12	7ab5323d52a1fc0542299e254da17b7566c64ea349ca0097e3f3e42283b3089e	d4a38ec5e1f957e89e2d027f53e305b907521e2ac27b6b5d36e5b58ca4386c57	15	16	terrestrial-biped-heavy-v1
242	blissey	00	none	normal	assets/pokemon-walksheets/dex-242__species-blissey__form-00__gender-none__palette-normal__walk-3x4.png	assets/pokemon-runtime/dex-242__species-blissey__form-00__gender-none__palette-normal__walk-3x4.png	pokemon_large	15	574cb0217ea0386082f6d832df0142fdf72c258dfee230f4cc412e8b140b8dfe	d1290921fd32d6e37c2d49dccfba358abf3184bc292fdc8fd56515adb3b32b3d	15	16	terrestrial-biped-heavy-v1
243	raikou	00	none	normal	assets/pokemon-walksheets/dex-243__species-raikou__form-00__gender-none__palette-normal__walk-3x4.png	assets/pokemon-runtime/dex-243__species-raikou__form-00__gender-none__palette-normal__walk-3x4.png	pokemon_large	19	e22b2d15eabadf01abb673ab281d76e946ce5ee850ef51639297155b09dd8854	867e23f13c3fd0cf91cfc2916ede4487baaecdfcb8777b585dbfd58ed4704ac4	15	16	terrestrial-quadruped-heavy-v1
244	entei	00	none	normal	assets/pokemon-walksheets/dex-244__species-entei__form-00__gender-none__palette-normal__walk-3x4.png	assets/pokemon-runtime/dex-244__species-entei__form-00__gender-none__palette-normal__walk-3x4.png	pokemon_large	21	47a834fd1eab5488410cecfaab174ef93a3bf76a7d1d5ac7157efb89653c0e6c	d1f5f1511abe6c03bb3e4ae87cd3cbec224cba9d8a64a6b21b2971547625b5b8	15	16	terrestrial-quadruped-heavy-v1
245	suicune	00	none	normal	assets/pokemon-walksheets/dex-245__species-suicune__form-00__gender-none__palette-normal__walk-3x4.png	assets/pokemon-runtime/dex-245__species-suicune__form-00__gender-none__palette-normal__walk-3x4.png	pokemon_large	20	aa4cc59560c868b368c59880fe391408af23b87effaf73047a751da47bf558da	de499e2abac70a4507312c55323a3098da6fde3c7c2c8648e25ebaba46d19381	15	16	terrestrial-quadruped-heavy-v1
246	larvitar	00	none	normal	assets/pokemon-walksheets/dex-246__species-larvitar__form-00__gender-none__palette-normal__walk-3x4.png	assets/pokemon-runtime/dex-246__species-larvitar__form-00__gender-none__palette-normal__walk-3x4.png	pokemon_small	6	cd7bd4405f04d24450caba0bb4048e319571853e0f3419cacffe5c4dca83285c	43242774a1cf74a18bdbc07116f3eb805a64558c0b22170198282e37893b2012	12	16	terrestrial-biped-light-v1
247	pupitar	00	none	normal	assets/pokemon-walksheets/dex-247__species-pupitar__form-00__gender-none__palette-normal__walk-3x4.png	assets/pokemon-runtime/dex-247__species-pupitar__form-00__gender-none__palette-normal__walk-3x4.png	pokemon_medium	12	4e87e05ca8c9eea6752de37259c02825aebfbb3fdf76f10f0ab509653a8c3a85	2ed2dd02fc3977caf2d650c9ea0809dc4c3ad75b05df2da56bc2ca5ca5ef55c9	14	16	ground-hop-bounce-v1
248	tyranitar	00	none	normal	assets/pokemon-walksheets/dex-248__species-tyranitar__form-00__gender-none__palette-normal__walk-3x4.png	assets/pokemon-runtime/dex-248__species-tyranitar__form-00__gender-none__palette-normal__walk-3x4.png	pokemon_large	20	3a417fb40f62b20dc20c5c649c485d5fb173c5f778952fa3aa128755167b7d5d	e9d97358e484d4e1ac7a09184ada74849dfd8717a13bdc9afb03b3fc9e506cae	15	16	terrestrial-biped-heavy-v1
249	lugia	00	none	normal	assets/pokemon-walksheets/dex-249__species-lugia__form-00__gender-none__palette-normal__walk-3x4.png	assets/pokemon-runtime/dex-249__species-lugia__form-00__gender-none__palette-normal__walk-3x4.png	pokemon_large	52	88236b867461e4f5342e3713faf355a22915a9162b80a360e42038a07d64dca3	1494188fdefce52cf2b804ed0f952e31518f6dda968817f6d57ad1b491f6d420	15	11	airborne-wing-flap-v1
249	lugia	00	none	shiny	assets/pokemon-walksheets/dex-249__species-lugia__form-00__gender-none__palette-shiny__walk-3x4.png	assets/pokemon-runtime/dex-249__species-lugia__form-00__gender-none__palette-shiny__walk-3x4.png	pokemon_large	52	fd8d7e3c8f7ae46bba45f6704a80e11860d362c9c5ad9f7a0b1f2930c4c3eff9	83fc0934aab301848a53a5a186667a11e83932419faf8cf7344a3e68de707736	15	11	airborne-wing-flap-v1
250	hooh	00	none	normal	assets/pokemon-walksheets/dex-250__species-hooh__form-00__gender-none__palette-normal__walk-3x4.png	assets/pokemon-runtime/dex-250__species-hooh__form-00__gender-none__palette-normal__walk-3x4.png	pokemon_large	38	7ad29faa1123962b67ed501b36ec22416b3ca9b3346128bdc887214b8e07b9c3	5db0e19939671afc12e7d7a929fcc217f188596c3d74ae927d5ea8f9a80749c9	13	16	airborne-wing-flap-v1
251	celebi	00	none	normal	assets/pokemon-walksheets/dex-251__species-celebi__form-00__gender-none__palette-normal__walk-3x4.png	assets/pokemon-runtime/dex-251__species-celebi__form-00__gender-none__palette-normal__walk-3x4.png	pokemon_small	6	7d04195babefc3d47db08591b7b331741fe39abf7fef8d8ed4e2ee7550a09de4	2ca75982f9e15619b5dcc54722c498123202c601ba24c6377b456eec9a8ea862	15	16	airborne-wing-flap-v1
