dex	species	form	gender	palette	idle_atlas	walk_atlas	runtime_strip	id	columns_idle	duration_idle	columns_walk	duration_walk	cell_width	cell_height	left	top	right	bottom	anchor_x	anchor_y	reference_height	runtime_content_width	runtime_content_height	idle_sha256	walk_sha256	runtime_sha256	source_receipt	status
6	charizard	base	none	normal	assets/pokemon-animation-cards/kanto-source-trs-v1/dex-006__form-00__gender-none__palette-normal__idle-8x4.png	assets/pokemon-animation-cards/kanto-source-trs-v1/dex-006__form-00__gender-none__palette-normal__walk-8x4.png	assets/pokemon-animation-cards/kanto-source-trs-v1/dex-006__form-00__gender-none__palette-normal__runtime.png	rc31-original-trs-body-v2:pm0006_00:00:none:normal	8	1.6000001430511475	8	0.8000000715255737	384	256	12	14	372	242	192	236.4313163781015	117.47940954204448	15	16	2655878e2e53ff544b6b1dcd00a110c5b52b5c01e1260dab3b8fe7fb7e07c9d0	94f9c8732c7992c4dc8d87bb21116be5fd6d714a5f6a5f4ff7a6ae67ce24e902	f3d587c67c0359aa426e9380133a38d0417d0b7532fda2aac57bb278f66b8abe	assets/pokemon-animation-cards/kanto-source-trs-v1/dex-006__form-00__gender-none__palette-normal__body-v2-admission.json	verified-render
6	charizard	base	none	shiny	assets/pokemon-animation-cards/kanto-source-trs-v1/dex-006__form-00__gender-none__palette-shiny__idle-8x4.png	assets/pokemon-animation-cards/kanto-source-trs-v1/dex-006__form-00__gender-none__palette-shiny__walk-8x4.png	assets/pokemon-animation-cards/kanto-source-trs-v1/dex-006__form-00__gender-none__palette-shiny__runtime.png	rc31-original-trs-body-v2:pm0006_00:00:none:shiny	8	1.6000001430511475	8	0.8000000715255737	384	256	12	14	372	242	192	236.4313163781015	117.47940954204448	15	16	4df6c649d35329ba5a13b81b381b21dbfaf24e5df4916db74d05164363544a5d	075c3ec8c5c75eae5c3fb8f543d79ec3a144b78401b81ee530ed0311ac188bf8	b9f0bd84cd7c8973807e392992287204cdd7e7243d2f2e134320b40f97c4b700	assets/pokemon-animation-cards/kanto-source-trs-v1/dex-006__form-00__gender-none__palette-shiny__body-v2-admission.json	verified-render
25	pikachu	base	female	normal	assets/pokemon-animation-cards/kanto-source-trs-v1/dex-025__form-00__gender-female__palette-normal__idle-8x4.png	assets/pokemon-animation-cards/kanto-source-trs-v1/dex-025__form-00__gender-female__palette-normal__walk-8x4.png	assets/pokemon-animation-cards/kanto-source-trs-v1/dex-025__form-00__gender-female__palette-normal__runtime.png	rc31-original-trs-v1:pm0025_00:00:female:normal	8	1.133333444595337	8	1	256	256	17	47	239	210	128	203.0879120462723	150	14	16	90a00a6114d0ec15b3b4c6cbaa9aafffa116f7c3ee7b1f09edc081938c69ad9f	656bc1cb8c14f75ed0689c9d5b85fd1ae23178a3854b34078b2e4a3e62bced1b	19399ba6ece2b9564ec2b88d9e2098c3287a2125c30d964248799055d2046610	assets/pokemon-animation-cards/kanto-source-trs-v1/dex-025__form-00__gender-female__palette-normal__admission.json	verified-render
25	pikachu	base	female	shiny	assets/pokemon-animation-cards/kanto-source-trs-v1/dex-025__form-00__gender-female__palette-shiny__idle-8x4.png	assets/pokemon-animation-cards/kanto-source-trs-v1/dex-025__form-00__gender-female__palette-shiny__walk-8x4.png	assets/pokemon-animation-cards/kanto-source-trs-v1/dex-025__form-00__gender-female__palette-shiny__runtime.png	rc31-original-trs-v1:pm0025_00:00:female:shiny	8	1.133333444595337	8	1	256	256	17	47	239	210	128	203.0879120462723	150	14	16	c343ae3923fc3c19cf7950ea6baeb01031c5c5d2cab8993c51bad225c7d9b567	e4d144d99c25a757669660c28b61dbac5811de3b12f9d91cba3e2aed05ea9495	c25899958a52673cd587d31993e275f7a8fa228a52ed71524dddff0939bf05e9	assets/pokemon-animation-cards/kanto-source-trs-v1/dex-025__form-00__gender-female__palette-shiny__admission.json	verified-render
25	pikachu	base	male	normal	assets/pokemon-animation-cards/kanto-source-trs-v1/dex-025__form-00__gender-male__palette-normal__idle-8x4.png	assets/pokemon-animation-cards/kanto-source-trs-v1/dex-025__form-00__gender-male__palette-normal__walk-8x4.png	assets/pokemon-animation-cards/kanto-source-trs-v1/dex-025__form-00__gender-male__palette-normal__runtime.png	rc31-original-trs-v1:pm0025_00:00:male:normal	8	1.133333444595337	8	1	256	256	17	47	239	210	128	203.0879120462723	150	14	16	d33446d86e1fed0798b9f546d00b8e3ad5f546e5263b86dd0bafa73cec60f7a4	7d4381c6529c3667fc2e0a466b7d6086232da31620136010321a8f7fc77009d6	b126e3ed00415ec940e9151bdfdeb47c83759282a9f92ffcf1fd70fcc42b5718	assets/pokemon-animation-cards/kanto-source-trs-v1/dex-025__form-00__gender-male__palette-normal__admission.json	verified-render
25	pikachu	base	male	shiny	assets/pokemon-animation-cards/kanto-source-trs-v1/dex-025__form-00__gender-male__palette-shiny__idle-8x4.png	assets/pokemon-animation-cards/kanto-source-trs-v1/dex-025__form-00__gender-male__palette-shiny__walk-8x4.png	assets/pokemon-animation-cards/kanto-source-trs-v1/dex-025__form-00__gender-male__palette-shiny__runtime.png	rc31-original-trs-v1:pm0025_00:00:male:shiny	8	1.133333444595337	8	1	256	256	17	47	239	210	128	203.0879120462723	150	14	16	8f5775f914c54392f83916b18fc91ef0919ba7a56f46644db7a34caddc75284c	802add204eaf7c49d3564ce00dbe7b124a5d5b2b1b24db510401a2f5f7a02dcb	7c9a871c0786f9b0127bf22a72b9f1f8145217af25fe8706aa8a88a6fcd2ae6c	assets/pokemon-animation-cards/kanto-source-trs-v1/dex-025__form-00__gender-male__palette-shiny__admission.json	verified-render
65	alakazam	base	none	normal	assets/pokemon-animation-cards/kanto-source-trs-v1/dex-065__form-00__gender-none__palette-normal__idle-8x4.png	assets/pokemon-animation-cards/kanto-source-trs-v1/dex-065__form-00__gender-none__palette-normal__walk-8x4.png	assets/pokemon-animation-cards/kanto-source-trs-v1/dex-065__form-00__gender-none__palette-normal__runtime.png	rc31-original-trs-v1:pm0065_00:00:none:normal	8	2.500000238418579	8	2.3333334922790527	256	256	28	24	228	233	128	223.74316727210055	162	15	16	51fd96734bdf8fa835b8f69efc250d4a3f19d636b42ba21e38e4a83fd937d438	c06c131693479c0f65b8cdf77dbc69465d3dc5cd8c15cfac9902c8ee0b4e70bc	539f4fb3b81e6e3a7c6f184cd287d193f59822bebf1b3a6d638735fc9083c858	assets/pokemon-animation-cards/kanto-source-trs-v1/dex-065__form-00__gender-none__palette-normal__admission.json	verified-render
65	alakazam	base	none	shiny	assets/pokemon-animation-cards/kanto-source-trs-v1/dex-065__form-00__gender-none__palette-shiny__idle-8x4.png	assets/pokemon-animation-cards/kanto-source-trs-v1/dex-065__form-00__gender-none__palette-shiny__walk-8x4.png	assets/pokemon-animation-cards/kanto-source-trs-v1/dex-065__form-00__gender-none__palette-shiny__runtime.png	rc31-original-trs-v1:pm0065_00:00:none:shiny	8	2.500000238418579	8	2.3333334922790527	256	256	28	24	228	233	128	223.74316727210055	162	15	16	895b986750ef2c1aeb31cc56c33a9343725236bb27848ff4631e8dc43f0d1af8	3d5e8dc6d53c923de02929d6a5113539206cd92a0bec9a4f6fc89ab5ab8b2ff5	8d67a624fd8fadd1838c145c7d4a7ec2f16cbfafbc747578b4333a831b999e5f	assets/pokemon-animation-cards/kanto-source-trs-v1/dex-065__form-00__gender-none__palette-shiny__admission.json	verified-render
1	bulbasaur	base	none	normal	assets/pokemon-animation-cards/rc31-kanto-001-025-static-v1/dex-001__form-00__gender-none__palette-normal__idle-8x4.png	assets/pokemon-animation-cards/rc31-kanto-001-025-static-v1/dex-001__form-00__gender-none__palette-normal__walk-8x4.png	assets/pokemon-animation-cards/rc31-kanto-001-025-static-v1/dex-001__form-00__gender-none__palette-normal__runtime.png	rc31-original-trs-v1:pm0001_00:00:none:normal	8	1.4000000953674316	8	1	256	256	17	45	239	213	128	203.57475027096584	167	15	16	8ed40d5a56ace8cd792c4003f2d8326ce955bc81e69f8464a6415251f9100ecc	bc14d798f82b2efed6ebfb6b2bbf1ab2a77570c3e46aff386945c34230eea2da	12f333037d2c0abfe897d89f86ac13ed8a7a9449d462a3731786decef34243ae	assets/pokemon-animation-cards/rc31-kanto-001-025-static-v1/dex-001__form-00__gender-none__palette-normal__admission.json	verified-render
1	bulbasaur	base	none	shiny	assets/pokemon-animation-cards/rc31-kanto-001-025-static-v1/dex-001__form-00__gender-none__palette-shiny__idle-8x4.png	assets/pokemon-animation-cards/rc31-kanto-001-025-static-v1/dex-001__form-00__gender-none__palette-shiny__walk-8x4.png	assets/pokemon-animation-cards/rc31-kanto-001-025-static-v1/dex-001__form-00__gender-none__palette-shiny__runtime.png	rc31-original-trs-v1:pm0001_00:00:none:shiny	8	1.4000000953674316	8	1	256	256	17	45	239	213	128	203.57475027096584	167	15	16	aa418b1354d43886f513b3b7f2ce2f223a2381c5225f105b13c523253d22c3be	7c236135a08012b5d65cef8b9e3254df0661a6e1b534d4e494157dd7dfaafafd	84c58831adbdc9f9c79d14d236ac9eedce12d43160e750fa3172c4f8b5794fc4	assets/pokemon-animation-cards/rc31-kanto-001-025-static-v1/dex-001__form-00__gender-none__palette-shiny__admission.json	verified-render
2	ivysaur	base	none	normal	assets/pokemon-animation-cards/rc31-kanto-001-025-static-v1/dex-002__form-00__gender-none__palette-normal__idle-8x4.png	assets/pokemon-animation-cards/rc31-kanto-001-025-static-v1/dex-002__form-00__gender-none__palette-normal__walk-8x4.png	assets/pokemon-animation-cards/rc31-kanto-001-025-static-v1/dex-002__form-00__gender-none__palette-normal__runtime.png	rc31-original-trs-v1:pm0002_00:00:none:normal	8	1.6666667461395264	8	1.3333333730697632	256	256	17	48	239	212	128	200.64988388491915	159	15	12	149c402bcc7528e81143e7d6c047fe5e9dd37836cf6bd32de58e8f5246ea38d7	0538c5db53f4f67c832362781cf60962204df01259d3fbed80cd037c834c5aaf	10fb87f82c222ee2603134f2363e24d400a5d6f0ccd8045a35e655e0c6cd1e1b	assets/pokemon-animation-cards/rc31-kanto-001-025-static-v1/dex-002__form-00__gender-none__palette-normal__admission.json	verified-render
2	ivysaur	base	none	shiny	assets/pokemon-animation-cards/rc31-kanto-001-025-static-v1/dex-002__form-00__gender-none__palette-shiny__idle-8x4.png	assets/pokemon-animation-cards/rc31-kanto-001-025-static-v1/dex-002__form-00__gender-none__palette-shiny__walk-8x4.png	assets/pokemon-animation-cards/rc31-kanto-001-025-static-v1/dex-002__form-00__gender-none__palette-shiny__runtime.png	rc31-original-trs-v1:pm0002_00:00:none:shiny	8	1.6666667461395264	8	1.3333333730697632	256	256	17	48	239	212	128	200.64988388491915	159	15	12	b16151b56fcaf0129d010d5f8f11aae19a2a7f419484e3e1979eca7f668347f8	31f2827094f7f8ef02469a64c81c8b9c3fd71cdfc1813bb238bea8f032e4f9a4	cc7394c99dccb7b99cebd1e32b033cc2b625ec09d5328498a3325fd0433f58ed	assets/pokemon-animation-cards/rc31-kanto-001-025-static-v1/dex-002__form-00__gender-none__palette-shiny__admission.json	verified-render
3	venusaur	base	none	normal	assets/pokemon-animation-cards/rc31-kanto-001-025-static-v1/dex-003__form-00__gender-none__palette-normal__idle-8x4.png	assets/pokemon-animation-cards/rc31-kanto-001-025-static-v1/dex-003__form-00__gender-none__palette-normal__walk-8x4.png	assets/pokemon-animation-cards/rc31-kanto-001-025-static-v1/dex-003__form-00__gender-none__palette-normal__runtime.png	rc31-original-trs-v1:pm0003_00:00:none:normal	8	2	8	1.3333333730697632	256	256	17	56	239	206	128	194.01820328665474	143	15	11	fb67bb969524a0994d398ec9a3dbe4c4722ca7b5e50fc8407a1db8efec7d8935	31732815f207bb8458bc1505b2a7699794414bb53be10acec9aa50f6428c89df	7aa7613c2b601e1e0cb228514db659520c7b5f495e1022eb7f0991fd256a580b	assets/pokemon-animation-cards/rc31-kanto-001-025-static-v1/dex-003__form-00__gender-none__palette-normal__admission.json	verified-render
3	venusaur	base	none	shiny	assets/pokemon-animation-cards/rc31-kanto-001-025-static-v1/dex-003__form-00__gender-none__palette-shiny__idle-8x4.png	assets/pokemon-animation-cards/rc31-kanto-001-025-static-v1/dex-003__form-00__gender-none__palette-shiny__walk-8x4.png	assets/pokemon-animation-cards/rc31-kanto-001-025-static-v1/dex-003__form-00__gender-none__palette-shiny__runtime.png	rc31-original-trs-v1:pm0003_00:00:none:shiny	8	2	8	1.3333333730697632	256	256	17	56	239	206	128	194.01820328665474	143	15	11	541002bb5e434c3bb60bcaff73d1f535daa817fa9d32b759f1ddbddf2509d880	666075e24561b6ddbf8ec2759de4478cc51dc17bd4ca278f2bcffe68e7ea89b8	a40a5e12608ce38299b2f5c19847994b0d8aa10ee80873de7db20be7892ae127	assets/pokemon-animation-cards/rc31-kanto-001-025-static-v1/dex-003__form-00__gender-none__palette-shiny__admission.json	verified-render
4	charmander	base	none	normal	assets/pokemon-animation-cards/rc31-kanto-001-025-static-v1/dex-004__form-00__gender-none__palette-normal__idle-8x4.png	assets/pokemon-animation-cards/rc31-kanto-001-025-static-v1/dex-004__form-00__gender-none__palette-normal__walk-8x4.png	assets/pokemon-animation-cards/rc31-kanto-001-025-static-v1/dex-004__form-00__gender-none__palette-normal__runtime.png	rc31-original-trs-v1:pm0004_00:00:none:normal	8	1.1666667461395264	8	1	256	256	21	56	235	198	128	191.0153200276699	132	15	16	e89a0734b918e20d26d0e27cb2a461dd7d2c5d706c218f3e7aec930feb48234a	9150c0c6619eb7208ae62108aa75ec91ce3cec225231d50fddf8f21873230649	d73c633c4c662f29ee3664c81b2a79d5f5ba2c373a85b11399f98d3c49bf4185	assets/pokemon-animation-cards/rc31-kanto-001-025-static-v1/dex-004__form-00__gender-none__palette-normal__admission.json	verified-render
4	charmander	base	none	shiny	assets/pokemon-animation-cards/rc31-kanto-001-025-static-v1/dex-004__form-00__gender-none__palette-shiny__idle-8x4.png	assets/pokemon-animation-cards/rc31-kanto-001-025-static-v1/dex-004__form-00__gender-none__palette-shiny__walk-8x4.png	assets/pokemon-animation-cards/rc31-kanto-001-025-static-v1/dex-004__form-00__gender-none__palette-shiny__runtime.png	rc31-original-trs-v1:pm0004_00:00:none:shiny	8	1.1666667461395264	8	1	256	256	21	56	235	198	128	191.0153200276699	132	15	16	6b78f11071deddb693839b3c6424e6100ffecaea7a7058314a6503998c072ec4	e91a86985e82bf13bf430ddb4e7a338fd242d1d0166d2a693a377e1345223abd	c569231d9b949e3444d04ac7f43fe6327fabf66a6b0f5ac77b4a96dea173b27e	assets/pokemon-animation-cards/rc31-kanto-001-025-static-v1/dex-004__form-00__gender-none__palette-shiny__admission.json	verified-render
5	charmeleon	base	none	normal	assets/pokemon-animation-cards/rc31-kanto-001-025-static-v1/dex-005__form-00__gender-none__palette-normal__idle-8x4.png	assets/pokemon-animation-cards/rc31-kanto-001-025-static-v1/dex-005__form-00__gender-none__palette-normal__walk-8x4.png	assets/pokemon-animation-cards/rc31-kanto-001-025-static-v1/dex-005__form-00__gender-none__palette-normal__runtime.png	rc31-original-trs-v1:pm0005_00:00:none:normal	8	2	8	1	256	256	19	67	235	189	128	182.1315521575187	120	15	16	1470da187c6314cb3c02fd7176d3ccff5b49f131d12b2468bb30e4b429256438	ddda822334c004f7fe59cdb1baf3eb58400d90e70d994ecb1c2c6cb29364bb95	df250a65900627197a5d31a3d5c724ad98e430fca370af5e601946d472b47471	assets/pokemon-animation-cards/rc31-kanto-001-025-static-v1/dex-005__form-00__gender-none__palette-normal__admission.json	verified-render
5	charmeleon	base	none	shiny	assets/pokemon-animation-cards/rc31-kanto-001-025-static-v1/dex-005__form-00__gender-none__palette-shiny__idle-8x4.png	assets/pokemon-animation-cards/rc31-kanto-001-025-static-v1/dex-005__form-00__gender-none__palette-shiny__walk-8x4.png	assets/pokemon-animation-cards/rc31-kanto-001-025-static-v1/dex-005__form-00__gender-none__palette-shiny__runtime.png	rc31-original-trs-v1:pm0005_00:00:none:shiny	8	2	8	1	256	256	19	67	235	189	128	182.1315521575187	120	15	16	a3d69e4b6d7e45697fac0c44094dd6157f7a76628770c26c2a05919f87503cd5	1dddb14e5b8adc95ee03e2c66e6d9c25b957fb0c8bdb425e0d1303757269ab2a	3aa7a64a89896c25e8912cfb26d921e9e808b4aec5e2f857f35bc925c798368c	assets/pokemon-animation-cards/rc31-kanto-001-025-static-v1/dex-005__form-00__gender-none__palette-shiny__admission.json	verified-render
7	squirtle	base	none	normal	assets/pokemon-animation-cards/rc31-kanto-001-025-static-v1/dex-007__form-00__gender-none__palette-normal__idle-8x4.png	assets/pokemon-animation-cards/rc31-kanto-001-025-static-v1/dex-007__form-00__gender-none__palette-normal__walk-8x4.png	assets/pokemon-animation-cards/rc31-kanto-001-025-static-v1/dex-007__form-00__gender-none__palette-normal__runtime.png	rc31-original-trs-v1:pm0007_00:00:none:normal	8	1	8	0.8000000715255737	256	256	17	29	239	226	128	216.39727973761077	190	15	16	c78e94d9c7fb5f908d85b0f85bd125dd6d223948dadb5593147df3c2d7fc3b5a	9e608741ce518459d10391f1e9bf5f6409cf88b6bbc05559d0953f28094cbd8d	fc83ebf447d0ea5acfbb438f869a4408f5f4eb59c15c22d04300bbe57b19422c	assets/pokemon-animation-cards/rc31-kanto-001-025-static-v1/dex-007__form-00__gender-none__palette-normal__admission.json	verified-render
7	squirtle	base	none	shiny	assets/pokemon-animation-cards/rc31-kanto-001-025-static-v1/dex-007__form-00__gender-none__palette-shiny__idle-8x4.png	assets/pokemon-animation-cards/rc31-kanto-001-025-static-v1/dex-007__form-00__gender-none__palette-shiny__walk-8x4.png	assets/pokemon-animation-cards/rc31-kanto-001-025-static-v1/dex-007__form-00__gender-none__palette-shiny__runtime.png	rc31-original-trs-v1:pm0007_00:00:none:shiny	8	1	8	0.8000000715255737	256	256	17	29	239	226	128	216.39727973761077	190	15	16	ad2212566db2b47e040068ebaa9036706a104858b9440e197446b2226a6de43b	fcba903204c9cca2487cbe5a2e7d976d9832f3c2ec8872dd7c20067c08790a28	fdf17d5deaa72a52a6948e8917220073bcda80b5a25441a42c8c54a6aee00413	assets/pokemon-animation-cards/rc31-kanto-001-025-static-v1/dex-007__form-00__gender-none__palette-shiny__admission.json	verified-render
8	wartortle	base	none	normal	assets/pokemon-animation-cards/rc31-kanto-001-025-static-v1/dex-008__form-00__gender-none__palette-normal__idle-8x4.png	assets/pokemon-animation-cards/rc31-kanto-001-025-static-v1/dex-008__form-00__gender-none__palette-normal__walk-8x4.png	assets/pokemon-animation-cards/rc31-kanto-001-025-static-v1/dex-008__form-00__gender-none__palette-normal__runtime.png	rc31-original-trs-v1:pm0008_00:00:none:normal	8	1.0666667222976685	8	1	256	256	29	26	227	232	128	221.08913662565192	188	15	16	7e9575d5d26e884aff864edf1f12219f2e9d88548791fac6ecaf02305b822c4f	c693df34d3d83cccb3318a416a8423cfe73e27e66c74f74f18303d581a4d8ef9	973a6548a7fef297c792d14e9005304adb76ea99ae18477ec630bd411b3bf6f9	assets/pokemon-animation-cards/rc31-kanto-001-025-static-v1/dex-008__form-00__gender-none__palette-normal__admission.json	verified-render
8	wartortle	base	none	shiny	assets/pokemon-animation-cards/rc31-kanto-001-025-static-v1/dex-008__form-00__gender-none__palette-shiny__idle-8x4.png	assets/pokemon-animation-cards/rc31-kanto-001-025-static-v1/dex-008__form-00__gender-none__palette-shiny__walk-8x4.png	assets/pokemon-animation-cards/rc31-kanto-001-025-static-v1/dex-008__form-00__gender-none__palette-shiny__runtime.png	rc31-original-trs-v1:pm0008_00:00:none:shiny	8	1.0666667222976685	8	1	256	256	29	26	227	232	128	221.08913662565192	188	15	16	6a3b3bf233b4ae74ad00165d954e3cd6dd8eff44ae6f04001c3b171fd1ce56c9	0028a09c6f9b5435758aa718071fedafcefd8893c0fe402e74d8d08a71fb55fc	a19e79d8ed51ac909e6d540f6cdf0a79b60842cac95ea787d6d7e7ac8d143d5a	assets/pokemon-animation-cards/rc31-kanto-001-025-static-v1/dex-008__form-00__gender-none__palette-shiny__admission.json	verified-render
9	blastoise	base	none	normal	assets/pokemon-animation-cards/rc31-controller-six-v4/dex-009__form-00__gender-none__palette-normal__idle-8x4.png	assets/pokemon-animation-cards/rc31-controller-six-v4/dex-009__form-00__gender-none__palette-normal__walk-8x4.png	assets/pokemon-animation-cards/rc31-controller-six-v4/dex-009__form-00__gender-none__palette-normal__runtime.png	rc31-original-full-hierarchy-body-v3:pm0009_00:00:none:normal	8	2.6666667461395264	8	1.3333333730697632	256	256	17	44	239	216	128	204.84057286212484	162.13127420258309	15	14	fc2b1dd07ea2db666a5ac07e6c142ecb53b46e2bd7c8a73a35909cecb8d9c6f8	5b0bff99b4c3630256a8e27991601f05e9f5aa9e2d683d281b3b490f9ec14d4e	77b8bfdb467df5e19d8aa40b5d24c71e1fbad819e7314b60a5c54f32679c33fd	assets/pokemon-animation-cards/rc31-controller-six-v4/dex-009__form-00__gender-none__palette-normal__admission.json	verified-render
9	blastoise	base	none	shiny	assets/pokemon-animation-cards/rc31-controller-six-v4/dex-009__form-00__gender-none__palette-shiny__idle-8x4.png	assets/pokemon-animation-cards/rc31-controller-six-v4/dex-009__form-00__gender-none__palette-shiny__walk-8x4.png	assets/pokemon-animation-cards/rc31-controller-six-v4/dex-009__form-00__gender-none__palette-shiny__runtime.png	rc31-original-full-hierarchy-body-v3:pm0009_00:00:none:shiny	8	2.6666667461395264	8	1.3333333730697632	256	256	17	44	239	216	128	204.84057286212484	162.13127420258309	15	14	13ebb10f411787ced893fb203d479170ba7304d2304122785b723ad0940440a6	b52616d22c693f20c8c41d629d01525f96f7e706c8c3a1200dfbf1c11e6e0309	9b90905d16aab714399ccef430898578c3d49c3733694209a70f0bc694735e1a	assets/pokemon-animation-cards/rc31-controller-six-v4/dex-009__form-00__gender-none__palette-shiny__admission.json	verified-render
10	caterpie	base	none	normal	assets/pokemon-animation-cards/rc31-kanto-001-025-static-v1/dex-010__form-00__gender-none__palette-normal__idle-8x4.png	assets/pokemon-animation-cards/rc31-kanto-001-025-static-v1/dex-010__form-00__gender-none__palette-normal__walk-8x4.png	assets/pokemon-animation-cards/rc31-kanto-001-025-static-v1/dex-010__form-00__gender-none__palette-normal__runtime.png	rc31-original-trs-v1:pm0010_00:00:none:normal	8	1.6666667461395264	8	1	256	256	17	68	239	190	128	179.89195555266124	114	15	16	df1f6f0e9c8f210dab4b3c5f88aaa8549da6e34dcae96b36ac7a1bea28cd4ff6	85f8ad6612371ce63c14d31c16bdfb0971d1c667fee43853b4fb08b01cd392b6	fa0d545fc38bb1135bde0a7002c120a13935c13723bf87ba8a8b930823b6b873	assets/pokemon-animation-cards/rc31-kanto-001-025-static-v1/dex-010__form-00__gender-none__palette-normal__admission.json	verified-render
10	caterpie	base	none	shiny	assets/pokemon-animation-cards/rc31-kanto-001-025-static-v1/dex-010__form-00__gender-none__palette-shiny__idle-8x4.png	assets/pokemon-animation-cards/rc31-kanto-001-025-static-v1/dex-010__form-00__gender-none__palette-shiny__walk-8x4.png	assets/pokemon-animation-cards/rc31-kanto-001-025-static-v1/dex-010__form-00__gender-none__palette-shiny__runtime.png	rc31-original-trs-v1:pm0010_00:00:none:shiny	8	1.6666667461395264	8	1	256	256	17	68	239	190	128	179.89195555266124	114	15	16	8aa41fd0492d87f89d5a204fae03ada0cf3ebcb658f3051ad23e7f3e9953dfe5	086ea3986affab6f5b68005446d412ec3d9817b84bf558a9f26ae64fbeb0bc23	11b80f60c11a842ac3206ab9da6df5f214459cc929103ef19038b2ce26210a1a	assets/pokemon-animation-cards/rc31-kanto-001-025-static-v1/dex-010__form-00__gender-none__palette-shiny__admission.json	verified-render
11	metapod	base	none	normal	assets/pokemon-animation-cards/rc31-kanto-001-025-static-v1/dex-011__form-00__gender-none__palette-normal__idle-8x4.png	assets/pokemon-animation-cards/rc31-kanto-001-025-static-v1/dex-011__form-00__gender-none__palette-normal__walk-8x4.png	assets/pokemon-animation-cards/rc31-kanto-001-025-static-v1/dex-011__form-00__gender-none__palette-normal__runtime.png	rc31-original-trs-v1:pm0011_00:00:none:normal	8	2	8	1.0666667222976685	256	256	17	35	239	227	128	212.75559154015127	167	15	16	d9ce476e4a87b56db848ed223f030ebeff162b221e2fb43493ecf26d54cb4f3b	213893b4db0302fc46dd1c42385ea1506b6676ae6dde172b7fa1d7b8c7f22040	86ecad6bd02fe35b0569969d1027b6d629731932d4b2fae2385c8bf6614c4ab5	assets/pokemon-animation-cards/rc31-kanto-001-025-static-v1/dex-011__form-00__gender-none__palette-normal__admission.json	verified-render
11	metapod	base	none	shiny	assets/pokemon-animation-cards/rc31-kanto-001-025-static-v1/dex-011__form-00__gender-none__palette-shiny__idle-8x4.png	assets/pokemon-animation-cards/rc31-kanto-001-025-static-v1/dex-011__form-00__gender-none__palette-shiny__walk-8x4.png	assets/pokemon-animation-cards/rc31-kanto-001-025-static-v1/dex-011__form-00__gender-none__palette-shiny__runtime.png	rc31-original-trs-v1:pm0011_00:00:none:shiny	8	2	8	1.0666667222976685	256	256	17	35	239	227	128	212.75559154015127	167	15	16	540b8e8d67d708e714ec3508b3a93cc0820f5c08b819ca2bd6fac3b022b57c24	e12f6eef61f6d6c8cd7c80aa16daf5e8021a86ae8df41c45490b41eb73da67b2	ef9e74a464e26ce010d841ca0ac7a46610d5233c567a4406535a39c139110c31	assets/pokemon-animation-cards/rc31-kanto-001-025-static-v1/dex-011__form-00__gender-none__palette-shiny__admission.json	verified-render
12	butterfree	base	none	normal	assets/pokemon-animation-cards/rc31-kanto-001-025-static-v1/dex-012__form-00__gender-none__palette-normal__idle-8x4.png	assets/pokemon-animation-cards/rc31-kanto-001-025-static-v1/dex-012__form-00__gender-none__palette-normal__walk-8x4.png	assets/pokemon-animation-cards/rc31-kanto-001-025-static-v1/dex-012__form-00__gender-none__palette-normal__runtime.png	rc31-original-trs-body-v2:pm0012_00:00:none:normal	8	2.133333444595337	8	1	256	256	25	21	231	229	128	273.8785194206258	140.47027020110488	15	16	b226860400bb58566030ea721ad6f5ada81bac3ed0914da352b7c6e3d4ecb036	9edf5aa0110cf3743811ce0a808c4955a41d289489d27e2cfc65638c2c0bc818	064a30c263bcb1f64c53d44f2b0eb8cb12a65cc1e816d3cf7d33122caa1d3ee0	assets/pokemon-animation-cards/rc31-kanto-001-025-static-v1/dex-012__form-00__gender-none__palette-normal__flight-body-v2-admission.json	verified-render
12	butterfree	base	none	shiny	assets/pokemon-animation-cards/rc31-kanto-001-025-static-v1/dex-012__form-00__gender-none__palette-shiny__idle-8x4.png	assets/pokemon-animation-cards/rc31-kanto-001-025-static-v1/dex-012__form-00__gender-none__palette-shiny__walk-8x4.png	assets/pokemon-animation-cards/rc31-kanto-001-025-static-v1/dex-012__form-00__gender-none__palette-shiny__runtime.png	rc31-original-trs-body-v2:pm0012_00:00:none:shiny	8	2.133333444595337	8	1	256	256	25	21	231	229	128	273.8785194206258	140.47027020110488	15	16	8cabae27e83fd03063f4ab3bc6e311b6ab9dd8fbca0d4167d93c94112514a1f2	23c1af397f374aae1f568b418fd9b4a55408d131c78843bf770ab4f94f4544b7	90328e33bc4bf6a635f0b1681123d3df797f5ab61033757e69ac89f72f8dee02	assets/pokemon-animation-cards/rc31-kanto-001-025-static-v1/dex-012__form-00__gender-none__palette-shiny__flight-body-v2-admission.json	verified-render
13	weedle	base	none	normal	assets/pokemon-animation-cards/rc31-kanto-001-025-static-v1/dex-013__form-00__gender-none__palette-normal__idle-8x4.png	assets/pokemon-animation-cards/rc31-kanto-001-025-static-v1/dex-013__form-00__gender-none__palette-normal__walk-8x4.png	assets/pokemon-animation-cards/rc31-kanto-001-025-static-v1/dex-013__form-00__gender-none__palette-normal__runtime.png	rc31-original-trs-v1:pm0013_00:00:none:normal	8	2	8	1	256	256	17	71	239	190	128	179.02618550806883	111	15	16	a07c76d33bd9ca11860b1e5dbefe8af5f6ce28cf55b6bbc4c1e89251fb997e99	8d8cf2527586daa08b884d7ecbbc303a74c3aaea7507ff4eb07f6791e4332306	aec9ab26fe78b09211b5717346f8a26e8d91cb5583272f704d8da30704dbd865	assets/pokemon-animation-cards/rc31-kanto-001-025-static-v1/dex-013__form-00__gender-none__palette-normal__admission.json	verified-render
13	weedle	base	none	shiny	assets/pokemon-animation-cards/rc31-kanto-001-025-static-v1/dex-013__form-00__gender-none__palette-shiny__idle-8x4.png	assets/pokemon-animation-cards/rc31-kanto-001-025-static-v1/dex-013__form-00__gender-none__palette-shiny__walk-8x4.png	assets/pokemon-animation-cards/rc31-kanto-001-025-static-v1/dex-013__form-00__gender-none__palette-shiny__runtime.png	rc31-original-trs-v1:pm0013_00:00:none:shiny	8	2	8	1	256	256	17	71	239	190	128	179.02618550806883	111	15	16	fba1528a344bbb1a49151c4c743c6734d5968177a39e5ae9f372efd36868fc02	620f627a7a790ae90ce0ab5a113cec86b788310cfb739b40cbc50aec9514ab7e	556ce2ad46e4eda5f1d007170585005637e8ad4c17f181f2337d4e0df6ffe2fc	assets/pokemon-animation-cards/rc31-kanto-001-025-static-v1/dex-013__form-00__gender-none__palette-shiny__admission.json	verified-render
14	kakuna	base	none	normal	assets/pokemon-animation-cards/rc31-kanto-001-025-static-v1/dex-014__form-00__gender-none__palette-normal__idle-8x4.png	assets/pokemon-animation-cards/rc31-kanto-001-025-static-v1/dex-014__form-00__gender-none__palette-normal__walk-8x4.png	assets/pokemon-animation-cards/rc31-kanto-001-025-static-v1/dex-014__form-00__gender-none__palette-normal__runtime.png	rc31-original-trs-v1:pm0014_00:00:none:normal	8	2.500000238418579	8	0.5	256	256	68	23	188	233	128	228.75559883764947	160	9	16	d7f89dcca01b0a803c48b74b036d6a1f9faf89a4378fd5d93dd420526249f0c4	bf367cab68b62f741ba5bb5c1d565fbd1e8748223937866dbab54a35d1d99018	0cc8e8198e4824c5be2ea19c35f2b4712583fd22ce71fd73c786c5721c958b26	assets/pokemon-animation-cards/rc31-kanto-001-025-static-v1/dex-014__form-00__gender-none__palette-normal__admission.json	verified-render
14	kakuna	base	none	shiny	assets/pokemon-animation-cards/rc31-kanto-001-025-static-v1/dex-014__form-00__gender-none__palette-shiny__idle-8x4.png	assets/pokemon-animation-cards/rc31-kanto-001-025-static-v1/dex-014__form-00__gender-none__palette-shiny__walk-8x4.png	assets/pokemon-animation-cards/rc31-kanto-001-025-static-v1/dex-014__form-00__gender-none__palette-shiny__runtime.png	rc31-original-trs-v1:pm0014_00:00:none:shiny	8	2.500000238418579	8	0.5	256	256	68	23	188	233	128	228.75559883764947	160	9	16	5fb45822638c01547b9762cb988996c6f0b7593e9e0cb4fdd7905e2e37b53024	765a6ea4478007ae997f10a4e9c848b32228ec3c46dbce3d717e973d8b04b9a5	218856732ed73dc59af31618b5def4f014110c3466bd070f1be09811c50a7406	assets/pokemon-animation-cards/rc31-kanto-001-025-static-v1/dex-014__form-00__gender-none__palette-shiny__admission.json	verified-render
16	pidgey	base	none	normal	assets/pokemon-animation-cards/rc31-pidgey-visibility-v2/dex-016__form-00__gender-none__palette-normal__idle-8x4.png	assets/pokemon-animation-cards/rc31-pidgey-visibility-v2/dex-016__form-00__gender-none__palette-normal__walk-8x4.png	assets/pokemon-animation-cards/rc31-pidgey-visibility-v2/dex-016__form-00__gender-none__palette-normal__runtime.png	rc31-original-trs-wing-hierarchy-body-v3:pm0016_00:00:none:normal	8	0.5333333611488342	8	0.40000003576278687	256	256	19	27	237	230	128	370.199050607403	104.99580416080082	10	16	26865104286dbd5bb470d23e0d03247aa133d18c9f8ead0d20c36a091c795488	b59382de520865cd24dccdbc4cc55c81beb9865c1c6e83f3b9bb93bdd17f3f37	36199cf5ab76b58cb0fb4e3f337efa4bdcc9c3b2cc121ad35dfe60d4201f056c	assets/pokemon-animation-cards/rc31-pidgey-visibility-v2/dex-016__form-00__gender-none__palette-normal__admission.json	verified-render
16	pidgey	base	none	shiny	assets/pokemon-animation-cards/rc31-pidgey-visibility-v2/dex-016__form-00__gender-none__palette-shiny__idle-8x4.png	assets/pokemon-animation-cards/rc31-pidgey-visibility-v2/dex-016__form-00__gender-none__palette-shiny__walk-8x4.png	assets/pokemon-animation-cards/rc31-pidgey-visibility-v2/dex-016__form-00__gender-none__palette-shiny__runtime.png	rc31-original-trs-wing-hierarchy-body-v3:pm0016_00:00:none:shiny	8	0.5333333611488342	8	0.40000003576278687	256	256	19	27	237	230	128	370.199050607403	104.99580416080082	10	16	da2b34712e79ac9a27cb5eeeb7243104e85c64d189849de7dcea1b216ae2fe61	c553db531308507b7bd01142099dc4c9af91662604be58609bcb4c9a6b4d5a7d	4c1a1107a1b522fa1cd0d5bfb7d6951bc4392a9fa144dd75249ab2c75276d60e	assets/pokemon-animation-cards/rc31-pidgey-visibility-v2/dex-016__form-00__gender-none__palette-shiny__admission.json	verified-render
17	pidgeotto	base	none	normal	assets/pokemon-animation-cards/rc31-controller-six-v4/dex-017__form-00__gender-none__palette-normal__idle-8x4.png	assets/pokemon-animation-cards/rc31-controller-six-v4/dex-017__form-00__gender-none__palette-normal__walk-8x4.png	assets/pokemon-animation-cards/rc31-controller-six-v4/dex-017__form-00__gender-none__palette-normal__runtime.png	rc31-original-full-hierarchy-body-v3:pm0017_00:00:none:normal	8	0.6666666865348816	8	0.5333333611488342	256	256	17	31	239	221	128	230.6770915408332	106.81561574532186	15	12	bc311d0fafd1c498318c46147854aff0cae300a90006034bab0c3902b1356310	ec2b87d2c651b65b4e7a67549330d3777731d9068ea95902feae68e03453f8b3	a2ddc28ebd205a54aa18fc9d7f3653290f47abe1d4330d7000acb7999fbbdc7c	assets/pokemon-animation-cards/rc31-controller-six-v4/dex-017__form-00__gender-none__palette-normal__admission.json	verified-render
17	pidgeotto	base	none	shiny	assets/pokemon-animation-cards/rc31-controller-six-v4/dex-017__form-00__gender-none__palette-shiny__idle-8x4.png	assets/pokemon-animation-cards/rc31-controller-six-v4/dex-017__form-00__gender-none__palette-shiny__walk-8x4.png	assets/pokemon-animation-cards/rc31-controller-six-v4/dex-017__form-00__gender-none__palette-shiny__runtime.png	rc31-original-full-hierarchy-body-v3:pm0017_00:00:none:shiny	8	0.6666666865348816	8	0.5333333611488342	256	256	17	31	239	221	128	230.6770915408332	106.81561574532186	15	12	f7b542d47b0dbc84d3656e4166eef49741cee05d456d64aa337d00ac1ac58751	a62a19bb61ab92dc35b98909191aaf32d86a6ea05b3e38126af80afb272a37b2	1f3ad5699fd4127cb11172c84579cf2d3fceb3a4fb131a5d3151860d44a1d1e6	assets/pokemon-animation-cards/rc31-controller-six-v4/dex-017__form-00__gender-none__palette-shiny__admission.json	verified-render
18	pidgeot	base	none	normal	assets/pokemon-animation-cards/rc31-controller-six-v4/dex-018__form-00__gender-none__palette-normal__idle-8x4.png	assets/pokemon-animation-cards/rc31-controller-six-v4/dex-018__form-00__gender-none__palette-normal__walk-8x4.png	assets/pokemon-animation-cards/rc31-controller-six-v4/dex-018__form-00__gender-none__palette-normal__runtime.png	rc31-original-full-hierarchy-body-v3:pm0018_00:00:none:normal	8	1.8000000715255737	8	0.6666666865348816	256	256	27	26	229	232	128	242.19156553472055	127.47050251434557	15	16	315fea3f2ded6c929dbdc1fc6d66501ee5d0e474458aee1bb07c71fd7123d82e	f6fa938b1975f36e60b90f358ba05eca073e812b88a4cbe825be8d0110a42587	cac04c0a2e6f824f0cfa9a23c237e0a10855fe4bce28930a69f155a6a0950e58	assets/pokemon-animation-cards/rc31-controller-six-v4/dex-018__form-00__gender-none__palette-normal__admission.json	verified-render
18	pidgeot	base	none	shiny	assets/pokemon-animation-cards/rc31-controller-six-v4/dex-018__form-00__gender-none__palette-shiny__idle-8x4.png	assets/pokemon-animation-cards/rc31-controller-six-v4/dex-018__form-00__gender-none__palette-shiny__walk-8x4.png	assets/pokemon-animation-cards/rc31-controller-six-v4/dex-018__form-00__gender-none__palette-shiny__runtime.png	rc31-original-full-hierarchy-body-v3:pm0018_00:00:none:shiny	8	1.8000000715255737	8	0.6666666865348816	256	256	27	26	229	232	128	242.19156553472055	127.47050251434557	15	16	13cd0c5f0e431eb6c71ee7058f76f9cfbfd3009e2c6f35bef05bb5344a158177	9c2c2bfcc9a045916000a045e80921bfb542f63ad586ed288acf7e865454c2d1	c5872b976a5e9649a5b18658f32681eaf88f10f1ba5aeb6c28f0ee5874856412	assets/pokemon-animation-cards/rc31-controller-six-v4/dex-018__form-00__gender-none__palette-shiny__admission.json	verified-render
19	rattata	base	none	normal	assets/pokemon-animation-cards/rc31-kanto-001-025-static-v1/dex-019__form-00__gender-none__palette-normal__idle-8x4.png	assets/pokemon-animation-cards/rc31-kanto-001-025-static-v1/dex-019__form-00__gender-none__palette-normal__walk-8x4.png	assets/pokemon-animation-cards/rc31-kanto-001-025-static-v1/dex-019__form-00__gender-none__palette-normal__runtime.png	rc31-original-trs-v1:pm0019_00:00:none:normal	8	0.8666667342185974	8	0.6666666865348816	256	256	17	49	239	207	128	197.69322886069745	149	15	16	2f4b49b95b0173e01ef5e730693456af58301207c75826eac7e5cd1cb211ae9f	6a97f953ce4cf3344bcae4c788e19936f415f60f745bc9c177b2754208521a6b	19553cbf29f0dbbefc04ad1c9c1b290b5248b5b16e6b92e8f756e6b9c623d08c	assets/pokemon-animation-cards/rc31-kanto-001-025-static-v1/dex-019__form-00__gender-none__palette-normal__admission.json	verified-render
19	rattata	base	none	shiny	assets/pokemon-animation-cards/rc31-kanto-001-025-static-v1/dex-019__form-00__gender-none__palette-shiny__idle-8x4.png	assets/pokemon-animation-cards/rc31-kanto-001-025-static-v1/dex-019__form-00__gender-none__palette-shiny__walk-8x4.png	assets/pokemon-animation-cards/rc31-kanto-001-025-static-v1/dex-019__form-00__gender-none__palette-shiny__runtime.png	rc31-original-trs-v1:pm0019_00:00:none:shiny	8	0.8666667342185974	8	0.6666666865348816	256	256	17	49	239	207	128	197.69322886069745	149	15	16	097599b66f03b38285086598f359724bd5452e2078b15398b8d88900b6765509	3607bc58c6474cddd9601619be219b071dd4d6a2e6839df14bf4df191b28ca4f	ce1c838dcab8867cfb266ab2a243f57432a27f6670dae50b95fee0a06eee0d58	assets/pokemon-animation-cards/rc31-kanto-001-025-static-v1/dex-019__form-00__gender-none__palette-shiny__admission.json	verified-render
20	raticate	base	none	normal	assets/pokemon-animation-cards/rc31-kanto-001-025-static-v1/dex-020__form-00__gender-none__palette-normal__idle-8x4.png	assets/pokemon-animation-cards/rc31-kanto-001-025-static-v1/dex-020__form-00__gender-none__palette-normal__walk-8x4.png	assets/pokemon-animation-cards/rc31-kanto-001-025-static-v1/dex-020__form-00__gender-none__palette-normal__runtime.png	rc31-original-trs-v1:pm0020_00:00:none:normal	8	2.066666841506958	8	0.8000000715255737	256	256	17	69	239	188	128	180.08119711302547	102	15	16	44ec736aba988a2174b2f252e257a86413bca27946e7f9eab1a91866fef36efc	d495f56ec0932b5fba9decfb8bca7d9cd9bf9e5be8063de27bd9f32d1b0f8adb	959ac931bd9b8811ec4a6b4bd4a18c6f1ab610eb1be7ce976171f1258f12d4f7	assets/pokemon-animation-cards/rc31-kanto-001-025-static-v1/dex-020__form-00__gender-none__palette-normal__admission.json	verified-render
20	raticate	base	none	shiny	assets/pokemon-animation-cards/rc31-kanto-001-025-static-v1/dex-020__form-00__gender-none__palette-shiny__idle-8x4.png	assets/pokemon-animation-cards/rc31-kanto-001-025-static-v1/dex-020__form-00__gender-none__palette-shiny__walk-8x4.png	assets/pokemon-animation-cards/rc31-kanto-001-025-static-v1/dex-020__form-00__gender-none__palette-shiny__runtime.png	rc31-original-trs-v1:pm0020_00:00:none:shiny	8	2.066666841506958	8	0.8000000715255737	256	256	17	69	239	188	128	180.08119711302547	102	15	16	d2ecb40beb2637b3e2873f85213e12829b2fd0db43c481e925fdf551d2db62db	714fdd08c747b0a4b736416856e9868717aff45960cfa54c3363272ae4e0605f	1899cceecdbcba31c85091557d47feb95f0fc3bfa1be2d1d431833a41aee758a	assets/pokemon-animation-cards/rc31-kanto-001-025-static-v1/dex-020__form-00__gender-none__palette-shiny__admission.json	verified-render
21	spearow	base	none	normal	assets/pokemon-animation-cards/rc31-controller-six-v4/dex-021__form-00__gender-none__palette-normal__idle-8x4.png	assets/pokemon-animation-cards/rc31-controller-six-v4/dex-021__form-00__gender-none__palette-normal__walk-8x4.png	assets/pokemon-animation-cards/rc31-controller-six-v4/dex-021__form-00__gender-none__palette-normal__runtime.png	rc31-original-full-hierarchy-body-v3:pm0021_00:00:none:normal	8	0.5333333611488342	8	0.40000003576278687	256	256	17	27	239	227	128	361.6084453900196	101.32206727375515	12	16	116b8fec235cb106bb25e7a976b619ab3dcad64d49b1ed703d7d251e42ccd586	8106faf4c02609f0d1362a5a640d683be74c629a783c807c0a2d0ab01c5d43c8	7296569aa52e0d011449fc0da8cbb5ba4165428cd7485f4c65c8295fe8582504	assets/pokemon-animation-cards/rc31-controller-six-v4/dex-021__form-00__gender-none__palette-normal__admission.json	verified-render
21	spearow	base	none	shiny	assets/pokemon-animation-cards/rc31-controller-six-v4/dex-021__form-00__gender-none__palette-shiny__idle-8x4.png	assets/pokemon-animation-cards/rc31-controller-six-v4/dex-021__form-00__gender-none__palette-shiny__walk-8x4.png	assets/pokemon-animation-cards/rc31-controller-six-v4/dex-021__form-00__gender-none__palette-shiny__runtime.png	rc31-original-full-hierarchy-body-v3:pm0021_00:00:none:shiny	8	0.5333333611488342	8	0.40000003576278687	256	256	17	27	239	227	128	361.6084453900196	101.32206727375515	12	16	463f3515c7f638aaa2830166a3da29efe82abaeac6fafbee1f5b54a9a3916530	176ffb7bbb6a1c32a5cac4018542937f49608f87e32de7c6572f2dc24e365939	1f51f8d35ed5ecacd8a4038867302df4dcbc97ed703f37718b57efa6d6db1915	assets/pokemon-animation-cards/rc31-controller-six-v4/dex-021__form-00__gender-none__palette-shiny__admission.json	verified-render
22	fearow	base	none	normal	assets/pokemon-animation-cards/rc31-kanto-001-025-static-v1/dex-022__form-00__gender-none__palette-normal__idle-8x4.png	assets/pokemon-animation-cards/rc31-kanto-001-025-static-v1/dex-022__form-00__gender-none__palette-normal__walk-8x4.png	assets/pokemon-animation-cards/rc31-kanto-001-025-static-v1/dex-022__form-00__gender-none__palette-normal__runtime.png	rc31-original-trs-body-v2:pm0022_00:00:none:normal	8	1.6666667461395264	8	0.7666667103767395	256	256	24	23	232	232	128	229.5530280666368	83.93438919122505	15	10	a087fc234f9e80449f2ce6ff3cb4db0b38e2b060804bb93b658a6c04948888cd	f96973459353649ed3ca919b428b653025400c2266bc046d151898fb0a50fec2	bf5a32d1cab5fa110a010e42bca32d0cbda5997e3a451d7f6781c6f281d8f74e	assets/pokemon-animation-cards/rc31-kanto-001-025-static-v1/dex-022__form-00__gender-none__palette-normal__flight-body-v2-admission.json	verified-render
22	fearow	base	none	shiny	assets/pokemon-animation-cards/rc31-kanto-001-025-static-v1/dex-022__form-00__gender-none__palette-shiny__idle-8x4.png	assets/pokemon-animation-cards/rc31-kanto-001-025-static-v1/dex-022__form-00__gender-none__palette-shiny__walk-8x4.png	assets/pokemon-animation-cards/rc31-kanto-001-025-static-v1/dex-022__form-00__gender-none__palette-shiny__runtime.png	rc31-original-trs-body-v2:pm0022_00:00:none:shiny	8	1.6666667461395264	8	0.7666667103767395	256	256	24	23	232	232	128	229.5530280666368	83.93438919122505	15	10	65635677dfaff3b769e905654aa1646227e6d19f7ce97b1b434a3fddcaa91e9d	f7bf2de37004600468e9dd5a859b7586d20f0ebd9dcfd9deddd078ccb3a03d3d	c6a7a7671c0f54bc9edadbb5092e06e08c6583be48e7c24d6b2f522390667442	assets/pokemon-animation-cards/rc31-kanto-001-025-static-v1/dex-022__form-00__gender-none__palette-shiny__flight-body-v2-admission.json	verified-render
24	arbok	base	none	normal	assets/pokemon-animation-cards/rc31-kanto-001-025-static-v1/dex-024__form-00__gender-none__palette-normal__idle-8x4.png	assets/pokemon-animation-cards/rc31-kanto-001-025-static-v1/dex-024__form-00__gender-none__palette-normal__walk-8x4.png	assets/pokemon-animation-cards/rc31-kanto-001-025-static-v1/dex-024__form-00__gender-none__palette-normal__runtime.png	rc31-original-trs-v1:pm0024_00:00:none:normal	8	2.6666667461395264	8	1	256	256	17	70	239	194	128	179.7817063283237	120	15	16	63ec2fbbb03428f19c76e0c5c4d9ce67ccc9e21ad3487075371d444c2a973389	e911e2217cc057ca723d86303e07a0c0dc68a3c793e57a19cdb2d42464f4c5b9	788f5dc01a13d8adb2db32aeabf165d7decc84e25be64673a668ab9380459d2b	assets/pokemon-animation-cards/rc31-kanto-001-025-static-v1/dex-024__form-00__gender-none__palette-normal__admission.json	verified-render
24	arbok	base	none	shiny	assets/pokemon-animation-cards/rc31-kanto-001-025-static-v1/dex-024__form-00__gender-none__palette-shiny__idle-8x4.png	assets/pokemon-animation-cards/rc31-kanto-001-025-static-v1/dex-024__form-00__gender-none__palette-shiny__walk-8x4.png	assets/pokemon-animation-cards/rc31-kanto-001-025-static-v1/dex-024__form-00__gender-none__palette-shiny__runtime.png	rc31-original-trs-v1:pm0024_00:00:none:shiny	8	2.6666667461395264	8	1	256	256	17	70	239	194	128	179.7817063283237	120	15	16	e07575528e9f72ec63bac993e33d405452859b54b21585c0fada8fe18a80e0c5	64a1b4e0f78e66e74f6e72c7cb7f6a7ac7523a13066b4f1b032c282ca4da80e2	ab63f7324adf1b980c4d9799183a4125b541c832dbb499f3cdb422faf88df7d1	assets/pokemon-animation-cards/rc31-kanto-001-025-static-v1/dex-024__form-00__gender-none__palette-shiny__admission.json	verified-render
26	raichu	base	none	normal	assets/pokemon-animation-cards/rc31-kanto-026-050/dex-026__form-00__gender-none__palette-normal__idle-8x4.png	assets/pokemon-animation-cards/rc31-kanto-026-050/dex-026__form-00__gender-none__palette-normal__walk-8x4.png	assets/pokemon-animation-cards/rc31-kanto-026-050/dex-026__form-00__gender-none__palette-normal__runtime.png	rc31-original-trs-body-v2:pm0026_00:00:none:normal	8	1	8	1	256	256	18	22	238	231	128	222.12219602832545	129.62078088775866	14	16	af3bc4a129728449c429715c23b188e0af47c4f9ee8be9483277ad47edc5e6c0	ca62815456eb76641638abe3f612b9ab938f8d7acd65f2cbb442e34cec0aa3d2	d8932bf6e128131b1b4e3db9ffa64fa03c54ba93ac83b11cf2547fa9e61a04ce	assets/pokemon-animation-cards/rc31-kanto-026-050/dex-026__form-00__gender-none__palette-normal__body-v2-admission.json	verified-render
26	raichu	base	none	shiny	assets/pokemon-animation-cards/rc31-kanto-026-050/dex-026__form-00__gender-none__palette-shiny__idle-8x4.png	assets/pokemon-animation-cards/rc31-kanto-026-050/dex-026__form-00__gender-none__palette-shiny__walk-8x4.png	assets/pokemon-animation-cards/rc31-kanto-026-050/dex-026__form-00__gender-none__palette-shiny__runtime.png	rc31-original-trs-body-v2:pm0026_00:00:none:shiny	8	1	8	1	256	256	18	22	238	231	128	222.12219602832545	129.62078088775866	14	16	024d58e816d200b73ea71bd2ae18a6144ead3ab9688892834ca07a787030bbc4	3a36b1854d5c97d0677fff3b172ba28dc8d2e2b549e2f6b531677f981dcb489c	6d8ee70c14e00888aac1056541d36d7252f0ab5b715f38a3438c1e512263127d	assets/pokemon-animation-cards/rc31-kanto-026-050/dex-026__form-00__gender-none__palette-shiny__body-v2-admission.json	verified-render
27	sandshrew	base	none	normal	assets/pokemon-animation-cards/rc31-controller-six-v4/dex-027__form-00__gender-none__palette-normal__idle-8x4.png	assets/pokemon-animation-cards/rc31-controller-six-v4/dex-027__form-00__gender-none__palette-normal__walk-8x4.png	assets/pokemon-animation-cards/rc31-controller-six-v4/dex-027__form-00__gender-none__palette-normal__runtime.png	rc31-original-full-hierarchy-body-v3:pm0027_00:00:none:normal	8	1	8	1.133333444595337	256	256	17	55	239	201	128	192.90727851958442	134.51048941627482	15	16	28e17d29e2291143218b0a967f151cbd2e10b35fc345c3af50360bca608f18d4	e4312f5d281acbae067546694825645ef26ae189d6914d671927f2a4bee8a3d1	8441989a2f81d7d29aaab620ceee47eff8a9a908cc5071270647c90db07a8c55	assets/pokemon-animation-cards/rc31-controller-six-v4/dex-027__form-00__gender-none__palette-normal__admission.json	verified-render
27	sandshrew	base	none	shiny	assets/pokemon-animation-cards/rc31-controller-six-v4/dex-027__form-00__gender-none__palette-shiny__idle-8x4.png	assets/pokemon-animation-cards/rc31-controller-six-v4/dex-027__form-00__gender-none__palette-shiny__walk-8x4.png	assets/pokemon-animation-cards/rc31-controller-six-v4/dex-027__form-00__gender-none__palette-shiny__runtime.png	rc31-original-full-hierarchy-body-v3:pm0027_00:00:none:shiny	8	1	8	1.133333444595337	256	256	17	55	239	201	128	192.90727851958442	134.51048941627482	15	16	ccf601ea50a21cace5803a247d465d244a9e911a7a144c1fbf304b6fb28c4612	32e86998176ebce5030efafe20afd27e9ce87f9fc39ae333c5a275ce5b787e8f	0c0b3d9823a31a114030eb42ddccd7e1f635dff1f11173a1d7ff58dadd7e7c8e	assets/pokemon-animation-cards/rc31-controller-six-v4/dex-027__form-00__gender-none__palette-shiny__admission.json	verified-render
28	sandslash	base	none	normal	assets/pokemon-animation-cards/rc31-controller-six-v4/dex-028__form-00__gender-none__palette-normal__idle-8x4.png	assets/pokemon-animation-cards/rc31-controller-six-v4/dex-028__form-00__gender-none__palette-normal__walk-8x4.png	assets/pokemon-animation-cards/rc31-controller-six-v4/dex-028__form-00__gender-none__palette-normal__runtime.png	rc31-original-full-hierarchy-body-v3:pm0028_00:00:none:normal	8	1.6000001430511475	8	1	256	256	17	45	239	216	128	205.56600353599242	163.42726176755122	15	16	3a84eadfce84609a1d00f1914a1c8dd6be7c40c63ac5b8d95e40f1f044795dae	cc99bd1fe3b18c628de68363d7c60a8e91bdda679f90e6fdefe97b1040735efa	fe3fdab960bb02b5251f9c62137c3229fcf48b1b7cb090658404f765c4ff89e3	assets/pokemon-animation-cards/rc31-controller-six-v4/dex-028__form-00__gender-none__palette-normal__admission.json	verified-render
28	sandslash	base	none	shiny	assets/pokemon-animation-cards/rc31-controller-six-v4/dex-028__form-00__gender-none__palette-shiny__idle-8x4.png	assets/pokemon-animation-cards/rc31-controller-six-v4/dex-028__form-00__gender-none__palette-shiny__walk-8x4.png	assets/pokemon-animation-cards/rc31-controller-six-v4/dex-028__form-00__gender-none__palette-shiny__runtime.png	rc31-original-full-hierarchy-body-v3:pm0028_00:00:none:shiny	8	1.6000001430511475	8	1	256	256	17	45	239	216	128	205.56600353599242	163.42726176755122	15	16	2a2b675ac905732f2797116cf265fba5e2ef582e4be1aac72b92a9aa2a1acbdd	dfa131bc6665eacd92dfbd817363853aa9adf395e42eb3284f80e8ed8a1523ce	83cf9bea486a7656b932bab081a947aa6dd3148c9ef5a830cd9e586da894a7a9	assets/pokemon-animation-cards/rc31-controller-six-v4/dex-028__form-00__gender-none__palette-shiny__admission.json	verified-render
29	nidoranf	base	none	normal	assets/pokemon-animation-cards/rc31-kanto-026-050/dex-029__form-00__gender-none__palette-normal__idle-8x4.png	assets/pokemon-animation-cards/rc31-kanto-026-050/dex-029__form-00__gender-none__palette-normal__walk-8x4.png	assets/pokemon-animation-cards/rc31-kanto-026-050/dex-029__form-00__gender-none__palette-normal__runtime.png	rc31-original-trs-v1:pm0029_00:00:none:normal	8	2.133333444595337	8	0.6666666865348816	256	256	17	40	239	215	128	202.9280020580262	169	15	15	d3df8941629035cc772d95a97599b3f19ff87d50b35868136fe6367361bb113a	cff3477f498d6f4c30a96dae48845f0a2a75930b07c0c1cbb9cb54ddac7eddab	6566c676f4a3df4bdce117c020010850ad6ecc55f860bffb87b4db4d5a18e4e4	assets/pokemon-animation-cards/rc31-kanto-026-050/dex-029__form-00__gender-none__palette-normal__admission.json	verified-render
29	nidoranf	base	none	shiny	assets/pokemon-animation-cards/rc31-kanto-026-050/dex-029__form-00__gender-none__palette-shiny__idle-8x4.png	assets/pokemon-animation-cards/rc31-kanto-026-050/dex-029__form-00__gender-none__palette-shiny__walk-8x4.png	assets/pokemon-animation-cards/rc31-kanto-026-050/dex-029__form-00__gender-none__palette-shiny__runtime.png	rc31-original-trs-v1:pm0029_00:00:none:shiny	8	2.133333444595337	8	0.6666666865348816	256	256	17	40	239	215	128	202.9280020580262	169	15	15	672a25d720c827f7bfe893e4b9c7a2ac5285fbdf6523929f1914cb536bc56e6c	49b3f1dc343568420632f418933704f3ada1314c230a24dfbe327ede992e65b5	522d6ee6be4a73a6635ae91ce9e074f5d3f22eacc5942a28bd86ef5d7913bf28	assets/pokemon-animation-cards/rc31-kanto-026-050/dex-029__form-00__gender-none__palette-shiny__admission.json	verified-render
30	nidorina	base	none	normal	assets/pokemon-animation-cards/rc31-kanto-026-050/dex-030__form-00__gender-none__palette-normal__idle-8x4.png	assets/pokemon-animation-cards/rc31-kanto-026-050/dex-030__form-00__gender-none__palette-normal__walk-8x4.png	assets/pokemon-animation-cards/rc31-kanto-026-050/dex-030__form-00__gender-none__palette-normal__runtime.png	rc31-original-trs-v1:pm0030_00:00:none:normal	8	1.3333333730697632	8	0.7000000476837158	256	256	17	52	239	203	128	192.1924257757727	145	15	16	4a7da4f776e2416fedea0334a68d3577c76997c9b64d78bace7f200aa57a1a68	00836a840f39a2ed8c7b8e191a99a5d16b0e8d09abbbbe6d1fd4446dc4c70591	deb7ef64eda181fed016784a14c01d0b29295eed7fe765e90b789f93cb0b70b9	assets/pokemon-animation-cards/rc31-kanto-026-050/dex-030__form-00__gender-none__palette-normal__admission.json	verified-render
30	nidorina	base	none	shiny	assets/pokemon-animation-cards/rc31-kanto-026-050/dex-030__form-00__gender-none__palette-shiny__idle-8x4.png	assets/pokemon-animation-cards/rc31-kanto-026-050/dex-030__form-00__gender-none__palette-shiny__walk-8x4.png	assets/pokemon-animation-cards/rc31-kanto-026-050/dex-030__form-00__gender-none__palette-shiny__runtime.png	rc31-original-trs-v1:pm0030_00:00:none:shiny	8	1.3333333730697632	8	0.7000000476837158	256	256	17	52	239	203	128	192.1924257757727	145	15	16	e6f56fd4fdc8ca4df63b668428db44a6ea9433676d2f42010e93febf4419be12	427807bbfe7da338ed9ffd11d23690ed4d632358ca9832e068ba01f8abef7b8f	fec1812a311d096d373c6deffe80665a5bcd49719fda0655c96b03260ca7ed48	assets/pokemon-animation-cards/rc31-kanto-026-050/dex-030__form-00__gender-none__palette-shiny__admission.json	verified-render
31	nidoqueen	base	none	normal	assets/pokemon-animation-cards/rc31-kanto-026-050/dex-031__form-00__gender-none__palette-normal__idle-8x4.png	assets/pokemon-animation-cards/rc31-kanto-026-050/dex-031__form-00__gender-none__palette-normal__walk-8x4.png	assets/pokemon-animation-cards/rc31-kanto-026-050/dex-031__form-00__gender-none__palette-normal__runtime.png	rc31-original-trs-v1:pm0031_00:00:none:normal	8	1.6666667461395264	8	1.2666667699813843	256	256	17	46	239	213	128	202.60202128796652	164	15	16	f7993e837495557a4301da84a042a1a898854538d96070422ea9cdd0649750dc	81d358e2705b220ef5094d98485c8284e433bf28b33cab6a9f909caada41d66e	b507900244297f14d44cf3f24da82e224ac988440751ec7b62c1a07219988b95	assets/pokemon-animation-cards/rc31-kanto-026-050/dex-031__form-00__gender-none__palette-normal__admission.json	verified-render
31	nidoqueen	base	none	shiny	assets/pokemon-animation-cards/rc31-kanto-026-050/dex-031__form-00__gender-none__palette-shiny__idle-8x4.png	assets/pokemon-animation-cards/rc31-kanto-026-050/dex-031__form-00__gender-none__palette-shiny__walk-8x4.png	assets/pokemon-animation-cards/rc31-kanto-026-050/dex-031__form-00__gender-none__palette-shiny__runtime.png	rc31-original-trs-v1:pm0031_00:00:none:shiny	8	1.6666667461395264	8	1.2666667699813843	256	256	17	46	239	213	128	202.60202128796652	164	15	16	4cf6c24b0392e3eafe89c3b8aaffede44d3b0a4a10793f334170f190f99961bc	33dfc76a453747ed15586bccacde931215f1776964a39cbc4232d369932b91b2	79572fc1847db0da6cc7f0f86f1d917daca942810b2c91fd2a160f2ac74aa0b0	assets/pokemon-animation-cards/rc31-kanto-026-050/dex-031__form-00__gender-none__palette-shiny__admission.json	verified-render
32	nidoranm	base	none	normal	assets/pokemon-animation-cards/rc31-kanto-026-050/dex-032__form-00__gender-none__palette-normal__idle-8x4.png	assets/pokemon-animation-cards/rc31-kanto-026-050/dex-032__form-00__gender-none__palette-normal__walk-8x4.png	assets/pokemon-animation-cards/rc31-kanto-026-050/dex-032__form-00__gender-none__palette-normal__runtime.png	rc31-original-trs-v1:pm0032_00:00:none:normal	8	1.6666667461395264	8	0.7333333492279053	256	256	17	53	239	201	128	191.31713848900677	141	15	16	57f76f24cf43983233e87d3b959e72f6e51437642a9f029f9e8865bd1644b214	a40ba15101f10e065b6200f055ac5e35efb565438514ee9c2f9da986ff65d3e1	123afefcce1179fb25cff48feb1c777a3e43901bcfc4f650f5239cbf18ef5f82	assets/pokemon-animation-cards/rc31-kanto-026-050/dex-032__form-00__gender-none__palette-normal__admission.json	verified-render
32	nidoranm	base	none	shiny	assets/pokemon-animation-cards/rc31-kanto-026-050/dex-032__form-00__gender-none__palette-shiny__idle-8x4.png	assets/pokemon-animation-cards/rc31-kanto-026-050/dex-032__form-00__gender-none__palette-shiny__walk-8x4.png	assets/pokemon-animation-cards/rc31-kanto-026-050/dex-032__form-00__gender-none__palette-shiny__runtime.png	rc31-original-trs-v1:pm0032_00:00:none:shiny	8	1.6666667461395264	8	0.7333333492279053	256	256	17	53	239	201	128	191.31713848900677	141	15	16	3535d594e758a7bec662be15efbf7b8bbf173aeda6ae53e082b325e17b584f50	99c3d3b1a2d151fce0810532674b32e06bbc295abeb4495b1bbfc63283200293	c787dfa8561659437747285761ecd9dde6d3dfa8cc415fdc45082ab31fac5282	assets/pokemon-animation-cards/rc31-kanto-026-050/dex-032__form-00__gender-none__palette-shiny__admission.json	verified-render
33	nidorino	base	none	normal	assets/pokemon-animation-cards/rc31-kanto-026-050/dex-033__form-00__gender-none__palette-normal__idle-8x4.png	assets/pokemon-animation-cards/rc31-kanto-026-050/dex-033__form-00__gender-none__palette-normal__walk-8x4.png	assets/pokemon-animation-cards/rc31-kanto-026-050/dex-033__form-00__gender-none__palette-normal__runtime.png	rc31-original-trs-v1:pm0033_00:00:none:normal	8	1.6666667461395264	8	0.8333333730697632	256	256	17	70	239	190	128	180.4906484404315	117	15	13	5d545472fc4cf76cad2c069f2759ec5da5db49c072102708dde73769afc5b005	53c012a8aa8fca01c5ca699a96e19ed28fbdfcfe4b1965d9c6a8fce6a5a01aab	9fd0df6952e8e3e4f4719281fa57b834e06f649743b0932bbbc439d35b988a48	assets/pokemon-animation-cards/rc31-kanto-026-050/dex-033__form-00__gender-none__palette-normal__admission.json	verified-render
33	nidorino	base	none	shiny	assets/pokemon-animation-cards/rc31-kanto-026-050/dex-033__form-00__gender-none__palette-shiny__idle-8x4.png	assets/pokemon-animation-cards/rc31-kanto-026-050/dex-033__form-00__gender-none__palette-shiny__walk-8x4.png	assets/pokemon-animation-cards/rc31-kanto-026-050/dex-033__form-00__gender-none__palette-shiny__runtime.png	rc31-original-trs-v1:pm0033_00:00:none:shiny	8	1.6666667461395264	8	0.8333333730697632	256	256	17	70	239	190	128	180.4906484404315	117	15	13	db29ad1b8bd296297659e26f05f1228a4128b6941514fee65df3673edece56e2	dd1b1a4f36a7e651c7e56db17a0cc1504bfdb2e3cc8e6a80d5dc01c5428c4ab5	d6c9fff537f356767820d4b664bfa32bf91f36313d130678d29e1dd5be349d6f	assets/pokemon-animation-cards/rc31-kanto-026-050/dex-033__form-00__gender-none__palette-shiny__admission.json	verified-render
34	nidoking	base	none	normal	assets/pokemon-animation-cards/rc31-kanto-026-050/dex-034__form-00__gender-none__palette-normal__idle-8x4.png	assets/pokemon-animation-cards/rc31-kanto-026-050/dex-034__form-00__gender-none__palette-normal__walk-8x4.png	assets/pokemon-animation-cards/rc31-kanto-026-050/dex-034__form-00__gender-none__palette-normal__runtime.png	rc31-original-trs-v1:pm0034_00:00:none:normal	8	1.4000000953674316	8	1.3333333730697632	256	256	17	57	239	200	128	186.49881181705254	133	15	16	10057e8a08ad4dfab78849d0b85fa5f665f3a942fb7c17ecc455f7abb502ae78	b1a2b071a316689d5c620f2268fc347c1d204a604f2d34a877e1390116e6cd8b	8ff5f4c2f7e6545b73683e6285a1febfd6cb3c82f4761e235d3abd2bfe3a1111	assets/pokemon-animation-cards/rc31-kanto-026-050/dex-034__form-00__gender-none__palette-normal__admission.json	verified-render
34	nidoking	base	none	shiny	assets/pokemon-animation-cards/rc31-kanto-026-050/dex-034__form-00__gender-none__palette-shiny__idle-8x4.png	assets/pokemon-animation-cards/rc31-kanto-026-050/dex-034__form-00__gender-none__palette-shiny__walk-8x4.png	assets/pokemon-animation-cards/rc31-kanto-026-050/dex-034__form-00__gender-none__palette-shiny__runtime.png	rc31-original-trs-v1:pm0034_00:00:none:shiny	8	1.4000000953674316	8	1.3333333730697632	256	256	17	57	239	200	128	186.49881181705254	133	15	16	84825e983b08e87a65ac31c45874da8b4bee245d83567dee9036fa228d3d1103	47ae1aa2d7cf83bca408efb8b0f0bb4ca560819655c739369192a0c21da8c845	404bed120adcce8d9fe13ebd6cf1a21a45164f4f5292a13cfe31b0b762cb562d	assets/pokemon-animation-cards/rc31-kanto-026-050/dex-034__form-00__gender-none__palette-shiny__admission.json	verified-render
35	clefairy	base	none	normal	assets/pokemon-animation-cards/rc31-kanto-026-050/dex-035__form-00__gender-none__palette-normal__idle-8x4.png	assets/pokemon-animation-cards/rc31-kanto-026-050/dex-035__form-00__gender-none__palette-normal__walk-8x4.png	assets/pokemon-animation-cards/rc31-kanto-026-050/dex-035__form-00__gender-none__palette-normal__runtime.png	rc31-original-trs-v1:pm0035_00:00:none:normal	8	1.3333333730697632	8	1	256	256	17	53	239	201	128	194.74938541891933	142	15	15	422e0ffadb74068f224c8a0e1860ce8cf9648674e48e7260e735717784d20910	c041ad5a5b19751ca79d0338f04068b49b00628b104411b291a2b95f99874ad1	ae13536626f4bf5e73ed2510bddbb54d828d549f8c7e9334efb2b29809d703bf	assets/pokemon-animation-cards/rc31-kanto-026-050/dex-035__form-00__gender-none__palette-normal__admission.json	verified-render
35	clefairy	base	none	shiny	assets/pokemon-animation-cards/rc31-kanto-026-050/dex-035__form-00__gender-none__palette-shiny__idle-8x4.png	assets/pokemon-animation-cards/rc31-kanto-026-050/dex-035__form-00__gender-none__palette-shiny__walk-8x4.png	assets/pokemon-animation-cards/rc31-kanto-026-050/dex-035__form-00__gender-none__palette-shiny__runtime.png	rc31-original-trs-v1:pm0035_00:00:none:shiny	8	1.3333333730697632	8	1	256	256	17	53	239	201	128	194.74938541891933	142	15	15	6876bd96dbd0e6c341b743c43c3d28809eebaf1eed12ce220266d8c2c67c645a	2752fba45f80240955d8989b9a7ac39626826f8913e5db44a320e8d951f71d67	229d191368b0afc67f9f591d7138a6190c64772700ab127d94b6c77087b80056	assets/pokemon-animation-cards/rc31-kanto-026-050/dex-035__form-00__gender-none__palette-shiny__admission.json	verified-render
36	clefable	base	none	normal	assets/pokemon-animation-cards/rc31-kanto-026-050/dex-036__form-00__gender-none__palette-normal__idle-8x4.png	assets/pokemon-animation-cards/rc31-kanto-026-050/dex-036__form-00__gender-none__palette-normal__walk-8x4.png	assets/pokemon-animation-cards/rc31-kanto-026-050/dex-036__form-00__gender-none__palette-normal__runtime.png	rc31-original-trs-v1:pm0036_00:00:none:normal	8	1.3333333730697632	8	0.8333333730697632	256	256	17	36	239	216	128	209.3655209186812	170	15	16	7c6e6335c13f2bb80ee9efa93974d311707a48aa59ec9284f49b48989f05a950	5f04f218d6cc03c6c9b127d66cbffc83638e6d9d36dbf26e926921671a369dc1	17252176c18acd5e7d481b2439a867b64a0ca711e5629397821bbc63a43aa377	assets/pokemon-animation-cards/rc31-kanto-026-050/dex-036__form-00__gender-none__palette-normal__admission.json	verified-render
36	clefable	base	none	shiny	assets/pokemon-animation-cards/rc31-kanto-026-050/dex-036__form-00__gender-none__palette-shiny__idle-8x4.png	assets/pokemon-animation-cards/rc31-kanto-026-050/dex-036__form-00__gender-none__palette-shiny__walk-8x4.png	assets/pokemon-animation-cards/rc31-kanto-026-050/dex-036__form-00__gender-none__palette-shiny__runtime.png	rc31-original-trs-v1:pm0036_00:00:none:shiny	8	1.3333333730697632	8	0.8333333730697632	256	256	17	36	239	216	128	209.3655209186812	170	15	16	67a795d264891533229eacd83d854d39009079b583810d321c7c323b72588020	0012688897512b527ae13dc0935c5357bcae1eaecdbce2c1ed7a95500315ae33	41dc3730483c2df3aa2e73ebe0443b9a7b28c97008a5067655d518488b509cef	assets/pokemon-animation-cards/rc31-kanto-026-050/dex-036__form-00__gender-none__palette-shiny__admission.json	verified-render
37	vulpix	base	none	normal	assets/pokemon-animation-cards/rc31-kanto-026-050/dex-037__form-00__gender-none__palette-normal__idle-8x4.png	assets/pokemon-animation-cards/rc31-kanto-026-050/dex-037__form-00__gender-none__palette-normal__walk-8x4.png	assets/pokemon-animation-cards/rc31-kanto-026-050/dex-037__form-00__gender-none__palette-normal__runtime.png	rc31-original-trs-body-v2:pm0037_00:00:none:normal	8	1.3333333730697632	8	0.8000000715255737	256	256	17	46	239	208	128	197.34151626559105	138.69591753275796	15	14	14ae5952fbfb714317d728508e3ec4f814b967da71601389ea7c74c9163df43e	906e0f021e517b55c6537070985928dbc994adb253dd02ca5d6af67bbe7ce6d2	14fd06c4d8c4f74f4dcd01872797461116518b6a4d76f51a63c02e4233b6f389	assets/pokemon-animation-cards/rc31-kanto-026-050/dex-037__form-00__gender-none__palette-normal__body-v2-admission.json	verified-render
37	vulpix	base	none	shiny	assets/pokemon-animation-cards/rc31-kanto-026-050/dex-037__form-00__gender-none__palette-shiny__idle-8x4.png	assets/pokemon-animation-cards/rc31-kanto-026-050/dex-037__form-00__gender-none__palette-shiny__walk-8x4.png	assets/pokemon-animation-cards/rc31-kanto-026-050/dex-037__form-00__gender-none__palette-shiny__runtime.png	rc31-original-trs-body-v2:pm0037_00:00:none:shiny	8	1.3333333730697632	8	0.8000000715255737	256	256	17	46	239	208	128	197.34151626559105	138.69591753275796	15	14	8e4fa326b15f8db75a3c1ce4055ea17e912d2e8c7caa18203be88ffa2dbcae41	3ce45ede9fe8b3732ff6f8e1f51c750ff7fa78142055ba285de263e5c3ed5bda	4e653dcb68bd0c7422dfd14656503eab4b35693a98ac50af8ad9b24e75cfa7d1	assets/pokemon-animation-cards/rc31-kanto-026-050/dex-037__form-00__gender-none__palette-shiny__body-v2-admission.json	verified-render
38	ninetales	base	none	normal	assets/pokemon-animation-cards/rc31-kanto-026-050/dex-038__form-00__gender-none__palette-normal__idle-8x4.png	assets/pokemon-animation-cards/rc31-kanto-026-050/dex-038__form-00__gender-none__palette-normal__walk-8x4.png	assets/pokemon-animation-cards/rc31-kanto-026-050/dex-038__form-00__gender-none__palette-normal__runtime.png	rc31-original-trs-body-v2:pm0038_00:00:none:normal	8	2	8	1	256	256	17	54	239	204	128	190.6861572412532	122.93039839126374	15	14	cb97b1229fe9d152b2e1168f6adda6e37498eccbaf6d6af1a20c3b9affb3fec7	483b672cbeaf8e405af5e7132af10a37a0ad6f731d8f93dd478c803b1210e1b9	e2d499fa7c25274f9e55562b282876260fb2e1eb4eae0372e1cbcde7babb9e79	assets/pokemon-animation-cards/rc31-kanto-026-050/dex-038__form-00__gender-none__palette-normal__body-v2-admission.json	verified-render
38	ninetales	base	none	shiny	assets/pokemon-animation-cards/rc31-kanto-026-050/dex-038__form-00__gender-none__palette-shiny__idle-8x4.png	assets/pokemon-animation-cards/rc31-kanto-026-050/dex-038__form-00__gender-none__palette-shiny__walk-8x4.png	assets/pokemon-animation-cards/rc31-kanto-026-050/dex-038__form-00__gender-none__palette-shiny__runtime.png	rc31-original-trs-body-v2:pm0038_00:00:none:shiny	8	2	8	1	256	256	17	54	239	204	128	190.6861572412532	122.93039839126374	15	14	1076ca0a86d44fb3d7efdad64db2353752123b2b26ef52528dc103b657833765	0ed337bf69a17b05e2de132074b51ca07051080c2ecdada0c2161fbf25db6481	f667a0e366b2881ac582a187dbc3de0eecfa5e2964f9c17a8ee7c025aa505346	assets/pokemon-animation-cards/rc31-kanto-026-050/dex-038__form-00__gender-none__palette-shiny__body-v2-admission.json	verified-render
44	gloom	base	none	normal	assets/pokemon-animation-cards/rc31-kanto-026-050/dex-044__form-00__gender-none__palette-normal__idle-8x4.png	assets/pokemon-animation-cards/rc31-kanto-026-050/dex-044__form-00__gender-none__palette-normal__walk-8x4.png	assets/pokemon-animation-cards/rc31-kanto-026-050/dex-044__form-00__gender-none__palette-normal__runtime.png	rc31-original-trs-v1:pm0044_00:00:none:normal	8	1.2666667699813843	8	1.3333333730697632	256	256	17	23	239	229	128	218.83549723902274	186	15	16	d6863ac93b26e41d0f1e357cbeb23ddd566f4014ec880c1a8607979005785432	4ec5b23110d8ad7cfdb19b905c8e72b0e96b838ffc2e7a597cb7fba5702b676a	56d4428102de9c0df89a7e69f54bc9ef79984d00358fc48909369d9af6dc5360	assets/pokemon-animation-cards/rc31-kanto-026-050/dex-044__form-00__gender-none__palette-normal__admission.json	verified-render
44	gloom	base	none	shiny	assets/pokemon-animation-cards/rc31-kanto-026-050/dex-044__form-00__gender-none__palette-shiny__idle-8x4.png	assets/pokemon-animation-cards/rc31-kanto-026-050/dex-044__form-00__gender-none__palette-shiny__walk-8x4.png	assets/pokemon-animation-cards/rc31-kanto-026-050/dex-044__form-00__gender-none__palette-shiny__runtime.png	rc31-original-trs-v1:pm0044_00:00:none:shiny	8	1.2666667699813843	8	1.3333333730697632	256	256	17	23	239	229	128	218.83549723902274	186	15	16	53f2af5dd7cce890733358791ef564c5cd02e7abeedc2637c22592fe25837520	fe6571c85f84c65b3d0cc333848f562c4647dbd6263fddf560397784d98d3bf6	94736371b00c5b9a78efa1f1327de6068b574cc591b3b29062c29a8e0d2da8b0	assets/pokemon-animation-cards/rc31-kanto-026-050/dex-044__form-00__gender-none__palette-shiny__admission.json	verified-render
45	vileplume	base	none	normal	assets/pokemon-animation-cards/rc31-kanto-026-050/dex-045__form-00__gender-none__palette-normal__idle-8x4.png	assets/pokemon-animation-cards/rc31-kanto-026-050/dex-045__form-00__gender-none__palette-normal__walk-8x4.png	assets/pokemon-animation-cards/rc31-kanto-026-050/dex-045__form-00__gender-none__palette-normal__runtime.png	rc31-original-trs-v1:pm0045_00:00:none:normal	8	0.9666666984558105	8	1	256	256	17	53	239	201	128	193.2973181802172	133	15	9	6a9c24c5aa537082c465e6a98ff7877fc2d7a7e80cb2802a3d6f2a6ea694fcbb	045c4a36426c04e92eefb231f3e7aee0386ee40765a44737bc1c9e67a37b7bf3	25af51886c7a812179df9e1b54a5c5261de1fbeb4d144b16598972223abe5a76	assets/pokemon-animation-cards/rc31-kanto-026-050/dex-045__form-00__gender-none__palette-normal__admission.json	verified-render
45	vileplume	base	none	shiny	assets/pokemon-animation-cards/rc31-kanto-026-050/dex-045__form-00__gender-none__palette-shiny__idle-8x4.png	assets/pokemon-animation-cards/rc31-kanto-026-050/dex-045__form-00__gender-none__palette-shiny__walk-8x4.png	assets/pokemon-animation-cards/rc31-kanto-026-050/dex-045__form-00__gender-none__palette-shiny__runtime.png	rc31-original-trs-v1:pm0045_00:00:none:shiny	8	0.9666666984558105	8	1	256	256	17	53	239	201	128	193.2973181802172	133	15	9	5b5555777c6213a1c260dcc7543a31d5a533c1f3e528887153d46efe2b969ef8	ec1b45bcd7a7535ca6e863a6d6fcad4913ac79d4d8fef93510dade26cc8ee431	2d8d43842e96c4ddab2ae14ed4036f08e89cecca64d7648ef8f17d69054820f4	assets/pokemon-animation-cards/rc31-kanto-026-050/dex-045__form-00__gender-none__palette-shiny__admission.json	verified-render
46	paras	base	none	normal	assets/pokemon-animation-cards/rc31-kanto-026-050/dex-046__form-00__gender-none__palette-normal__idle-8x4.png	assets/pokemon-animation-cards/rc31-kanto-026-050/dex-046__form-00__gender-none__palette-normal__walk-8x4.png	assets/pokemon-animation-cards/rc31-kanto-026-050/dex-046__form-00__gender-none__palette-normal__runtime.png	rc31-original-trs-v1:pm0046_00:00:none:normal	8	1.3333333730697632	8	0.8333333730697632	256	256	17	55	239	206	128	188.62365112487225	142	15	12	ffc740df099b22749113f723dd64babb81bb4bcf468bb391981ccbb955e663c0	2ad2ca2459a74de0b2af19fedfd52119bd4ef2c48e57261ec686ca73f6c27666	614f45a5d2d499573bff879fd17b5872a5b2fc28908b414cc3a5594f7ae2080c	assets/pokemon-animation-cards/rc31-kanto-026-050/dex-046__form-00__gender-none__palette-normal__admission.json	verified-render
46	paras	base	none	shiny	assets/pokemon-animation-cards/rc31-kanto-026-050/dex-046__form-00__gender-none__palette-shiny__idle-8x4.png	assets/pokemon-animation-cards/rc31-kanto-026-050/dex-046__form-00__gender-none__palette-shiny__walk-8x4.png	assets/pokemon-animation-cards/rc31-kanto-026-050/dex-046__form-00__gender-none__palette-shiny__runtime.png	rc31-original-trs-v1:pm0046_00:00:none:shiny	8	1.3333333730697632	8	0.8333333730697632	256	256	17	55	239	206	128	188.62365112487225	142	15	12	a3645eedf47235711d7d64e3e269d0f09065f68e9dd1438c2913143677b4f197	0a8230579aba31d768bb3e5729f77af4ebf853e7fdc373ad7e041a791c9b7a80	cc9c040f3ba50981b9ac7937bc43f4dad1e69dfe08e1c752a5f0df55a096cb6b	assets/pokemon-animation-cards/rc31-kanto-026-050/dex-046__form-00__gender-none__palette-shiny__admission.json	verified-render
47	parasect	base	none	normal	assets/pokemon-animation-cards/rc31-kanto-026-050/dex-047__form-00__gender-none__palette-normal__idle-8x4.png	assets/pokemon-animation-cards/rc31-kanto-026-050/dex-047__form-00__gender-none__palette-normal__walk-8x4.png	assets/pokemon-animation-cards/rc31-kanto-026-050/dex-047__form-00__gender-none__palette-normal__runtime.png	rc31-original-trs-v1:pm0047_00:00:none:normal	8	2	8	1	256	256	17	58	239	207	128	191.50804298175422	139	15	13	26c62e8213f040e500bcee2f9b85f1304cbcb4b6b781f7c34e793d0ac07b3a35	42d41b93d2023230ea1d8598f547c2cb1d815861871c6a82450b924e78edf835	9f9d4945d73e224325b93f4ec7ff40fc38f5196a6c4b0a881b6955dea0e5a684	assets/pokemon-animation-cards/rc31-kanto-026-050/dex-047__form-00__gender-none__palette-normal__admission.json	verified-render
47	parasect	base	none	shiny	assets/pokemon-animation-cards/rc31-kanto-026-050/dex-047__form-00__gender-none__palette-shiny__idle-8x4.png	assets/pokemon-animation-cards/rc31-kanto-026-050/dex-047__form-00__gender-none__palette-shiny__walk-8x4.png	assets/pokemon-animation-cards/rc31-kanto-026-050/dex-047__form-00__gender-none__palette-shiny__runtime.png	rc31-original-trs-v1:pm0047_00:00:none:shiny	8	2	8	1	256	256	17	58	239	207	128	191.50804298175422	139	15	13	6e753a764e6a47896710f5c0ba48b9824ee2a4bb3281cc4e1a4d5e3fa7fd7e64	82ed7dfba3a7314890b970844a81da3fbbf2e74e305f41cc66c0ef1f1187f5a0	f18e0c376993e51400bdcda2f970b16e082ebf923fb09be73525d0389cd619a9	assets/pokemon-animation-cards/rc31-kanto-026-050/dex-047__form-00__gender-none__palette-shiny__admission.json	verified-render
48	venonat	base	none	normal	assets/pokemon-animation-cards/rc31-kanto-026-050/dex-048__form-00__gender-none__palette-normal__idle-8x4.png	assets/pokemon-animation-cards/rc31-kanto-026-050/dex-048__form-00__gender-none__palette-normal__walk-8x4.png	assets/pokemon-animation-cards/rc31-kanto-026-050/dex-048__form-00__gender-none__palette-normal__runtime.png	rc31-original-trs-v1:pm0048_00:00:none:normal	8	2	8	1	256	256	29	27	227	233	128	223.16639667724766	172	12	16	5947fd17532a16940afa35cbb840cbbb1a0c9adea0e08c161c101e93019ec740	ff136268272bed9f32d7e94609daea46cd6165cdd4bb3fa7555439ca767a85e4	2648d11d368bae794bbc3628a1aa6e642c1494b701ad5b27992c8dc13303231f	assets/pokemon-animation-cards/rc31-kanto-026-050/dex-048__form-00__gender-none__palette-normal__admission.json	verified-render
48	venonat	base	none	shiny	assets/pokemon-animation-cards/rc31-kanto-026-050/dex-048__form-00__gender-none__palette-shiny__idle-8x4.png	assets/pokemon-animation-cards/rc31-kanto-026-050/dex-048__form-00__gender-none__palette-shiny__walk-8x4.png	assets/pokemon-animation-cards/rc31-kanto-026-050/dex-048__form-00__gender-none__palette-shiny__runtime.png	rc31-original-trs-v1:pm0048_00:00:none:shiny	8	2	8	1	256	256	29	27	227	233	128	223.16639667724766	172	12	16	168573b27085f63e595d04e035ae21b55b8bb87d3e87b00b9ea4a671ab74171e	3d90cee4b9daf0e393db6b04e21d1034fab559d72f93df602affddc70a686d82	5bfe46d91483407f6cb32a540772fb367b3c0d6fe92555114afc8a2ec3141217	assets/pokemon-animation-cards/rc31-kanto-026-050/dex-048__form-00__gender-none__palette-shiny__admission.json	verified-render
101	electrode	base	none	normal	assets/pokemon-animation-cards/rc31-kanto-101-151-source-audited-v4/dex-101__form-00__gender-none__palette-normal__idle-8x4.png	assets/pokemon-animation-cards/rc31-kanto-101-151-source-audited-v4/dex-101__form-00__gender-none__palette-normal__walk-8x4.png	assets/pokemon-animation-cards/rc31-kanto-101-151-source-audited-v4/dex-101__form-00__gender-none__palette-normal__runtime.png	rc31-original-trs-v1:pm0101_00:00:none:normal	8	3.000000238418579	8	1.3333333730697632	256	256	17	39	239	216	128	208.87804270760202	170	15	15	e9805a48b84cb265b09f79d94c4f2d5add12cd64ed6e30295f770d1515df928a	7badd2cdd83554ccedc7ce44e9b81c60beb1cdbcf803682cdc044c3026a7ac39	d42612e1f288e6f94f6e8d1a6d693dd8c77baa5fd1b78e2a914c76692144c528	assets/pokemon-animation-cards/rc31-kanto-101-151-source-audited-v4/dex-101__form-00__gender-none__palette-normal__admission.json	verified-render
101	electrode	base	none	shiny	assets/pokemon-animation-cards/rc31-kanto-101-151-source-audited-v4/dex-101__form-00__gender-none__palette-shiny__idle-8x4.png	assets/pokemon-animation-cards/rc31-kanto-101-151-source-audited-v4/dex-101__form-00__gender-none__palette-shiny__walk-8x4.png	assets/pokemon-animation-cards/rc31-kanto-101-151-source-audited-v4/dex-101__form-00__gender-none__palette-shiny__runtime.png	rc31-original-trs-v1:pm0101_00:00:none:shiny	8	3.000000238418579	8	1.3333333730697632	256	256	17	39	239	216	128	208.87804270760202	170	15	15	4c63d6e19316a1e8622ab61f53eaaa608f54905d9efd27aee96b4913899d459e	acc2a1248c9305657339d2b2e02bbe982f4f453d56d9c07e6aa128e7bb0ea94a	fccc3248a8a9001361eafe3478ed8bb08945bbf9e71940070c2f528016e25703	assets/pokemon-animation-cards/rc31-kanto-101-151-source-audited-v4/dex-101__form-00__gender-none__palette-shiny__admission.json	verified-render
104	cubone	base	none	normal	assets/pokemon-animation-cards/rc31-kanto-101-151-source-audited-v4/dex-104__form-00__gender-none__palette-normal__idle-8x4.png	assets/pokemon-animation-cards/rc31-kanto-101-151-source-audited-v4/dex-104__form-00__gender-none__palette-normal__walk-8x4.png	assets/pokemon-animation-cards/rc31-kanto-101-151-source-audited-v4/dex-104__form-00__gender-none__palette-normal__runtime.png	rc31-original-trs-v1:pm0104_00:00:none:normal	8	1.6000001430511475	8	1	256	256	19	23	237	232	128	222.3939380615925	207	14	16	60d82ddd8d9f21f83059dc78147d1401b998d283c61657b21f83e9f23660f2f8	fddc129e41f0d0f47f9944764aa475ffb5e665babc6297df3febe0c716e359e7	542d40e995ecd4f74e97176466432f410cb52fbfa7c54f053d90444b9bbaf766	assets/pokemon-animation-cards/rc31-kanto-101-151-source-audited-v4/dex-104__form-00__gender-none__palette-normal__admission.json	verified-render
104	cubone	base	none	shiny	assets/pokemon-animation-cards/rc31-kanto-101-151-source-audited-v4/dex-104__form-00__gender-none__palette-shiny__idle-8x4.png	assets/pokemon-animation-cards/rc31-kanto-101-151-source-audited-v4/dex-104__form-00__gender-none__palette-shiny__walk-8x4.png	assets/pokemon-animation-cards/rc31-kanto-101-151-source-audited-v4/dex-104__form-00__gender-none__palette-shiny__runtime.png	rc31-original-trs-v1:pm0104_00:00:none:shiny	8	1.6000001430511475	8	1	256	256	19	23	237	232	128	222.3939380615925	207	14	16	f7f6902cc592108b864bced64c1fced55230347c36f386bfde3bce12181c6de3	216e0eb17f87d8cc3e35d8b2f5f5d3014f29a57f134f41ba538e926f186fca95	09594526040c5cbc361250df87dd19bca34bc2dd69754888290f3f3304183699	assets/pokemon-animation-cards/rc31-kanto-101-151-source-audited-v4/dex-104__form-00__gender-none__palette-shiny__admission.json	verified-render
105	marowak	base	none	normal	assets/pokemon-animation-cards/rc31-kanto-101-151-source-audited-v4/dex-105__form-00__gender-none__palette-normal__idle-8x4.png	assets/pokemon-animation-cards/rc31-kanto-101-151-source-audited-v4/dex-105__form-00__gender-none__palette-normal__walk-8x4.png	assets/pokemon-animation-cards/rc31-kanto-101-151-source-audited-v4/dex-105__form-00__gender-none__palette-normal__runtime.png	rc31-original-trs-v1:pm0105_00:00:none:normal	8	1.4000000953674316	8	1	256	256	28	25	228	234	128	224.01324879961803	208	14	16	cd9d39fdf6030eb96fd879be48396980c926eb3686e4a807bfb006e670849415	8004bd678ff90a9acbbe4abaac73b2d938870da7bc9a2e4dc9d3f081049fdf84	7536c7ab60b2a0535cc9faa9e20019d733d2521987dc39fe746973596d8fc2f2	assets/pokemon-animation-cards/rc31-kanto-101-151-source-audited-v4/dex-105__form-00__gender-none__palette-normal__admission.json	verified-render
105	marowak	base	none	shiny	assets/pokemon-animation-cards/rc31-kanto-101-151-source-audited-v4/dex-105__form-00__gender-none__palette-shiny__idle-8x4.png	assets/pokemon-animation-cards/rc31-kanto-101-151-source-audited-v4/dex-105__form-00__gender-none__palette-shiny__walk-8x4.png	assets/pokemon-animation-cards/rc31-kanto-101-151-source-audited-v4/dex-105__form-00__gender-none__palette-shiny__runtime.png	rc31-original-trs-v1:pm0105_00:00:none:shiny	8	1.4000000953674316	8	1	256	256	28	25	228	234	128	224.01324879961803	208	14	16	9b6efa0060f2ee17eb7c5ba20ff05d3dda51daeec4f6f76442199f13a4eeb84f	dccab15f748b2ed4a0bdb444cf798d29c741bdf8a4ca451bb8bf2ddb9e5d3e99	f0ee9d94d621c4b87701b32f4289c052bc7354cd3b03e781464e37a0b1a228dc	assets/pokemon-animation-cards/rc31-kanto-101-151-source-audited-v4/dex-105__form-00__gender-none__palette-shiny__admission.json	verified-render
107	hitmonchan	base	none	normal	assets/pokemon-animation-cards/rc31-kanto-101-151-source-audited-v4/dex-107__form-00__gender-none__palette-normal__idle-8x4.png	assets/pokemon-animation-cards/rc31-kanto-101-151-source-audited-v4/dex-107__form-00__gender-none__palette-normal__walk-8x4.png	assets/pokemon-animation-cards/rc31-kanto-101-151-source-audited-v4/dex-107__form-00__gender-none__palette-normal__runtime.png	rc31-original-trs-v1:pm0107_00:00:none:normal	8	0.6666666865348816	8	1	256	256	37	24	219	234	128	222.55456649116232	189	11	16	0d3abdb90603f26f00ec0e37e2b0a8f4fe6a944dcc9e0a08330fb1b3553a3c14	33a431cb3b697da5772cd9f23158daaeda975223e7c5fd698a5b904d9cf10fb7	e209c0407d5a7cfa0b8e17e6f6871f0c361ab947edaae2af729130ae6b2323e3	assets/pokemon-animation-cards/rc31-kanto-101-151-source-audited-v4/dex-107__form-00__gender-none__palette-normal__admission.json	verified-render
107	hitmonchan	base	none	shiny	assets/pokemon-animation-cards/rc31-kanto-101-151-source-audited-v4/dex-107__form-00__gender-none__palette-shiny__idle-8x4.png	assets/pokemon-animation-cards/rc31-kanto-101-151-source-audited-v4/dex-107__form-00__gender-none__palette-shiny__walk-8x4.png	assets/pokemon-animation-cards/rc31-kanto-101-151-source-audited-v4/dex-107__form-00__gender-none__palette-shiny__runtime.png	rc31-original-trs-v1:pm0107_00:00:none:shiny	8	0.6666666865348816	8	1	256	256	37	24	219	234	128	222.55456649116232	189	11	16	fb2369e97da807b3539c5b143eee7788c7e798ad68cb758467cdf686e57b339d	43340d1f69f4f3ab56a08dd014d474af971e843b5371c91bdc1301eeca76cead	eed2020ba6a97a4af17b8f22963818801a24931c400193e6987990e1a9f46a80	assets/pokemon-animation-cards/rc31-kanto-101-151-source-audited-v4/dex-107__form-00__gender-none__palette-shiny__admission.json	verified-render
108	lickitung	base	none	normal	assets/pokemon-animation-cards/rc31-kanto-101-151-source-audited-v4/dex-108__form-00__gender-none__palette-normal__idle-8x4.png	assets/pokemon-animation-cards/rc31-kanto-101-151-source-audited-v4/dex-108__form-00__gender-none__palette-normal__walk-8x4.png	assets/pokemon-animation-cards/rc31-kanto-101-151-source-audited-v4/dex-108__form-00__gender-none__palette-normal__runtime.png	rc31-original-trs-v1:pm0108_00:00:none:normal	8	0.8000000715255737	8	1.3333333730697632	256	256	17	73	239	185	128	177.49417897216154	109	15	15	dac10a399d2e51319e3632b213671e0eb2e07551347c7e09c9358e537652adbc	a8cc086ab4a2f5162eda3c99859b1987e1c4ac23c79d6a03aa2e083e4151a5f1	5842af5e521793ee01286603092164218ffed63a065f750ad38bf21593165441	assets/pokemon-animation-cards/rc31-kanto-101-151-source-audited-v4/dex-108__form-00__gender-none__palette-normal__admission.json	verified-render
108	lickitung	base	none	shiny	assets/pokemon-animation-cards/rc31-kanto-101-151-source-audited-v4/dex-108__form-00__gender-none__palette-shiny__idle-8x4.png	assets/pokemon-animation-cards/rc31-kanto-101-151-source-audited-v4/dex-108__form-00__gender-none__palette-shiny__walk-8x4.png	assets/pokemon-animation-cards/rc31-kanto-101-151-source-audited-v4/dex-108__form-00__gender-none__palette-shiny__runtime.png	rc31-original-trs-v1:pm0108_00:00:none:shiny	8	0.8000000715255737	8	1.3333333730697632	256	256	17	73	239	185	128	177.49417897216154	109	15	15	a43858e00eafb63ca840df03afb55554e5ab034797ae1bdc5cdde8f17d53d3af	2ad3178702e15f81430ba0b4a9158bcf4a62142dc4717a2a6d86278b9202d95d	15be88dc2c510fcfd3bc796ad4e1ee23753561f896ac3271111eda7799d393f2	assets/pokemon-animation-cards/rc31-kanto-101-151-source-audited-v4/dex-108__form-00__gender-none__palette-shiny__admission.json	verified-render
113	chansey	base	none	normal	assets/pokemon-animation-cards/rc31-kanto-101-151-source-audited-v4/dex-113__form-00__gender-none__palette-normal__idle-8x4.png	assets/pokemon-animation-cards/rc31-kanto-101-151-source-audited-v4/dex-113__form-00__gender-none__palette-normal__walk-8x4.png	assets/pokemon-animation-cards/rc31-kanto-101-151-source-audited-v4/dex-113__form-00__gender-none__palette-normal__runtime.png	rc31-original-trs-v1:pm0113_00:00:none:normal	8	1.7333334684371948	8	1.3333333730697632	256	256	17	44	239	215	128	205.21961090459305	162	15	12	e71a88c148d76a22e91573c8a660b6e8abfa8428291833208c8d41d97a97da71	6487ff45cc29b2ec4590b8a24dcea244a23df029c0a263e88a24da69dea65c8f	7f3b2de25aca41b1dbbe5b36b1ea17c92551fa934c7ea1aaa949ff6ef12331fe	assets/pokemon-animation-cards/rc31-kanto-101-151-source-audited-v4/dex-113__form-00__gender-none__palette-normal__admission.json	verified-render
113	chansey	base	none	shiny	assets/pokemon-animation-cards/rc31-kanto-101-151-source-audited-v4/dex-113__form-00__gender-none__palette-shiny__idle-8x4.png	assets/pokemon-animation-cards/rc31-kanto-101-151-source-audited-v4/dex-113__form-00__gender-none__palette-shiny__walk-8x4.png	assets/pokemon-animation-cards/rc31-kanto-101-151-source-audited-v4/dex-113__form-00__gender-none__palette-shiny__runtime.png	rc31-original-trs-v1:pm0113_00:00:none:shiny	8	1.7333334684371948	8	1.3333333730697632	256	256	17	44	239	215	128	205.21961090459305	162	15	12	976c05fb2dc038849edd62d42fda7794f021ea79c77cc00bf70b64a5f9db8354	fda3f7480144bf0b1bdb48f64992da569cf77b56b04ab25fb06f40a2b509f51f	92cabe6529db3be63bb56a75254112f40586e678af04004754c65175eabcb27b	assets/pokemon-animation-cards/rc31-kanto-101-151-source-audited-v4/dex-113__form-00__gender-none__palette-shiny__admission.json	verified-render
115	kangaskhan	base	none	normal	assets/pokemon-animation-cards/rc31-kanto-101-151-source-audited-v4/dex-115__form-00__gender-none__palette-normal__idle-8x4.png	assets/pokemon-animation-cards/rc31-kanto-101-151-source-audited-v4/dex-115__form-00__gender-none__palette-normal__walk-8x4.png	assets/pokemon-animation-cards/rc31-kanto-101-151-source-audited-v4/dex-115__form-00__gender-none__palette-normal__runtime.png	rc31-original-trs-v1:pm0115_00:00:none:normal	8	2.3333334922790527	8	1.6000001430511475	256	256	17	65	239	195	128	186.71957703012336	126	15	15	e66f6cb9450b0226c8a96a753b654fc9c22190f03c5a86c653adb201152895e6	9f9eaf4356983c67841f2af367dcf1af479282ad0648cd162ba938b025ca8605	171027f062832cffd64ad15cbcd1e39f5c01ad579438aaf3373cd43412e744cd	assets/pokemon-animation-cards/rc31-kanto-101-151-source-audited-v4/dex-115__form-00__gender-none__palette-normal__admission.json	verified-render
115	kangaskhan	base	none	shiny	assets/pokemon-animation-cards/rc31-kanto-101-151-source-audited-v4/dex-115__form-00__gender-none__palette-shiny__idle-8x4.png	assets/pokemon-animation-cards/rc31-kanto-101-151-source-audited-v4/dex-115__form-00__gender-none__palette-shiny__walk-8x4.png	assets/pokemon-animation-cards/rc31-kanto-101-151-source-audited-v4/dex-115__form-00__gender-none__palette-shiny__runtime.png	rc31-original-trs-v1:pm0115_00:00:none:shiny	8	2.3333334922790527	8	1.6000001430511475	256	256	17	65	239	195	128	186.71957703012336	126	15	15	82fca870090af6f21583477a65c1ae537cd6689b1af877f3170564cf301d7012	afcdef42fa8f692c08ae5ec60652cdedae28a88516ca8d533544882839cb948a	13aad77486a6b1190629f78630289a11c63161ebac8256a7d5952b80d465948b	assets/pokemon-animation-cards/rc31-kanto-101-151-source-audited-v4/dex-115__form-00__gender-none__palette-shiny__admission.json	verified-render
116	horsea	base	none	normal	assets/pokemon-animation-cards/rc31-kanto-101-151-source-audited-v4/dex-116__form-00__gender-none__palette-normal__idle-8x4.png	assets/pokemon-animation-cards/rc31-kanto-101-151-source-audited-v4/dex-116__form-00__gender-none__palette-normal__walk-8x4.png	assets/pokemon-animation-cards/rc31-kanto-101-151-source-audited-v4/dex-116__form-00__gender-none__palette-normal__runtime.png	rc31-original-trs-v1:pm0116_00:00:none:normal	8	2	8	1	256	256	55	21	201	233	128	254.61440404305395	87	15	16	471a6759ab79e3290dee97a2beb026efa942fed0d566ba702b83d7e39de4d395	4fc2d6da8c5b7fff914788f9ffaba210a17c1be54a7a76b208c8b0b1dd09898c	093aefc680b045f3887cae88e24d81b5bcef5333d1a75239933c1808521679da	assets/pokemon-animation-cards/rc31-kanto-101-151-source-audited-v4/dex-116__form-00__gender-none__palette-normal__admission.json	verified-render
116	horsea	base	none	shiny	assets/pokemon-animation-cards/rc31-kanto-101-151-source-audited-v4/dex-116__form-00__gender-none__palette-shiny__idle-8x4.png	assets/pokemon-animation-cards/rc31-kanto-101-151-source-audited-v4/dex-116__form-00__gender-none__palette-shiny__walk-8x4.png	assets/pokemon-animation-cards/rc31-kanto-101-151-source-audited-v4/dex-116__form-00__gender-none__palette-shiny__runtime.png	rc31-original-trs-v1:pm0116_00:00:none:shiny	8	2	8	1	256	256	55	21	201	233	128	254.61440404305395	87	15	16	57a18e9086ddde03c0e56faf372b52af839b72502d85b740c4410bbd6d5e43d1	4644fb93adc8009f03ac216d21b6e0367975823f849c167508e11b3b0be35817	1059d7d8afafb02b0b2b75ee78a520e5781bb784ad20296da98e3c78d95ce4bd	assets/pokemon-animation-cards/rc31-kanto-101-151-source-audited-v4/dex-116__form-00__gender-none__palette-shiny__admission.json	verified-render
117	seadra	base	none	normal	assets/pokemon-animation-cards/rc31-kanto-101-151-source-audited-v4/dex-117__form-00__gender-none__palette-normal__idle-8x4.png	assets/pokemon-animation-cards/rc31-kanto-101-151-source-audited-v4/dex-117__form-00__gender-none__palette-normal__walk-8x4.png	assets/pokemon-animation-cards/rc31-kanto-101-151-source-audited-v4/dex-117__form-00__gender-none__palette-normal__runtime.png	rc31-original-trs-v1:pm0117_00:00:none:normal	8	2	8	1.3333333730697632	256	256	45	25	211	232	128	236.67568977530837	149	15	16	39733f3db0082c1c4f38fc39219001f676ce66d86e8ed1af0a1f09d53fc3c656	be5eb0c64e31f1de057d653ae763ba1aed0e67f731154d331ec953f590efacbb	bf7496cf40baf039404b8f5b23cfdf30cd8308df4027f0a355227f7dc6c3e8c5	assets/pokemon-animation-cards/rc31-kanto-101-151-source-audited-v4/dex-117__form-00__gender-none__palette-normal__admission.json	verified-render
117	seadra	base	none	shiny	assets/pokemon-animation-cards/rc31-kanto-101-151-source-audited-v4/dex-117__form-00__gender-none__palette-shiny__idle-8x4.png	assets/pokemon-animation-cards/rc31-kanto-101-151-source-audited-v4/dex-117__form-00__gender-none__palette-shiny__walk-8x4.png	assets/pokemon-animation-cards/rc31-kanto-101-151-source-audited-v4/dex-117__form-00__gender-none__palette-shiny__runtime.png	rc31-original-trs-v1:pm0117_00:00:none:shiny	8	2	8	1.3333333730697632	256	256	45	25	211	232	128	236.67568977530837	149	15	16	8c105057d7878e48d7998c922db6c0b0432e558063c837eb6e2602d779d7eff4	5a6f71e08ee0f43a204101cea63dc5b7e43ef7bf0d0307d5fb1035e487a7fb51	ea195d1cf3e22776bc3933e30686c1f38dd91f9cdf8d9b20a62b40c1f612f992	assets/pokemon-animation-cards/rc31-kanto-101-151-source-audited-v4/dex-117__form-00__gender-none__palette-shiny__admission.json	verified-render
118	goldeen	base	none	normal	assets/pokemon-animation-cards/rc31-kanto-101-151-source-audited-v4/dex-118__form-00__gender-none__palette-normal__idle-8x4.png	assets/pokemon-animation-cards/rc31-kanto-101-151-source-audited-v4/dex-118__form-00__gender-none__palette-normal__walk-8x4.png	assets/pokemon-animation-cards/rc31-kanto-101-151-source-audited-v4/dex-118__form-00__gender-none__palette-normal__runtime.png	rc31-original-trs-v1:pm0118_00:00:none:normal	8	2.3000001907348633	8	1.1666667461395264	256	256	22	20	234	233	128	267.3401433752058	68	15	7	fcb1e689cd03be74aef6ef3a63e39726f01036b9369ae49ad21257f410093a22	207dce8e9c29c946ea77c5065886a267ba94bd09d9cf8a4e617be537aab03bf9	e8138f5e67f7b318c555ce5f4e941d0f231b86e2044e33690ad98392326fb548	assets/pokemon-animation-cards/rc31-kanto-101-151-source-audited-v4/dex-118__form-00__gender-none__palette-normal__admission.json	verified-render
118	goldeen	base	none	shiny	assets/pokemon-animation-cards/rc31-kanto-101-151-source-audited-v4/dex-118__form-00__gender-none__palette-shiny__idle-8x4.png	assets/pokemon-animation-cards/rc31-kanto-101-151-source-audited-v4/dex-118__form-00__gender-none__palette-shiny__walk-8x4.png	assets/pokemon-animation-cards/rc31-kanto-101-151-source-audited-v4/dex-118__form-00__gender-none__palette-shiny__runtime.png	rc31-original-trs-v1:pm0118_00:00:none:shiny	8	2.3000001907348633	8	1.1666667461395264	256	256	22	20	234	233	128	267.3401433752058	68	15	7	45534dcfc913b2b5f85847398f173461991325373c718b00648357f3445c53de	d493c13c4cc43f12d5506e6b3d9e15e59cccaa9470cfc0368a261c96023b08b2	0d86dfcdde769f41f278a7478138441f33c321b73f061c814f5caead9b8238a4	assets/pokemon-animation-cards/rc31-kanto-101-151-source-audited-v4/dex-118__form-00__gender-none__palette-shiny__admission.json	verified-render
119	seaking	base	none	normal	assets/pokemon-animation-cards/rc31-kanto-101-151-source-audited-v4/dex-119__form-00__gender-none__palette-normal__idle-8x4.png	assets/pokemon-animation-cards/rc31-kanto-101-151-source-audited-v4/dex-119__form-00__gender-none__palette-normal__walk-8x4.png	assets/pokemon-animation-cards/rc31-kanto-101-151-source-audited-v4/dex-119__form-00__gender-none__palette-normal__runtime.png	rc31-original-trs-v1:pm0119_00:00:none:normal	8	2	8	1.3333333730697632	256	256	17	65	239	195	128	207.53082113703394	97	15	16	0a6d0eb8488b7d9322b4c4fa07f0977df4e55563060aadb3a7f80c27dbad7d8c	f080bea4a9cbc39d08c363b0e90ffab3473b982e897f2aff28b09fa103fad94d	a0047ecde68198292c24d0cc062a3a9268199151301ecf01502d59a45fc0b87f	assets/pokemon-animation-cards/rc31-kanto-101-151-source-audited-v4/dex-119__form-00__gender-none__palette-normal__admission.json	verified-render
119	seaking	base	none	shiny	assets/pokemon-animation-cards/rc31-kanto-101-151-source-audited-v4/dex-119__form-00__gender-none__palette-shiny__idle-8x4.png	assets/pokemon-animation-cards/rc31-kanto-101-151-source-audited-v4/dex-119__form-00__gender-none__palette-shiny__walk-8x4.png	assets/pokemon-animation-cards/rc31-kanto-101-151-source-audited-v4/dex-119__form-00__gender-none__palette-shiny__runtime.png	rc31-original-trs-v1:pm0119_00:00:none:shiny	8	2	8	1.3333333730697632	256	256	17	65	239	195	128	207.53082113703394	97	15	16	a26d596b53b2987074bd44171428f4fcd867a122c7ae7706315b11fd1b8ee1f5	a8d0b5562dc797b67b377579137294ac9794654041ea5576ffaa109ae870b6ea	5ab724788d63a3aed3b42618ef95cb2df9ad515bb260f53badb351a6ad278bf0	assets/pokemon-animation-cards/rc31-kanto-101-151-source-audited-v4/dex-119__form-00__gender-none__palette-shiny__admission.json	verified-render
120	staryu	base	none	normal	assets/pokemon-animation-cards/rc31-kanto-101-151-source-audited-v4/dex-120__form-00__gender-none__palette-normal__idle-8x4.png	assets/pokemon-animation-cards/rc31-kanto-101-151-source-audited-v4/dex-120__form-00__gender-none__palette-normal__walk-8x4.png	assets/pokemon-animation-cards/rc31-kanto-101-151-source-audited-v4/dex-120__form-00__gender-none__palette-normal__runtime.png	rc31-original-trs-v1:pm0120_00:00:none:normal	8	2	8	1	256	256	26	28	230	234	128	222.70437672607213	196	15	16	e7ca69671285100988e48b5361d3147d054edae927a213efec97f1fbb8c986e9	02c73f333b53f9e270793d57b37bf28aae73a743a461f104dee539ee9c3500b5	7abf522a9c512f1ccef9083e922275847d126f4d6199e65fb224e1f1608ebb15	assets/pokemon-animation-cards/rc31-kanto-101-151-source-audited-v4/dex-120__form-00__gender-none__palette-normal__admission.json	verified-render
120	staryu	base	none	shiny	assets/pokemon-animation-cards/rc31-kanto-101-151-source-audited-v4/dex-120__form-00__gender-none__palette-shiny__idle-8x4.png	assets/pokemon-animation-cards/rc31-kanto-101-151-source-audited-v4/dex-120__form-00__gender-none__palette-shiny__walk-8x4.png	assets/pokemon-animation-cards/rc31-kanto-101-151-source-audited-v4/dex-120__form-00__gender-none__palette-shiny__runtime.png	rc31-original-trs-v1:pm0120_00:00:none:shiny	8	2	8	1	256	256	26	28	230	234	128	222.70437672607213	196	15	16	3278a5b9cc79d83832d997a550c03e208c4e13cbb0eac92798b09c5997cceea5	41ee1e07572fa8751979315e5e72a11b7aa79bc0747003e6279211e2bd2001bf	3277bc82f4ae34e1eacfb893fd47e0e4085465051555d9fcde07c407927dbd1e	assets/pokemon-animation-cards/rc31-kanto-101-151-source-audited-v4/dex-120__form-00__gender-none__palette-shiny__admission.json	verified-render
121	starmie	base	none	normal	assets/pokemon-animation-cards/rc31-kanto-101-151-source-audited-v4/dex-121__form-00__gender-none__palette-normal__idle-8x4.png	assets/pokemon-animation-cards/rc31-kanto-101-151-source-audited-v4/dex-121__form-00__gender-none__palette-normal__walk-8x4.png	assets/pokemon-animation-cards/rc31-kanto-101-151-source-audited-v4/dex-121__form-00__gender-none__palette-normal__runtime.png	rc31-original-trs-v1:pm0121_00:00:none:normal	8	1.9000000953674316	8	1	256	256	19	24	237	233	128	223.156331390873	196	15	16	79736be9ce35a558003dd2ba7ac57dbeeacc6c4787cd9bcf836965b4a0661ad0	ec7256e88dff0e2a03ecda9026bfc341b752037fed9f7e4059db9082f48b23d7	3fe43cbd67f60ad9336683d6d494881acbd1cc44e23deaed2819f95d1215f647	assets/pokemon-animation-cards/rc31-kanto-101-151-source-audited-v4/dex-121__form-00__gender-none__palette-normal__admission.json	verified-render
121	starmie	base	none	shiny	assets/pokemon-animation-cards/rc31-kanto-101-151-source-audited-v4/dex-121__form-00__gender-none__palette-shiny__idle-8x4.png	assets/pokemon-animation-cards/rc31-kanto-101-151-source-audited-v4/dex-121__form-00__gender-none__palette-shiny__walk-8x4.png	assets/pokemon-animation-cards/rc31-kanto-101-151-source-audited-v4/dex-121__form-00__gender-none__palette-shiny__runtime.png	rc31-original-trs-v1:pm0121_00:00:none:shiny	8	1.9000000953674316	8	1	256	256	19	24	237	233	128	223.156331390873	196	15	16	c80f2503bb6eecf84c22bae24a93ba2f8f7e605f98dd4e07005c8d8e2712e623	46880079613ac5203319c75c41d66d777550fbe466752934a8ed2a8e4608c28d	43d074a1a5558f846965e60ed8346e0161cd316c7aa193f3dde2cad5621352ec	assets/pokemon-animation-cards/rc31-kanto-101-151-source-audited-v4/dex-121__form-00__gender-none__palette-shiny__admission.json	verified-render
122	mrmime	base	none	normal	assets/pokemon-animation-cards/rc31-kanto-101-151-source-audited-v4/dex-122__form-00__gender-none__palette-normal__idle-8x4.png	assets/pokemon-animation-cards/rc31-kanto-101-151-source-audited-v4/dex-122__form-00__gender-none__palette-normal__walk-8x4.png	assets/pokemon-animation-cards/rc31-kanto-101-151-source-audited-v4/dex-122__form-00__gender-none__palette-normal__runtime.png	rc31-original-trs-v1:pm0122_00:00:none:normal	8	2.5333335399627686	8	1	256	256	25	27	231	232	128	222.7337721814553	185	15	16	ea470b7e30396187ab40986efefd48ff862c671c94b3aaaeab9ac6b00141395f	8a2a830094bfc2f6981de863919ee2629189b4f52e9211c339d74504310fbc00	a836025166e28c176607af166f6396be1c322ff98d57c42125745adcb0ee8c44	assets/pokemon-animation-cards/rc31-kanto-101-151-source-audited-v4/dex-122__form-00__gender-none__palette-normal__admission.json	verified-render
122	mrmime	base	none	shiny	assets/pokemon-animation-cards/rc31-kanto-101-151-source-audited-v4/dex-122__form-00__gender-none__palette-shiny__idle-8x4.png	assets/pokemon-animation-cards/rc31-kanto-101-151-source-audited-v4/dex-122__form-00__gender-none__palette-shiny__walk-8x4.png	assets/pokemon-animation-cards/rc31-kanto-101-151-source-audited-v4/dex-122__form-00__gender-none__palette-shiny__runtime.png	rc31-original-trs-v1:pm0122_00:00:none:shiny	8	2.5333335399627686	8	1	256	256	25	27	231	232	128	222.7337721814553	185	15	16	8768cc850bead4e94c26d1a8eaf992e214b6255aa66f0ccd8164700c0aff29bf	157d489f6decf82e8a7c76ab67c9ec2d03810a2d6a894114fd32e77adc212bfb	7a454fa459f489444186e0f52fc1c9838e8d6658c6307ce15898eccb9a32a113	assets/pokemon-animation-cards/rc31-kanto-101-151-source-audited-v4/dex-122__form-00__gender-none__palette-shiny__admission.json	verified-render
124	jynx	base	none	normal	assets/pokemon-animation-cards/rc31-kanto-101-151-source-audited-v4/dex-124__form-00__gender-none__palette-normal__idle-8x4.png	assets/pokemon-animation-cards/rc31-kanto-101-151-source-audited-v4/dex-124__form-00__gender-none__palette-normal__walk-8x4.png	assets/pokemon-animation-cards/rc31-kanto-101-151-source-audited-v4/dex-124__form-00__gender-none__palette-normal__runtime.png	rc31-original-trs-v1:pm0124_00:00:none:normal	8	2	8	1.933333396911621	256	256	17	49	239	217	128	201.3392128444535	160	15	16	9b064c0c94c00d0f8d063130b6edf9477c9c731197db23da2d83c3a727b2602d	3c48506a89919c2ff5499c05bb05628a9aae285e5d1bd61a3423ab881fd1037a	86de9977d41c0d7fc533acbc3b0cae32b9f99ee109c12f16224869610de7c5a5	assets/pokemon-animation-cards/rc31-kanto-101-151-source-audited-v4/dex-124__form-00__gender-none__palette-normal__admission.json	verified-render
124	jynx	base	none	shiny	assets/pokemon-animation-cards/rc31-kanto-101-151-source-audited-v4/dex-124__form-00__gender-none__palette-shiny__idle-8x4.png	assets/pokemon-animation-cards/rc31-kanto-101-151-source-audited-v4/dex-124__form-00__gender-none__palette-shiny__walk-8x4.png	assets/pokemon-animation-cards/rc31-kanto-101-151-source-audited-v4/dex-124__form-00__gender-none__palette-shiny__runtime.png	rc31-original-trs-v1:pm0124_00:00:none:shiny	8	2	8	1.933333396911621	256	256	17	49	239	217	128	201.3392128444535	160	15	16	2df8d5c52743ff96ea4160da1a9b5be58773a3a8e461e77b262d5df2218f87ac	d5426f04d86972ab5693a109abce4098a1eaf6cb48048999067c18695497d259	064c8cdaded5277deaa4b66e4eb814c8499a156d8af735c16dd498ebe8aaa8f8	assets/pokemon-animation-cards/rc31-kanto-101-151-source-audited-v4/dex-124__form-00__gender-none__palette-shiny__admission.json	verified-render
125	electabuzz	base	none	normal	assets/pokemon-animation-cards/rc31-kanto-101-151-source-audited-v4/dex-125__form-00__gender-none__palette-normal__idle-8x4.png	assets/pokemon-animation-cards/rc31-kanto-101-151-source-audited-v4/dex-125__form-00__gender-none__palette-normal__walk-8x4.png	assets/pokemon-animation-cards/rc31-kanto-101-151-source-audited-v4/dex-125__form-00__gender-none__palette-normal__runtime.png	rc31-original-trs-v1:pm0125_00:00:none:normal	8	1.3333333730697632	8	1.1666667461395264	256	256	17	44	239	217	128	207.87867652473983	163	15	15	71ea3e57f23992db2b3c4d0ec06b04618d2b5863b6584428a4f7d205165ba491	8b358ef012ee7b1474ef35788998b242465ebbbe24f148b286663f6afe66592e	5e2945cfed6661ea78709da526f8d9d8e0094a33fbf31e44041ad20f0d47f643	assets/pokemon-animation-cards/rc31-kanto-101-151-source-audited-v4/dex-125__form-00__gender-none__palette-normal__admission.json	verified-render
125	electabuzz	base	none	shiny	assets/pokemon-animation-cards/rc31-kanto-101-151-source-audited-v4/dex-125__form-00__gender-none__palette-shiny__idle-8x4.png	assets/pokemon-animation-cards/rc31-kanto-101-151-source-audited-v4/dex-125__form-00__gender-none__palette-shiny__walk-8x4.png	assets/pokemon-animation-cards/rc31-kanto-101-151-source-audited-v4/dex-125__form-00__gender-none__palette-shiny__runtime.png	rc31-original-trs-v1:pm0125_00:00:none:shiny	8	1.3333333730697632	8	1.1666667461395264	256	256	17	44	239	217	128	207.87867652473983	163	15	15	a162f633748e5c07cadc6facc032e1a7490f2ece5edfbc8c2209a313a427c03c	3f817e7ce1cba272eef66735460abf4f4a5ea84cda93d2109415075d9114736f	885eaeeafad2c3acd4353a6b813fcba7631acc85077b7511e5f317dd133dd69c	assets/pokemon-animation-cards/rc31-kanto-101-151-source-audited-v4/dex-125__form-00__gender-none__palette-shiny__admission.json	verified-render
127	pinsir	base	none	normal	assets/pokemon-animation-cards/rc31-kanto-101-151-source-audited-v4/dex-127__form-00__gender-none__palette-normal__idle-8x4.png	assets/pokemon-animation-cards/rc31-kanto-101-151-source-audited-v4/dex-127__form-00__gender-none__palette-normal__walk-8x4.png	assets/pokemon-animation-cards/rc31-kanto-101-151-source-audited-v4/dex-127__form-00__gender-none__palette-normal__runtime.png	rc31-original-trs-v1:pm0127_00:00:none:normal	8	1.3333333730697632	8	1	256	256	17	36	239	226	128	213.27270249449373	183	15	16	fdd85d4902f4d7dfdd74281126473240a8e46378b924af44066d257dda39ad77	c3cea4b779e067f7c315768aeacfc160d6d0218ca82e78db9fcbdf97ccc59b64	ffce8071f3bdb1f88e42448e6035d483d75945177e22b26a4a305ad1e27dbf0e	assets/pokemon-animation-cards/rc31-kanto-101-151-source-audited-v4/dex-127__form-00__gender-none__palette-normal__admission.json	verified-render
127	pinsir	base	none	shiny	assets/pokemon-animation-cards/rc31-kanto-101-151-source-audited-v4/dex-127__form-00__gender-none__palette-shiny__idle-8x4.png	assets/pokemon-animation-cards/rc31-kanto-101-151-source-audited-v4/dex-127__form-00__gender-none__palette-shiny__walk-8x4.png	assets/pokemon-animation-cards/rc31-kanto-101-151-source-audited-v4/dex-127__form-00__gender-none__palette-shiny__runtime.png	rc31-original-trs-v1:pm0127_00:00:none:shiny	8	1.3333333730697632	8	1	256	256	17	36	239	226	128	213.27270249449373	183	15	16	37a99a29b311752b11a74afc4cbc0b2654f29eac1ea4e6c62a2cf737f4c22ddf	60e71de2e483348a3a81f14bfdf1afd6fe11fe473ec717ea05538071bc99fbf2	e0a36497f63cb9fd3e362991692155a6c77925185acce253ef9d7baf80b0609e	assets/pokemon-animation-cards/rc31-kanto-101-151-source-audited-v4/dex-127__form-00__gender-none__palette-shiny__admission.json	verified-render
129	magikarp	base	none	normal	assets/pokemon-animation-cards/rc31-kanto-101-151-source-audited-v4/dex-129__form-00__gender-none__palette-normal__idle-8x4.png	assets/pokemon-animation-cards/rc31-kanto-101-151-source-audited-v4/dex-129__form-00__gender-none__palette-normal__walk-8x4.png	assets/pokemon-animation-cards/rc31-kanto-101-151-source-audited-v4/dex-129__form-00__gender-none__palette-normal__runtime.png	rc31-original-trs-v1:pm0129_00:00:none:normal	8	1	8	0.9333333969116211	256	256	35	26	221	235	128	298.2767640894516	157	15	16	6f0f44d7d9dca38620ff982e7e95797170bd7b08c6891149b7a915d7844ce6f3	a57aa4139023aa7512e3b6be797fcacd804201163fa47dbec1664857f698d347	92f7ec0412c171debf310f8b58c110b32bc7679db7cc76ce4501c25b39eef95a	assets/pokemon-animation-cards/rc31-kanto-101-151-source-audited-v4/dex-129__form-00__gender-none__palette-normal__admission.json	verified-render
129	magikarp	base	none	shiny	assets/pokemon-animation-cards/rc31-kanto-101-151-source-audited-v4/dex-129__form-00__gender-none__palette-shiny__idle-8x4.png	assets/pokemon-animation-cards/rc31-kanto-101-151-source-audited-v4/dex-129__form-00__gender-none__palette-shiny__walk-8x4.png	assets/pokemon-animation-cards/rc31-kanto-101-151-source-audited-v4/dex-129__form-00__gender-none__palette-shiny__runtime.png	rc31-original-trs-v1:pm0129_00:00:none:shiny	8	1	8	0.9333333969116211	256	256	35	26	221	235	128	298.2767640894516	157	15	16	0b841262924df054cea766852c6b6dee3678768dcbd810ea9928d04a8cd8c11f	1ff1da0b9ec125efe68c5eef4593c09bd61e65c35fa43dc00bb56eaf67daa86f	c95dcc3a1ebeb56bf77a3c2d20f3666b37706347b4cdda919d29d4440dad10b8	assets/pokemon-animation-cards/rc31-kanto-101-151-source-audited-v4/dex-129__form-00__gender-none__palette-shiny__admission.json	verified-render
131	lapras	base	none	normal	assets/pokemon-animation-cards/rc31-kanto-101-151-source-audited-v4/dex-131__form-00__gender-none__palette-normal__idle-8x4.png	assets/pokemon-animation-cards/rc31-kanto-101-151-source-audited-v4/dex-131__form-00__gender-none__palette-normal__walk-8x4.png	assets/pokemon-animation-cards/rc31-kanto-101-151-source-audited-v4/dex-131__form-00__gender-none__palette-normal__runtime.png	rc31-original-trs-v1:pm0131_00:00:none:normal	8	3.000000238418579	8	2.1666667461395264	256	256	17	45	239	213	128	200.64827474310286	149	15	13	06c635ab6857218e4f16d6e87c5d9b80b88ed51c98e8b682e6d6eb00efdd24e3	0e109953cb894372e30cf71eb12effb1cae9717b03ad225a67b24fd73e22332b	d29d004709978c39905e26aad9c362992c83c0bbb9426131ed40943a33c4411e	assets/pokemon-animation-cards/rc31-kanto-101-151-source-audited-v4/dex-131__form-00__gender-none__palette-normal__admission.json	verified-render
131	lapras	base	none	shiny	assets/pokemon-animation-cards/rc31-kanto-101-151-source-audited-v4/dex-131__form-00__gender-none__palette-shiny__idle-8x4.png	assets/pokemon-animation-cards/rc31-kanto-101-151-source-audited-v4/dex-131__form-00__gender-none__palette-shiny__walk-8x4.png	assets/pokemon-animation-cards/rc31-kanto-101-151-source-audited-v4/dex-131__form-00__gender-none__palette-shiny__runtime.png	rc31-original-trs-v1:pm0131_00:00:none:shiny	8	3.000000238418579	8	2.1666667461395264	256	256	17	45	239	213	128	200.64827474310286	149	15	13	59ffa72c19abfd3d63f3315b872f9bd95d45df8174061d57c0939f698987afda	1305da1130f2bafb1f46eaf0681668a733bb6c1832ec1e92d78c1d90308194db	7f3a5d82348a7d683fc38adc30f2d8c4ee12e96589e80428966b9e96b2933671	assets/pokemon-animation-cards/rc31-kanto-101-151-source-audited-v4/dex-131__form-00__gender-none__palette-shiny__admission.json	verified-render
133	eevee	base	none	normal	assets/pokemon-animation-cards/rc31-kanto-101-151-source-audited-v4/dex-133__form-00__gender-none__palette-normal__idle-8x4.png	assets/pokemon-animation-cards/rc31-kanto-101-151-source-audited-v4/dex-133__form-00__gender-none__palette-normal__walk-8x4.png	assets/pokemon-animation-cards/rc31-kanto-101-151-source-audited-v4/dex-133__form-00__gender-none__palette-normal__runtime.png	rc31-original-trs-v1:pm0133_00:00:none:normal	8	0.8666667342185974	8	1	256	256	17	49	239	204	128	195.23106591144577	141	15	13	fdd6cd14fd20bac4c12608953a9df6645777a8bd5c8331f732a32ea15900a0eb	f61bc0795526c32b28e802ebb5c0678ae1a2aa64c5ed6afb1625c62f8658a76c	288f21c7ee16b8a0bb7abd464e7c5d4c0b5deb5ad3edb8a789b02eabc21a4f47	assets/pokemon-animation-cards/rc31-kanto-101-151-source-audited-v4/dex-133__form-00__gender-none__palette-normal__admission.json	verified-render
133	eevee	base	none	shiny	assets/pokemon-animation-cards/rc31-kanto-101-151-source-audited-v4/dex-133__form-00__gender-none__palette-shiny__idle-8x4.png	assets/pokemon-animation-cards/rc31-kanto-101-151-source-audited-v4/dex-133__form-00__gender-none__palette-shiny__walk-8x4.png	assets/pokemon-animation-cards/rc31-kanto-101-151-source-audited-v4/dex-133__form-00__gender-none__palette-shiny__runtime.png	rc31-original-trs-v1:pm0133_00:00:none:shiny	8	0.8666667342185974	8	1	256	256	17	49	239	204	128	195.23106591144577	141	15	13	5b3d6373038eb266c09dec9be365d1d5e7b43304dd308346f3e8a54a6b68fb9b	7bd7aae3b8696cf5f7d4860581e251491aa4859bb531fb315ef868f270688417	b147a464dd75ba5d06010f161ca874ba43980053679c5c6e1e91310ad64b24aa	assets/pokemon-animation-cards/rc31-kanto-101-151-source-audited-v4/dex-133__form-00__gender-none__palette-shiny__admission.json	verified-render
135	jolteon	base	none	normal	assets/pokemon-animation-cards/rc31-kanto-101-151-source-audited-v4/dex-135__form-00__gender-none__palette-normal__idle-8x4.png	assets/pokemon-animation-cards/rc31-kanto-101-151-source-audited-v4/dex-135__form-00__gender-none__palette-normal__walk-8x4.png	assets/pokemon-animation-cards/rc31-kanto-101-151-source-audited-v4/dex-135__form-00__gender-none__palette-normal__runtime.png	rc31-original-trs-v1:pm0135_00:00:none:normal	8	1.3333333730697632	8	0.8000000715255737	256	256	17	42	239	217	128	203.44736721935342	165	15	16	e5694a268f0f3de852a76ea6e46c1edea49140e31bc636a36629745169e4f878	65e26151f0ddb2ac4476a4f72a0b82b5a03144f8dfc1355e306eff6417619445	7ce1ba85f7f184ae172b89b082ceaac312227235c4bb9a7599f03aac50b57d4f	assets/pokemon-animation-cards/rc31-kanto-101-151-source-audited-v4/dex-135__form-00__gender-none__palette-normal__admission.json	verified-render
135	jolteon	base	none	shiny	assets/pokemon-animation-cards/rc31-kanto-101-151-source-audited-v4/dex-135__form-00__gender-none__palette-shiny__idle-8x4.png	assets/pokemon-animation-cards/rc31-kanto-101-151-source-audited-v4/dex-135__form-00__gender-none__palette-shiny__walk-8x4.png	assets/pokemon-animation-cards/rc31-kanto-101-151-source-audited-v4/dex-135__form-00__gender-none__palette-shiny__runtime.png	rc31-original-trs-v1:pm0135_00:00:none:shiny	8	1.3333333730697632	8	0.8000000715255737	256	256	17	42	239	217	128	203.44736721935342	165	15	16	ff89fee3f9bd87a324d5a07eac70b58f6af6f4859eab25b2cff46754b0299ae8	7de0260f6499a83f63a7b71d4141311bbb7a292075ea089e9845b0474839bf69	200e00576ce9472c66c3a18a3c84a859a151ebac60305b2c107dad89dc5aec22	assets/pokemon-animation-cards/rc31-kanto-101-151-source-audited-v4/dex-135__form-00__gender-none__palette-shiny__admission.json	verified-render
140	kabuto	base	none	normal	assets/pokemon-animation-cards/rc31-kanto-101-151-source-audited-v4/dex-140__form-00__gender-none__palette-normal__idle-8x4.png	assets/pokemon-animation-cards/rc31-kanto-101-151-source-audited-v4/dex-140__form-00__gender-none__palette-normal__walk-8x4.png	assets/pokemon-animation-cards/rc31-kanto-101-151-source-audited-v4/dex-140__form-00__gender-none__palette-normal__runtime.png	rc31-original-trs-v1:pm0140_00:00:none:normal	8	2	8	0.46666669845581055	256	256	17	40	239	217	128	207.45982345087035	149	15	11	8af9a25fe144a62b230271a7687d6b7222d5b5454de31d7c84e1f5b2543facb6	97f929bc6cbc3f26214e76f72cd1c5c59e24326acde33a059a08540189416cd7	26c92e8023b2c19e37e87dc32ce1b7cb8130c43bfdc4181b9de1461003a69cbc	assets/pokemon-animation-cards/rc31-kanto-101-151-source-audited-v4/dex-140__form-00__gender-none__palette-normal__admission.json	verified-render
140	kabuto	base	none	shiny	assets/pokemon-animation-cards/rc31-kanto-101-151-source-audited-v4/dex-140__form-00__gender-none__palette-shiny__idle-8x4.png	assets/pokemon-animation-cards/rc31-kanto-101-151-source-audited-v4/dex-140__form-00__gender-none__palette-shiny__walk-8x4.png	assets/pokemon-animation-cards/rc31-kanto-101-151-source-audited-v4/dex-140__form-00__gender-none__palette-shiny__runtime.png	rc31-original-trs-v1:pm0140_00:00:none:shiny	8	2	8	0.46666669845581055	256	256	17	40	239	217	128	207.45982345087035	149	15	11	8714ebc0515472ea50e4f6bedebce1dbd0c7ca7f4ae7cca28a21c777cbe2fe00	805627d1c24457a6ade4e6d5825869b78a418b9da8ed1cc470fd68ccf47abc78	72f7e96d1ada96d013d12a9c71ff54c55b8da9a24c0b7dc12f7c365e5d849655	assets/pokemon-animation-cards/rc31-kanto-101-151-source-audited-v4/dex-140__form-00__gender-none__palette-shiny__admission.json	verified-render
141	kabutops	base	none	normal	assets/pokemon-animation-cards/rc31-kanto-101-151-source-audited-v4/dex-141__form-00__gender-none__palette-normal__idle-8x4.png	assets/pokemon-animation-cards/rc31-kanto-101-151-source-audited-v4/dex-141__form-00__gender-none__palette-normal__walk-8x4.png	assets/pokemon-animation-cards/rc31-kanto-101-151-source-audited-v4/dex-141__form-00__gender-none__palette-normal__runtime.png	rc31-original-trs-v1:pm0141_00:00:none:normal	8	1.2000000476837158	8	1.3333333730697632	256	256	17	21	239	235	128	222.2877643342251	206	14	16	2e7e06d41bda2cd50713c2c79582a0f229ef7fa4d7036603b62c44010c22ff77	0cdf6937ea507ef2055db010ce6f999b86d9610b0e8c581035193e4ed9644d5e	ee376319f941ab17787f5104595b47588c4cc536e7ee8b6da20e9e9e7aa2b900	assets/pokemon-animation-cards/rc31-kanto-101-151-source-audited-v4/dex-141__form-00__gender-none__palette-normal__admission.json	verified-render
141	kabutops	base	none	shiny	assets/pokemon-animation-cards/rc31-kanto-101-151-source-audited-v4/dex-141__form-00__gender-none__palette-shiny__idle-8x4.png	assets/pokemon-animation-cards/rc31-kanto-101-151-source-audited-v4/dex-141__form-00__gender-none__palette-shiny__walk-8x4.png	assets/pokemon-animation-cards/rc31-kanto-101-151-source-audited-v4/dex-141__form-00__gender-none__palette-shiny__runtime.png	rc31-original-trs-v1:pm0141_00:00:none:shiny	8	1.2000000476837158	8	1.3333333730697632	256	256	17	21	239	235	128	222.2877643342251	206	14	16	b04fac19a100d0ba691a5c2e9c0053a8fc7adfc6e39affadc423d9e8e0878474	42de1bcc9c3748ebf9a2f2c148136495344b7610f36961d174dd5212a878b693	f34daf0bd8a82db72209fbdf182fcc63d84c4cad49d4b62d72b8b57eda6c3644	assets/pokemon-animation-cards/rc31-kanto-101-151-source-audited-v4/dex-141__form-00__gender-none__palette-shiny__admission.json	verified-render
143	snorlax	base	none	normal	assets/pokemon-animation-cards/rc31-kanto-101-151-source-audited-v4/dex-143__form-00__gender-none__palette-normal__idle-8x4.png	assets/pokemon-animation-cards/rc31-kanto-101-151-source-audited-v4/dex-143__form-00__gender-none__palette-normal__walk-8x4.png	assets/pokemon-animation-cards/rc31-kanto-101-151-source-audited-v4/dex-143__form-00__gender-none__palette-normal__runtime.png	rc31-original-trs-v1:pm0143_00:00:none:normal	8	2.500000238418579	8	2.500000238418579	256	256	17	33	239	228	128	215.940255993541	188	15	16	e18f52aea7668e5fddcea66bf533630fd71bdcd3bb60fea54636b9abfa634315	73c6fa1ea5c6e5d99baf80e1e1e4417ffc7d4f147eaadaabff635c4e701d847b	ac356c745876315f05506f63b154689c850f1a5351caba9597dc98f3152418da	assets/pokemon-animation-cards/rc31-kanto-101-151-source-audited-v4/dex-143__form-00__gender-none__palette-normal__admission.json	verified-render
143	snorlax	base	none	shiny	assets/pokemon-animation-cards/rc31-kanto-101-151-source-audited-v4/dex-143__form-00__gender-none__palette-shiny__idle-8x4.png	assets/pokemon-animation-cards/rc31-kanto-101-151-source-audited-v4/dex-143__form-00__gender-none__palette-shiny__walk-8x4.png	assets/pokemon-animation-cards/rc31-kanto-101-151-source-audited-v4/dex-143__form-00__gender-none__palette-shiny__runtime.png	rc31-original-trs-v1:pm0143_00:00:none:shiny	8	2.500000238418579	8	2.500000238418579	256	256	17	33	239	228	128	215.940255993541	188	15	16	34902a302de1b2743f6ff72b874b932fea8a5063fbdf2fc2e1ba82c309e8b43e	0a7f2141547166a16277c491310fd38e06fe39716770cf20cb99c2d0adb7c13b	da9c4861dd0588891f6fce3dd0c3b364d049d7c1c4b85fd657a5773c960c6a1c	assets/pokemon-animation-cards/rc31-kanto-101-151-source-audited-v4/dex-143__form-00__gender-none__palette-shiny__admission.json	verified-render
149	dragonite	base	none	normal	assets/pokemon-animation-cards/rc31-kanto-101-151-source-audited-v4/dex-149__form-00__gender-none__palette-normal__idle-8x4.png	assets/pokemon-animation-cards/rc31-kanto-101-151-source-audited-v4/dex-149__form-00__gender-none__palette-normal__walk-8x4.png	assets/pokemon-animation-cards/rc31-kanto-101-151-source-audited-v4/dex-149__form-00__gender-none__palette-normal__runtime.png	rc31-original-trs-v1:pm0149_00:00:none:normal	8	1.5000001192092896	8	0.8333333730697632	256	256	17	41	239	215	128	175.9250537528525	115	15	16	8f1ee6088180a15bf26b6e0c23b86a4a317438149eaac134b2d8278009ac13d4	dbf42efb4e3e04c4533f1dc9598204512b3c45cec5234293faf0064bc2a9c625	c8a27265d54f48235f5db8da585b45e91b85a26eb45b5a1e23de349d3c7a8c7d	assets/pokemon-animation-cards/rc31-kanto-101-151-source-audited-v4/dex-149__form-00__gender-none__palette-normal__admission.json	verified-render
149	dragonite	base	none	shiny	assets/pokemon-animation-cards/rc31-kanto-101-151-source-audited-v4/dex-149__form-00__gender-none__palette-shiny__idle-8x4.png	assets/pokemon-animation-cards/rc31-kanto-101-151-source-audited-v4/dex-149__form-00__gender-none__palette-shiny__walk-8x4.png	assets/pokemon-animation-cards/rc31-kanto-101-151-source-audited-v4/dex-149__form-00__gender-none__palette-shiny__runtime.png	rc31-original-trs-v1:pm0149_00:00:none:shiny	8	1.5000001192092896	8	0.8333333730697632	256	256	17	41	239	215	128	175.9250537528525	115	15	16	90d034a566bca6a20b90f846802c850d95d29157edefcffe32826f2c8ee4d33c	4d1bae5768c2ceabf4d363aec0276abb6caea95182a7693a36831ae31c4158e3	b535ae8f49007ce9aa0a99b38c5c94ec0e56aaf43b39d5c4795c6ac9fd17fafd	assets/pokemon-animation-cards/rc31-kanto-101-151-source-audited-v4/dex-149__form-00__gender-none__palette-shiny__admission.json	verified-render
52	meowth	base	none	normal	assets/pokemon-animation-cards/rc31-kanto-051-100-source-audited-v4/dex-052__form-00__gender-none__palette-normal__idle-8x4.png	assets/pokemon-animation-cards/rc31-kanto-051-100-source-audited-v4/dex-052__form-00__gender-none__palette-normal__walk-8x4.png	assets/pokemon-animation-cards/rc31-kanto-051-100-source-audited-v4/dex-052__form-00__gender-none__palette-normal__runtime.png	rc31-original-trs-reviewed-body-skin-v4:pm0052_00:00:none:normal	8	1.4000000953674316	8	1.033333420753479	256	256	21	24	235	232	128	222.5718629450204	192.6466299799575	13	16	09246c2fd09105c8f55fd9c1f80dbfc83a87e1b28a780d37357910bda968c99e	174183aa54d5c32c96a39cf398ca06101924646f19ac147cfaf7ac803c6fe472	a7562888920c713a8b033208bf1f0d85b43b8df10b70239c893ad0750c59a8cf	assets/pokemon-animation-cards/rc31-kanto-051-100-source-audited-v4/dex-052__form-00__gender-none__palette-normal__admission.json	verified-render
52	meowth	base	none	shiny	assets/pokemon-animation-cards/rc31-kanto-051-100-source-audited-v4/dex-052__form-00__gender-none__palette-shiny__idle-8x4.png	assets/pokemon-animation-cards/rc31-kanto-051-100-source-audited-v4/dex-052__form-00__gender-none__palette-shiny__walk-8x4.png	assets/pokemon-animation-cards/rc31-kanto-051-100-source-audited-v4/dex-052__form-00__gender-none__palette-shiny__runtime.png	rc31-original-trs-reviewed-body-skin-v4:pm0052_00:00:none:shiny	8	1.4000000953674316	8	1.033333420753479	256	256	21	24	235	232	128	222.5718629450204	192.6466299799575	13	16	007ef607306fc7ef90d24ca867f50916af0bacbeb5602107a9820d3109e8c07d	e17ebb405a99e6dfcd50255d3eecf3f4f389e1f2ce258c711deb0f69685858ac	586592ab8a76176e805eae5994d95b141658739a15fd65892067e0563e75150e	assets/pokemon-animation-cards/rc31-kanto-051-100-source-audited-v4/dex-052__form-00__gender-none__palette-shiny__admission.json	verified-render
53	persian	base	none	normal	assets/pokemon-animation-cards/rc31-kanto-051-100-source-audited-v4/dex-053__form-00__gender-none__palette-normal__idle-8x4.png	assets/pokemon-animation-cards/rc31-kanto-051-100-source-audited-v4/dex-053__form-00__gender-none__palette-normal__walk-8x4.png	assets/pokemon-animation-cards/rc31-kanto-051-100-source-audited-v4/dex-053__form-00__gender-none__palette-normal__runtime.png	rc31-original-trs-reviewed-body-skin-v4:pm0053_00:00:none:normal	8	1.6666667461395264	8	1.1666667461395264	256	256	17	71	239	186	128	172.61978121395103	102.70501807598978	15	16	05199a153785c1e3efa2c5fa546d00ee9abcc0e808a47b070726b61a4a25bc83	ea019951ec97533ad705cf3924504afac46477fc6d9147169d1c567fdfea63f2	be18fcc79bf5d6bf2dd76fa74cf3f832c88ce71251f770a9be81b469c101cb40	assets/pokemon-animation-cards/rc31-kanto-051-100-source-audited-v4/dex-053__form-00__gender-none__palette-normal__admission.json	verified-render
53	persian	base	none	shiny	assets/pokemon-animation-cards/rc31-kanto-051-100-source-audited-v4/dex-053__form-00__gender-none__palette-shiny__idle-8x4.png	assets/pokemon-animation-cards/rc31-kanto-051-100-source-audited-v4/dex-053__form-00__gender-none__palette-shiny__walk-8x4.png	assets/pokemon-animation-cards/rc31-kanto-051-100-source-audited-v4/dex-053__form-00__gender-none__palette-shiny__runtime.png	rc31-original-trs-reviewed-body-skin-v4:pm0053_00:00:none:shiny	8	1.6666667461395264	8	1.1666667461395264	256	256	17	71	239	186	128	172.61978121395103	102.70501807598978	15	16	cebfbbab954133d15a89f95e6bed323a1dc3764b313a8594a07a8a3ba369bfd3	efb57c1f434331320e0835a311102a45dacbf2c48a3a77de97819b5c5ab9baf7	6b930315c4d4fdfcc30b07fbeb76bf426ff7abf520b5c26457b01e93dd01f053	assets/pokemon-animation-cards/rc31-kanto-051-100-source-audited-v4/dex-053__form-00__gender-none__palette-shiny__admission.json	verified-render
54	psyduck	base	none	normal	assets/pokemon-animation-cards/rc31-kanto-051-100-source-audited-v4/dex-054__form-00__gender-none__palette-normal__idle-8x4.png	assets/pokemon-animation-cards/rc31-kanto-051-100-source-audited-v4/dex-054__form-00__gender-none__palette-normal__walk-8x4.png	assets/pokemon-animation-cards/rc31-kanto-051-100-source-audited-v4/dex-054__form-00__gender-none__palette-normal__runtime.png	rc31-original-trs-reviewed-body-skin-v4:pm0054_00:00:none:normal	8	1.6666667461395264	8	1	256	256	23	26	233	233	128	223.81355590785165	198.51316048314715	15	16	6b1f526f2e2b27fd95d9277eb00bb36cb200d336caecdbaf19a86e69407d81e4	e0a21497c135110b266fe1096a8e395012c98316be20a11ca1aeab69947fb6cf	77ecc28bca595c6fab81448bf09179f7699be68a666192009f8e57376fc50885	assets/pokemon-animation-cards/rc31-kanto-051-100-source-audited-v4/dex-054__form-00__gender-none__palette-normal__admission.json	verified-render
54	psyduck	base	none	shiny	assets/pokemon-animation-cards/rc31-kanto-051-100-source-audited-v4/dex-054__form-00__gender-none__palette-shiny__idle-8x4.png	assets/pokemon-animation-cards/rc31-kanto-051-100-source-audited-v4/dex-054__form-00__gender-none__palette-shiny__walk-8x4.png	assets/pokemon-animation-cards/rc31-kanto-051-100-source-audited-v4/dex-054__form-00__gender-none__palette-shiny__runtime.png	rc31-original-trs-reviewed-body-skin-v4:pm0054_00:00:none:shiny	8	1.6666667461395264	8	1	256	256	23	26	233	233	128	223.81355590785165	198.51316048314715	15	16	fba228faf3fe05da047fcb2e972840ac1790d8c9b4f2952c238beedef0b8a39d	c5141d5b5b0c5a9f6a9cd70016b3c61ee6a0b8a483ac35dfb18337af38f6aebd	7215d0f9a8091d6cb02b8e4d332b2cbd136c73b14e0ab329e3e9c9852128cefd	assets/pokemon-animation-cards/rc31-kanto-051-100-source-audited-v4/dex-054__form-00__gender-none__palette-shiny__admission.json	verified-render
55	golduck	base	none	normal	assets/pokemon-animation-cards/rc31-kanto-051-100-source-audited-v4/dex-055__form-00__gender-none__palette-normal__idle-8x4.png	assets/pokemon-animation-cards/rc31-kanto-051-100-source-audited-v4/dex-055__form-00__gender-none__palette-normal__walk-8x4.png	assets/pokemon-animation-cards/rc31-kanto-051-100-source-audited-v4/dex-055__form-00__gender-none__palette-normal__runtime.png	rc31-original-trs-reviewed-body-skin-v4:pm0055_00:00:none:normal	8	1.6666667461395264	8	1	256	256	24	27	232	234	128	223.1951926595002	180.10164736144864	15	16	9b89e9ecc08c1cd3ecdc4d65475c787d85baea3c95fe5be590ccf27426f4c554	5c0c79bfd7e079d4b8d654ac9435662d5f150ce5cdb4c0cd6cf2c9aab9ecdc10	5572a5b00267fcf52eff4d4bfcef81700928fcaffd61a16c74c9b80efbcf98e7	assets/pokemon-animation-cards/rc31-kanto-051-100-source-audited-v4/dex-055__form-00__gender-none__palette-normal__admission.json	verified-render
55	golduck	base	none	shiny	assets/pokemon-animation-cards/rc31-kanto-051-100-source-audited-v4/dex-055__form-00__gender-none__palette-shiny__idle-8x4.png	assets/pokemon-animation-cards/rc31-kanto-051-100-source-audited-v4/dex-055__form-00__gender-none__palette-shiny__walk-8x4.png	assets/pokemon-animation-cards/rc31-kanto-051-100-source-audited-v4/dex-055__form-00__gender-none__palette-shiny__runtime.png	rc31-original-trs-reviewed-body-skin-v4:pm0055_00:00:none:shiny	8	1.6666667461395264	8	1	256	256	24	27	232	234	128	223.1951926595002	180.10164736144864	15	16	13ef61736f6e4e4c31508a9870ca55078014c50cca5dac1cc6a2903891882629	9bc4cdd0365c8cd42ce39d9e96f632038de15ca4c1c1fc03b7059d023ab41720	e6e8632164ac0081634e0d44e91b6462c21ee5483dc3f87c7e9317ffe58ee9a2	assets/pokemon-animation-cards/rc31-kanto-051-100-source-audited-v4/dex-055__form-00__gender-none__palette-shiny__admission.json	verified-render
56	mankey	base	none	normal	assets/pokemon-animation-cards/rc31-kanto-051-100-source-audited-v4/dex-056__form-00__gender-none__palette-normal__idle-8x4.png	assets/pokemon-animation-cards/rc31-kanto-051-100-source-audited-v4/dex-056__form-00__gender-none__palette-normal__walk-8x4.png	assets/pokemon-animation-cards/rc31-kanto-051-100-source-audited-v4/dex-056__form-00__gender-none__palette-normal__runtime.png	rc31-original-trs-reviewed-body-skin-v4:pm0056_00:00:none:normal	8	0.9333333969116211	8	0.8333333730697632	256	256	20	24	236	231	128	221.87009777183684	151.51950078224985	15	16	3f054946779e8b57548f146873eaf4d6925d7e0d867735ec61f5b3ab9895163d	c6056f97d58dd8a9dda402530413e80f283779ead34f136e4a3f4273a66db65f	04d2620cd423c3d412ca5cfb067aa1666af4ce45eef002ab5d3b1d30b1463a55	assets/pokemon-animation-cards/rc31-kanto-051-100-source-audited-v4/dex-056__form-00__gender-none__palette-normal__admission.json	verified-render
56	mankey	base	none	shiny	assets/pokemon-animation-cards/rc31-kanto-051-100-source-audited-v4/dex-056__form-00__gender-none__palette-shiny__idle-8x4.png	assets/pokemon-animation-cards/rc31-kanto-051-100-source-audited-v4/dex-056__form-00__gender-none__palette-shiny__walk-8x4.png	assets/pokemon-animation-cards/rc31-kanto-051-100-source-audited-v4/dex-056__form-00__gender-none__palette-shiny__runtime.png	rc31-original-trs-reviewed-body-skin-v4:pm0056_00:00:none:shiny	8	0.9333333969116211	8	0.8333333730697632	256	256	20	24	236	231	128	221.87009777183684	151.51950078224985	15	16	d3ca655fbf0a1ea4632f29ab916c96174926b21d466b77ff3cd21245a00edafd	9a0fb54ff6c83b039bb5ecc8824a3a79700c83f2fff0811a3213011a5ca7b05d	759ed87c8a214be73675c1985d71cd3ded490896863eea1b31523e53869a58d1	assets/pokemon-animation-cards/rc31-kanto-051-100-source-audited-v4/dex-056__form-00__gender-none__palette-shiny__admission.json	verified-render
57	primeape	base	none	normal	assets/pokemon-animation-cards/rc31-kanto-051-100-source-audited-v4/dex-057__form-00__gender-none__palette-normal__idle-8x4.png	assets/pokemon-animation-cards/rc31-kanto-051-100-source-audited-v4/dex-057__form-00__gender-none__palette-normal__walk-8x4.png	assets/pokemon-animation-cards/rc31-kanto-051-100-source-audited-v4/dex-057__form-00__gender-none__palette-normal__runtime.png	rc31-original-trs-reviewed-body-skin-v4:pm0057_00:00:none:normal	8	1.3333333730697632	8	0.8333333730697632	256	256	22	27	234	233	128	221.48423925990434	192.17224739562144	15	16	7429b76a718062cad4e0c37df424ca93a87ca2843c65d990e887f62e47ba287d	26cd3eef562b0a2d04ff50b6b6fc9fd57fb3de9f695b1de76acea1504bd7099a	bc0a098642786bf916edef52c5b249dc2d2936f008eb19238854d8ff347581c0	assets/pokemon-animation-cards/rc31-kanto-051-100-source-audited-v4/dex-057__form-00__gender-none__palette-normal__admission.json	verified-render
57	primeape	base	none	shiny	assets/pokemon-animation-cards/rc31-kanto-051-100-source-audited-v4/dex-057__form-00__gender-none__palette-shiny__idle-8x4.png	assets/pokemon-animation-cards/rc31-kanto-051-100-source-audited-v4/dex-057__form-00__gender-none__palette-shiny__walk-8x4.png	assets/pokemon-animation-cards/rc31-kanto-051-100-source-audited-v4/dex-057__form-00__gender-none__palette-shiny__runtime.png	rc31-original-trs-reviewed-body-skin-v4:pm0057_00:00:none:shiny	8	1.3333333730697632	8	0.8333333730697632	256	256	22	27	234	233	128	221.48423925990434	192.17224739562144	15	16	a2123d763aa1b2e153b875dcfd0e262c9e6229bdbf776fa7866c0608f53d866d	958aa17c95cc037a7993ba2dee270ebd495088a79fae98f7c2b90b6f9e2acfe7	78ce176bac73088dd3a198b8b54cb9cc6c48574243e4a2b809cfc446e5dbf14c	assets/pokemon-animation-cards/rc31-kanto-051-100-source-audited-v4/dex-057__form-00__gender-none__palette-shiny__admission.json	verified-render
58	growlithe	base	none	normal	assets/pokemon-animation-cards/rc31-kanto-051-100-source-audited-v4/dex-058__form-00__gender-none__palette-normal__idle-8x4.png	assets/pokemon-animation-cards/rc31-kanto-051-100-source-audited-v4/dex-058__form-00__gender-none__palette-normal__walk-8x4.png	assets/pokemon-animation-cards/rc31-kanto-051-100-source-audited-v4/dex-058__form-00__gender-none__palette-normal__runtime.png	rc31-original-trs-reviewed-body-skin-v4:pm0058_00:00:none:normal	8	0.8000000715255737	8	0.6666666865348816	256	256	17	63	239	201	128	189.25645124307616	131.1251926479084	15	16	2dfda538980133d42e65b85664170a97a710436ea061fe66aadf0e412ddd1414	a4ec0abb900a4a83f784270ee4f46b42b5b71e759e560902dfe8f9679084cbce	d39dae2804a9efb82f33f037547f03ae9ac54c0aacda223af2e7869df07f85dd	assets/pokemon-animation-cards/rc31-kanto-051-100-source-audited-v4/dex-058__form-00__gender-none__palette-normal__admission.json	verified-render
58	growlithe	base	none	shiny	assets/pokemon-animation-cards/rc31-kanto-051-100-source-audited-v4/dex-058__form-00__gender-none__palette-shiny__idle-8x4.png	assets/pokemon-animation-cards/rc31-kanto-051-100-source-audited-v4/dex-058__form-00__gender-none__palette-shiny__walk-8x4.png	assets/pokemon-animation-cards/rc31-kanto-051-100-source-audited-v4/dex-058__form-00__gender-none__palette-shiny__runtime.png	rc31-original-trs-reviewed-body-skin-v4:pm0058_00:00:none:shiny	8	0.8000000715255737	8	0.6666666865348816	256	256	17	63	239	201	128	189.25645124307616	131.1251926479084	15	16	c007ed0eee0549d7fcdc0af586b7b71dbc6c0be9dba4e51224c3071766ba5db5	96c8e08c25d2b250e9828f4f04ffdc7cf1d5795bf53e63d8cbd2e815c3223445	b36c17091d9ca2a17d1fe399794198566dc9e3f3a277cff652b4b18224a4a561	assets/pokemon-animation-cards/rc31-kanto-051-100-source-audited-v4/dex-058__form-00__gender-none__palette-shiny__admission.json	verified-render
59	arcanine	base	none	normal	assets/pokemon-animation-cards/rc31-kanto-051-100-source-audited-v4/dex-059__form-00__gender-none__palette-normal__idle-8x4.png	assets/pokemon-animation-cards/rc31-kanto-051-100-source-audited-v4/dex-059__form-00__gender-none__palette-normal__walk-8x4.png	assets/pokemon-animation-cards/rc31-kanto-051-100-source-audited-v4/dex-059__form-00__gender-none__palette-normal__runtime.png	rc31-original-trs-reviewed-body-skin-v4:pm0059_00:00:none:normal	8	1.7333334684371948	8	1.2666667699813843	256	256	17	74	239	183	128	174.52950319582	98.42064316201376	15	16	bc636f84fabfa33053dbfd53da4b21e8d3fb3bfd6e59dce5834d627fdcba8591	d11829999fd41402f01984e7897ce0d4bd8f07e7cee67c7d9f49c3bf262bbb86	9c481ae044a7fabe4542cded14dd8632be34ac294393051f727da37e33546085	assets/pokemon-animation-cards/rc31-kanto-051-100-source-audited-v4/dex-059__form-00__gender-none__palette-normal__admission.json	verified-render
59	arcanine	base	none	shiny	assets/pokemon-animation-cards/rc31-kanto-051-100-source-audited-v4/dex-059__form-00__gender-none__palette-shiny__idle-8x4.png	assets/pokemon-animation-cards/rc31-kanto-051-100-source-audited-v4/dex-059__form-00__gender-none__palette-shiny__walk-8x4.png	assets/pokemon-animation-cards/rc31-kanto-051-100-source-audited-v4/dex-059__form-00__gender-none__palette-shiny__runtime.png	rc31-original-trs-reviewed-body-skin-v4:pm0059_00:00:none:shiny	8	1.7333334684371948	8	1.2666667699813843	256	256	17	74	239	183	128	174.52950319582	98.42064316201376	15	16	232b30a1dcfcd75bb13493f31199d38e61efab3441dec0368a629f2bd776e041	63a08a51a6438604ce65610e1f9ff3adb0ef483f81228d60b082e3f043f7e935	caefee75ceb43602a5d18957e064be380c0c71c675bf93049a46217ba8adc0ec	assets/pokemon-animation-cards/rc31-kanto-051-100-source-audited-v4/dex-059__form-00__gender-none__palette-shiny__admission.json	verified-render
61	poliwhirl	base	none	normal	assets/pokemon-animation-cards/rc31-kanto-051-100-source-audited-v4/dex-061__form-00__gender-none__palette-normal__idle-8x4.png	assets/pokemon-animation-cards/rc31-kanto-051-100-source-audited-v4/dex-061__form-00__gender-none__palette-normal__walk-8x4.png	assets/pokemon-animation-cards/rc31-kanto-051-100-source-audited-v4/dex-061__form-00__gender-none__palette-normal__runtime.png	rc31-original-trs-reviewed-body-skin-v4:pm0061_00:00:none:normal	8	1.3333333730697632	8	1	256	256	17	51	239	208	128	198.85300857731443	147.83412690123083	15	16	d789e78fda51e0e137fca213497dae6abee7b69b0173b79fe7ee3c76e1a99c5b	0ed0ac1edab3c474bb4914f00242a4c6df6dabc326e74ea42cc7480eb8c3aec0	601a89c2a37dab83d0fb6b27f417ac5f0e4dd9f7170f6f3e6e6ced4c3d1da573	assets/pokemon-animation-cards/rc31-kanto-051-100-source-audited-v4/dex-061__form-00__gender-none__palette-normal__admission.json	verified-render
61	poliwhirl	base	none	shiny	assets/pokemon-animation-cards/rc31-kanto-051-100-source-audited-v4/dex-061__form-00__gender-none__palette-shiny__idle-8x4.png	assets/pokemon-animation-cards/rc31-kanto-051-100-source-audited-v4/dex-061__form-00__gender-none__palette-shiny__walk-8x4.png	assets/pokemon-animation-cards/rc31-kanto-051-100-source-audited-v4/dex-061__form-00__gender-none__palette-shiny__runtime.png	rc31-original-trs-reviewed-body-skin-v4:pm0061_00:00:none:shiny	8	1.3333333730697632	8	1	256	256	17	51	239	208	128	198.85300857731443	147.83412690123083	15	16	10450777133fab5d4da02ea3b5630097ada419bce630f7c0a67e19e9cc97f506	b8a0b38877a9688efe7395dfd1b509d2a10dded879e40adbe2cff2a724ca297e	394acccc545a4f9e596bc764f1d32cdbca64c052ca10b4fe7979224cbb9a8a6e	assets/pokemon-animation-cards/rc31-kanto-051-100-source-audited-v4/dex-061__form-00__gender-none__palette-shiny__admission.json	verified-render
62	poliwrath	base	none	normal	assets/pokemon-animation-cards/rc31-kanto-051-100-source-audited-v4/dex-062__form-00__gender-none__palette-normal__idle-8x4.png	assets/pokemon-animation-cards/rc31-kanto-051-100-source-audited-v4/dex-062__form-00__gender-none__palette-normal__walk-8x4.png	assets/pokemon-animation-cards/rc31-kanto-051-100-source-audited-v4/dex-062__form-00__gender-none__palette-normal__runtime.png	rc31-original-trs-reviewed-body-skin-v4:pm0062_00:00:none:normal	8	1.2333333492279053	8	1	256	256	17	49	239	211	128	200.5615383935299	147.0061848040269	15	16	f1cb91358aa924005ac03cd9e052620728d32825268580b45950534ab3513fd7	27acb10edb0845b2b63183239fb86ab7d93abebef689a1b16c19e7aafca60b40	df356462b0870a153ccf1e6536e263d87c0b8b13fb093c627135fa42f494a64a	assets/pokemon-animation-cards/rc31-kanto-051-100-source-audited-v4/dex-062__form-00__gender-none__palette-normal__admission.json	verified-render
62	poliwrath	base	none	shiny	assets/pokemon-animation-cards/rc31-kanto-051-100-source-audited-v4/dex-062__form-00__gender-none__palette-shiny__idle-8x4.png	assets/pokemon-animation-cards/rc31-kanto-051-100-source-audited-v4/dex-062__form-00__gender-none__palette-shiny__walk-8x4.png	assets/pokemon-animation-cards/rc31-kanto-051-100-source-audited-v4/dex-062__form-00__gender-none__palette-shiny__runtime.png	rc31-original-trs-reviewed-body-skin-v4:pm0062_00:00:none:shiny	8	1.2333333492279053	8	1	256	256	17	49	239	211	128	200.5615383935299	147.0061848040269	15	16	7845c0f42354a8589eabffb9ebe1eadeba104fd52644de191987466b6c161b00	642dca77d9cf0d14c6f7aa9f94a07ae22f7042d0a1f5d1c77bdae1c44c2c062f	096503e0be35e0f2135c08665f3ec985c1e8be6c60436d61515baf9c0be87174	assets/pokemon-animation-cards/rc31-kanto-051-100-source-audited-v4/dex-062__form-00__gender-none__palette-shiny__admission.json	verified-render
63	abra	base	none	normal	assets/pokemon-animation-cards/rc31-kanto-051-100-source-audited-v4/dex-063__form-00__gender-none__palette-normal__idle-8x4.png	assets/pokemon-animation-cards/rc31-kanto-051-100-source-audited-v4/dex-063__form-00__gender-none__palette-normal__walk-8x4.png	assets/pokemon-animation-cards/rc31-kanto-051-100-source-audited-v4/dex-063__form-00__gender-none__palette-normal__runtime.png	rc31-original-trs-reviewed-body-skin-v4:pm0063_00:00:none:normal	8	2.6666667461395264	8	1.5000001192092896	256	256	17	31	239	228	128	229.43710439090492	138.6309071801202	15	15	fe0255da8ff9a77e49530271dcd0cb75c968de9d1c47212fe6a66a224e53625a	533da33d28ae7b25b50aed321b5c44b13f34736cd29daf219063deffe22ee7fd	577bb5f1f014112c67e8971c8cf10e31fc73a0cba1b6974c407a1252d7ce4e2e	assets/pokemon-animation-cards/rc31-kanto-051-100-source-audited-v4/dex-063__form-00__gender-none__palette-normal__admission.json	verified-render
63	abra	base	none	shiny	assets/pokemon-animation-cards/rc31-kanto-051-100-source-audited-v4/dex-063__form-00__gender-none__palette-shiny__idle-8x4.png	assets/pokemon-animation-cards/rc31-kanto-051-100-source-audited-v4/dex-063__form-00__gender-none__palette-shiny__walk-8x4.png	assets/pokemon-animation-cards/rc31-kanto-051-100-source-audited-v4/dex-063__form-00__gender-none__palette-shiny__runtime.png	rc31-original-trs-reviewed-body-skin-v4:pm0063_00:00:none:shiny	8	2.6666667461395264	8	1.5000001192092896	256	256	17	31	239	228	128	229.43710439090492	138.6309071801202	15	15	35f1bd5a69f57d40f84f085447266ddd1e1e2388710ab90a23bee14abb173f47	680f0ae7a6a0063fc31abdd8784f25300ac4096d088e5e7becbf8e0725b568f3	a3fae49deb837cc71e1b81045d1c0ddaae9a6476bd46d1949e759d7d9967ab0d	assets/pokemon-animation-cards/rc31-kanto-051-100-source-audited-v4/dex-063__form-00__gender-none__palette-shiny__admission.json	verified-render
64	kadabra	base	none	normal	assets/pokemon-animation-cards/rc31-kanto-051-100-source-audited-v4/dex-064__form-00__gender-none__palette-normal__idle-8x4.png	assets/pokemon-animation-cards/rc31-kanto-051-100-source-audited-v4/dex-064__form-00__gender-none__palette-normal__walk-8x4.png	assets/pokemon-animation-cards/rc31-kanto-051-100-source-audited-v4/dex-064__form-00__gender-none__palette-normal__runtime.png	rc31-original-trs-reviewed-body-skin-v4:pm0064_00:00:none:normal	8	1.7333334684371948	8	2.1666667461395264	256	256	17	64	239	196	128	187.64190983262858	94.60119888433157	15	16	67316501c60c7271a0b72d4b3483e6a61551f6db3ec72261580851b66a563be0	cac4ab8ae0dba8912d572e8436737619ad0fcc620926acaaf7fb1eefaac64276	e0f8ade5ad6b57e454262058d4fbe2fcb3bca580666cd77e0d41c310f0d68013	assets/pokemon-animation-cards/rc31-kanto-051-100-source-audited-v4/dex-064__form-00__gender-none__palette-normal__admission.json	verified-render
64	kadabra	base	none	shiny	assets/pokemon-animation-cards/rc31-kanto-051-100-source-audited-v4/dex-064__form-00__gender-none__palette-shiny__idle-8x4.png	assets/pokemon-animation-cards/rc31-kanto-051-100-source-audited-v4/dex-064__form-00__gender-none__palette-shiny__walk-8x4.png	assets/pokemon-animation-cards/rc31-kanto-051-100-source-audited-v4/dex-064__form-00__gender-none__palette-shiny__runtime.png	rc31-original-trs-reviewed-body-skin-v4:pm0064_00:00:none:shiny	8	1.7333334684371948	8	2.1666667461395264	256	256	17	64	239	196	128	187.64190983262858	94.60119888433157	15	16	812c97c59d1d2ac019afe684451850fbc01053d9c4aedd642d5da5aff08832fd	ed5f063724a950634bfbb48e016d40d7374d0f550134be03612b44eb81adc72e	6e33bb960bbb317828ca206605ca209d518ac1300540233aae001c2fb2b2f0e5	assets/pokemon-animation-cards/rc31-kanto-051-100-source-audited-v4/dex-064__form-00__gender-none__palette-shiny__admission.json	verified-render
66	machop	base	none	normal	assets/pokemon-animation-cards/rc31-kanto-051-100-source-audited-v4/dex-066__form-00__gender-none__palette-normal__idle-8x4.png	assets/pokemon-animation-cards/rc31-kanto-051-100-source-audited-v4/dex-066__form-00__gender-none__palette-normal__walk-8x4.png	assets/pokemon-animation-cards/rc31-kanto-051-100-source-audited-v4/dex-066__form-00__gender-none__palette-normal__runtime.png	rc31-original-trs-reviewed-body-skin-v4:pm0066_00:00:none:normal	8	1	8	0.9333333969116211	256	256	44	26	212	234	128	222.971834618803	196.3391719899975	11	16	e00370cc874c711799911df970773d83c1a1b729176cd6547372af3f59626bf8	2bf98cc0233d1c6654d001fcdf69a22fe0243ede954a788e9036851dbcc25d96	ccf75f94034a4ce6d670ac3b9ea7a9d0064d8556844d5f31b744d788c5521295	assets/pokemon-animation-cards/rc31-kanto-051-100-source-audited-v4/dex-066__form-00__gender-none__palette-normal__admission.json	verified-render
66	machop	base	none	shiny	assets/pokemon-animation-cards/rc31-kanto-051-100-source-audited-v4/dex-066__form-00__gender-none__palette-shiny__idle-8x4.png	assets/pokemon-animation-cards/rc31-kanto-051-100-source-audited-v4/dex-066__form-00__gender-none__palette-shiny__walk-8x4.png	assets/pokemon-animation-cards/rc31-kanto-051-100-source-audited-v4/dex-066__form-00__gender-none__palette-shiny__runtime.png	rc31-original-trs-reviewed-body-skin-v4:pm0066_00:00:none:shiny	8	1	8	0.9333333969116211	256	256	44	26	212	234	128	222.971834618803	196.3391719899975	11	16	e4a2317c7f1bde7018a8c1f750433cba58eab660c6b0621efc00a2c2f5f238d6	6e158d247f89e52eb023d9392b7d28654841a8647510de92b3e05edc33bb4cdd	dd0b17d58255577e9be18d025b5dc4bd39ac77a6b9e587c55d1a782a824659b4	assets/pokemon-animation-cards/rc31-kanto-051-100-source-audited-v4/dex-066__form-00__gender-none__palette-shiny__admission.json	verified-render
67	machoke	base	none	normal	assets/pokemon-animation-cards/rc31-kanto-051-100-source-audited-v4/dex-067__form-00__gender-none__palette-normal__idle-8x4.png	assets/pokemon-animation-cards/rc31-kanto-051-100-source-audited-v4/dex-067__form-00__gender-none__palette-normal__walk-8x4.png	assets/pokemon-animation-cards/rc31-kanto-051-100-source-audited-v4/dex-067__form-00__gender-none__palette-normal__runtime.png	rc31-original-trs-reviewed-body-skin-v4:pm0067_00:00:none:normal	8	1.0666667222976685	8	1	256	256	35	26	221	233	128	222.18272067358544	189.88681793627984	14	16	b217849a9821ad971dbd21d9b514e0ebfb91b37fa4f2782691a1ab240f014fe9	ef8f65d337444983f148989de08bdab98ad66c43d94eb392732a2c51ca0870b7	3e89c21b611c45998b23937c187cf559a9ebe599222f359096e353956f7e75a6	assets/pokemon-animation-cards/rc31-kanto-051-100-source-audited-v4/dex-067__form-00__gender-none__palette-normal__admission.json	verified-render
67	machoke	base	none	shiny	assets/pokemon-animation-cards/rc31-kanto-051-100-source-audited-v4/dex-067__form-00__gender-none__palette-shiny__idle-8x4.png	assets/pokemon-animation-cards/rc31-kanto-051-100-source-audited-v4/dex-067__form-00__gender-none__palette-shiny__walk-8x4.png	assets/pokemon-animation-cards/rc31-kanto-051-100-source-audited-v4/dex-067__form-00__gender-none__palette-shiny__runtime.png	rc31-original-trs-reviewed-body-skin-v4:pm0067_00:00:none:shiny	8	1.0666667222976685	8	1	256	256	35	26	221	233	128	222.18272067358544	189.88681793627984	14	16	07a279aa2941daa4d6f1bbd498532c055f9700c03e661f4e24c197e7e476d859	04485b43622ece7c73adeba8c7dcd893481c3b142ef8d8fb73e5a0be861e7278	d14107506a3843c09dee14825b489f8bc4b3117a335805092c3aee7b3743a2fe	assets/pokemon-animation-cards/rc31-kanto-051-100-source-audited-v4/dex-067__form-00__gender-none__palette-shiny__admission.json	verified-render
68	machamp	base	none	normal	assets/pokemon-animation-cards/rc31-kanto-051-100-source-audited-v4/dex-068__form-00__gender-none__palette-normal__idle-8x4.png	assets/pokemon-animation-cards/rc31-kanto-051-100-source-audited-v4/dex-068__form-00__gender-none__palette-normal__walk-8x4.png	assets/pokemon-animation-cards/rc31-kanto-051-100-source-audited-v4/dex-068__form-00__gender-none__palette-normal__runtime.png	rc31-original-trs-reviewed-body-skin-v4:pm0068_00:00:none:normal	8	1.3333333730697632	8	1.1666667461395264	256	256	24	23	232	234	128	221.8519194293855	175.16161880267668	14	16	d4d0e0583259ea64c851bed01446a22c15f408061c51d0b4f963ca7a1d4fbe1f	20e996a11d4875181e0e9337b19c4f614853b79ae62d48c213b312b957bf4142	22142d98293b9e090ebe2ec4249d1385a42c24d8fec006e7f8d0dd8f7ba0187e	assets/pokemon-animation-cards/rc31-kanto-051-100-source-audited-v4/dex-068__form-00__gender-none__palette-normal__admission.json	verified-render
68	machamp	base	none	shiny	assets/pokemon-animation-cards/rc31-kanto-051-100-source-audited-v4/dex-068__form-00__gender-none__palette-shiny__idle-8x4.png	assets/pokemon-animation-cards/rc31-kanto-051-100-source-audited-v4/dex-068__form-00__gender-none__palette-shiny__walk-8x4.png	assets/pokemon-animation-cards/rc31-kanto-051-100-source-audited-v4/dex-068__form-00__gender-none__palette-shiny__runtime.png	rc31-original-trs-reviewed-body-skin-v4:pm0068_00:00:none:shiny	8	1.3333333730697632	8	1.1666667461395264	256	256	24	23	232	234	128	221.8519194293855	175.16161880267668	14	16	56f0b0792aa0903f1d8385e33408d6d5d62d9f6407d721e8b40d67d58cc74235	f3a4eef92b59fe7f234cf9e6c1e4c4dfbd88fbce6df1d9470be5c8416f505c5e	ecf37037f3d6c1baf4eeb01333b7ee1676077a681fe7e37d50aed5c93dfbdfc1	assets/pokemon-animation-cards/rc31-kanto-051-100-source-audited-v4/dex-068__form-00__gender-none__palette-shiny__admission.json	verified-render
72	tentacool	base	none	normal	assets/pokemon-animation-cards/rc31-kanto-051-100-source-audited-v4/dex-072__form-00__gender-none__palette-normal__idle-8x4.png	assets/pokemon-animation-cards/rc31-kanto-051-100-source-audited-v4/dex-072__form-00__gender-none__palette-normal__walk-8x4.png	assets/pokemon-animation-cards/rc31-kanto-051-100-source-audited-v4/dex-072__form-00__gender-none__palette-normal__runtime.png	rc31-original-trs-reviewed-body-skin-v4:pm0072_00:00:none:normal	8	2	8	2	256	256	50	26	206	235	128	251.73810304668834	184.24386640138377	9	16	1778954ec6abd488430eb7503b846e754c0f66ee098a7104f7ab85209ca900cb	4f8f02a8c5e7684584b6cf392eb7b0d274609c9e3001965d2a157471aa857092	8045e6b94d56d8683511125d286b5d25993e7101162d7776c9910aeb2b665bef	assets/pokemon-animation-cards/rc31-kanto-051-100-source-audited-v4/dex-072__form-00__gender-none__palette-normal__admission.json	verified-render
72	tentacool	base	none	shiny	assets/pokemon-animation-cards/rc31-kanto-051-100-source-audited-v4/dex-072__form-00__gender-none__palette-shiny__idle-8x4.png	assets/pokemon-animation-cards/rc31-kanto-051-100-source-audited-v4/dex-072__form-00__gender-none__palette-shiny__walk-8x4.png	assets/pokemon-animation-cards/rc31-kanto-051-100-source-audited-v4/dex-072__form-00__gender-none__palette-shiny__runtime.png	rc31-original-trs-reviewed-body-skin-v4:pm0072_00:00:none:shiny	8	2	8	2	256	256	50	26	206	235	128	251.73810304668834	184.24386640138377	9	16	1f6e1a7e861586143a8b7b2d5c6d61221a8e1ff8decb3957fd2d478747da148a	d976668194c306039e4bc9fb634f6c52288a67821e305ab5abc97788a684db2a	8ec2ffa73aeda7c518a7fe9bcf5d86ed445e07c328fad9efe3d65e985f61ce3e	assets/pokemon-animation-cards/rc31-kanto-051-100-source-audited-v4/dex-072__form-00__gender-none__palette-shiny__admission.json	verified-render
74	geodude	base	none	normal	assets/pokemon-animation-cards/rc31-kanto-051-100-source-audited-v4/dex-074__form-00__gender-none__palette-normal__idle-8x4.png	assets/pokemon-animation-cards/rc31-kanto-051-100-source-audited-v4/dex-074__form-00__gender-none__palette-normal__walk-8x4.png	assets/pokemon-animation-cards/rc31-kanto-051-100-source-audited-v4/dex-074__form-00__gender-none__palette-normal__runtime.png	rc31-original-trs-reviewed-body-skin-v4:pm0074_00:00:none:normal	8	1.6666667461395264	8	1	256	256	17	60	239	190	128	222.9687592460858	64.86903244831483	15	11	1e15c47c53826d8fb4a59af07b752f3247d080fa00b5ab43ac205209714aa2ba	5259cf31a79a5e752aa84f808f6bb1f71b89965839d70eb69362a5ab6c826f17	37bd071c83487368dcd208e088b05d36f6c36b0fa7500a73864cae2c89d32dad	assets/pokemon-animation-cards/rc31-kanto-051-100-source-audited-v4/dex-074__form-00__gender-none__palette-normal__admission.json	verified-render
74	geodude	base	none	shiny	assets/pokemon-animation-cards/rc31-kanto-051-100-source-audited-v4/dex-074__form-00__gender-none__palette-shiny__idle-8x4.png	assets/pokemon-animation-cards/rc31-kanto-051-100-source-audited-v4/dex-074__form-00__gender-none__palette-shiny__walk-8x4.png	assets/pokemon-animation-cards/rc31-kanto-051-100-source-audited-v4/dex-074__form-00__gender-none__palette-shiny__runtime.png	rc31-original-trs-reviewed-body-skin-v4:pm0074_00:00:none:shiny	8	1.6666667461395264	8	1	256	256	17	60	239	190	128	222.9687592460858	64.86903244831483	15	11	e3754e1c9282a9c881a1e6eed8095fac735a86b3c81ce81ad9607da0b4ea8623	d61e065ba4c9af361b64b324e0619b19311fec696bda22ccba97bd658d3fd774	bfabedcbd13c1e2936d581d80d6045215e2228e40f9a98dac9b0fc4cbbd6428b	assets/pokemon-animation-cards/rc31-kanto-051-100-source-audited-v4/dex-074__form-00__gender-none__palette-shiny__admission.json	verified-render
75	graveler	base	none	normal	assets/pokemon-animation-cards/rc31-kanto-051-100-source-audited-v4/dex-075__form-00__gender-none__palette-normal__idle-8x4.png	assets/pokemon-animation-cards/rc31-kanto-051-100-source-audited-v4/dex-075__form-00__gender-none__palette-normal__walk-8x4.png	assets/pokemon-animation-cards/rc31-kanto-051-100-source-audited-v4/dex-075__form-00__gender-none__palette-normal__runtime.png	rc31-original-trs-reviewed-body-skin-v4:pm0075_00:00:none:normal	8	1.6666667461395264	8	1	256	256	17	69	239	194	128	182.56151062158563	106.51900630458704	15	14	24afd5acbcf82811411c7399145015e387a1c9584619d0558278bfee078eb655	0e4f4780e0ac3ebda648075f69acd0a766d1f1d5016a97efabf078062c2feceb	fedc71ae1bd483c636063854421eee10c1c6d143334d0576a14ac3e5418461a0	assets/pokemon-animation-cards/rc31-kanto-051-100-source-audited-v4/dex-075__form-00__gender-none__palette-normal__admission.json	verified-render
75	graveler	base	none	shiny	assets/pokemon-animation-cards/rc31-kanto-051-100-source-audited-v4/dex-075__form-00__gender-none__palette-shiny__idle-8x4.png	assets/pokemon-animation-cards/rc31-kanto-051-100-source-audited-v4/dex-075__form-00__gender-none__palette-shiny__walk-8x4.png	assets/pokemon-animation-cards/rc31-kanto-051-100-source-audited-v4/dex-075__form-00__gender-none__palette-shiny__runtime.png	rc31-original-trs-reviewed-body-skin-v4:pm0075_00:00:none:shiny	8	1.6666667461395264	8	1	256	256	17	69	239	194	128	182.56151062158563	106.51900630458704	15	14	b18b054e1294f9a252d6649ed2cb54d0f1df0918b5987cb325ca7e7ec186d1fd	a547af58fa5f00536b94db74fa025354dd44c6fb56b0dece8b2ba403138ccdd6	8781536b95d6e630c1b6e1d73e244e7523e6310f497b4610d2e34acae4f01e5a	assets/pokemon-animation-cards/rc31-kanto-051-100-source-audited-v4/dex-075__form-00__gender-none__palette-shiny__admission.json	verified-render
79	slowpoke	base	none	normal	assets/pokemon-animation-cards/rc31-kanto-051-100-source-audited-v4/dex-079__form-00__gender-none__palette-normal__idle-8x4.png	assets/pokemon-animation-cards/rc31-kanto-051-100-source-audited-v4/dex-079__form-00__gender-none__palette-normal__walk-8x4.png	assets/pokemon-animation-cards/rc31-kanto-051-100-source-audited-v4/dex-079__form-00__gender-none__palette-normal__runtime.png	rc31-original-trs-reviewed-body-skin-v4:pm0079_00:00:none:normal	8	1.6666667461395264	8	2	256	256	17	40	239	217	128	206.2692418369497	95.33900425996724	15	16	5d16efcceb7e477f8317a03d8fdb8df6d28b296931788c5e1932419a8eca4262	dd4ed713e43981687e77973aea8a0e396a59372bba919f9aa1981e684b6af03b	1fbfc93b68e01466d67ae5172cf7f83b78525e7f55903017e4335198b7eb4df4	assets/pokemon-animation-cards/rc31-kanto-051-100-source-audited-v4/dex-079__form-00__gender-none__palette-normal__admission.json	verified-render
79	slowpoke	base	none	shiny	assets/pokemon-animation-cards/rc31-kanto-051-100-source-audited-v4/dex-079__form-00__gender-none__palette-shiny__idle-8x4.png	assets/pokemon-animation-cards/rc31-kanto-051-100-source-audited-v4/dex-079__form-00__gender-none__palette-shiny__walk-8x4.png	assets/pokemon-animation-cards/rc31-kanto-051-100-source-audited-v4/dex-079__form-00__gender-none__palette-shiny__runtime.png	rc31-original-trs-reviewed-body-skin-v4:pm0079_00:00:none:shiny	8	1.6666667461395264	8	2	256	256	17	40	239	217	128	206.2692418369497	95.33900425996724	15	16	3dbfd6dd92d8c2a17d207f63016471f4525d8d0590f79469a5874bda2fb0ec44	e2d3e10a64e2e62c05247da4ae0ea6790e395fe35492714458274c0d714aefe8	28349ab071a353b44af0a495dd1fa42570e56c68df68cb5025efa9feb626c900	assets/pokemon-animation-cards/rc31-kanto-051-100-source-audited-v4/dex-079__form-00__gender-none__palette-shiny__admission.json	verified-render
80	slowbro	base	none	normal	assets/pokemon-animation-cards/rc31-kanto-051-100-source-audited-v4/dex-080__form-00__gender-none__palette-normal__idle-8x4.png	assets/pokemon-animation-cards/rc31-kanto-051-100-source-audited-v4/dex-080__form-00__gender-none__palette-normal__walk-8x4.png	assets/pokemon-animation-cards/rc31-kanto-051-100-source-audited-v4/dex-080__form-00__gender-none__palette-normal__runtime.png	rc31-original-trs-reviewed-body-skin-v4:pm0080_00:00:none:normal	8	2	8	1.6000001430511475	256	256	17	59	239	204	128	184.53918151773254	122.7643032805837	15	12	bfca71a041ff6ba8ae99235181a881179833c45e89420503016ef504de9eabf1	002003a8802a0f8958f1f07e87bb897570d14e3da4b4be5c01090cb25016c71f	b9fd2c289c6869dbfb07bcdf45c43c123c616ae3487c0fcef5ae36342da017b7	assets/pokemon-animation-cards/rc31-kanto-051-100-source-audited-v4/dex-080__form-00__gender-none__palette-normal__admission.json	verified-render
80	slowbro	base	none	shiny	assets/pokemon-animation-cards/rc31-kanto-051-100-source-audited-v4/dex-080__form-00__gender-none__palette-shiny__idle-8x4.png	assets/pokemon-animation-cards/rc31-kanto-051-100-source-audited-v4/dex-080__form-00__gender-none__palette-shiny__walk-8x4.png	assets/pokemon-animation-cards/rc31-kanto-051-100-source-audited-v4/dex-080__form-00__gender-none__palette-shiny__runtime.png	rc31-original-trs-reviewed-body-skin-v4:pm0080_00:00:none:shiny	8	2	8	1.6000001430511475	256	256	17	59	239	204	128	184.53918151773254	122.7643032805837	15	12	e8912f20d2be68da55846709525684d5c984ecc549d8d3974be5b67807e541c4	540dc988ec7732a997ec4d2ef3d746263de13aa8057eaf1e172f2dc75f6986e1	b5a9b387eae78f88631e9dd2b9a0caa8205f7e9c51ce1d4afc21775304b282d1	assets/pokemon-animation-cards/rc31-kanto-051-100-source-audited-v4/dex-080__form-00__gender-none__palette-shiny__admission.json	verified-render
84	doduo	base	none	normal	assets/pokemon-animation-cards/rc31-kanto-051-100-source-audited-v4/dex-084__form-00__gender-none__palette-normal__idle-8x4.png	assets/pokemon-animation-cards/rc31-kanto-051-100-source-audited-v4/dex-084__form-00__gender-none__palette-normal__walk-8x4.png	assets/pokemon-animation-cards/rc31-kanto-051-100-source-audited-v4/dex-084__form-00__gender-none__palette-normal__runtime.png	rc31-original-trs-reviewed-body-skin-v4:pm0084_00:00:none:normal	8	1.533333420753479	8	1	256	256	38	24	218	235	128	220.99066668731962	199.51706037246237	9	16	c7a94c2f50fed03f97545d31c32ec6c35479300c5f6622f9d22992626224676f	e35c3af05f4a7a1145ff586f2e99a5071c87472dcba655955e9974ccf1c80a20	9e7f88cee2a06602523703a394a0de0f5bc016a443263074c0c8be2ead55acd3	assets/pokemon-animation-cards/rc31-kanto-051-100-source-audited-v4/dex-084__form-00__gender-none__palette-normal__admission.json	verified-render
84	doduo	base	none	shiny	assets/pokemon-animation-cards/rc31-kanto-051-100-source-audited-v4/dex-084__form-00__gender-none__palette-shiny__idle-8x4.png	assets/pokemon-animation-cards/rc31-kanto-051-100-source-audited-v4/dex-084__form-00__gender-none__palette-shiny__walk-8x4.png	assets/pokemon-animation-cards/rc31-kanto-051-100-source-audited-v4/dex-084__form-00__gender-none__palette-shiny__runtime.png	rc31-original-trs-reviewed-body-skin-v4:pm0084_00:00:none:shiny	8	1.533333420753479	8	1	256	256	38	24	218	235	128	220.99066668731962	199.51706037246237	9	16	5aa5e9e03c62920ff00b941166784a4adbce37a801f98348b8d5005f4902b808	4d9754d17216a7c2f0b2449c54dcc6e0450560f927de6fb84d3937cd78d83e85	b9c49dbb2f87145b6516dce71197b759e275e9b4bc2b7cc9278097980c96bbdb	assets/pokemon-animation-cards/rc31-kanto-051-100-source-audited-v4/dex-084__form-00__gender-none__palette-shiny__admission.json	verified-render
85	dodrio	base	none	normal	assets/pokemon-animation-cards/rc31-kanto-051-100-source-audited-v4/dex-085__form-00__gender-none__palette-normal__idle-8x4.png	assets/pokemon-animation-cards/rc31-kanto-051-100-source-audited-v4/dex-085__form-00__gender-none__palette-normal__walk-8x4.png	assets/pokemon-animation-cards/rc31-kanto-051-100-source-audited-v4/dex-085__form-00__gender-none__palette-normal__runtime.png	rc31-original-trs-reviewed-body-skin-v4:pm0085_00:00:none:normal	8	2	8	1	256	256	21	26	235	231	128	221.91776371516804	185.80382082863696	14	16	5284dfce73f4c3adb7762b7081e02d25f22bcf5e08bdfd9709ea054b435808e4	34316cbbfba779896088690501c68b4cbd3376f60f8f45d9c04452531c7db487	45e343324eea7d3acd0231cce40e99b44d67ad511eed91b7957ade1cba3a5c0e	assets/pokemon-animation-cards/rc31-kanto-051-100-source-audited-v4/dex-085__form-00__gender-none__palette-normal__admission.json	verified-render
85	dodrio	base	none	shiny	assets/pokemon-animation-cards/rc31-kanto-051-100-source-audited-v4/dex-085__form-00__gender-none__palette-shiny__idle-8x4.png	assets/pokemon-animation-cards/rc31-kanto-051-100-source-audited-v4/dex-085__form-00__gender-none__palette-shiny__walk-8x4.png	assets/pokemon-animation-cards/rc31-kanto-051-100-source-audited-v4/dex-085__form-00__gender-none__palette-shiny__runtime.png	rc31-original-trs-reviewed-body-skin-v4:pm0085_00:00:none:shiny	8	2	8	1	256	256	21	26	235	231	128	221.91776371516804	185.80382082863696	14	16	8155655988ef0c70ef4c5fa4a792610eca02c6036fa1486dc5245919332f9558	00ae036220e47aba005797ce73485f32db686d11f82c9716583abc803b0cc522	6ffe9f8c33d40c0fb79e2b3db2788b0a36738a9a071f46154b6c846ba357d948	assets/pokemon-animation-cards/rc31-kanto-051-100-source-audited-v4/dex-085__form-00__gender-none__palette-shiny__admission.json	verified-render
86	seel	base	none	normal	assets/pokemon-animation-cards/rc31-kanto-051-100-source-audited-v4/dex-086__form-00__gender-none__palette-normal__idle-8x4.png	assets/pokemon-animation-cards/rc31-kanto-051-100-source-audited-v4/dex-086__form-00__gender-none__palette-normal__walk-8x4.png	assets/pokemon-animation-cards/rc31-kanto-051-100-source-audited-v4/dex-086__form-00__gender-none__palette-normal__runtime.png	rc31-original-trs-reviewed-body-skin-v4:pm0086_00:00:none:normal	8	2	8	0.6666666865348816	256	256	17	70	239	190	128	176.03287526401792	98.75137073198277	15	11	a5e77dad373efb7b2b69893b2cbe4087d39fb8ea040c2d161f9603ba09067f44	8808dde47ecd2b8ec453e924dd5ed96677e58e418bf86d6800d9c0235f91e550	5dbd75fd83f1a1220d9bbd48d5c63921aa8c5acdc13adf743a57bfa8311f4192	assets/pokemon-animation-cards/rc31-kanto-051-100-source-audited-v4/dex-086__form-00__gender-none__palette-normal__admission.json	verified-render
86	seel	base	none	shiny	assets/pokemon-animation-cards/rc31-kanto-051-100-source-audited-v4/dex-086__form-00__gender-none__palette-shiny__idle-8x4.png	assets/pokemon-animation-cards/rc31-kanto-051-100-source-audited-v4/dex-086__form-00__gender-none__palette-shiny__walk-8x4.png	assets/pokemon-animation-cards/rc31-kanto-051-100-source-audited-v4/dex-086__form-00__gender-none__palette-shiny__runtime.png	rc31-original-trs-reviewed-body-skin-v4:pm0086_00:00:none:shiny	8	2	8	0.6666666865348816	256	256	17	70	239	190	128	176.03287526401792	98.75137073198277	15	11	63b44ee07f814968909bd687abf028aac7581f5c0548e36a6036fef8b8937622	0881ebf8c90ebb97b11d5b6f233a68b0dbf4bac97fa5be1c290cd86481c35e86	3781b454f91b0b69aae0469a28173eb5dadc20c9aafc300d6039bf355b0779e3	assets/pokemon-animation-cards/rc31-kanto-051-100-source-audited-v4/dex-086__form-00__gender-none__palette-shiny__admission.json	verified-render
87	dewgong	base	none	normal	assets/pokemon-animation-cards/rc31-kanto-051-100-source-audited-v4/dex-087__form-00__gender-none__palette-normal__idle-8x4.png	assets/pokemon-animation-cards/rc31-kanto-051-100-source-audited-v4/dex-087__form-00__gender-none__palette-normal__walk-8x4.png	assets/pokemon-animation-cards/rc31-kanto-051-100-source-audited-v4/dex-087__form-00__gender-none__palette-normal__runtime.png	rc31-original-trs-reviewed-body-skin-v4:pm0087_00:00:none:normal	8	2	8	1	256	256	17	67	239	189	128	176.6586549006412	54.49484865713954	15	14	fedee365f030bb889b9883e7ce4db62dcaa865ef74904fad132ca25f8b68b8f6	2902f00e0c75d3805091b7e5d3cf497a55c9696e6c8f958b3b8911a9d9358699	dee5c527c95f1f9652966744b2f7f2fc71ddf4efa574da3c549df972bf5764e8	assets/pokemon-animation-cards/rc31-kanto-051-100-source-audited-v4/dex-087__form-00__gender-none__palette-normal__admission.json	verified-render
87	dewgong	base	none	shiny	assets/pokemon-animation-cards/rc31-kanto-051-100-source-audited-v4/dex-087__form-00__gender-none__palette-shiny__idle-8x4.png	assets/pokemon-animation-cards/rc31-kanto-051-100-source-audited-v4/dex-087__form-00__gender-none__palette-shiny__walk-8x4.png	assets/pokemon-animation-cards/rc31-kanto-051-100-source-audited-v4/dex-087__form-00__gender-none__palette-shiny__runtime.png	rc31-original-trs-reviewed-body-skin-v4:pm0087_00:00:none:shiny	8	2	8	1	256	256	17	67	239	189	128	176.6586549006412	54.49484865713954	15	14	122217c313c45bc8d2d019b3bde5432d2a309eab3088d3ff472dc44094e3f8fe	9b217cea1488263e87f32e13b76085983b1b224c02e2e5f9185c7b180aeca699	31d0ed1fd27761d7a84d10bbf1e41d783f91661c70bbb679ce21d7263a2aa7f8	assets/pokemon-animation-cards/rc31-kanto-051-100-source-audited-v4/dex-087__form-00__gender-none__palette-shiny__admission.json	verified-render
97	hypno	base	none	normal	assets/pokemon-animation-cards/rc31-kanto-051-100-source-audited-v4/dex-097__form-00__gender-none__palette-normal__idle-8x4.png	assets/pokemon-animation-cards/rc31-kanto-051-100-source-audited-v4/dex-097__form-00__gender-none__palette-normal__walk-8x4.png	assets/pokemon-animation-cards/rc31-kanto-051-100-source-audited-v4/dex-097__form-00__gender-none__palette-normal__runtime.png	rc31-original-trs-reviewed-body-skin-v4:pm0097_00:00:none:normal	8	1.6000001430511475	8	1	256	256	17	28	239	231	128	220.92006320362376	190.6082781860903	15	16	9f713c6d26399aa8e9c189df5406e421866c4f0c64d677276bf1508e4afa106a	30ebb8a6a43ea700ac13a0142c14ebb70f0ed925644ab856c414f1607904da9a	e0bdda649817e90e922522006ee1a53f16c0a36149ed6c5a54de2931ef903e93	assets/pokemon-animation-cards/rc31-kanto-051-100-source-audited-v4/dex-097__form-00__gender-none__palette-normal__admission.json	verified-render
97	hypno	base	none	shiny	assets/pokemon-animation-cards/rc31-kanto-051-100-source-audited-v4/dex-097__form-00__gender-none__palette-shiny__idle-8x4.png	assets/pokemon-animation-cards/rc31-kanto-051-100-source-audited-v4/dex-097__form-00__gender-none__palette-shiny__walk-8x4.png	assets/pokemon-animation-cards/rc31-kanto-051-100-source-audited-v4/dex-097__form-00__gender-none__palette-shiny__runtime.png	rc31-original-trs-reviewed-body-skin-v4:pm0097_00:00:none:shiny	8	1.6000001430511475	8	1	256	256	17	28	239	231	128	220.92006320362376	190.6082781860903	15	16	781e9ca685dd3efe023f729aafb51e3a34e6ed1ca2e11d52bd67dc10397b337f	937f256b25af4da9b436822bde415a5dd7e1862146d82a931ee08570a8eb20e6	a26efd97d20bbc35027d81f544be068ff02f9f01f1446648191112be1f40673d	assets/pokemon-animation-cards/rc31-kanto-051-100-source-audited-v4/dex-097__form-00__gender-none__palette-shiny__admission.json	verified-render
15	beedrill	base	none	normal	assets/pokemon-animation-cards/rc31-beedrill-alpha-body-v3/dex-015__form-00__gender-none__palette-normal__idle-8x4.png	assets/pokemon-animation-cards/rc31-beedrill-alpha-body-v3/dex-015__form-00__gender-none__palette-normal__walk-8x4.png	assets/pokemon-animation-cards/rc31-beedrill-alpha-body-v3/dex-015__form-00__gender-none__palette-normal__runtime.png	rc31-original-trs-body-alpha-v3:pm0015_00:00:none:normal	8	1.3333333730697632	8	0.6666666865348816	256	256	40	20	216	237	128	255.71840720087994	131.0571281583882	15	16	8eb02f379b778b56016144373ab06e1ee90f916151aade77f6dcfbab759d7d5a	1599af12aa86dd4c528c516aff8b5b138490441529ae26a84524fb3acfe90d3b	affb7686c7e38f26b26c5da5f43b911737ac8917412e512e3757c2c9f9e11dc1	assets/pokemon-animation-cards/rc31-beedrill-alpha-body-v3/dex-015__form-00__gender-none__palette-normal__admission.json	verified-render
15	beedrill	base	none	shiny	assets/pokemon-animation-cards/rc31-beedrill-alpha-body-v3/dex-015__form-00__gender-none__palette-shiny__idle-8x4.png	assets/pokemon-animation-cards/rc31-beedrill-alpha-body-v3/dex-015__form-00__gender-none__palette-shiny__walk-8x4.png	assets/pokemon-animation-cards/rc31-beedrill-alpha-body-v3/dex-015__form-00__gender-none__palette-shiny__runtime.png	rc31-original-trs-body-alpha-v3:pm0015_00:00:none:shiny	8	1.3333333730697632	8	0.6666666865348816	256	256	40	20	216	237	128	255.71840720087994	131.0571281583882	15	16	f3d10a3a96755a4c901eedce59f9dad33f46b0d4970def25b37c21c1f2a71fda	d682f00c72aa92a6ece2743536b797f315860ec21aec5c42584e3545384a78d0	e6cca3cffd687832a648caee2178852b7e888d761c1e3e11b3d9292561995c2c	assets/pokemon-animation-cards/rc31-beedrill-alpha-body-v3/dex-015__form-00__gender-none__palette-shiny__admission.json	verified-render
102	exeggcute	base	none	normal	assets/pokemon-animation-cards/rc31-rigid-repair-102-137/dex-102__form-00__gender-none__palette-normal__idle-8x4.png	assets/pokemon-animation-cards/rc31-rigid-repair-102-137/dex-102__form-00__gender-none__palette-normal__walk-8x4.png	assets/pokemon-animation-cards/rc31-rigid-repair-102-137/dex-102__form-00__gender-none__palette-normal__runtime.png	rc31-original-trs-v1:pm0102_00:00:none:normal	8	2	8	0.8666667342185974	256	256	17	58	239	205	128	193.86270672041113	79	15	7	0d709cc5d52f465b86db28ea06b5e8b81650f7f5bdd2b052448ece3c3a35e49a	913595eb10c5221d4a6ba59c180e89d82b15427acc02e4e14580a5e7884c1bed	6f656cbe2da5859327307f66ea2704964946779cfb0d3268768d4a8c6bb36b52	assets/pokemon-animation-cards/rc31-rigid-repair-102-137/dex-102__form-00__gender-none__palette-normal__admission.json	verified-render
102	exeggcute	base	none	shiny	assets/pokemon-animation-cards/rc31-rigid-repair-102-137/dex-102__form-00__gender-none__palette-shiny__idle-8x4.png	assets/pokemon-animation-cards/rc31-rigid-repair-102-137/dex-102__form-00__gender-none__palette-shiny__walk-8x4.png	assets/pokemon-animation-cards/rc31-rigid-repair-102-137/dex-102__form-00__gender-none__palette-shiny__runtime.png	rc31-original-trs-v1:pm0102_00:00:none:shiny	8	2	8	0.8666667342185974	256	256	17	58	239	205	128	193.86270672041113	79	15	7	bbefcffa9058f409e4b7f32e3363200e719eda8b9b08988952722f00d7f4683d	2ed5d8ad97b33e41320d3ce76cb40cd7c4e0b436377f7cb5161edf559808440b	6b04fb32911a188628d1403e5322d2e11a1a224720a6e651ab022c4333c8836d	assets/pokemon-animation-cards/rc31-rigid-repair-102-137/dex-102__form-00__gender-none__palette-shiny__admission.json	verified-render
137	porygon	base	none	normal	assets/pokemon-animation-cards/rc31-rigid-repair-102-137/dex-137__form-00__gender-none__palette-normal__idle-8x4.png	assets/pokemon-animation-cards/rc31-rigid-repair-102-137/dex-137__form-00__gender-none__palette-normal__walk-8x4.png	assets/pokemon-animation-cards/rc31-rigid-repair-102-137/dex-137__form-00__gender-none__palette-normal__runtime.png	rc31-original-trs-v1:pm0137_00:00:none:normal	8	1.6000001430511475	8	1	256	256	17	35	239	226	128	238.57796126475918	126	15	16	1b2de92e44a0426e3ef76f5a3f5450777438b8c9f374b49c1f244fac4b23cf07	ba29f1d051725bff671edcde2944e68a49b14e9eb5959f313baca62c67704d73	3afda655fa3f8ac889a8791feda154dc28fd49c18a3d15145a6fc19396326ea0	assets/pokemon-animation-cards/rc31-rigid-repair-102-137/dex-137__form-00__gender-none__palette-normal__admission.json	verified-render
137	porygon	base	none	shiny	assets/pokemon-animation-cards/rc31-rigid-repair-102-137/dex-137__form-00__gender-none__palette-shiny__idle-8x4.png	assets/pokemon-animation-cards/rc31-rigid-repair-102-137/dex-137__form-00__gender-none__palette-shiny__walk-8x4.png	assets/pokemon-animation-cards/rc31-rigid-repair-102-137/dex-137__form-00__gender-none__palette-shiny__runtime.png	rc31-original-trs-v1:pm0137_00:00:none:shiny	8	1.6000001430511475	8	1	256	256	17	35	239	226	128	238.57796126475918	126	15	16	662da3749320193058a227a845f1a7c978d0de51b37ddfbd882ea98a434f9e5f	ae0dadc6072afc22b14a44f47ba6d312696ed6da5b695d4e1ef25ed8406c266c	07cec184fb4a16425f8f26404de6f07019d2db4d0253c9bb5086fe2a28da5c3c	assets/pokemon-animation-cards/rc31-rigid-repair-102-137/dex-137__form-00__gender-none__palette-shiny__admission.json	verified-render
60	poliwag	base	none	normal	assets/pokemon-animation-cards/rc31-repair-060-073-076/dex-060__form-00__gender-none__palette-normal__idle-8x4.png	assets/pokemon-animation-cards/rc31-repair-060-073-076/dex-060__form-00__gender-none__palette-normal__walk-8x4.png	assets/pokemon-animation-cards/rc31-repair-060-073-076/dex-060__form-00__gender-none__palette-normal__runtime.png	rc31-original-full-hierarchy-body-v3:pm0060_00:00:none:normal	8	1.5000001192092896	8	0.8000000715255737	256	256	17	69	239	184	128	174.07152483274047	91.93886201489782	15	15	ce3fc9b8ba54917d041691195629f63aca4fbbf8360dd6707130ed6d1169b56c	d612df6b5b7d05621369168dd1e3f876ea7ba9dcfc92b0bf21b5c7228f361646	b75bdabf45a61a5aab87704a4f37f729c358a8d7b388d62c862b5ca6e332eb1e	assets/pokemon-animation-cards/rc31-repair-060-073-076/dex-060__form-00__gender-none__palette-normal__admission.json	verified-render
60	poliwag	base	none	shiny	assets/pokemon-animation-cards/rc31-repair-060-073-076/dex-060__form-00__gender-none__palette-shiny__idle-8x4.png	assets/pokemon-animation-cards/rc31-repair-060-073-076/dex-060__form-00__gender-none__palette-shiny__walk-8x4.png	assets/pokemon-animation-cards/rc31-repair-060-073-076/dex-060__form-00__gender-none__palette-shiny__runtime.png	rc31-original-full-hierarchy-body-v3:pm0060_00:00:none:shiny	8	1.5000001192092896	8	0.8000000715255737	256	256	17	69	239	184	128	174.07152483274047	91.93886201489782	15	15	3f06cd03447891fef3c9fad64dfd2bd8cbb9ffc8e78b560d9014529ea3a2e726	a47be5cedda19f319ab3b196054a95fa343a6b550034bb0f06d30e7795bf188b	5584e64396ca5117ed383e6fa054eaf862202de409316877915d7ee7c3ab0787	assets/pokemon-animation-cards/rc31-repair-060-073-076/dex-060__form-00__gender-none__palette-shiny__admission.json	verified-render
73	tentacruel	base	none	normal	assets/pokemon-animation-cards/rc31-repair-060-073-076/dex-073__form-00__gender-none__palette-normal__idle-8x4.png	assets/pokemon-animation-cards/rc31-repair-060-073-076/dex-073__form-00__gender-none__palette-normal__walk-8x4.png	assets/pokemon-animation-cards/rc31-repair-060-073-076/dex-073__form-00__gender-none__palette-normal__runtime.png	rc31-original-full-hierarchy-body-v3:pm0073_00:00:none:normal	8	2.6666667461395264	8	1.3333333730697632	256	256	46	26	210	233	128	229.7727520067142	167.37539324559532	13	16	e234f410b6cf1d2edea2ab04bdabe2043a2da970090b900d87c71c229eaff62d	39657569ac3b3f09225240d9d65a80a38b38fc71990122fc59af092a4fcf23cd	2628820e22fa55eaf14e671ec53276894253c500116d40cb3be4a63486862801	assets/pokemon-animation-cards/rc31-repair-060-073-076/dex-073__form-00__gender-none__palette-normal__admission.json	verified-render
73	tentacruel	base	none	shiny	assets/pokemon-animation-cards/rc31-repair-060-073-076/dex-073__form-00__gender-none__palette-shiny__idle-8x4.png	assets/pokemon-animation-cards/rc31-repair-060-073-076/dex-073__form-00__gender-none__palette-shiny__walk-8x4.png	assets/pokemon-animation-cards/rc31-repair-060-073-076/dex-073__form-00__gender-none__palette-shiny__runtime.png	rc31-original-full-hierarchy-body-v3:pm0073_00:00:none:shiny	8	2.6666667461395264	8	1.3333333730697632	256	256	46	26	210	233	128	229.7727520067142	167.37539324559532	13	16	99df5a2af4395f4beb79e9ec636cf80989393c892a29d91cdd6d05627070963a	af212ca3d21fe8724b39901854c621952739edce1b9cb08afb938b25428cc90c	ef6f1a574ec727923dadf53974fb4515b2ec7e79b97b641e8c76ecb282ca1801	assets/pokemon-animation-cards/rc31-repair-060-073-076/dex-073__form-00__gender-none__palette-shiny__admission.json	verified-render
76	golem	base	none	normal	assets/pokemon-animation-cards/rc31-repair-060-073-076/dex-076__form-00__gender-none__palette-normal__idle-8x4.png	assets/pokemon-animation-cards/rc31-repair-060-073-076/dex-076__form-00__gender-none__palette-normal__walk-8x4.png	assets/pokemon-animation-cards/rc31-repair-060-073-076/dex-076__form-00__gender-none__palette-normal__runtime.png	rc31-original-full-hierarchy-body-v3:pm0076_00:00:none:normal	8	2	8	1.5000001192092896	256	256	17	48	239	215	128	202.6708306610069	153.11491622900044	15	14	c544a074bb0c6474b80368ac4358cd47fd59935aafb86c13384176b517c25f6f	842225985059653fa33454a15179192311ce0a87ccceb5c230f7f9818fcf2d68	6eb44b90aa112fdb079100ffe5cf78c19031b98250b713db0319a2a8213739ee	assets/pokemon-animation-cards/rc31-repair-060-073-076/dex-076__form-00__gender-none__palette-normal__admission.json	verified-render
76	golem	base	none	shiny	assets/pokemon-animation-cards/rc31-repair-060-073-076/dex-076__form-00__gender-none__palette-shiny__idle-8x4.png	assets/pokemon-animation-cards/rc31-repair-060-073-076/dex-076__form-00__gender-none__palette-shiny__walk-8x4.png	assets/pokemon-animation-cards/rc31-repair-060-073-076/dex-076__form-00__gender-none__palette-shiny__runtime.png	rc31-original-full-hierarchy-body-v3:pm0076_00:00:none:shiny	8	2	8	1.5000001192092896	256	256	17	48	239	215	128	202.6708306610069	153.11491622900044	15	14	11cec08d0832abf685f048d84acc4a34d27d502350f1eaabdca1c146f4d0858d	13c42a580d88cf1e464001716ec710baf45fc70685b95815270b7b6bdb62dd7a	3def77dec7f991799fde9eeb4d835cdb2629f05da5952010b8c49a87a8c3ad5d	assets/pokemon-animation-cards/rc31-repair-060-073-076/dex-076__form-00__gender-none__palette-shiny__admission.json	verified-render
78	rapidash	base	none	normal	assets/pokemon-animation-cards/rc31-rapidash-body-v4/dex-078__form-00__gender-none__palette-normal__idle-8x4.png	assets/pokemon-animation-cards/rc31-rapidash-body-v4/dex-078__form-00__gender-none__palette-normal__walk-8x4.png	assets/pokemon-animation-cards/rc31-rapidash-body-v4/dex-078__form-00__gender-none__palette-normal__runtime.png	rc31-original-full-hierarchy-body-v3:pm0078_00:00:none:normal	8	2.6666667461395264	8	1.4000000953674316	384	256	12	40	372	214	192	204.84616035806644	133.5573944652478	15	16	9b69c119a31128bcf39b9d2af2f07245ab047290cb8f9a67da46fec4f358e6a6	2377c3760125ce0925059b549ab8c2b28d069469a3d80a7bd1ef249bc6c09771	680ef64d545306fb54cb05cdea9a680bd3dba31ec1ac84102677656bced1ca9d	assets/pokemon-animation-cards/rc31-rapidash-body-v4/dex-078__form-00__gender-none__palette-normal__admission.json	verified-render
78	rapidash	base	none	shiny	assets/pokemon-animation-cards/rc31-rapidash-body-v4/dex-078__form-00__gender-none__palette-shiny__idle-8x4.png	assets/pokemon-animation-cards/rc31-rapidash-body-v4/dex-078__form-00__gender-none__palette-shiny__walk-8x4.png	assets/pokemon-animation-cards/rc31-rapidash-body-v4/dex-078__form-00__gender-none__palette-shiny__runtime.png	rc31-original-full-hierarchy-body-v3:pm0078_00:00:none:shiny	8	2.6666667461395264	8	1.4000000953674316	384	256	12	40	372	214	192	204.84616035806644	133.5573944652478	15	16	b8995c4030832f33c404b91c2be894038fd1de110a81ef544c2ee94c90bab9f1	ef4f6f7773a248ee31aa62071794e9f413bcf7cfff7b3b9eb5ad1722b0010647	1b3d73c2704c11a82ee432d7523622b9c0c0c4ba3e05508a2c27497bca82a38a	assets/pokemon-animation-cards/rc31-rapidash-body-v4/dex-078__form-00__gender-none__palette-shiny__admission.json	verified-render
81	magnemite	base	none	normal	assets/pokemon-animation-cards/rc31-rigid-skin-081-082-095-v3/dex-081__form-00__gender-none__palette-normal__idle-8x4.png	assets/pokemon-animation-cards/rc31-rigid-skin-081-082-095-v3/dex-081__form-00__gender-none__palette-normal__walk-8x4.png	assets/pokemon-animation-cards/rc31-rigid-skin-081-082-095-v3/dex-081__form-00__gender-none__palette-normal__runtime.png	rc31-original-rigid-skin-body-v3:pm0081_00:00:none:normal	8	1.1666667461395264	8	1	256	256	17	35	239	221	128	382.19602988397037	90.54198317443529	15	16	9731726a7c7ea63c73d94ecee458bdb8793babecf524df91fb2dc16297a1c8ec	c842728362c1143f95b6351bbd0c887dccc5f0286b4829c5389235fd2e4816a3	bf17f4189eb4a7b253edf86109eef5830c985f0660c23a09c711a8fb5da41493	assets/pokemon-animation-cards/rc31-rigid-skin-081-082-095-v3/dex-081__form-00__gender-none__palette-normal__admission.json	verified-render
81	magnemite	base	none	shiny	assets/pokemon-animation-cards/rc31-rigid-skin-081-082-095-v3/dex-081__form-00__gender-none__palette-shiny__idle-8x4.png	assets/pokemon-animation-cards/rc31-rigid-skin-081-082-095-v3/dex-081__form-00__gender-none__palette-shiny__walk-8x4.png	assets/pokemon-animation-cards/rc31-rigid-skin-081-082-095-v3/dex-081__form-00__gender-none__palette-shiny__runtime.png	rc31-original-rigid-skin-body-v3:pm0081_00:00:none:shiny	8	1.1666667461395264	8	1	256	256	17	35	239	221	128	382.19602988397037	90.54198317443529	15	16	2254b510fcdc21d09b9a1b4130e3edb460825c729803ddbc8a7cfec5188b73b1	75ee2e0c1bdf24d5f2ae3ce77b5c3b98eb122ec3070bce239f6b6ccb0a51e960	437812fed7eefe15c084b45fcaff076a83fee100acf6eab2b74b3d6129578f64	assets/pokemon-animation-cards/rc31-rigid-skin-081-082-095-v3/dex-081__form-00__gender-none__palette-shiny__admission.json	verified-render
82	magneton	base	none	normal	assets/pokemon-animation-cards/rc31-rigid-skin-081-082-095-v3/dex-082__form-00__gender-none__palette-normal__idle-8x4.png	assets/pokemon-animation-cards/rc31-rigid-skin-081-082-095-v3/dex-082__form-00__gender-none__palette-normal__walk-8x4.png	assets/pokemon-animation-cards/rc31-rigid-skin-081-082-095-v3/dex-082__form-00__gender-none__palette-normal__runtime.png	rc31-original-rigid-skin-body-v3:pm0082_00:00:none:normal	8	2	8	1	256	256	17	27	239	229	128	265.6737280834306	86.41363897871855	15	16	c7f8ab4a3f04c03e524572bd52f9d484c2e28a0e5ed7d5a55e69a4ad2111a635	bdcef273badf0b473b21f4f13a651c8ad928f915d71a923fce4286dca9a14af4	3fc89d3d9c2872f4b67b2b175e82ae8888d9d614515913a1711723e89ef92c88	assets/pokemon-animation-cards/rc31-rigid-skin-081-082-095-v3/dex-082__form-00__gender-none__palette-normal__admission.json	verified-render
82	magneton	base	none	shiny	assets/pokemon-animation-cards/rc31-rigid-skin-081-082-095-v3/dex-082__form-00__gender-none__palette-shiny__idle-8x4.png	assets/pokemon-animation-cards/rc31-rigid-skin-081-082-095-v3/dex-082__form-00__gender-none__palette-shiny__walk-8x4.png	assets/pokemon-animation-cards/rc31-rigid-skin-081-082-095-v3/dex-082__form-00__gender-none__palette-shiny__runtime.png	rc31-original-rigid-skin-body-v3:pm0082_00:00:none:shiny	8	2	8	1	256	256	17	27	239	229	128	265.6737280834306	86.41363897871855	15	16	c75b96c9169c54e307f038405cc475f07dbb0abcb3ff82e1f5638b3c55ec8aef	7c5ecb117e288a77fe1bc827368a635b34138edfd3a0ff15b349dfd142d4895a	11565170a08ff7c9bf54edd38d363d8b08d17373b1955087795ca733d9cd0d30	assets/pokemon-animation-cards/rc31-rigid-skin-081-082-095-v3/dex-082__form-00__gender-none__palette-shiny__admission.json	verified-render
95	onix	base	none	normal	assets/pokemon-animation-cards/rc31-rigid-skin-081-082-095-v3/dex-095__form-00__gender-none__palette-normal__idle-8x4.png	assets/pokemon-animation-cards/rc31-rigid-skin-081-082-095-v3/dex-095__form-00__gender-none__palette-normal__walk-8x4.png	assets/pokemon-animation-cards/rc31-rigid-skin-081-082-095-v3/dex-095__form-00__gender-none__palette-normal__runtime.png	rc31-original-rigid-skin-body-v3:pm0095_00:00:none:normal	8	2.0333335399627686	8	1.5000001192092896	384	256	27	35	357	221	192	202.97896614426742	160.27227993969967	15	16	4cacb7ec7bb6114c5198c1a7e56f09f8831b307fdc0131c632f7591f68df12fa	260992721c506109121b67de4ad98df5b87166fe5d4182b28acf41d20f8984d0	66ad54b1fa819ca8237abd1e7d1bfba8f5782cb53af36962f35d84bea1f7f36c	assets/pokemon-animation-cards/rc31-rigid-skin-081-082-095-v3/dex-095__form-00__gender-none__palette-normal__admission.json	verified-render
95	onix	base	none	shiny	assets/pokemon-animation-cards/rc31-rigid-skin-081-082-095-v3/dex-095__form-00__gender-none__palette-shiny__idle-8x4.png	assets/pokemon-animation-cards/rc31-rigid-skin-081-082-095-v3/dex-095__form-00__gender-none__palette-shiny__walk-8x4.png	assets/pokemon-animation-cards/rc31-rigid-skin-081-082-095-v3/dex-095__form-00__gender-none__palette-shiny__runtime.png	rc31-original-rigid-skin-body-v3:pm0095_00:00:none:shiny	8	2.0333335399627686	8	1.5000001192092896	384	256	27	35	357	221	192	202.97896614426742	160.27227993969967	15	16	75bf15f4459eebf325af4b88a99a5178dd18db2d1b2ba4a70cca1a27b4f9b38f	900dd7aec51816ffdcaaba3612f3c9156aab83fd0cde4958a98da5c98857a38c	119b1e6aeaa3e537950c78d4b96f152867ff05dd5ae90223acf3ee9760ad105b	assets/pokemon-animation-cards/rc31-rigid-skin-081-082-095-v3/dex-095__form-00__gender-none__palette-shiny__admission.json	verified-render
106	hitmonlee	base	none	normal	assets/pokemon-animation-cards/rc31-local-trs-106-146-v3/dex-106__form-00__gender-none__palette-normal__idle-8x4.png	assets/pokemon-animation-cards/rc31-local-trs-106-146-v3/dex-106__form-00__gender-none__palette-normal__walk-8x4.png	assets/pokemon-animation-cards/rc31-local-trs-106-146-v3/dex-106__form-00__gender-none__palette-normal__runtime.png	rc31-original-trs-v1:pm0106_00:00:none:normal	8	0.9333333969116211	8	1	256	256	41	25	214	234	128	221.40825014909151	191	11	16	caf0296ec3a85feef306b545cacb4d1b7ca27cb8a421bb16f1d8727aaa2984ec	47335883a1461870b9ca9facaa85151335ef1d4b31c6aef29f3505a24cf3424a	4ed28497e39e5cb57d48a0274e2966a74d138e74235b1d4c9b756570fb95c823	assets/pokemon-animation-cards/rc31-local-trs-106-146-v3/dex-106__form-00__gender-none__palette-normal__admission.json	verified-render
106	hitmonlee	base	none	shiny	assets/pokemon-animation-cards/rc31-local-trs-106-146-v3/dex-106__form-00__gender-none__palette-shiny__idle-8x4.png	assets/pokemon-animation-cards/rc31-local-trs-106-146-v3/dex-106__form-00__gender-none__palette-shiny__walk-8x4.png	assets/pokemon-animation-cards/rc31-local-trs-106-146-v3/dex-106__form-00__gender-none__palette-shiny__runtime.png	rc31-original-trs-v1:pm0106_00:00:none:shiny	8	0.9333333969116211	8	1	256	256	41	25	214	234	128	221.40825014909151	191	11	16	dd24ca9a2eaeeb16d4c5dc9141892e4d9fb1b3357afa8804430c5e3d11e13a35	78a2be066e50cbbf4e2204722c26e1160279b4d21ea88c61d3cadd2f1bc35953	0f713357a8e3c85badac34e35eabd60b75bc33f00659231709e37f6ff688e71c	assets/pokemon-animation-cards/rc31-local-trs-106-146-v3/dex-106__form-00__gender-none__palette-shiny__admission.json	verified-render
146	moltres	base	none	normal	assets/pokemon-animation-cards/rc31-local-trs-106-146-v3/dex-146__form-00__gender-none__palette-normal__idle-8x4.png	assets/pokemon-animation-cards/rc31-local-trs-106-146-v3/dex-146__form-00__gender-none__palette-normal__walk-8x4.png	assets/pokemon-animation-cards/rc31-local-trs-106-146-v3/dex-146__form-00__gender-none__palette-normal__runtime.png	rc31-original-trs-v1:pm0146_00:00:none:normal	8	1.8000000715255737	8	1	256	256	23	31	234	225	128	227.1378577684651	60.33555115911308	15	11	0dbd609f3c609bc437419ca3f8871fd0472905b99d3386e62a3524ab9c275583	bd9cb34fba781555dc0e833b53c8ae12bc07f5b7348e7be1c63e4d3f12e59636	ac7b574ba20b99206b47a4f668a10ec309d4766ab0d60076a9431755e833ee8f	assets/pokemon-animation-cards/rc31-local-trs-106-146-v3/dex-146__form-00__gender-none__palette-normal__admission.json	verified-render
146	moltres	base	none	shiny	assets/pokemon-animation-cards/rc31-local-trs-106-146-v3/dex-146__form-00__gender-none__palette-shiny__idle-8x4.png	assets/pokemon-animation-cards/rc31-local-trs-106-146-v3/dex-146__form-00__gender-none__palette-shiny__walk-8x4.png	assets/pokemon-animation-cards/rc31-local-trs-106-146-v3/dex-146__form-00__gender-none__palette-shiny__runtime.png	rc31-original-trs-v1:pm0146_00:00:none:shiny	8	1.8000000715255737	8	1	256	256	23	31	234	225	128	227.1378577684651	60.33555115911308	15	11	fede1da53132a81f5fe0c5afd33de546988858117eb4d6ab63e855bb17d0f436	a720fe325400e1435e9730219583132b8439d1201bbaab099a66b9689797b485	b080edd9add05d46e145474716965c48b3268dd870aa53c0e00dab489994dbef	assets/pokemon-animation-cards/rc31-local-trs-106-146-v3/dex-146__form-00__gender-none__palette-shiny__admission.json	verified-render
94	gengar	base	none	normal	assets/pokemon-animation-cards/rc31-gengar-source-visibility-v1/dex-094__form-00__gender-none__palette-normal__idle-8x4.png	assets/pokemon-animation-cards/rc31-gengar-source-visibility-v1/dex-094__form-00__gender-none__palette-normal__walk-8x4.png	assets/pokemon-animation-cards/rc31-gengar-source-visibility-v1/dex-094__form-00__gender-none__palette-normal__runtime.png	rc31-gengar-original-visibility-body-v1:pm0094_00:00:none:normal	8	1.3333333730697632	8	1	256	256	17	29	239	228	128	217.20555949553386	185.29762761594543	15	16	8f1f34cdbae342e624711515a56f7ffffd5cea4599185fb5334e5fce2e855db0	7e7ce55f595a36b4486c3ae4c0d293bc14fd9a6854ebc63f20c436d926d8eb74	99f5579836fe953dba0935472644a5dd5c98f3338c570205888cb57719e88c7f	assets/pokemon-animation-cards/rc31-gengar-source-visibility-v1/dex-094__form-00__gender-none__palette-normal__admission.json	verified-render
94	gengar	base	none	shiny	assets/pokemon-animation-cards/rc31-gengar-source-visibility-v1/dex-094__form-00__gender-none__palette-shiny__idle-8x4.png	assets/pokemon-animation-cards/rc31-gengar-source-visibility-v1/dex-094__form-00__gender-none__palette-shiny__walk-8x4.png	assets/pokemon-animation-cards/rc31-gengar-source-visibility-v1/dex-094__form-00__gender-none__palette-shiny__runtime.png	rc31-gengar-original-visibility-body-v1:pm0094_00:00:none:shiny	8	1.3333333730697632	8	1	256	256	17	29	239	228	128	217.20555949553386	185.29762761594543	15	16	a8a4a4cd79c9cd3989d64d649378a8db9e0b8071cbabcc144597ee1251028d3f	4060aa32f918347651ac7377624e97388efe33e11db21fe740f0231c39f01f98	7112f0d13522aa2b708653d53156244fc9719fc0f2de0243ebcaed40b32db766	assets/pokemon-animation-cards/rc31-gengar-source-visibility-v1/dex-094__form-00__gender-none__palette-shiny__admission.json	verified-render
91	cloyster	base	none	normal	assets/pokemon-animation-cards/rc31-source-locomotion-091-098-099/dex-091__form-00__gender-none__palette-normal__idle-8x4.png	assets/pokemon-animation-cards/rc31-source-locomotion-091-098-099/dex-091__form-00__gender-none__palette-normal__walk-8x4.png	assets/pokemon-animation-cards/rc31-source-locomotion-091-098-099/dex-091__form-00__gender-none__palette-normal__runtime.png	rc31-original-trs-locomotion-body-v1:pm0091_00:00:none:normal	8	1.9666668176651	8	1	256	256	21	18	235	234	128	267.5944724430394	189.81852071228502	15	15	558123f935c3411c729224b0fae9255573d26ed8eec2c5a13d7a54a89ef1d4e4	77142187dc358b7aaff85c01dc0dc4948f20c328fed64666637724d7ebae712d	a24bc29e9dd4e64b84398eaf30bed0113a9599389c228ee85113a016f527a11a	assets/pokemon-animation-cards/rc31-source-locomotion-091-098-099/dex-091__form-00__gender-none__palette-normal__admission.json	verified-render
91	cloyster	base	none	shiny	assets/pokemon-animation-cards/rc31-source-locomotion-091-098-099/dex-091__form-00__gender-none__palette-shiny__idle-8x4.png	assets/pokemon-animation-cards/rc31-source-locomotion-091-098-099/dex-091__form-00__gender-none__palette-shiny__walk-8x4.png	assets/pokemon-animation-cards/rc31-source-locomotion-091-098-099/dex-091__form-00__gender-none__palette-shiny__runtime.png	rc31-original-trs-locomotion-body-v1:pm0091_00:00:none:shiny	8	1.9666668176651	8	1	256	256	21	18	235	234	128	267.5944724430394	189.81852071228502	15	15	789ea8e9cbdd597d89c730599ef983af4b324be745d0dc108da9832419169c30	e0247d836a301fca9a4f2e79974760c768ef5d54c98ae1af27f7dffa571ba643	3dd84e5ccd405b2804e072b2ad2df1391a7713695a01d8ac8cb14d2bc9512f5a	assets/pokemon-animation-cards/rc31-source-locomotion-091-098-099/dex-091__form-00__gender-none__palette-shiny__admission.json	verified-render
98	krabby	base	none	normal	assets/pokemon-animation-cards/rc31-source-locomotion-091-098-099/dex-098__form-00__gender-none__palette-normal__idle-8x4.png	assets/pokemon-animation-cards/rc31-source-locomotion-091-098-099/dex-098__form-00__gender-none__palette-normal__walk-8x4.png	assets/pokemon-animation-cards/rc31-source-locomotion-091-098-099/dex-098__form-00__gender-none__palette-normal__runtime.png	rc31-original-trs-locomotion-body-v1:pm0098_00:00:none:normal	8	1.3333333730697632	8	1	256	256	17	44	239	216	128	200.03837233032652	95.26096660776807	15	16	98ef503381b181ae82fb00ca767f6198b9276fda7ebf50c53794954f0db83d70	38b204cffec815da0df554ab9d3bcf27cbdf5b3d04cb367d62cf4fcdb7181571	12dcef0fed4d4d1c73979870285191ca7d0f5a528b7db9455bef2f9418bd3647	assets/pokemon-animation-cards/rc31-source-locomotion-091-098-099/dex-098__form-00__gender-none__palette-normal__admission.json	verified-render
98	krabby	base	none	shiny	assets/pokemon-animation-cards/rc31-source-locomotion-091-098-099/dex-098__form-00__gender-none__palette-shiny__idle-8x4.png	assets/pokemon-animation-cards/rc31-source-locomotion-091-098-099/dex-098__form-00__gender-none__palette-shiny__walk-8x4.png	assets/pokemon-animation-cards/rc31-source-locomotion-091-098-099/dex-098__form-00__gender-none__palette-shiny__runtime.png	rc31-original-trs-locomotion-body-v1:pm0098_00:00:none:shiny	8	1.3333333730697632	8	1	256	256	17	44	239	216	128	200.03837233032652	95.26096660776807	15	16	ada80aa0d99972b40c96293dd9eaa856dc6cb8b8238b0d724cceccd9f640301f	d4a0d24ba30f179ef381a739059282f8e2babdc6623bd9cd494178323fb941b1	4f6a5168a039262f781f4d9e70865bf45d09dc868df59b42f220ddb8d5d04931	assets/pokemon-animation-cards/rc31-source-locomotion-091-098-099/dex-098__form-00__gender-none__palette-shiny__admission.json	verified-render
99	kingler	base	none	normal	assets/pokemon-animation-cards/rc31-source-locomotion-091-098-099/dex-099__form-00__gender-none__palette-normal__idle-8x4.png	assets/pokemon-animation-cards/rc31-source-locomotion-091-098-099/dex-099__form-00__gender-none__palette-normal__walk-8x4.png	assets/pokemon-animation-cards/rc31-source-locomotion-091-098-099/dex-099__form-00__gender-none__palette-normal__runtime.png	rc31-original-trs-locomotion-body-v1:pm0099_00:00:none:normal	8	1.533333420753479	8	1.3333333730697632	256	256	17	36	239	224	128	207.21022876105494	97.46246697718004	15	16	3cca5aba9c48c6db1002848e33b34ba906a6403ac15fb0896049a1bde74644af	f63afadd73de085e27e81197ae84cab88d3cff8826a6505e5c610e87b411c790	062b2b6bfe718abb06b4562b06827daa2f5461751ee5b65fca81a067d1735bf0	assets/pokemon-animation-cards/rc31-source-locomotion-091-098-099/dex-099__form-00__gender-none__palette-normal__admission.json	verified-render
99	kingler	base	none	shiny	assets/pokemon-animation-cards/rc31-source-locomotion-091-098-099/dex-099__form-00__gender-none__palette-shiny__idle-8x4.png	assets/pokemon-animation-cards/rc31-source-locomotion-091-098-099/dex-099__form-00__gender-none__palette-shiny__walk-8x4.png	assets/pokemon-animation-cards/rc31-source-locomotion-091-098-099/dex-099__form-00__gender-none__palette-shiny__runtime.png	rc31-original-trs-locomotion-body-v1:pm0099_00:00:none:shiny	8	1.533333420753479	8	1.3333333730697632	256	256	17	36	239	224	128	207.21022876105494	97.46246697718004	15	16	af276a613449c5f5b8512b413a7e6ed7bf278e64f4ed06a1db40d7c5de513da9	2e7b3f4e4a1ccfb13aa7934ba62f211744deff37d306021f160158a633b1bb06	62dcc0950a261f67b7eea964ba30db27fc33b9fd29fc30141a52fc413917e1f2	assets/pokemon-animation-cards/rc31-source-locomotion-091-098-099/dex-099__form-00__gender-none__palette-shiny__admission.json	verified-render
114	tangela	base	none	normal	assets/pokemon-animation-cards/rc31-source-absent-114-132-138-139-142/dex-114__form-00__gender-none__palette-normal__idle-8x4.png	assets/pokemon-animation-cards/rc31-source-absent-114-132-138-139-142/dex-114__form-00__gender-none__palette-normal__walk-8x4.png	assets/pokemon-animation-cards/rc31-source-absent-114-132-138-139-142/dex-114__form-00__gender-none__palette-normal__runtime.png	rc31-original-trs-v1:pm0114_00:00:none:normal	8	1.8666667938232422	8	1	256	256	20	23	236	234	128	222.33918651587706	197	15	16	580dbe2872f21cf4d7a0d12f5f06eeff21893e00188c02a2584a558da96dc7a3	8196e22c77bb798e1e3b3d8520d419832093fdb87bb975d3224bec997927ed50	c8cead9628cb89649968bfc79265ff84e2ce2021acebc3d239e864309436d3b0	assets/pokemon-animation-cards/rc31-source-absent-114-132-138-139-142/dex-114__form-00__gender-none__palette-normal__admission.json	verified-render
114	tangela	base	none	shiny	assets/pokemon-animation-cards/rc31-source-absent-114-132-138-139-142/dex-114__form-00__gender-none__palette-shiny__idle-8x4.png	assets/pokemon-animation-cards/rc31-source-absent-114-132-138-139-142/dex-114__form-00__gender-none__palette-shiny__walk-8x4.png	assets/pokemon-animation-cards/rc31-source-absent-114-132-138-139-142/dex-114__form-00__gender-none__palette-shiny__runtime.png	rc31-original-trs-v1:pm0114_00:00:none:shiny	8	1.8666667938232422	8	1	256	256	20	23	236	234	128	222.33918651587706	197	15	16	6123f0c40104277bd63fdc6170b2aab58bf5f72873cda8115fe702700d24355a	ed83d8c4a6f87d639a274cf002576763c121a86909fd8b4554c993a99b61c643	661911de59650038fce1a303d194a521ddb401caf63f5d8ef439de1ddc9fca38	assets/pokemon-animation-cards/rc31-source-absent-114-132-138-139-142/dex-114__form-00__gender-none__palette-shiny__admission.json	verified-render
132	ditto	base	none	normal	assets/pokemon-animation-cards/rc31-source-absent-114-132-138-139-142/dex-132__form-00__gender-none__palette-normal__idle-8x4.png	assets/pokemon-animation-cards/rc31-source-absent-114-132-138-139-142/dex-132__form-00__gender-none__palette-normal__walk-8x4.png	assets/pokemon-animation-cards/rc31-source-absent-114-132-138-139-142/dex-132__form-00__gender-none__palette-normal__runtime.png	rc31-original-trs-v1:pm0132_00:00:none:normal	8	2	8	1.2000000476837158	256	256	17	41	239	221	128	206.05260621688754	151	15	16	49ed7559a8dd52531c4196f5f1feed227a5f8f3f31c04cb79b956fc6ebf3ea62	48d1d53f3c5c6230f12568cdb09da072abd58a60ecd3543dc272d893a7827a39	0568ec8024e82dc65924bfce8050865c0848ec07ec50990c4ff53b2508a8c7e4	assets/pokemon-animation-cards/rc31-source-absent-114-132-138-139-142/dex-132__form-00__gender-none__palette-normal__admission.json	verified-render
132	ditto	base	none	shiny	assets/pokemon-animation-cards/rc31-source-absent-114-132-138-139-142/dex-132__form-00__gender-none__palette-shiny__idle-8x4.png	assets/pokemon-animation-cards/rc31-source-absent-114-132-138-139-142/dex-132__form-00__gender-none__palette-shiny__walk-8x4.png	assets/pokemon-animation-cards/rc31-source-absent-114-132-138-139-142/dex-132__form-00__gender-none__palette-shiny__runtime.png	rc31-original-trs-v1:pm0132_00:00:none:shiny	8	2	8	1.2000000476837158	256	256	17	41	239	221	128	206.05260621688754	151	15	16	84541ddcf0078982bcebbfcedfda0472924b3431ee48b1498a06c9eddbce97d2	655fcffc36de774e411c014d0cfc90c7c437edff434b6ca4f6876cb5741c4d46	fed3507e5b4f45c2c41a45bd7c2ac97bf8663b63b70692b78585fae73f0735f3	assets/pokemon-animation-cards/rc31-source-absent-114-132-138-139-142/dex-132__form-00__gender-none__palette-shiny__admission.json	verified-render
138	omanyte	base	none	normal	assets/pokemon-animation-cards/rc31-source-absent-114-132-138-139-142/dex-138__form-00__gender-none__palette-normal__idle-8x4.png	assets/pokemon-animation-cards/rc31-source-absent-114-132-138-139-142/dex-138__form-00__gender-none__palette-normal__walk-8x4.png	assets/pokemon-animation-cards/rc31-source-absent-114-132-138-139-142/dex-138__form-00__gender-none__palette-normal__runtime.png	rc31-original-trs-v1:pm0138_00:00:none:normal	8	2.6666667461395264	8	1	256	256	17	59	239	207	128	191.79319892635462	147	15	16	4d6325a850ae626158fd07d64c65fba20b6c63bc329a6f9d3c576c2f60792ea6	312ee7954a23062ad7773081aca84766dcb418ae9e9054228cdf9f019fa96061	d24e30aa95bd432a636df3e4ccd961f61cc23fde8b2896beb39d6ecd11d51e39	assets/pokemon-animation-cards/rc31-source-absent-114-132-138-139-142/dex-138__form-00__gender-none__palette-normal__admission.json	verified-render
138	omanyte	base	none	shiny	assets/pokemon-animation-cards/rc31-source-absent-114-132-138-139-142/dex-138__form-00__gender-none__palette-shiny__idle-8x4.png	assets/pokemon-animation-cards/rc31-source-absent-114-132-138-139-142/dex-138__form-00__gender-none__palette-shiny__walk-8x4.png	assets/pokemon-animation-cards/rc31-source-absent-114-132-138-139-142/dex-138__form-00__gender-none__palette-shiny__runtime.png	rc31-original-trs-v1:pm0138_00:00:none:shiny	8	2.6666667461395264	8	1	256	256	17	59	239	207	128	191.79319892635462	147	15	16	f2ca4f2f9991b3c7c81331b2a64a13fb5e6c67d5c3be19d8a85a7cbb24f0bf28	9d09cf2bcc70d735a837e3683db01e93d59ca9991a4a8154194dfda13259bbc1	c7f383d2818b4619578a9c755b2fb8f4ec3d9be6835bbbf5fe6418a17c98c63c	assets/pokemon-animation-cards/rc31-source-absent-114-132-138-139-142/dex-138__form-00__gender-none__palette-shiny__admission.json	verified-render
139	omastar	base	none	normal	assets/pokemon-animation-cards/rc31-source-absent-114-132-138-139-142/dex-139__form-00__gender-none__palette-normal__idle-8x4.png	assets/pokemon-animation-cards/rc31-source-absent-114-132-138-139-142/dex-139__form-00__gender-none__palette-normal__walk-8x4.png	assets/pokemon-animation-cards/rc31-source-absent-114-132-138-139-142/dex-139__form-00__gender-none__palette-normal__runtime.png	rc31-original-trs-v1:pm0139_00:00:none:normal	8	2.6666667461395264	8	1	256	256	17	38	239	225	128	212.0646863687963	182	15	15	0df031f74a9b225247cefa566e2aa34c115ae74f214c2d771a74b0ce4320db0d	42647e00477c8f9a7f564531e083b11a5a146a45344e100f82d6e714968d65d1	11e9eda5542e9c3528f85dfbc54b4d1fc4a48f700a4e20941497fa44f5e21c8c	assets/pokemon-animation-cards/rc31-source-absent-114-132-138-139-142/dex-139__form-00__gender-none__palette-normal__admission.json	verified-render
139	omastar	base	none	shiny	assets/pokemon-animation-cards/rc31-source-absent-114-132-138-139-142/dex-139__form-00__gender-none__palette-shiny__idle-8x4.png	assets/pokemon-animation-cards/rc31-source-absent-114-132-138-139-142/dex-139__form-00__gender-none__palette-shiny__walk-8x4.png	assets/pokemon-animation-cards/rc31-source-absent-114-132-138-139-142/dex-139__form-00__gender-none__palette-shiny__runtime.png	rc31-original-trs-v1:pm0139_00:00:none:shiny	8	2.6666667461395264	8	1	256	256	17	38	239	225	128	212.0646863687963	182	15	15	9f5bcd5d446ed993683f047e1946e463f967ecae6d5cf72def066d83082fd042	d0a5606455452b43a78b8aaa0e2cb1c8428a3851cca7a7818ea523ef8553d133	4ca539fc42469e34de3dd6922fdbd4d2e868790cf7b8d41c06e2393a31bcddba	assets/pokemon-animation-cards/rc31-source-absent-114-132-138-139-142/dex-139__form-00__gender-none__palette-shiny__admission.json	verified-render
142	aerodactyl	base	none	normal	assets/pokemon-animation-cards/rc31-aerodactyl-original-material-v2/dex-142__form-00__gender-none__palette-normal__idle-8x4.png	assets/pokemon-animation-cards/rc31-aerodactyl-original-material-v2/dex-142__form-00__gender-none__palette-normal__walk-8x4.png	assets/pokemon-animation-cards/rc31-aerodactyl-original-material-v2/dex-142__form-00__gender-none__palette-normal__runtime.png	rc31-original-material142-wide-v2:pm0142_00:00:none:normal	8	1.3333333730697632	8	1	384	256	34	16	350	239	192	128.07670987276938	93.40500476838615	15	7	f431cfb9ef43684f5f235450d1d59dad1b408ba2f7fe7cc8f192701f3fa005a4	365860f8e3bbb317c7f790122327a1adcac23e6634121e2bfc078d45e3a79fb0	e95bb4b1701b98e0b81af2b43feb306f194c2b7bcb4b16bd1c3cabe36f7a9cfe	assets/pokemon-animation-cards/rc31-aerodactyl-original-material-v2/dex-142__form-00__gender-none__palette-normal__admission.json	verified-render
142	aerodactyl	base	none	shiny	assets/pokemon-animation-cards/rc31-aerodactyl-original-material-v2/dex-142__form-00__gender-none__palette-shiny__idle-8x4.png	assets/pokemon-animation-cards/rc31-aerodactyl-original-material-v2/dex-142__form-00__gender-none__palette-shiny__walk-8x4.png	assets/pokemon-animation-cards/rc31-aerodactyl-original-material-v2/dex-142__form-00__gender-none__palette-shiny__runtime.png	rc31-original-material142-wide-v2:pm0142_00:00:none:shiny	8	1.3333333730697632	8	1	384	256	34	16	350	239	192	128.07670987276938	93.40500476838615	15	7	17b03ef28ce2a0d5cc9eb2f379bed96580be7926a6c8274ee08725b9703cf1d3	00d49d8a2049014838ce967bfe5ce2f26e7732e8245648fac9e3c4855a3d6dfa	2dcd648bb84f0240e921d5d150ea9779dfa7eeeb0d8667b697b8389b8b62926d	assets/pokemon-animation-cards/rc31-aerodactyl-original-material-v2/dex-142__form-00__gender-none__palette-shiny__admission.json	verified-render
103	exeggutor	base	none	normal	assets/pokemon-animation-cards/rc31-body-103-128-134/dex-103__form-00__gender-none__palette-normal__idle-8x4.png	assets/pokemon-animation-cards/rc31-body-103-128-134/dex-103__form-00__gender-none__palette-normal__walk-8x4.png	assets/pokemon-animation-cards/rc31-body-103-128-134/dex-103__form-00__gender-none__palette-normal__runtime.png	rc31-original-trs-v1:pm0103_00:00:none:normal	8	1.6000001430511475	8	1.4000000953674316	256	256	17	49	239	205	128	198.17755452221593	96.21277164065704	15	14	9e10551585bab44a47a1e2709226c56c41f8fe5dbc286a119fd78d1c4674d7f9	6578b8438d755b6c34db98417f7f2ad2a5f8ec70847d0ad97c39ec438774b10c	89d681e4018229b24be6ad7b70dc7a6eb99c75f4cac2a2b9e17b8fdfc7937473	assets/pokemon-animation-cards/rc31-body-103-128-134/dex-103__form-00__gender-none__palette-normal__admission.json	verified-render
103	exeggutor	base	none	shiny	assets/pokemon-animation-cards/rc31-body-103-128-134/dex-103__form-00__gender-none__palette-shiny__idle-8x4.png	assets/pokemon-animation-cards/rc31-body-103-128-134/dex-103__form-00__gender-none__palette-shiny__walk-8x4.png	assets/pokemon-animation-cards/rc31-body-103-128-134/dex-103__form-00__gender-none__palette-shiny__runtime.png	rc31-original-trs-v1:pm0103_00:00:none:shiny	8	1.6000001430511475	8	1.4000000953674316	256	256	17	49	239	205	128	198.17755452221593	96.21277164065704	15	14	240170baf000dc8f6a94222c973fb40d790c09dc7150d7e9ca2d9b322c249dc4	085c5f97767a1a4b6e839f2244b62ffaac2542329061713b5389d95da75a94c3	54717956a9355a84e40221a4ebb4636b44818ad48058a841c887d95d9cb36f23	assets/pokemon-animation-cards/rc31-body-103-128-134/dex-103__form-00__gender-none__palette-shiny__admission.json	verified-render
128	tauros	base	none	normal	assets/pokemon-animation-cards/rc31-body-103-128-134/dex-128__form-00__gender-none__palette-normal__idle-8x4.png	assets/pokemon-animation-cards/rc31-body-103-128-134/dex-128__form-00__gender-none__palette-normal__walk-8x4.png	assets/pokemon-animation-cards/rc31-body-103-128-134/dex-128__form-00__gender-none__palette-normal__runtime.png	rc31-original-trs-v1:pm0128_00:00:none:normal	8	1.6000001430511475	8	1.3333333730697632	256	256	18	62	239	192	128	184.80618984244907	86.0571288620631	15	16	80e28e49339280b0490db1312903e536b77ea6c4474a489636d549e96e11e40f	3f3d5a689d2588b03d57bc25b2a61bde06c25ebf3c8fcc61fe33fe84cb867721	e7eafdfe1abfd4afe183fb4cab8516fb161d11c2ec90eee57e6d7d75b81b6a46	assets/pokemon-animation-cards/rc31-body-103-128-134/dex-128__form-00__gender-none__palette-normal__admission.json	verified-render
128	tauros	base	none	shiny	assets/pokemon-animation-cards/rc31-body-103-128-134/dex-128__form-00__gender-none__palette-shiny__idle-8x4.png	assets/pokemon-animation-cards/rc31-body-103-128-134/dex-128__form-00__gender-none__palette-shiny__walk-8x4.png	assets/pokemon-animation-cards/rc31-body-103-128-134/dex-128__form-00__gender-none__palette-shiny__runtime.png	rc31-original-trs-v1:pm0128_00:00:none:shiny	8	1.6000001430511475	8	1.3333333730697632	256	256	18	62	239	192	128	184.80618984244907	86.0571288620631	15	16	8b0c92068299e6b1c45ba181f8b3e881b4a5d89f30765cf65d44db6590d5af96	0b75219bb75df2f7ebbe23ba315380cf4e7e2923625908a23c0d2e164d358a5f	bfbf656f80d049b7de4e40a52717df2eee06407518f1420d20bf0f66d9975bff	assets/pokemon-animation-cards/rc31-body-103-128-134/dex-128__form-00__gender-none__palette-shiny__admission.json	verified-render
134	vaporeon	base	none	normal	assets/pokemon-animation-cards/rc31-body-103-128-134/dex-134__form-00__gender-none__palette-normal__idle-8x4.png	assets/pokemon-animation-cards/rc31-body-103-128-134/dex-134__form-00__gender-none__palette-normal__walk-8x4.png	assets/pokemon-animation-cards/rc31-body-103-128-134/dex-134__form-00__gender-none__palette-normal__runtime.png	rc31-original-trs-v1:pm0134_00:00:none:normal	8	2.133333444595337	8	1	256	256	17	83	239	180	128	165.47766460749554	81.66629551379705	15	16	a8d8cb371042305b112340cb5f4776520f74aa18722f15e92a806c3897da8e1d	31ff36f2288f151f4338889c31015c97af7ef5c5ccdbf82927d5cfcaa9acaf7e	244576c1c1108295bc26bc9fa777a92e3c472ed277bf2a11f5406553c83666a6	assets/pokemon-animation-cards/rc31-body-103-128-134/dex-134__form-00__gender-none__palette-normal__admission.json	verified-render
134	vaporeon	base	none	shiny	assets/pokemon-animation-cards/rc31-body-103-128-134/dex-134__form-00__gender-none__palette-shiny__idle-8x4.png	assets/pokemon-animation-cards/rc31-body-103-128-134/dex-134__form-00__gender-none__palette-shiny__walk-8x4.png	assets/pokemon-animation-cards/rc31-body-103-128-134/dex-134__form-00__gender-none__palette-shiny__runtime.png	rc31-original-trs-v1:pm0134_00:00:none:shiny	8	2.133333444595337	8	1	256	256	17	83	239	180	128	165.47766460749554	81.66629551379705	15	16	de0e60ac7c05fb4faaec90cb9923796236617ab4c4f6fdbed9bb2a7be311535c	a269d439a9a636d9eeec2a849bc7586b00e9101b4bc19fa41edfb42f7a165dbf	9f3c90352c2feeeaa9dea62db1fb19bd4c3e15a941625179285a3feb177385a9	assets/pokemon-animation-cards/rc31-body-103-128-134/dex-134__form-00__gender-none__palette-shiny__admission.json	verified-render
49	venomoth	base	none	normal	assets/pokemon-animation-cards/rc31-venomoth-body-root-reviewed/dex-049__form-00__gender-none__palette-normal__idle-8x4.png	assets/pokemon-animation-cards/rc31-venomoth-body-root-reviewed/dex-049__form-00__gender-none__palette-normal__walk-8x4.png	assets/pokemon-animation-cards/rc31-venomoth-body-root-reviewed/dex-049__form-00__gender-none__palette-normal__runtime.png	rc31-original-trs-venomoth-body-v3:pm0049_00:00:none:normal	8	1.6000001430511475	8	1.2000000476837158	256	256	17	39	239	214	128	223.87244086297574	124.81301421696331	15	16	4c9558ca7ae7245ce40b809f0ead373615945aa325b0242185d845cabd3848d2	0213a65281b1669d467af9e1a11db6a5c784882ded4fdeed6c4711e5180bd225	0e393f75c5f5456bed4af482dccfdc6c0aa62be0645651100e8ba9d5ed9b6e4e	assets/pokemon-animation-cards/rc31-venomoth-body-root-reviewed/dex-049__form-00__gender-none__palette-normal__admission.json	verified-render
49	venomoth	base	none	shiny	assets/pokemon-animation-cards/rc31-venomoth-body-root-reviewed/dex-049__form-00__gender-none__palette-shiny__idle-8x4.png	assets/pokemon-animation-cards/rc31-venomoth-body-root-reviewed/dex-049__form-00__gender-none__palette-shiny__walk-8x4.png	assets/pokemon-animation-cards/rc31-venomoth-body-root-reviewed/dex-049__form-00__gender-none__palette-shiny__runtime.png	rc31-original-trs-venomoth-body-v3:pm0049_00:00:none:shiny	8	1.6000001430511475	8	1.2000000476837158	256	256	17	39	239	214	128	223.87244086297574	124.81301421696331	15	16	ef2015f62dcfd167fca6f3c8b232ef91b533a8705b4065d866609d6424c189cb	e0c3560f00acbbfbb344f814c35027c792822418c1ea2bc37c089131b63832b6	31fbcb367303d637dcc46705dfa1a8c6d576fa0e97d52a9ad12f983eb9b29871	assets/pokemon-animation-cards/rc31-venomoth-body-root-reviewed/dex-049__form-00__gender-none__palette-shiny__admission.json	verified-render
41	zubat	base	none	normal	assets/pokemon-animation-cards/rc31-zubat-source-density-root-reviewed/dex-041__form-00__gender-none__palette-normal__idle-16x4.png	assets/pokemon-animation-cards/rc31-zubat-source-density-root-reviewed/dex-041__form-00__gender-none__palette-normal__walk-16x4.png	assets/pokemon-animation-cards/rc31-zubat-source-density-root-reviewed/dex-041__form-00__gender-none__palette-normal__runtime.png	rc31-original-bat16-full-hierarchy-body-v1:pm0041_00:00:none:normal	16	1.3333333730697632	16	0.8333333730697632	256	256	24	27	233	231	128	227.20426183849153	80.05296241556061	15	16	c2a27edaac4289ba5820d02129bdfdb55fcdfc89448a9584c1e7f4a89f61a658	adbd7a2a5e6306ae0e2a8761df3bdaf0fd05c8036242fdd5a42c712a319e6b10	84fae2d68f833c7b38b59ad29bf69332846592da40692ba71f47298c5116ee83	assets/pokemon-animation-cards/rc31-zubat-source-density-root-reviewed/dex-041__form-00__gender-none__palette-normal__admission.json	verified-render
41	zubat	base	none	shiny	assets/pokemon-animation-cards/rc31-zubat-source-density-root-reviewed/dex-041__form-00__gender-none__palette-shiny__idle-16x4.png	assets/pokemon-animation-cards/rc31-zubat-source-density-root-reviewed/dex-041__form-00__gender-none__palette-shiny__walk-16x4.png	assets/pokemon-animation-cards/rc31-zubat-source-density-root-reviewed/dex-041__form-00__gender-none__palette-shiny__runtime.png	rc31-original-bat16-full-hierarchy-body-v1:pm0041_00:00:none:shiny	16	1.3333333730697632	16	0.8333333730697632	256	256	24	27	233	231	128	227.20426183849153	80.05296241556061	15	16	46b285f15a63d0b42b9c845a05e474aa949992e04d6aec42bb2097d25da43e43	eef1ba773323905a8d0bb95ad46ed0a7b036565dec7c2db7e7e6a447d85cfe53	de542e72dd7b7757209547c1e71104e3aea8c364fbddd22d43dc51ed8bebb09b	assets/pokemon-animation-cards/rc31-zubat-source-density-root-reviewed/dex-041__form-00__gender-none__palette-shiny__admission.json	verified-render
51	dugtrio	base	none	normal	assets/pokemon-animation-cards/rc31-source-absent-seven-root-reviewed/dex-051__form-00__gender-none__palette-normal__idle-8x4.png	assets/pokemon-animation-cards/rc31-source-absent-seven-root-reviewed/dex-051__form-00__gender-none__palette-normal__walk-8x4.png	assets/pokemon-animation-cards/rc31-source-absent-seven-root-reviewed/dex-051__form-00__gender-none__palette-normal__runtime.png	rc31-original-trs-exact-absent-body-v1:pm0051_00:00:none:normal	8	2	8	1.6666667461395264	256	256	17	40	239	222	128	206.333882369899	159.82619070943042	15	12	480e06376444700278ba0776f2f4d20ac208a19e4269be1751686a8f09870a8b	fdba6879d851c21fe3014ec8309e176f75457b04877177a4bdb774631a8ccd43	440a0ad5229493e6c91cf4adfe018299f469ff7ccb068a5e0970dfffd77fb856	assets/pokemon-animation-cards/rc31-source-absent-seven-root-reviewed/dex-051__form-00__gender-none__palette-normal__admission.json	verified-render
51	dugtrio	base	none	shiny	assets/pokemon-animation-cards/rc31-source-absent-seven-root-reviewed/dex-051__form-00__gender-none__palette-shiny__idle-8x4.png	assets/pokemon-animation-cards/rc31-source-absent-seven-root-reviewed/dex-051__form-00__gender-none__palette-shiny__walk-8x4.png	assets/pokemon-animation-cards/rc31-source-absent-seven-root-reviewed/dex-051__form-00__gender-none__palette-shiny__runtime.png	rc31-original-trs-exact-absent-body-v1:pm0051_00:00:none:shiny	8	2	8	1.6666667461395264	256	256	17	40	239	222	128	206.333882369899	159.82619070943042	15	12	00c33d17dbe74f10df685e91406ab0c3049f7be4cc37b2486f011039fd22de83	5fdcef575fd40acb9eae5a80a0e13fe9103546aeee4f7b9789eb4e7eafc6462f	b91d5330aa523f8c059129b067ee55e7f78dd84fe749a29403b44928a3fd7151	assets/pokemon-animation-cards/rc31-source-absent-seven-root-reviewed/dex-051__form-00__gender-none__palette-shiny__admission.json	verified-render
69	bellsprout	base	none	normal	assets/pokemon-animation-cards/rc31-source-absent-seven-root-reviewed/dex-069__form-00__gender-none__palette-normal__idle-8x4.png	assets/pokemon-animation-cards/rc31-source-absent-seven-root-reviewed/dex-069__form-00__gender-none__palette-normal__walk-8x4.png	assets/pokemon-animation-cards/rc31-source-absent-seven-root-reviewed/dex-069__form-00__gender-none__palette-normal__runtime.png	rc31-original-trs-exact-absent-body-v1:pm0069_00:00:none:normal	8	2	8	1	256	256	20	27	237	232	128	221.81813445079933	178.7238129894842	15	16	d228bd4e91e62fcd0776c02c2a720d2fa7deac63952a1da4ad4019c62db01844	4276851af7afccf30ef3af10e96bbece23d2200446ac3ba7e46c77743402d5b7	b23a0116b648b61945b652b5b91b16a7f33f62270d951e8c1de983578e6c59ae	assets/pokemon-animation-cards/rc31-source-absent-seven-root-reviewed/dex-069__form-00__gender-none__palette-normal__admission.json	verified-render
69	bellsprout	base	none	shiny	assets/pokemon-animation-cards/rc31-source-absent-seven-root-reviewed/dex-069__form-00__gender-none__palette-shiny__idle-8x4.png	assets/pokemon-animation-cards/rc31-source-absent-seven-root-reviewed/dex-069__form-00__gender-none__palette-shiny__walk-8x4.png	assets/pokemon-animation-cards/rc31-source-absent-seven-root-reviewed/dex-069__form-00__gender-none__palette-shiny__runtime.png	rc31-original-trs-exact-absent-body-v1:pm0069_00:00:none:shiny	8	2	8	1	256	256	20	27	237	232	128	221.81813445079933	178.7238129894842	15	16	dd3e58a2a95d3bc8dab652e3d78a4b7b8dccaa7b5ae2f53ac8e1ef4eb3e61101	cb1e4d2d7c03aaf8a452ac2dc3ce48d24f9fa4a7c579650f7da45c1de5dcaca4	84a2a5a2fb4c2dbc543ddcd7764a3c63020322f33a55510e3101a197b7b71875	assets/pokemon-animation-cards/rc31-source-absent-seven-root-reviewed/dex-069__form-00__gender-none__palette-shiny__admission.json	verified-render
70	weepinbell	base	none	normal	assets/pokemon-animation-cards/rc31-source-absent-seven-root-reviewed/dex-070__form-00__gender-none__palette-normal__idle-8x4.png	assets/pokemon-animation-cards/rc31-source-absent-seven-root-reviewed/dex-070__form-00__gender-none__palette-normal__walk-8x4.png	assets/pokemon-animation-cards/rc31-source-absent-seven-root-reviewed/dex-070__form-00__gender-none__palette-normal__runtime.png	rc31-original-trs-exact-absent-body-v1:pm0070_00:00:none:normal	8	2	8	1.3333333730697632	256	256	17	38	239	216	128	246.84146290200533	122.22326475780254	15	16	cd9a9e1f6a704829c82e0b48a5be7a48351d3c2caa82f822672735545c8242d9	3e7cae873a255702033e72ad76b7d1fae20b6e2fe3e8d66717d9160648bd3ae9	057f0b54c000d6c84e0b90e57a9c9ded58908fc0848d0ed025f61aa366cf1164	assets/pokemon-animation-cards/rc31-source-absent-seven-root-reviewed/dex-070__form-00__gender-none__palette-normal__admission.json	verified-render
70	weepinbell	base	none	shiny	assets/pokemon-animation-cards/rc31-source-absent-seven-root-reviewed/dex-070__form-00__gender-none__palette-shiny__idle-8x4.png	assets/pokemon-animation-cards/rc31-source-absent-seven-root-reviewed/dex-070__form-00__gender-none__palette-shiny__walk-8x4.png	assets/pokemon-animation-cards/rc31-source-absent-seven-root-reviewed/dex-070__form-00__gender-none__palette-shiny__runtime.png	rc31-original-trs-exact-absent-body-v1:pm0070_00:00:none:shiny	8	2	8	1.3333333730697632	256	256	17	38	239	216	128	246.84146290200533	122.22326475780254	15	16	fe6633b0658a05dc8d2099f003da9cfca885408cfab8da43c086c18889b6b008	866e5b430ed15d7d2eb6f256c8c80dc14f93786e6d3aa58b6c6935aa0950b6df	1d6efa8490ba025406351af26d35a498d2881fbe4150a14c6af3a3d89b41c8f4	assets/pokemon-animation-cards/rc31-source-absent-seven-root-reviewed/dex-070__form-00__gender-none__palette-shiny__admission.json	verified-render
71	victreebel	base	none	normal	assets/pokemon-animation-cards/rc31-source-absent-seven-root-reviewed/dex-071__form-00__gender-none__palette-normal__idle-8x4.png	assets/pokemon-animation-cards/rc31-source-absent-seven-root-reviewed/dex-071__form-00__gender-none__palette-normal__walk-8x4.png	assets/pokemon-animation-cards/rc31-source-absent-seven-root-reviewed/dex-071__form-00__gender-none__palette-normal__runtime.png	rc31-original-trs-exact-absent-body-v1:pm0071_00:00:none:normal	8	2	8	1.533333420753479	256	256	17	35	239	224	128	224.71206878691478	118.28997998686052	15	16	0551b15482f0a219d77902953b6a182702f684e5edd861777b22d36768f3ac47	d57c5df674b475f58ca9d07c89d2e5add9b41fa042d690aa0714af1984a4a56e	1c6aac23cb00dab68f4b1d8bd1d6a5eed6d4ac71d9c6ef80681d31da592d5f56	assets/pokemon-animation-cards/rc31-source-absent-seven-root-reviewed/dex-071__form-00__gender-none__palette-normal__admission.json	verified-render
71	victreebel	base	none	shiny	assets/pokemon-animation-cards/rc31-source-absent-seven-root-reviewed/dex-071__form-00__gender-none__palette-shiny__idle-8x4.png	assets/pokemon-animation-cards/rc31-source-absent-seven-root-reviewed/dex-071__form-00__gender-none__palette-shiny__walk-8x4.png	assets/pokemon-animation-cards/rc31-source-absent-seven-root-reviewed/dex-071__form-00__gender-none__palette-shiny__runtime.png	rc31-original-trs-exact-absent-body-v1:pm0071_00:00:none:shiny	8	2	8	1.533333420753479	256	256	17	35	239	224	128	224.71206878691478	118.28997998686052	15	16	1eb51cb83d7dbde9b433abbff9173ad8f4d844a6c1a90f20b148b10ea6f8b24a	94cb48f4ca706448a9658989dd2d74ebe59f1a0c74db605564a5ce4cacff563b	0698c059fc14166d61faf616fcd589533c7dbd6fe3835aac50647d7bbfe178ef	assets/pokemon-animation-cards/rc31-source-absent-seven-root-reviewed/dex-071__form-00__gender-none__palette-shiny__admission.json	verified-render
83	farfetchd	base	none	normal	assets/pokemon-animation-cards/rc31-source-absent-seven-root-reviewed/dex-083__form-00__gender-none__palette-normal__idle-8x4.png	assets/pokemon-animation-cards/rc31-source-absent-seven-root-reviewed/dex-083__form-00__gender-none__palette-normal__walk-8x4.png	assets/pokemon-animation-cards/rc31-source-absent-seven-root-reviewed/dex-083__form-00__gender-none__palette-normal__runtime.png	rc31-original-trs-exact-absent-body-v1:pm0083_00:00:none:normal	8	1.6000001430511475	8	0.7000000476837158	256	256	17	43	239	217	128	205.3964464628815	159.3089978601308	15	16	94a70141e0ef45a25687b5e703f519238f932cec3551998727eb89183769671f	de4ff65043241285b5c3561eac4b5fd95eea9350bd711af0f01f5de74f4ee6ed	90b7b288184b529782d1871c62f3a02364ab3fd38c7eaabcbc5de8cb615d8c0d	assets/pokemon-animation-cards/rc31-source-absent-seven-root-reviewed/dex-083__form-00__gender-none__palette-normal__admission.json	verified-render
83	farfetchd	base	none	shiny	assets/pokemon-animation-cards/rc31-source-absent-seven-root-reviewed/dex-083__form-00__gender-none__palette-shiny__idle-8x4.png	assets/pokemon-animation-cards/rc31-source-absent-seven-root-reviewed/dex-083__form-00__gender-none__palette-shiny__walk-8x4.png	assets/pokemon-animation-cards/rc31-source-absent-seven-root-reviewed/dex-083__form-00__gender-none__palette-shiny__runtime.png	rc31-original-trs-exact-absent-body-v1:pm0083_00:00:none:shiny	8	1.6000001430511475	8	0.7000000476837158	256	256	17	43	239	217	128	205.3964464628815	159.3089978601308	15	16	3de7ff7a0e0c3b57c3cb9bb52bbad795d60d94512cb5a0dfebb1c13f94319fc7	cc9463bada63700e303ede34814751004ec6ff6dca364aead6da1cd266303d18	3397497b60c8dab2d67729568addbf58d3e642cc4537115e1295312aef48c8dc	assets/pokemon-animation-cards/rc31-source-absent-seven-root-reviewed/dex-083__form-00__gender-none__palette-shiny__admission.json	verified-render
90	shellder	base	none	normal	assets/pokemon-animation-cards/rc31-source-absent-seven-root-reviewed/dex-090__form-00__gender-none__palette-normal__idle-8x4.png	assets/pokemon-animation-cards/rc31-source-absent-seven-root-reviewed/dex-090__form-00__gender-none__palette-normal__walk-8x4.png	assets/pokemon-animation-cards/rc31-source-absent-seven-root-reviewed/dex-090__form-00__gender-none__palette-normal__runtime.png	rc31-original-trs-exact-absent-body-v1:pm0090_00:00:none:normal	8	2.6666667461395264	8	1	256	256	17	53	239	205	128	192.88452217533256	112.74451114166229	15	11	917f2b5026658ed9290274967cd334adfd89a871e7e9f758e07359e21fd6d8cd	5f328ce5a4510fd2408b2ebe2ba83208a4d207a264dbb887018b51cba6f40a19	53876500f54775ddf330fab4309dc3a8e9d2867824e232ef3ee23e5092735d7a	assets/pokemon-animation-cards/rc31-source-absent-seven-root-reviewed/dex-090__form-00__gender-none__palette-normal__admission.json	verified-render
90	shellder	base	none	shiny	assets/pokemon-animation-cards/rc31-source-absent-seven-root-reviewed/dex-090__form-00__gender-none__palette-shiny__idle-8x4.png	assets/pokemon-animation-cards/rc31-source-absent-seven-root-reviewed/dex-090__form-00__gender-none__palette-shiny__walk-8x4.png	assets/pokemon-animation-cards/rc31-source-absent-seven-root-reviewed/dex-090__form-00__gender-none__palette-shiny__runtime.png	rc31-original-trs-exact-absent-body-v1:pm0090_00:00:none:shiny	8	2.6666667461395264	8	1	256	256	17	53	239	205	128	192.88452217533256	112.74451114166229	15	11	40e172178a98224167a1adf45c1daa1ebdc8e72f9f4bc1a313efbbe18c4029e4	e2202c4d9399fd41765a523eeecde771f160aca71ad7e9c89c468e96f0b59a0c	142b78159fb457b96fa49ac2e63dff7861a98513da366a33a793afbac1624beb	assets/pokemon-animation-cards/rc31-source-absent-seven-root-reviewed/dex-090__form-00__gender-none__palette-shiny__admission.json	verified-render
96	drowzee	base	none	normal	assets/pokemon-animation-cards/rc31-source-absent-seven-root-reviewed/dex-096__form-00__gender-none__palette-normal__idle-8x4.png	assets/pokemon-animation-cards/rc31-source-absent-seven-root-reviewed/dex-096__form-00__gender-none__palette-normal__walk-8x4.png	assets/pokemon-animation-cards/rc31-source-absent-seven-root-reviewed/dex-096__form-00__gender-none__palette-normal__runtime.png	rc31-original-trs-exact-absent-body-v1:pm0096_00:00:none:normal	8	2.3333334922790527	8	1	256	256	17	33	239	227	128	215.30990536796799	182.24174752251145	15	16	02abf1f602bd6addc6a9215f98ff1108965bc5e0bca1b3f4e1b7d932ea663a04	9562e6e354bb6c81c402cb1d37ad1b161e709ff3cc6df459e81849ad490566fe	ce57f05b9ff0750d1d1f808f04918e1a24f271c5d09b567b4664242314d3c320	assets/pokemon-animation-cards/rc31-source-absent-seven-root-reviewed/dex-096__form-00__gender-none__palette-normal__admission.json	verified-render
96	drowzee	base	none	shiny	assets/pokemon-animation-cards/rc31-source-absent-seven-root-reviewed/dex-096__form-00__gender-none__palette-shiny__idle-8x4.png	assets/pokemon-animation-cards/rc31-source-absent-seven-root-reviewed/dex-096__form-00__gender-none__palette-shiny__walk-8x4.png	assets/pokemon-animation-cards/rc31-source-absent-seven-root-reviewed/dex-096__form-00__gender-none__palette-shiny__runtime.png	rc31-original-trs-exact-absent-body-v1:pm0096_00:00:none:shiny	8	2.3333334922790527	8	1	256	256	17	33	239	227	128	215.30990536796799	182.24174752251145	15	16	d43180cd2e7fa91745f5e9d7907a61c10a8e8b54720b657282b00b5e0aefeb77	e68fa995551c02cdb085908f57156f10295087c4d43af4cfc2d1c2d3d89b1c60	710b43ce22f0774b6c656d57e565a014a8fedf7849a5ce39cc0e7b7deb43c2b3	assets/pokemon-animation-cards/rc31-source-absent-seven-root-reviewed/dex-096__form-00__gender-none__palette-shiny__admission.json	verified-render
144	articuno	base	none	normal	assets/pokemon-animation-cards/rc31-birds-original-origin-root-reviewed/dex-144__form-00__gender-none__palette-normal__idle-8x4.png	assets/pokemon-animation-cards/rc31-birds-original-origin-root-reviewed/dex-144__form-00__gender-none__palette-normal__walk-8x4.png	assets/pokemon-animation-cards/rc31-birds-original-origin-root-reviewed/dex-144__form-00__gender-none__palette-normal__runtime.png	rc31-rectangle-qa-v1:pm0144_00:00:none:normal	8	1.3333333730697632	8	0.6666666865348816	384	256	15	48	368	209	192	209.0544605080513	64.25601763016694	15	16	0ab98c61dc4e35c0c2f7a8f69d8f03a123d66327469d9c0834e7be0c94a0f855	1fc2816f2ab20c51dede0a59b299702580d2734ba1c56084a509cad0cae5decd	fd59e6aef679a738f3e1abe20bc2d9dc815523ecd62bf7e646d90d068f16763a	assets/pokemon-animation-cards/rc31-birds-original-origin-root-reviewed/dex-144__form-00__gender-none__palette-normal__admission.json	verified-render
144	articuno	base	none	shiny	assets/pokemon-animation-cards/rc31-birds-original-origin-root-reviewed/dex-144__form-00__gender-none__palette-shiny__idle-8x4.png	assets/pokemon-animation-cards/rc31-birds-original-origin-root-reviewed/dex-144__form-00__gender-none__palette-shiny__walk-8x4.png	assets/pokemon-animation-cards/rc31-birds-original-origin-root-reviewed/dex-144__form-00__gender-none__palette-shiny__runtime.png	rc31-rectangle-qa-v1:pm0144_00:00:none:shiny	8	1.3333333730697632	8	0.6666666865348816	384	256	15	48	368	209	192	209.0544605080513	64.25601763016694	15	16	fa172d0e9d260c8176226af5da01e3ef8784dad2ff079f5664ec3f7f110e681f	911c0c811c6ee8148d8ccc8e7c8591b2283190f9c22b519ff650065b61cfe18b	c77a65b8d72f242cbdad41b964dee97db0d0b2af9cee3674f40b5992a247063a	assets/pokemon-animation-cards/rc31-birds-original-origin-root-reviewed/dex-144__form-00__gender-none__palette-shiny__admission.json	verified-render
145	zapdos	base	none	normal	assets/pokemon-animation-cards/rc31-birds-original-origin-root-reviewed/dex-145__form-00__gender-none__palette-normal__idle-8x4.png	assets/pokemon-animation-cards/rc31-birds-original-origin-root-reviewed/dex-145__form-00__gender-none__palette-normal__walk-8x4.png	assets/pokemon-animation-cards/rc31-birds-original-origin-root-reviewed/dex-145__form-00__gender-none__palette-normal__runtime.png	rc31-original-trs-v1:pm0145_00:00:none:normal	8	1	8	0.7000000476837158	256	256	19	25	236	233	128	235.1222424332858	103.92618887453031	15	16	77cd57ddca0d8deef7246f5630d272c5898a5d6b1e9564429f1133aea38b8bca	8bb2e0d0f26ae244c27d30611e20a6f04bc92abbef0bba3f9139510e004c88cd	f4900cfae75a21cdba6d421763f8afc4e377af85ac5e2d9d7b6cb4c04c7822a0	assets/pokemon-animation-cards/rc31-birds-original-origin-root-reviewed/dex-145__form-00__gender-none__palette-normal__admission.json	verified-render
145	zapdos	base	none	shiny	assets/pokemon-animation-cards/rc31-birds-original-origin-root-reviewed/dex-145__form-00__gender-none__palette-shiny__idle-8x4.png	assets/pokemon-animation-cards/rc31-birds-original-origin-root-reviewed/dex-145__form-00__gender-none__palette-shiny__walk-8x4.png	assets/pokemon-animation-cards/rc31-birds-original-origin-root-reviewed/dex-145__form-00__gender-none__palette-shiny__runtime.png	rc31-original-trs-v1:pm0145_00:00:none:shiny	8	1	8	0.7000000476837158	256	256	19	25	236	233	128	235.1222424332858	103.92618887453031	15	16	d560e4922a1b4775a41b3d3c48a3fa81a4ffeaedca44f13422974b470cfd1298	da9b940342a05b3ab7d0a5aa722309a482b418fd57e9761a1746b6d53b8bd10c	cad3e874b6361ee1b475b2d47a9b06b68a2b6714b36cae8fb8800ac28ba200b8	assets/pokemon-animation-cards/rc31-birds-original-origin-root-reviewed/dex-145__form-00__gender-none__palette-shiny__admission.json	verified-render
130	gyarados	base	none	normal	assets/pokemon-animation-cards/rc31-wide-body-root-reviewed/dex-130__form-00__gender-none__palette-normal__idle-8x4.png	assets/pokemon-animation-cards/rc31-wide-body-root-reviewed/dex-130__form-00__gender-none__palette-normal__walk-8x4.png	assets/pokemon-animation-cards/rc31-wide-body-root-reviewed/dex-130__form-00__gender-none__palette-normal__runtime.png	rc31-original-wide-v1:pm0130_00:00:none:normal	8	2	8	2	384	256	27	41	357	218	192	203.36527000832075	123	15	16	97cd662671edccb06df9f666752475349264adc250b3125abb746c492f974399	6681b6119e87736ec933bc7e2552ad0d5db16deb3a00404e6b879d25e08d2438	7dc10a626d07399f3acaadf944cfbfad35d162eae924b3390f9bc0e2acc9bec3	assets/pokemon-animation-cards/rc31-wide-body-root-reviewed/dex-130__form-00__gender-none__palette-normal__admission.json	verified-render
130	gyarados	base	none	shiny	assets/pokemon-animation-cards/rc31-wide-body-root-reviewed/dex-130__form-00__gender-none__palette-shiny__idle-8x4.png	assets/pokemon-animation-cards/rc31-wide-body-root-reviewed/dex-130__form-00__gender-none__palette-shiny__walk-8x4.png	assets/pokemon-animation-cards/rc31-wide-body-root-reviewed/dex-130__form-00__gender-none__palette-shiny__runtime.png	rc31-original-wide-v1:pm0130_00:00:none:shiny	8	2	8	2	384	256	27	41	357	218	192	203.36527000832075	123	15	16	1c8c622c2454137614d0757463aff0fa0af3d696515f08e135c71dc0d3648d7a	c4fb4f60493ae4b8e3a7786ab369ce0b65cebbfe51dc0d41d70e72020ae84d25	e2fca2d0e20d8aa85c14ce38ea9045e26e26cbac2de997aea391e38a144ad07c	assets/pokemon-animation-cards/rc31-wide-body-root-reviewed/dex-130__form-00__gender-none__palette-shiny__admission.json	verified-render
147	dratini	base	none	normal	assets/pokemon-animation-cards/rc31-wide-body-root-reviewed/dex-147__form-00__gender-none__palette-normal__idle-8x4.png	assets/pokemon-animation-cards/rc31-wide-body-root-reviewed/dex-147__form-00__gender-none__palette-normal__walk-8x4.png	assets/pokemon-animation-cards/rc31-wide-body-root-reviewed/dex-147__form-00__gender-none__palette-normal__runtime.png	rc31-original-wide-v1:pm0147_00:00:none:normal	8	1.6000001430511475	8	1.6000001430511475	384	256	47	16	337	236	192	225.35185024884845	137.8125	15	16	6eff349f71dc6900ad1163eabf68a9b035d0dfdc471820ab50caa32667a2d4a1	69ad5820a4be5834c6ab8201851d3fa5f2a8d9a043b2d39bbaffff1724412b76	26cc58f8d178cbc588a546062cfff0d3ad75686ed617f531956e67cf1c72281d	assets/pokemon-animation-cards/rc31-wide-body-root-reviewed/dex-147__form-00__gender-none__palette-normal__admission.json	verified-render
147	dratini	base	none	shiny	assets/pokemon-animation-cards/rc31-wide-body-root-reviewed/dex-147__form-00__gender-none__palette-shiny__idle-8x4.png	assets/pokemon-animation-cards/rc31-wide-body-root-reviewed/dex-147__form-00__gender-none__palette-shiny__walk-8x4.png	assets/pokemon-animation-cards/rc31-wide-body-root-reviewed/dex-147__form-00__gender-none__palette-shiny__runtime.png	rc31-original-wide-v1:pm0147_00:00:none:shiny	8	1.6000001430511475	8	1.6000001430511475	384	256	47	16	337	236	192	225.35185024884845	137.8125	15	16	d9ef312e95a80b5cae9f91c4f12bb12a1e2671fb9775382dd2c098440eabdbc1	c5c2efac4831f31a33fcb3392046042f624e30e367169ae8db9f3c0416999b94	aef7467a96449cfee504ef8dc57122c8b3b60007363cd6ef2732f507017280c8	assets/pokemon-animation-cards/rc31-wide-body-root-reviewed/dex-147__form-00__gender-none__palette-shiny__admission.json	verified-render
148	dragonair	base	none	normal	assets/pokemon-animation-cards/rc31-wide-body-root-reviewed/dex-148__form-00__gender-none__palette-normal__idle-8x4.png	assets/pokemon-animation-cards/rc31-wide-body-root-reviewed/dex-148__form-00__gender-none__palette-normal__walk-8x4.png	assets/pokemon-animation-cards/rc31-wide-body-root-reviewed/dex-148__form-00__gender-none__palette-normal__runtime.png	rc31-original-wide-v1:pm0148_00:00:none:normal	8	2	8	2	384	256	15	44	369	210	192	200.69673338585915	143.03571428571428	13	16	256d0a2e8c2b087082d08a22c5ac70115c0f1fbf86316db6b5c996622457c4ec	81ee7780318b04a496aac9fe1f76774d67553cfdae6e2dc2335f018f49283698	c04ca45cb5401d542f3d78d8c3b831e930eaf62c86718c890c42ed5e42368239	assets/pokemon-animation-cards/rc31-wide-body-root-reviewed/dex-148__form-00__gender-none__palette-normal__admission.json	verified-render
148	dragonair	base	none	shiny	assets/pokemon-animation-cards/rc31-wide-body-root-reviewed/dex-148__form-00__gender-none__palette-shiny__idle-8x4.png	assets/pokemon-animation-cards/rc31-wide-body-root-reviewed/dex-148__form-00__gender-none__palette-shiny__walk-8x4.png	assets/pokemon-animation-cards/rc31-wide-body-root-reviewed/dex-148__form-00__gender-none__palette-shiny__runtime.png	rc31-original-wide-v1:pm0148_00:00:none:shiny	8	2	8	2	384	256	15	44	369	210	192	200.69673338585915	143.03571428571428	13	16	ff83553006eaa3dd4a98b238ab5c8722c7682ef049d0de04fd222ed19bb908c2	b0ab71968b064256530a8b36dee05f567a38eb231b9f221d16c000bf34d05851	5b24b65012885e9137f22ddc9be5db8e6d3f074127a370744109b61f74245eab	assets/pokemon-animation-cards/rc31-wide-body-root-reviewed/dex-148__form-00__gender-none__palette-shiny__admission.json	verified-render
150	mewtwo	base	none	normal	assets/pokemon-animation-cards/rc31-wide-body-root-reviewed/dex-150__form-00__gender-none__palette-normal__idle-8x4.png	assets/pokemon-animation-cards/rc31-wide-body-root-reviewed/dex-150__form-00__gender-none__palette-normal__walk-8x4.png	assets/pokemon-animation-cards/rc31-wide-body-root-reviewed/dex-150__form-00__gender-none__palette-normal__runtime.png	rc31-original-wide-v1:pm0150_00:00:none:normal	8	3.000000238418579	8	1.5000001192092896	384	256	27	57	357	195	192	182.78509870023942	104.55128294271285	15	16	2de34ad3217bc8a99ed7b04393a926ab93f02c945e7adea61e3f583cc1daf544	ce22fa6f71eb7772e69d2401ccb9bf5be4b98edd4e911952594eed8d94cf97fe	3cd83118191bc510802e58286f8d01a9adad213509f7a2764f85d70a2f924fe1	assets/pokemon-animation-cards/rc31-wide-body-root-reviewed/dex-150__form-00__gender-none__palette-normal__admission.json	verified-render
150	mewtwo	base	none	shiny	assets/pokemon-animation-cards/rc31-wide-body-root-reviewed/dex-150__form-00__gender-none__palette-shiny__idle-8x4.png	assets/pokemon-animation-cards/rc31-wide-body-root-reviewed/dex-150__form-00__gender-none__palette-shiny__walk-8x4.png	assets/pokemon-animation-cards/rc31-wide-body-root-reviewed/dex-150__form-00__gender-none__palette-shiny__runtime.png	rc31-original-wide-v1:pm0150_00:00:none:shiny	8	3.000000238418579	8	1.5000001192092896	384	256	27	57	357	195	192	182.78509870023942	104.55128294271285	15	16	62408564a409b36bcf02eef9a2be73480a61b0fec828427f92351983e0c7f9e7	32c74144d66643119c549b1e909018b4773112c4249b85b0d0c5c39112893582	eca390ac729b525ee7b700921135fd2cdc8529eaf5c1109d9f6a4bd4bf8a3671	assets/pokemon-animation-cards/rc31-wide-body-root-reviewed/dex-150__form-00__gender-none__palette-shiny__admission.json	verified-render
151	mew	base	none	normal	assets/pokemon-animation-cards/rc31-wide-body-root-reviewed/dex-151__form-00__gender-none__palette-normal__idle-8x4.png	assets/pokemon-animation-cards/rc31-wide-body-root-reviewed/dex-151__form-00__gender-none__palette-normal__walk-8x4.png	assets/pokemon-animation-cards/rc31-wide-body-root-reviewed/dex-151__form-00__gender-none__palette-normal__runtime.png	rc31-original-wide-v1:pm0151_00:00:none:normal	8	1.6666667461395264	8	1	384	256	27	14	357	237	192	245.7123395338661	109.72489242874856	15	16	adcd4747ae5a4d3768df568a9aa09f845270c9b4c029d226ea378b6b0cf24443	30b9d43cdd84bdaf7bb0755d3b7a1a0502f10b8e16e1f90f816dd7bf85c1880d	0ac589f127b4f4289fe4a367978823e87634abc69167682f299ad4271a3e3054	assets/pokemon-animation-cards/rc31-wide-body-root-reviewed/dex-151__form-00__gender-none__palette-normal__admission.json	verified-render
151	mew	base	none	shiny	assets/pokemon-animation-cards/rc31-wide-body-root-reviewed/dex-151__form-00__gender-none__palette-shiny__idle-8x4.png	assets/pokemon-animation-cards/rc31-wide-body-root-reviewed/dex-151__form-00__gender-none__palette-shiny__walk-8x4.png	assets/pokemon-animation-cards/rc31-wide-body-root-reviewed/dex-151__form-00__gender-none__palette-shiny__runtime.png	rc31-original-wide-v1:pm0151_00:00:none:shiny	8	1.6666667461395264	8	1	384	256	27	14	357	237	192	245.7123395338661	109.72489242874856	15	16	d22e8c0393fff85f74254856aac2890d7803afb93b5451b53807ad21ff214a7c	5f602b673933def75370bed204bcc82edc77ce3ae0397d5be0e03dffd2d07be5	004cb4827baf24a705f2e8b8611f641acef11b70e10e53b20c69ba0067a3c6cf	assets/pokemon-animation-cards/rc31-wide-body-root-reviewed/dex-151__form-00__gender-none__palette-shiny__admission.json	verified-render
23	ekans	base	none	normal	assets/pokemon-animation-cards/rc31-ekans-wide-body-v1/dex-023__form-00__gender-none__palette-normal__idle-8x4.png	assets/pokemon-animation-cards/rc31-ekans-wide-body-v1/dex-023__form-00__gender-none__palette-normal__walk-8x4.png	assets/pokemon-animation-cards/rc31-ekans-wide-body-v1/dex-023__form-00__gender-none__palette-normal__runtime.png	rc31-original-trs-ekans-wide-body-v1:pm0023_00:00:none:normal	8	1.6000001430511475	8	1.3333333730697632	512	256	9	70	503	184	256	155.08767277636412	76.72787115255784	15	13	2114c1408917ab8039325d75d28bf8de27d7d8915ec78860a8d8dbf696e4da2e	5617ff74baf8e371229b7cad14da45bcea2cdfc50734ae2ffc4d439b6c90d794	8296f9f6be1258655c509eec54c06b1845811504e7e2a2ecb49891bc642d2f79	assets/pokemon-animation-cards/rc31-ekans-wide-body-v1/dex-023__form-00__gender-none__palette-normal__admission.json	verified-render
23	ekans	base	none	shiny	assets/pokemon-animation-cards/rc31-ekans-wide-body-v1/dex-023__form-00__gender-none__palette-shiny__idle-8x4.png	assets/pokemon-animation-cards/rc31-ekans-wide-body-v1/dex-023__form-00__gender-none__palette-shiny__walk-8x4.png	assets/pokemon-animation-cards/rc31-ekans-wide-body-v1/dex-023__form-00__gender-none__palette-shiny__runtime.png	rc31-original-trs-ekans-wide-body-v1:pm0023_00:00:none:shiny	8	1.6000001430511475	8	1.3333333730697632	512	256	9	70	503	184	256	155.08767277636412	76.72787115255784	15	13	e63714c9da512a5fb81134e082cf32854988bd7652ecc52e017e48a1ebbbb414	a619d00ab264978390ef832c4388c706792e924393a2507a1fa9a4ee199c8ba9	39b95e511214a4eb27018764b8510c0afbfae5889af3fb44680a428576c6995c	assets/pokemon-animation-cards/rc31-ekans-wide-body-v1/dex-023__form-00__gender-none__palette-shiny__admission.json	verified-render
89	muk	base	none	normal	assets/pokemon-animation-cards/muk-source-body-v2/dex-089__form-00__gender-none__palette-normal__idle-8x4.png	assets/pokemon-animation-cards/muk-source-body-v2/dex-089__form-00__gender-none__palette-normal__walk-8x4.png	assets/pokemon-animation-cards/muk-source-body-v2/dex-089__form-00__gender-none__palette-normal__runtime.png	rc31-original-trs-muk-source-body-v2:pm0089_00:00:none:normal	8	2.6666667461395264	8	1	256	256	17	75	239	183	128	168.7782899778759	65.44969413404053	15	11	e55d5cd37035b9bc161bb62fc5ad4bccb0493140dd327b0a54289e508a9bf35c	f9148dfe20f5983bc84df699fef9bb884479de56fac073788bde72f9022bf66e	e447d71cdc3f12082aa57450bafd61c79a2a281ee2f52b27827138dc0f6f5c1a	assets/pokemon-animation-cards/muk-source-body-v2/dex-089__form-00__gender-none__palette-normal__admission.json	verified-render
89	muk	base	none	shiny	assets/pokemon-animation-cards/muk-source-body-v2/dex-089__form-00__gender-none__palette-shiny__idle-8x4.png	assets/pokemon-animation-cards/muk-source-body-v2/dex-089__form-00__gender-none__palette-shiny__walk-8x4.png	assets/pokemon-animation-cards/muk-source-body-v2/dex-089__form-00__gender-none__palette-shiny__runtime.png	rc31-original-trs-muk-source-body-v2:pm0089_00:00:none:shiny	8	2.6666667461395264	8	1	256	256	17	75	239	183	128	168.7782899778759	65.44969413404053	15	11	45070286ab36ba1a206296e14bba25a7a6cc7ffee5b97b71f219596171534d35	a04db5ba6f2fda9d8c0a7dbe07c96c6891bcc7edc4d598c6d47e2f3fded523cd	5a99359247431f7a1d8bfa7e85b763b209040a3d3a87a8ba04b33e451645606d	assets/pokemon-animation-cards/muk-source-body-v2/dex-089__form-00__gender-none__palette-shiny__admission.json	verified-render
100	voltorb	base	none	normal	assets/pokemon-animation-cards/voltorb-original-color-v2/dex-100__form-00__gender-none__palette-normal__idle-8x4.png	assets/pokemon-animation-cards/voltorb-original-color-v2/dex-100__form-00__gender-none__palette-normal__walk-8x4.png	assets/pokemon-animation-cards/voltorb-original-color-v2/dex-100__form-00__gender-none__palette-normal__runtime.png	rc31-original-trs-exact-absent-body-v1:pm0100_00:00:none:normal	8	2	8	1.0000001192092896	256	256	17	29	239	227	128	223.4853192694485	191.88000503079405	15	15	9ffad7543f43dbe1e3e820ba2c9e72b56934dcb0c6ef5eef06bba2e1e7926967	72afbc2b827fd89c1ff571afd7ea737ae14dfc05643785dd8fbee34e45d1ac52	23c549dc541dcc935b7c8b6d45fb821f261f78bc0b0167f61af840dcdec909e0	assets/pokemon-animation-cards/voltorb-original-color-v2/dex-100__form-00__gender-none__palette-normal__admission.json	verified-render
100	voltorb	base	none	shiny	assets/pokemon-animation-cards/voltorb-original-color-v2/dex-100__form-00__gender-none__palette-shiny__idle-8x4.png	assets/pokemon-animation-cards/voltorb-original-color-v2/dex-100__form-00__gender-none__palette-shiny__walk-8x4.png	assets/pokemon-animation-cards/voltorb-original-color-v2/dex-100__form-00__gender-none__palette-shiny__runtime.png	rc31-original-trs-exact-absent-body-v1:pm0100_00:00:none:shiny	8	2	8	1.0000001192092896	256	256	17	29	239	227	128	223.4853192694485	191.88000503079405	15	15	57517b5489ba52c38167f76994cb433698e75d9fe8b1631800e85cc835214fb3	fc23e297ff683b591be6f49a3b269901e6dae79d9092edf7af3f091285276380	5121005e5569b61276e829b7cb9d8c89b27fa1243eec3bc7928b23e0bffa160c	assets/pokemon-animation-cards/voltorb-original-color-v2/dex-100__form-00__gender-none__palette-shiny__admission.json	verified-render
126	magmar	base	none	normal	assets/pokemon-animation-cards/rc31-magmar-original-rig/dex-126__form-00__gender-none__palette-normal__idle-8x4.png	assets/pokemon-animation-cards/rc31-magmar-original-rig/dex-126__form-00__gender-none__palette-normal__walk-8x4.png	assets/pokemon-animation-cards/rc31-magmar-original-rig/dex-126__form-00__gender-none__palette-normal__runtime.png	rc31-original-rig-body-v1:pm0126_00:00:none:normal	8	2	8	1	256	256	24	67	232	196	128	185.84918914498746	104.69074369636151	15	16	8c34e60e0bf1910af98bca98419752dfabfc3fa19dc88c026954a87928d31497	a4996b3c0ea6d5f7bbbc8903f83942d5fb36f1b09ede73da86957b5c380db0d5	1aeef7effb838fa89c8c2b1aa8ec44571df076b9c40349005c13669527063cfc	assets/pokemon-animation-cards/rc31-magmar-original-rig/dex-126__form-00__gender-none__palette-normal__admission.json	verified-render
126	magmar	base	none	shiny	assets/pokemon-animation-cards/rc31-magmar-original-rig/dex-126__form-00__gender-none__palette-shiny__idle-8x4.png	assets/pokemon-animation-cards/rc31-magmar-original-rig/dex-126__form-00__gender-none__palette-shiny__walk-8x4.png	assets/pokemon-animation-cards/rc31-magmar-original-rig/dex-126__form-00__gender-none__palette-shiny__runtime.png	rc31-original-rig-body-v1:pm0126_00:00:none:shiny	8	2	8	1	256	256	24	67	232	196	128	185.84918914498746	104.69074369636151	15	16	29bd95a37263a1e9f422bec985ce25ab6f998c777b7c5483b9948bc3ce8adad1	10256c3ba1931943e17b54e1f18f57f768b388f45153e206f8b7ff308be79aed	f44edbf5b7116757668f840d914afd44f2e68bb34b6182bfbdfcb2b1d5ecb31a	assets/pokemon-animation-cards/rc31-magmar-original-rig/dex-126__form-00__gender-none__palette-shiny__admission.json	verified-render
39	jigglypuff	base	none	normal	assets/pokemon-animation-cards/rc31-source-absent-four-body-v1/dex-039__form-00__gender-none__palette-normal__idle-8x4.png	assets/pokemon-animation-cards/rc31-source-absent-four-body-v1/dex-039__form-00__gender-none__palette-normal__walk-8x4.png	assets/pokemon-animation-cards/rc31-source-absent-four-body-v1/dex-039__form-00__gender-none__palette-normal__runtime.png	rc31-source-absent-body-v1:pm0039_00:00:none:normal	8	1.6666667461395264	8	1	256	256	17	24	239	231	128	219.55294924280454	176.38979118446292	15	16	69c26ffd8fcead90e90e25eec6adfa2614d28e82370ff3d26c1af72a4ad5533e	9062853bc25fd238914f4215fe7bb3bbde4280579a58917488758c9b3140b3f8	d50011c4dfe65e820b743751bc6d88340078d4286353e062f787d417ff56b3e3	assets/pokemon-animation-cards/rc31-source-absent-four-body-v1/dex-039__form-00__gender-none__palette-normal__admission.json	verified-render
39	jigglypuff	base	none	shiny	assets/pokemon-animation-cards/rc31-source-absent-four-body-v1/dex-039__form-00__gender-none__palette-shiny__idle-8x4.png	assets/pokemon-animation-cards/rc31-source-absent-four-body-v1/dex-039__form-00__gender-none__palette-shiny__walk-8x4.png	assets/pokemon-animation-cards/rc31-source-absent-four-body-v1/dex-039__form-00__gender-none__palette-shiny__runtime.png	rc31-source-absent-body-v1:pm0039_00:00:none:shiny	8	1.6666667461395264	8	1	256	256	17	24	239	231	128	219.55294924280454	176.38979118446292	15	16	e1100b4f1f1b65f83ff87513773250345887a66a14517febc62e2b5cc9b3b99f	6631307c71cad4902a7854545f3a482146aebada5b5f90d0e666e18311b92b6a	cabad0fd21127ce976861ccf875cf3fb30a7e913f7aec358ed3a82b9802982d0	assets/pokemon-animation-cards/rc31-source-absent-four-body-v1/dex-039__form-00__gender-none__palette-shiny__admission.json	verified-render
40	wigglytuff	base	none	normal	assets/pokemon-animation-cards/rc31-source-absent-four-body-v1/dex-040__form-00__gender-none__palette-normal__idle-8x4.png	assets/pokemon-animation-cards/rc31-source-absent-four-body-v1/dex-040__form-00__gender-none__palette-normal__walk-8x4.png	assets/pokemon-animation-cards/rc31-source-absent-four-body-v1/dex-040__form-00__gender-none__palette-normal__runtime.png	rc31-source-absent-body-v1:pm0040_00:00:none:normal	8	2	8	1.0666667222976685	256	256	17	37	239	219	128	210.1754710511634	166.84472480832824	15	16	c4c84dce303614af5fc6e435f824c413830311da23a9e4cdf58446bda8a8bb99	b886ae193d60d342de734b17063b210bb6b650cfcdad060c71096942f909b387	ce419e21be8126d5f61f3aa0a1547cb5830685fa072335833f34b1d72b96ce10	assets/pokemon-animation-cards/rc31-source-absent-four-body-v1/dex-040__form-00__gender-none__palette-normal__admission.json	verified-render
40	wigglytuff	base	none	shiny	assets/pokemon-animation-cards/rc31-source-absent-four-body-v1/dex-040__form-00__gender-none__palette-shiny__idle-8x4.png	assets/pokemon-animation-cards/rc31-source-absent-four-body-v1/dex-040__form-00__gender-none__palette-shiny__walk-8x4.png	assets/pokemon-animation-cards/rc31-source-absent-four-body-v1/dex-040__form-00__gender-none__palette-shiny__runtime.png	rc31-source-absent-body-v1:pm0040_00:00:none:shiny	8	2	8	1.0666667222976685	256	256	17	37	239	219	128	210.1754710511634	166.84472480832824	15	16	73f9076a8a132967d9734de55c55c7b8b01314f97cc8a94251784d56b767efc9	5551ce0008fb0e9b043d34482a50be4aa9f629b6da6f70c1c73d635e7f35ee38	c7c23555423173e4974102cfc87f8b766df71a869d3aee46e5e804863e67d3b6	assets/pokemon-animation-cards/rc31-source-absent-four-body-v1/dex-040__form-00__gender-none__palette-shiny__admission.json	verified-render
43	oddish	base	none	normal	assets/pokemon-animation-cards/rc31-source-absent-four-body-v1/dex-043__form-00__gender-none__palette-normal__idle-8x4.png	assets/pokemon-animation-cards/rc31-source-absent-four-body-v1/dex-043__form-00__gender-none__palette-normal__walk-8x4.png	assets/pokemon-animation-cards/rc31-source-absent-four-body-v1/dex-043__form-00__gender-none__palette-normal__runtime.png	rc31-source-absent-body-v1:pm0043_00:00:none:normal	8	1.6666667461395264	8	1	256	256	17	42	239	215	128	207.85816143411924	75.62730260190125	15	16	443dfcaf71ee968c9497a88bde71422ecd8ea648a793f36b10a1a6eb407ae12d	9a46070cf9764a57659292eb25c89664c7bc78239307720cfbc038e1e245a88b	8a03ea8e59b448e2f5bd45ddbec3d96aced55e913599901f6247b1d72bce4947	assets/pokemon-animation-cards/rc31-source-absent-four-body-v1/dex-043__form-00__gender-none__palette-normal__admission.json	verified-render
43	oddish	base	none	shiny	assets/pokemon-animation-cards/rc31-source-absent-four-body-v1/dex-043__form-00__gender-none__palette-shiny__idle-8x4.png	assets/pokemon-animation-cards/rc31-source-absent-four-body-v1/dex-043__form-00__gender-none__palette-shiny__walk-8x4.png	assets/pokemon-animation-cards/rc31-source-absent-four-body-v1/dex-043__form-00__gender-none__palette-shiny__runtime.png	rc31-source-absent-body-v1:pm0043_00:00:none:shiny	8	1.6666667461395264	8	1	256	256	17	42	239	215	128	207.85816143411924	75.62730260190125	15	16	62e873ccb4462dcf7922d273790f7912e2eb89a6ab0aa4ff72f09c2261fc4c28	1f379d711fb8f2cf13be9d488ecad04b01dc60b3fc4c2a21ea2638d640578290	25671501c3f84face293a44b367f112f09135e3d535077118f7ad54e274ccb73	assets/pokemon-animation-cards/rc31-source-absent-four-body-v1/dex-043__form-00__gender-none__palette-shiny__admission.json	verified-render
50	diglett	base	none	normal	assets/pokemon-animation-cards/rc31-source-absent-four-body-v1/dex-050__form-00__gender-none__palette-normal__idle-8x4.png	assets/pokemon-animation-cards/rc31-source-absent-four-body-v1/dex-050__form-00__gender-none__palette-normal__walk-8x4.png	assets/pokemon-animation-cards/rc31-source-absent-four-body-v1/dex-050__form-00__gender-none__palette-normal__runtime.png	rc31-source-absent-body-v1:pm0050_00:00:none:normal	8	1.3333333730697632	8	1	256	256	17	51	239	217	128	201.29120206840446	159.2351167591062	15	12	250a47da8fb596253b6f61e1db78be9f4158e4b17cca366bfc0d297148cd9f46	06d266fbfdcf8445b1c750262b68c8a765967dc5d76b499b122af0a51d7dcf9a	f4ec3f0a3b365185b986ce91f1a45442e717e42f5b3182aecd3e0b2413d84ce4	assets/pokemon-animation-cards/rc31-source-absent-four-body-v1/dex-050__form-00__gender-none__palette-normal__admission.json	verified-render
50	diglett	base	none	shiny	assets/pokemon-animation-cards/rc31-source-absent-four-body-v1/dex-050__form-00__gender-none__palette-shiny__idle-8x4.png	assets/pokemon-animation-cards/rc31-source-absent-four-body-v1/dex-050__form-00__gender-none__palette-shiny__walk-8x4.png	assets/pokemon-animation-cards/rc31-source-absent-four-body-v1/dex-050__form-00__gender-none__palette-shiny__runtime.png	rc31-source-absent-body-v1:pm0050_00:00:none:shiny	8	1.3333333730697632	8	1	256	256	17	51	239	217	128	201.29120206840446	159.2351167591062	15	12	1689ca25bd748d128d685dd0edb6ca02ae0e0d716397d0bd66c08b1bf73f0687	5bebeac55ea7ccc995c1555663a1847966e49dafe8cd47929c61906eac816569	e64e05c9f7f42ee173aac1dae10ccee6d89f86327605ea3e5bb8151524eedfdd	assets/pokemon-animation-cards/rc31-source-absent-four-body-v1/dex-050__form-00__gender-none__palette-shiny__admission.json	verified-render
92	gastly	base	none	normal	assets/pokemon-animation-cards/rc31-gastly-original-gas-body-v1/dex-092__form-00__gender-none__palette-normal__idle-8x4.png	assets/pokemon-animation-cards/rc31-gastly-original-gas-body-v1/dex-092__form-00__gender-none__palette-normal__walk-8x4.png	assets/pokemon-animation-cards/rc31-gastly-original-gas-body-v1/dex-092__form-00__gender-none__palette-normal__runtime.png	rc31-original-trs-gastly-world-gas-body-v1:pm0092_00:00:none:normal	8	2.133333444595337	8	2	256	256	41	36	216	221	128	231.20587401008265	66.80442418152757	15	16	66e7a91733b367302be6b74584897700c9c943ef30614c3e69c7efee990c4d1a	352547945fa09da7b57503e79323c8f58066dc66f33be52af1758ede3940e18b	acdff86d71e718f2d10821a0ec204b553d4f622679bad9e025799fd199a65c35	assets/pokemon-animation-cards/rc31-gastly-original-gas-body-v1/dex-092__form-00__gender-none__palette-normal__admission.json	verified-render
92	gastly	base	none	shiny	assets/pokemon-animation-cards/rc31-gastly-original-gas-body-v1/dex-092__form-00__gender-none__palette-shiny__idle-8x4.png	assets/pokemon-animation-cards/rc31-gastly-original-gas-body-v1/dex-092__form-00__gender-none__palette-shiny__walk-8x4.png	assets/pokemon-animation-cards/rc31-gastly-original-gas-body-v1/dex-092__form-00__gender-none__palette-shiny__runtime.png	rc31-original-trs-gastly-world-gas-body-v1:pm0092_00:00:none:shiny	8	2.133333444595337	8	2	256	256	41	36	216	221	128	231.20587401008265	66.80442418152757	15	16	83a418bd7b48e4886645a6b4550cd0cf7bbc8bb32ffead40ccd23f4f6397799c	bf4b29e41614612ab2e8069bf00e3e4c58ac263194c65e9dcda8d05f522c19bb	2e0402adc73183f023edfc5efa3f10b36f6a2902663e59f5adc0cc8d0c50ab2b	assets/pokemon-animation-cards/rc31-gastly-original-gas-body-v1/dex-092__form-00__gender-none__palette-shiny__admission.json	verified-render
42	golbat	base	none	normal	assets/pokemon-animation-cards/rc31-golbat-source-default-v1/dex-042__form-00__gender-none__palette-normal__idle-16x4.png	assets/pokemon-animation-cards/rc31-golbat-source-default-v1/dex-042__form-00__gender-none__palette-normal__walk-16x4.png	assets/pokemon-animation-cards/rc31-golbat-source-default-v1/dex-042__form-00__gender-none__palette-normal__runtime.png	rc31-original-golbat16-source-default-v1:pm0042_00:00:none:normal	16	2	16	1.2000000476837158	256	256	17	34	239	222	128	224.15691146658958	57.617986462422564	15	16	2b7089acccc7cf74639f6bde5440e0cb5da7f77a9595071475f6eb1f7c00a35b	32cb5f63acb3f67d6789f50742f20c2f3c34478f78abd573f790fa06e56ca8a3	90dd3c7a7e66dea740e9ff85073c4ca3881f0e901f88e903cb7376a33b35bf72	assets/pokemon-animation-cards/rc31-golbat-source-default-v1/dex-042__form-00__gender-none__palette-normal__admission.json	verified-render
42	golbat	base	none	shiny	assets/pokemon-animation-cards/rc31-golbat-source-default-v1/dex-042__form-00__gender-none__palette-shiny__idle-16x4.png	assets/pokemon-animation-cards/rc31-golbat-source-default-v1/dex-042__form-00__gender-none__palette-shiny__walk-16x4.png	assets/pokemon-animation-cards/rc31-golbat-source-default-v1/dex-042__form-00__gender-none__palette-shiny__runtime.png	rc31-original-golbat16-source-default-v1:pm0042_00:00:none:shiny	16	2	16	1.2000000476837158	256	256	17	34	239	222	128	224.15691146658958	57.617986462422564	15	16	d30cc937f8a3d0b47544d3ea43642939bff7d8d9fd83bfc19c05cd07fff70e76	2fb7f21cf71c2596dec91e26ec1c73c65d8ed20a41d3622d5fc0aa5fed6239cd	b50bf511421e48999af6c16a7502ac0f1d2b8a47e7a98e6b4fe1ca34b5eb79ae	assets/pokemon-animation-cards/rc31-golbat-source-default-v1/dex-042__form-00__gender-none__palette-shiny__admission.json	verified-render
111	rhyhorn	base	none	normal	assets/pokemon-animation-cards/rc31-g2-default-111-112-123/dex-111__form-00__gender-none__palette-normal__idle-8x4.png	assets/pokemon-animation-cards/rc31-g2-default-111-112-123/dex-111__form-00__gender-none__palette-normal__walk-8x4.png	assets/pokemon-animation-cards/rc31-g2-default-111-112-123/dex-111__form-00__gender-none__palette-normal__runtime.png	rc31-original-g2-default-body-v1:pm0111_00:00:none:normal	8	2.4000000953674316	8	1	256	256	17	64	239	199	128	187.05279371278735	127.230011297071	15	15	480456caac6ab518dca7bf74c9b26f7efd96a1e41604a7954168e3a95283da62	93e64f4848f945fde7c0c90927f573d84a2eed7cb3aeb6923cc5096f12e755a3	19489fa44299356f034a927ce3acd14dd91884e6cc45977928f906ad0c662e23	assets/pokemon-animation-cards/rc31-g2-default-111-112-123/dex-111__form-00__gender-none__palette-normal__admission.json	verified-render
111	rhyhorn	base	none	shiny	assets/pokemon-animation-cards/rc31-g2-default-111-112-123/dex-111__form-00__gender-none__palette-shiny__idle-8x4.png	assets/pokemon-animation-cards/rc31-g2-default-111-112-123/dex-111__form-00__gender-none__palette-shiny__walk-8x4.png	assets/pokemon-animation-cards/rc31-g2-default-111-112-123/dex-111__form-00__gender-none__palette-shiny__runtime.png	rc31-original-g2-default-body-v1:pm0111_00:00:none:shiny	8	2.4000000953674316	8	1	256	256	17	64	239	199	128	187.05279371278735	127.230011297071	15	15	a1adc39298ccbe8380af21bf4f1adfdde1a506bcbfcd280cc2a72f384c2e2dd2	988eeb8926bde3699ee7cda8a580efbb971da842c9f096f5d961b50cd27c2cc6	6cb2f46bb80d99b2d532952001a66e3da9892d5a4a3894dd56e0f9a7032e7e74	assets/pokemon-animation-cards/rc31-g2-default-111-112-123/dex-111__form-00__gender-none__palette-shiny__admission.json	verified-render
112	rhydon	base	none	normal	assets/pokemon-animation-cards/rc31-g2-default-111-112-123/dex-112__form-00__gender-none__palette-normal__idle-8x4.png	assets/pokemon-animation-cards/rc31-g2-default-111-112-123/dex-112__form-00__gender-none__palette-normal__walk-8x4.png	assets/pokemon-animation-cards/rc31-g2-default-111-112-123/dex-112__form-00__gender-none__palette-normal__runtime.png	rc31-original-g2-default-body-v1:pm0112_00:00:none:normal	8	1.6000001430511475	8	1.6666667461395264	256	256	17	65	239	197	128	183.66272230184893	117.27708808443023	15	16	34c9a3e9c4db2e4409b483c14e87d97b9320dea8821dbbe002a84860485282b2	924d1fa2843323bb62795427e3841a162770f1243bc73c5badc5199234bce782	9114a6cd20e13e4c2040ed5adff2e9ce678d3ee63db81a45a2515cefe8a48c14	assets/pokemon-animation-cards/rc31-g2-default-111-112-123/dex-112__form-00__gender-none__palette-normal__admission.json	verified-render
112	rhydon	base	none	shiny	assets/pokemon-animation-cards/rc31-g2-default-111-112-123/dex-112__form-00__gender-none__palette-shiny__idle-8x4.png	assets/pokemon-animation-cards/rc31-g2-default-111-112-123/dex-112__form-00__gender-none__palette-shiny__walk-8x4.png	assets/pokemon-animation-cards/rc31-g2-default-111-112-123/dex-112__form-00__gender-none__palette-shiny__runtime.png	rc31-original-g2-default-body-v1:pm0112_00:00:none:shiny	8	1.6000001430511475	8	1.6666667461395264	256	256	17	65	239	197	128	183.66272230184893	117.27708808443023	15	16	2395cb7f9d70bcfdb5dcf25e899afdb42e8475c4a3704fe8b393b8d58e8aa490	2783d0d07cdefc7826cac121c349d32a40b26a16e7b08c8b906297e053aa1ec0	e66a7af1cc0bbae69ec912a9493753b8b9d8f4cab06691ce082f34a8c924c095	assets/pokemon-animation-cards/rc31-g2-default-111-112-123/dex-112__form-00__gender-none__palette-shiny__admission.json	verified-render
123	scyther	base	none	normal	assets/pokemon-animation-cards/rc31-g2-default-111-112-123/dex-123__form-00__gender-none__palette-normal__idle-8x4.png	assets/pokemon-animation-cards/rc31-g2-default-111-112-123/dex-123__form-00__gender-none__palette-normal__walk-8x4.png	assets/pokemon-animation-cards/rc31-g2-default-111-112-123/dex-123__form-00__gender-none__palette-normal__runtime.png	rc31-original-g2-default-body-v1:pm0123_00:00:none:normal	8	2	8	0.6666666865348816	256	256	26	24	229	230	128	248.68652980488164	139.08524644090846	13	16	893ab03df157ed76c631590d5188ed4085bc3595788bf58bd0a09e0f87f17560	30f3b13d3f46c19227c7a61fb1ad5b2f05b54dee4a780f5eef01e27d36057c68	f48955cfd9d4a670a1fb1c07588b273de6b677bee1885fabcc1f25c83913e1ad	assets/pokemon-animation-cards/rc31-g2-default-111-112-123/dex-123__form-00__gender-none__palette-normal__admission.json	verified-render
123	scyther	base	none	shiny	assets/pokemon-animation-cards/rc31-g2-default-111-112-123/dex-123__form-00__gender-none__palette-shiny__idle-8x4.png	assets/pokemon-animation-cards/rc31-g2-default-111-112-123/dex-123__form-00__gender-none__palette-shiny__walk-8x4.png	assets/pokemon-animation-cards/rc31-g2-default-111-112-123/dex-123__form-00__gender-none__palette-shiny__runtime.png	rc31-original-g2-default-body-v1:pm0123_00:00:none:shiny	8	2	8	0.6666666865348816	256	256	26	24	229	230	128	248.68652980488164	139.08524644090846	13	16	96f9279f74e6c5d649c3f88f6dc4e6b6ada9cb34466475f88d8f9c594e187a21	12c90bd1e26bb066cebae6feb0bfd3c78a65d96e6c56085705e7405d8072a0dd	1d0ae2b4136a7121b3c5c88638a69af182659c748bff617c9f9d8473b4c602db	assets/pokemon-animation-cards/rc31-g2-default-111-112-123/dex-123__form-00__gender-none__palette-shiny__admission.json	verified-render
136	flareon	base	none	normal	assets/pokemon-animation-cards/rc31-flareon-original-owner-rig/dex-136__form-00__gender-none__palette-normal__idle-8x4.png	assets/pokemon-animation-cards/rc31-flareon-original-owner-rig/dex-136__form-00__gender-none__palette-normal__walk-8x4.png	assets/pokemon-animation-cards/rc31-flareon-original-owner-rig/dex-136__form-00__gender-none__palette-normal__runtime.png	rc31-original-owner-rig-idle-tip-body-v1:pm0136_00:00:none:normal	8	1	8	0.8333333730697632	256	256	30	24	226	234	128	224.23337368283933	130.42046971971288	14	16	f72408b4ddb347f585cf1f9c21ace12f7b31146aa18538c21cb7fcc89895bb46	acfbf5c36d3f16a38c20de347787f69729cab52fbc3bea825af4663f0e4fe302	50063893088d999f8c8c617852c558be22312ed9f36a22c578127b23eb93de7e	assets/pokemon-animation-cards/rc31-flareon-original-owner-rig/dex-136__form-00__gender-none__palette-normal__admission.json	verified-render
136	flareon	base	none	shiny	assets/pokemon-animation-cards/rc31-flareon-original-owner-rig/dex-136__form-00__gender-none__palette-shiny__idle-8x4.png	assets/pokemon-animation-cards/rc31-flareon-original-owner-rig/dex-136__form-00__gender-none__palette-shiny__walk-8x4.png	assets/pokemon-animation-cards/rc31-flareon-original-owner-rig/dex-136__form-00__gender-none__palette-shiny__runtime.png	rc31-original-owner-rig-idle-tip-body-v1:pm0136_00:00:none:shiny	8	1	8	0.8333333730697632	256	256	30	24	226	234	128	224.23337368283933	130.42046971971288	14	16	8ef58a87e1f53ab744444e20dfe9106fa3de4202523f0c36f125d16a73203ff1	6df5ed02d3ccbfd619f28089126de0c3d8ee09a6a6d0b06a7ed4d6a4a07f9cc9	15c2c2692d99bc912e01f5e51112d7559eda5cd473124dd2b5375fefb3db84a1	assets/pokemon-animation-cards/rc31-flareon-original-owner-rig/dex-136__form-00__gender-none__palette-shiny__admission.json	verified-render
88	grimer	base	none	normal	assets/pokemon-animation-cards/kanto-grimer-native-body-v1/dex-088__form-00__gender-none__palette-normal__idle-8x4.png	assets/pokemon-animation-cards/kanto-grimer-native-body-v1/dex-088__form-00__gender-none__palette-normal__walk-8x4.png	assets/pokemon-animation-cards/kanto-grimer-native-body-v1/dex-088__form-00__gender-none__palette-normal__runtime.png	rc31-original-trs-v1:pm0088_00:00:none:normal-native-body-v1	8	2.6666667461395264	8	1	256	256	17	59	239	206	128	190.1535644676792	131.47502238417925	15	14	d808f3b38138b8d8844d58d95a5a8280734accfdbdedb2b3f902675915e01c8f	ca89335093301bd113ed62e6f21a25a412f0403de643506a4ec8adcaa26f53f5	345860de50b4db92952b34a536e83dd047a83a65bfda43ea346fe8d8589fb358	assets/pokemon-animation-cards/kanto-grimer-native-body-v1/dex-088__form-00__gender-none__palette-normal__admission.json	verified-render
88	grimer	base	none	shiny	assets/pokemon-animation-cards/kanto-grimer-native-body-v1/dex-088__form-00__gender-none__palette-shiny__idle-8x4.png	assets/pokemon-animation-cards/kanto-grimer-native-body-v1/dex-088__form-00__gender-none__palette-shiny__walk-8x4.png	assets/pokemon-animation-cards/kanto-grimer-native-body-v1/dex-088__form-00__gender-none__palette-shiny__runtime.png	rc31-original-trs-v1:pm0088_00:00:none:shiny-native-body-v1	8	2.6666667461395264	8	1	256	256	17	59	239	206	128	190.1535644676792	131.47502238417925	15	14	8fade70f43370ff5dec7f83a97045223133df673cfa4f5cc07282f83bd60dda4	1d22abdde64f33558596c5df2eb472da21d2012c0d822fe2047f7d878e8aa9a9	bac73b2a17ad7402b6aa135a6c5ccd0d7b0deb629f005dc8e0fe2edd77550187	assets/pokemon-animation-cards/kanto-grimer-native-body-v1/dex-088__form-00__gender-none__palette-shiny__admission.json	verified-render
93	haunter	base	none	normal	assets/pokemon-animation-cards/kanto-haunter-two-pass-native-body-v1/dex-093__form-00__gender-none__palette-normal__idle-8x4.png	assets/pokemon-animation-cards/kanto-haunter-two-pass-native-body-v1/dex-093__form-00__gender-none__palette-normal__walk-8x4.png	assets/pokemon-animation-cards/kanto-haunter-two-pass-native-body-v1/dex-093__form-00__gender-none__palette-normal__runtime.png	rc31-original-trs-v1:pm0093_00:00:none:normal-two-pass-native-body-v1	8	2	8	2	256	256	17	37	239	220	128	230.0894137479589	113.79883233867956	15	15	ef3a85261d992c6ecc8e67792a06a3cf4ef433c1c0b1a3a37427657251f0c379	6b58364be256177a1c273f8bd7d344733f54ec07ef5e57a32dc790f503e98907	842df722f2a25130dc52ab4e10e85b4936eb59101323631fbd67342ff06b6a44	assets/pokemon-animation-cards/kanto-haunter-two-pass-native-body-v1/dex-093__form-00__gender-none__palette-normal__admission.json	verified-render
93	haunter	base	none	shiny	assets/pokemon-animation-cards/kanto-haunter-two-pass-native-body-v1/dex-093__form-00__gender-none__palette-shiny__idle-8x4.png	assets/pokemon-animation-cards/kanto-haunter-two-pass-native-body-v1/dex-093__form-00__gender-none__palette-shiny__walk-8x4.png	assets/pokemon-animation-cards/kanto-haunter-two-pass-native-body-v1/dex-093__form-00__gender-none__palette-shiny__runtime.png	rc31-original-trs-v1:pm0093_00:00:none:shiny-two-pass-native-body-v1	8	2	8	2	256	256	17	37	239	220	128	230.0894137479589	113.79883233867956	15	15	725187113ddb1d848202de563bbd993e3af99f772c0b66c7bd1b8fc3a0a6b2cc	3a925e903710ff1a490b5e283ce2eccccb430639011234db3977d22a5ffe1405	67e36a7bb1b3950b023021f0f7fcd9d5581228d91762823069643196edf3a75e	assets/pokemon-animation-cards/kanto-haunter-two-pass-native-body-v1/dex-093__form-00__gender-none__palette-shiny__admission.json	verified-render
109	koffing	base	none	normal	assets/pokemon-animation-cards/kanto-original-smoke-body-109-110-v1/dex-109__form-00__gender-none__palette-normal__idle-8x4.png	assets/pokemon-animation-cards/kanto-original-smoke-body-109-110-v1/dex-109__form-00__gender-none__palette-normal__walk-8x4.png	assets/pokemon-animation-cards/kanto-original-smoke-body-109-110-v1/dex-109__form-00__gender-none__palette-normal__runtime.png	rc31-original-smoke-body-v1:pm0109_00:00:none:normal	8	2	8	2	256	256	43	33	215	226	128	233.59702604098706	79.26493290966442	15	15	012dc4c7e8c68de9f112f4d6fcc8aaf678cfd764dd06f96571a57139295b2f48	e5edbc900b6155bb516a2710e60b013bef3fe1106bf99ec93ef37e1b004f8756	3e2d9bc36ae25769f5238113fc38ce33d017b3d91717afdf5ef368e900597ed0	assets/pokemon-animation-cards/kanto-original-smoke-body-109-110-v1/dex-109__form-00__gender-none__palette-normal__admission.json	verified-render
109	koffing	base	none	shiny	assets/pokemon-animation-cards/kanto-original-smoke-body-109-110-v1/dex-109__form-00__gender-none__palette-shiny__idle-8x4.png	assets/pokemon-animation-cards/kanto-original-smoke-body-109-110-v1/dex-109__form-00__gender-none__palette-shiny__walk-8x4.png	assets/pokemon-animation-cards/kanto-original-smoke-body-109-110-v1/dex-109__form-00__gender-none__palette-shiny__runtime.png	rc31-original-smoke-body-v1:pm0109_00:00:none:shiny	8	2	8	2	256	256	43	33	215	226	128	233.59702604098706	79.26493290966442	15	15	967f4478d867508e4c64fc137e7d8e098b24cecc6a3dcb562b2bdc3a447e670c	d77b95626609d15ac9b15be28f3115d972377a56b4dd4f9b9cc9c802c2950a2b	df3a6391bf4cbcad8846de8eef370d32edfcbc2c5c25c5636098d9300800b9b4	assets/pokemon-animation-cards/kanto-original-smoke-body-109-110-v1/dex-109__form-00__gender-none__palette-shiny__admission.json	verified-render
110	weezing	base	none	normal	assets/pokemon-animation-cards/kanto-original-smoke-body-109-110-v1/dex-110__form-00__gender-none__palette-normal__idle-8x4.png	assets/pokemon-animation-cards/kanto-original-smoke-body-109-110-v1/dex-110__form-00__gender-none__palette-normal__walk-8x4.png	assets/pokemon-animation-cards/kanto-original-smoke-body-109-110-v1/dex-110__form-00__gender-none__palette-normal__runtime.png	rc31-original-smoke-body-v1:pm0110_00:00:none:normal	8	2.6666667461395264	8	2	256	256	37	29	219	227	128	219.56348927793783	84.78836135994632	15	16	fc14b2504d55f5ef506cd4627668b9c405b19bdaa0369625a2f83151a7203c26	d80396866cd1a543186ac04902661a60f4333a612d402c03d21ef62c47f6bac4	e1020e86051cb086416b6ca73d253e7376268bb440a0b841803f811af5dca459	assets/pokemon-animation-cards/kanto-original-smoke-body-109-110-v1/dex-110__form-00__gender-none__palette-normal__admission.json	verified-render
110	weezing	base	none	shiny	assets/pokemon-animation-cards/kanto-original-smoke-body-109-110-v1/dex-110__form-00__gender-none__palette-shiny__idle-8x4.png	assets/pokemon-animation-cards/kanto-original-smoke-body-109-110-v1/dex-110__form-00__gender-none__palette-shiny__walk-8x4.png	assets/pokemon-animation-cards/kanto-original-smoke-body-109-110-v1/dex-110__form-00__gender-none__palette-shiny__runtime.png	rc31-original-smoke-body-v1:pm0110_00:00:none:shiny	8	2.6666667461395264	8	2	256	256	37	29	219	227	128	219.56348927793783	84.78836135994632	15	16	01270cf7c8fe7953ec3d9747086156a3e26fca5a559652bfed1280d1c734676e	a33e5bfcc3003ea1b996b0b283bb1c63c17494a8a6a07061be6af25be3745579	7a6962f7c1b4f962d50f6e3b9fc67e3ea04de42b315079d715e77769824033b0	assets/pokemon-animation-cards/kanto-original-smoke-body-109-110-v1/dex-110__form-00__gender-none__palette-shiny__admission.json	verified-render
77	ponyta	base	none	normal	assets/pokemon-animation-cards/kanto-ponyta-original-fire-time-body-v1/dex-077__form-00__gender-none__palette-normal__idle-8x4.png	assets/pokemon-animation-cards/kanto-ponyta-original-fire-time-body-v1/dex-077__form-00__gender-none__palette-normal__walk-8x4.png	assets/pokemon-animation-cards/kanto-ponyta-original-fire-time-body-v1/dex-077__form-00__gender-none__palette-normal__runtime.png	rc31-original-trs-v1:pm0077_00:00:none:normal-fire-time-body-v1	8	1.6666667461395264	8	1	256	256	19	56	237	207	128	197.67126473070496	124.48201740342681	15	16	85a693d943d91ae4cd3ffd295a6437916b4f3f5b118e764e5b842bb2f55d64be	609aae635bcf94e3184963945df0f95d2df49d310cc37595b673d92176fe4b34	fab116b2f9f3478046854f9aafcb436fb7e935682fa6c98cb3427b30846d02af	assets/pokemon-animation-cards/kanto-ponyta-original-fire-time-body-v1/dex-077__form-00__gender-none__palette-normal__admission.json	verified-render
77	ponyta	base	none	shiny	assets/pokemon-animation-cards/kanto-ponyta-original-fire-time-body-v1/dex-077__form-00__gender-none__palette-shiny__idle-8x4.png	assets/pokemon-animation-cards/kanto-ponyta-original-fire-time-body-v1/dex-077__form-00__gender-none__palette-shiny__walk-8x4.png	assets/pokemon-animation-cards/kanto-ponyta-original-fire-time-body-v1/dex-077__form-00__gender-none__palette-shiny__runtime.png	rc31-original-trs-v1:pm0077_00:00:none:shiny-fire-time-body-v1	8	1.6666667461395264	8	1	256	256	19	56	237	207	128	197.67126473070496	124.48201740342681	15	16	e7bf8a6e9a54d19eb1ee533d12af38b1f7632e06c13c3fc0e6357971c8982905	11b67d3cb7eb5e4bba3d006e43d7695f72bb59469d54d997f393edb235135720	c12539c1f9e29d6f6855fcad92fd2187317ae095fb9d311c1ca34d8a9c4ff088	assets/pokemon-animation-cards/kanto-ponyta-original-fire-time-body-v1/dex-077__form-00__gender-none__palette-shiny__admission.json	verified-render
152	chikorita	base	none	normal	assets/pokemon-animation-cards/johto-qa-c971dfcdbaf0b925/dex-152__form-00__gender-none__palette-normal__idle-8x4.png	assets/pokemon-animation-cards/johto-qa-c971dfcdbaf0b925/dex-152__form-00__gender-none__palette-normal__walk-8x4.png	assets/pokemon-animation-cards/johto-qa-c971dfcdbaf0b925/dex-152__form-00__gender-none__palette-normal__runtime.png	johto-original-trs-v1:pm0152_00:00:none:normal	8	1.6000001430511475	8	0.9000000357627869	256	256	2	25	254	231	128	222.24066527765635	135.07463858484797	15	16	96a7cf1630d359ab63bf4b4c3ecd1b949328b6fa98ac9b87535ce736e8c3ff16	1125ad17a0a4cab57bac769e1eeff25aa14e8f3ceab5a0c2b32804b9ad7d7495	ade97824abeb666bd135ade540af3df4f4da04bfe4e9394ecd783a46dab0324c	assets/pokemon-animation-cards/johto-qa-c971dfcdbaf0b925/dex-152__form-00__gender-none__palette-normal__qa-evidence.json	verified-render
152	chikorita	base	none	shiny	assets/pokemon-animation-cards/johto-qa-c971dfcdbaf0b925/dex-152__form-00__gender-none__palette-shiny__idle-8x4.png	assets/pokemon-animation-cards/johto-qa-c971dfcdbaf0b925/dex-152__form-00__gender-none__palette-shiny__walk-8x4.png	assets/pokemon-animation-cards/johto-qa-c971dfcdbaf0b925/dex-152__form-00__gender-none__palette-shiny__runtime.png	johto-original-trs-v1:pm0152_00:00:none:shiny	8	1.6000001430511475	8	0.9000000357627869	256	256	2	25	254	231	128	222.24066527765635	135.07463858484797	15	16	77c8654f939bae11f9ce88355787981bec70f16a0b785e00636daef6ea6c3690	5e354e496cc04acb62da437138503e6d7b426fa44a88eadd7f0c377dda0c7b91	d983c6e5670aa4aa27b89d0308b9cdb01937bec20c830a37c989ec9dd830de82	assets/pokemon-animation-cards/johto-qa-c971dfcdbaf0b925/dex-152__form-00__gender-none__palette-shiny__qa-evidence.json	verified-render
153	bayleef	base	none	normal	assets/pokemon-animation-cards/johto-qa-c971dfcdbaf0b925/dex-153__form-00__gender-none__palette-normal__idle-8x4.png	assets/pokemon-animation-cards/johto-qa-c971dfcdbaf0b925/dex-153__form-00__gender-none__palette-normal__walk-8x4.png	assets/pokemon-animation-cards/johto-qa-c971dfcdbaf0b925/dex-153__form-00__gender-none__palette-normal__runtime.png	johto-original-trs-v1:pm0153_00:00:none:normal	8	1.7333334684371948	8	1	256	256	5	2	252	253	128.20545746388441	235.7541857783187	172.35224393620564	14	16	cee22a0e1317940bf456cbbf81df6e6d4a58b8bb5abea005b8482fcd228c3427	a5b65b5177ecc34ad905fc634ca8df987243aed9b5e32da8f4741356c80ef371	53c7f3a0fc59e5cbb251273f38c533bf53ad3b3826f8a531dadcf276456182cd	assets/pokemon-animation-cards/johto-qa-c971dfcdbaf0b925/dex-153__form-00__gender-none__palette-normal__qa-evidence.json	verified-render
153	bayleef	base	none	shiny	assets/pokemon-animation-cards/johto-qa-c971dfcdbaf0b925/dex-153__form-00__gender-none__palette-shiny__idle-8x4.png	assets/pokemon-animation-cards/johto-qa-c971dfcdbaf0b925/dex-153__form-00__gender-none__palette-shiny__walk-8x4.png	assets/pokemon-animation-cards/johto-qa-c971dfcdbaf0b925/dex-153__form-00__gender-none__palette-shiny__runtime.png	johto-original-trs-v1:pm0153_00:00:none:shiny	8	1.7333334684371948	8	1	256	256	5	2	252	253	128.20545746388441	235.7541857783187	172.35224393620564	14	16	dd781788772c7f21146a8612233f822555d4044d867a594e1d02f97e6602e4c9	ce8890004972409e49f6b1c88e0b58774de217545a68fcd8dc35c208d0414650	91654547f61fcf95146be214ff6b932f639eb53043fa0e6bb7836b2a7bf56ae9	assets/pokemon-animation-cards/johto-qa-c971dfcdbaf0b925/dex-153__form-00__gender-none__palette-shiny__qa-evidence.json	verified-render
154	meganium	base	male	normal	assets/pokemon-animation-cards/johto-qa-c971dfcdbaf0b925/dex-154__form-00__gender-male__palette-normal__idle-8x4.png	assets/pokemon-animation-cards/johto-qa-c971dfcdbaf0b925/dex-154__form-00__gender-male__palette-normal__walk-8x4.png	assets/pokemon-animation-cards/johto-qa-c971dfcdbaf0b925/dex-154__form-00__gender-male__palette-normal__runtime.png	johto-original-trs-v1:pm0154_00:00:male:normal	8	2	8	1.433333396911621	256	256	2	19	254	237	128	225.30380234070068	199.7402282255913	15	16	c14291dfd47784bca55047509a117ea670b33cdc03a130bd625866415bc41ca9	261bf17e94f15c5c2daed92e90485a385dd998511986f2135e66f8b712f094a8	998b2ba7b2aef353ed08b581ce3775c7709ed2f19ba9a326e58a4466e5a69893	assets/pokemon-animation-cards/johto-qa-c971dfcdbaf0b925/dex-154__form-00__gender-male__palette-normal__qa-evidence.json	verified-render
154	meganium	base	male	shiny	assets/pokemon-animation-cards/johto-qa-c971dfcdbaf0b925/dex-154__form-00__gender-male__palette-shiny__idle-8x4.png	assets/pokemon-animation-cards/johto-qa-c971dfcdbaf0b925/dex-154__form-00__gender-male__palette-shiny__walk-8x4.png	assets/pokemon-animation-cards/johto-qa-c971dfcdbaf0b925/dex-154__form-00__gender-male__palette-shiny__runtime.png	johto-original-trs-v1:pm0154_00:00:male:shiny	8	2	8	1.433333396911621	256	256	2	19	254	237	128	225.30380234070068	199.7402282255913	15	16	04ea8c5146ea896b1001e6046979a1e306117720fb7df6e7049a21af98bf88e9	2cdcb7f641622be34a633f565dd476bfbf8ce885f9b6b90c5e9a110009ddfbad	616bbac1ce04056a8022233e9d3396a1ca1c50352124f7d4c2153f671a97e5a2	assets/pokemon-animation-cards/johto-qa-c971dfcdbaf0b925/dex-154__form-00__gender-male__palette-shiny__qa-evidence.json	verified-render
156	quilava	base	none	normal	assets/pokemon-animation-cards/johto-qa-c971dfcdbaf0b925/dex-156__form-00__gender-none__palette-normal__idle-8x4.png	assets/pokemon-animation-cards/johto-qa-c971dfcdbaf0b925/dex-156__form-00__gender-none__palette-normal__walk-8x4.png	assets/pokemon-animation-cards/johto-qa-c971dfcdbaf0b925/dex-156__form-00__gender-none__palette-normal__runtime.png	johto-original-trs-v1:pm0156_00:00:none:normal	8	1.6666667461395264	8	0.8000000715255737	384	256	15	6	370	252	192	236.75784046427435	118.40466681882502	15	16	5f9bad01931537cf02d4176e7feb980d67d4dad0cb30d461b70e4a0c5d1410f2	578ef7398561a856c9ed386c75f30cc0be4f10e72fd7878e83fd82ba3cce3788	e88b855dbae5ba90bd38c2be97a63095b3580edcf33b6438b27cc7ea04a630fc	assets/pokemon-animation-cards/johto-qa-c971dfcdbaf0b925/dex-156__form-00__gender-none__palette-normal__qa-evidence.json	verified-render
156	quilava	base	none	shiny	assets/pokemon-animation-cards/johto-qa-c971dfcdbaf0b925/dex-156__form-00__gender-none__palette-shiny__idle-8x4.png	assets/pokemon-animation-cards/johto-qa-c971dfcdbaf0b925/dex-156__form-00__gender-none__palette-shiny__walk-8x4.png	assets/pokemon-animation-cards/johto-qa-c971dfcdbaf0b925/dex-156__form-00__gender-none__palette-shiny__runtime.png	johto-original-trs-v1:pm0156_00:00:none:shiny	8	1.6666667461395264	8	0.8000000715255737	384	256	15	6	370	252	192	236.75784046427435	118.40466681882502	15	16	1b8ebf65018d335611b33a3741c8ac23bfa45771e1dcfa751d79b2163fb5b265	fd2c0ed9bc30a5e01168d941ecb37e0fee36bb3874e250ab1ba0b7d27bd942eb	09932cc4746544784b3dbeba0f85a7ddb6de3165c820877730a3a3ce1f11aed4	assets/pokemon-animation-cards/johto-qa-c971dfcdbaf0b925/dex-156__form-00__gender-none__palette-shiny__qa-evidence.json	verified-render
157	typhlosion	base	none	normal	assets/pokemon-animation-cards/johto-qa-c971dfcdbaf0b925/dex-157__form-00__gender-none__palette-normal__idle-8x4.png	assets/pokemon-animation-cards/johto-qa-c971dfcdbaf0b925/dex-157__form-00__gender-none__palette-normal__walk-8x4.png	assets/pokemon-animation-cards/johto-qa-c971dfcdbaf0b925/dex-157__form-00__gender-none__palette-normal__runtime.png	johto-original-trs-v1:pm0157_00:00:none:normal	8	2	8	0.9333333969116211	256	256	8	3	248	253	128.00000000000003	243.88162787779945	194.96512170244475	15	16	3bfdac8ccef0bf6b822f6271e824324fad09ea7e89da3cc89a90f03154514e9e	7b0cbe9406959e22f98b811ff200ab4bbbeae66fbfd4938f3acf39e5d1bedff7	1efaf8f771b7b03011b8cf66706621d87f9fe9551fc77048176245dea07795a0	assets/pokemon-animation-cards/johto-qa-c971dfcdbaf0b925/dex-157__form-00__gender-none__palette-normal__qa-evidence.json	verified-render
157	typhlosion	base	none	shiny	assets/pokemon-animation-cards/johto-qa-c971dfcdbaf0b925/dex-157__form-00__gender-none__palette-shiny__idle-8x4.png	assets/pokemon-animation-cards/johto-qa-c971dfcdbaf0b925/dex-157__form-00__gender-none__palette-shiny__walk-8x4.png	assets/pokemon-animation-cards/johto-qa-c971dfcdbaf0b925/dex-157__form-00__gender-none__palette-shiny__runtime.png	johto-original-trs-v1:pm0157_00:00:none:shiny	8	2	8	0.9333333969116211	256	256	8	3	248	253	128.00000000000003	243.88162787779945	194.96512170244475	15	16	ad05be49525d114cadf6fb5a69be6d516c6dab294849383be9c51a4f8ead3395	96a308a0a6b94f6ae49ac0f69ba87a935ead19edc0dc28f401b8db667ce005de	356f592bec007875b70b7bf402f9803e8ed2201a2a5137cedc3fa555742c4675	assets/pokemon-animation-cards/johto-qa-c971dfcdbaf0b925/dex-157__form-00__gender-none__palette-shiny__qa-evidence.json	verified-render
158	totodile	base	none	normal	assets/pokemon-animation-cards/johto-qa-c971dfcdbaf0b925/dex-158__form-00__gender-none__palette-normal__idle-8x4.png	assets/pokemon-animation-cards/johto-qa-c971dfcdbaf0b925/dex-158__form-00__gender-none__palette-normal__walk-8x4.png	assets/pokemon-animation-cards/johto-qa-c971dfcdbaf0b925/dex-158__form-00__gender-none__palette-normal__runtime.png	johto-original-trs-v1:pm0158_00:00:none:normal	8	0.8666667342185974	8	1	256	256	2	4	254	252	128	239.36596219897967	229	15	16	111b9b42e2e338694a2d4990bd264760b00821afcfc1b240cc945379e9c1de37	85d69c3f26a5baa5c98d9d35ee095ae2c92d2e707dee03db58e2a75b7e6ce2ab	37b725d2bcd1417f26f88093394700d449a34b4e33cb9682f4f2e710433694e0	assets/pokemon-animation-cards/johto-qa-c971dfcdbaf0b925/dex-158__form-00__gender-none__palette-normal__qa-evidence.json	verified-render
158	totodile	base	none	shiny	assets/pokemon-animation-cards/johto-qa-c971dfcdbaf0b925/dex-158__form-00__gender-none__palette-shiny__idle-8x4.png	assets/pokemon-animation-cards/johto-qa-c971dfcdbaf0b925/dex-158__form-00__gender-none__palette-shiny__walk-8x4.png	assets/pokemon-animation-cards/johto-qa-c971dfcdbaf0b925/dex-158__form-00__gender-none__palette-shiny__runtime.png	johto-original-trs-v1:pm0158_00:00:none:shiny	8	0.8666667342185974	8	1	256	256	2	4	254	252	128	239.36596219897967	229	15	16	859b770048315ad67ecbbb2514ae9e920e4ab83403dc8e587381c54ddc759a2f	87cea7b39feaaf1974ee7554fe1d134dd2aa1464d7b4df1dc62db002bebcf266	c3113192d3c9f0a2803052c99e40272fba1f90a103f8b4dc867f543ddbee1401	assets/pokemon-animation-cards/johto-qa-c971dfcdbaf0b925/dex-158__form-00__gender-none__palette-shiny__qa-evidence.json	verified-render
159	croconaw	base	none	normal	assets/pokemon-animation-cards/johto-qa-c971dfcdbaf0b925/dex-159__form-00__gender-none__palette-normal__idle-8x4.png	assets/pokemon-animation-cards/johto-qa-c971dfcdbaf0b925/dex-159__form-00__gender-none__palette-normal__walk-8x4.png	assets/pokemon-animation-cards/johto-qa-c971dfcdbaf0b925/dex-159__form-00__gender-none__palette-normal__runtime.png	johto-original-trs-v1:pm0159_00:00:none:normal	8	2	8	1	256	256	9	3	247	254	128.00000000000003	241.61867689187682	237	13	16	c6b1883908f7d783db0ca68b3bc6a1fd0bfeb5d00245df13fa575f639e29f854	3bf14f0f3b2f7b5dc7c65f3257a0b0f1f96bb4a46b43ed68a7ba8279973f2924	cef2657fe77174d355bf372774cc4a5ef5c98784faa98a16f3305da8e5ac5339	assets/pokemon-animation-cards/johto-qa-c971dfcdbaf0b925/dex-159__form-00__gender-none__palette-normal__qa-evidence.json	verified-render
159	croconaw	base	none	shiny	assets/pokemon-animation-cards/johto-qa-c971dfcdbaf0b925/dex-159__form-00__gender-none__palette-shiny__idle-8x4.png	assets/pokemon-animation-cards/johto-qa-c971dfcdbaf0b925/dex-159__form-00__gender-none__palette-shiny__walk-8x4.png	assets/pokemon-animation-cards/johto-qa-c971dfcdbaf0b925/dex-159__form-00__gender-none__palette-shiny__runtime.png	johto-original-trs-v1:pm0159_00:00:none:shiny	8	2	8	1	256	256	9	3	247	254	128.00000000000003	241.61867689187682	237	13	16	abfa67be383b31663dd00b94e900d35159127fa8a4446dfe33e0259a80bb4441	0d956281cc5e5d7e740017ee46259025e5a2fa2298c077172ba4711b4374d382	9a707d3167ef7a2cb0104fb1ab5b82476d8c619e0602bfa23e276e578b8e2e41	assets/pokemon-animation-cards/johto-qa-c971dfcdbaf0b925/dex-159__form-00__gender-none__palette-shiny__qa-evidence.json	verified-render
160	feraligatr	base	none	normal	assets/pokemon-animation-cards/johto-qa-c971dfcdbaf0b925/dex-160__form-00__gender-none__palette-normal__idle-8x4.png	assets/pokemon-animation-cards/johto-qa-c971dfcdbaf0b925/dex-160__form-00__gender-none__palette-normal__walk-8x4.png	assets/pokemon-animation-cards/johto-qa-c971dfcdbaf0b925/dex-160__form-00__gender-none__palette-normal__runtime.png	johto-original-trs-v1:pm0160_00:00:none:normal	8	2.133333444595337	8	1.133333444595337	256	256	2	32	254	225	128	213.38411664356204	184	15	16	30747838105d4d27da15e51b234974d9b11cc8a2fde226c2df22b5e988dea5a4	6282ea8264193a7c5b80e16d784404d24c74178a9d765cbdc2824ab86cfb8cbd	b7ba72e0c9614d9767c0f89aa38037dbd9757bf74c3257544ffa821ab4112cb5	assets/pokemon-animation-cards/johto-qa-c971dfcdbaf0b925/dex-160__form-00__gender-none__palette-normal__qa-evidence.json	verified-render
160	feraligatr	base	none	shiny	assets/pokemon-animation-cards/johto-qa-c971dfcdbaf0b925/dex-160__form-00__gender-none__palette-shiny__idle-8x4.png	assets/pokemon-animation-cards/johto-qa-c971dfcdbaf0b925/dex-160__form-00__gender-none__palette-shiny__walk-8x4.png	assets/pokemon-animation-cards/johto-qa-c971dfcdbaf0b925/dex-160__form-00__gender-none__palette-shiny__runtime.png	johto-original-trs-v1:pm0160_00:00:none:shiny	8	2.133333444595337	8	1.133333444595337	256	256	2	32	254	225	128	213.38411664356204	184	15	16	bb0b9affdfda252e0bb2c184a5a5b62dd4c77bd9924764177377de4b2348543f	8a2cc012b78544306a7545f673558b32ab5a53bee423cebcccefdb66d87f1674	f8e3cd2f5010397ebcb93cc9d82ea34a98158bdb8348d992992fa9f14965a687	assets/pokemon-animation-cards/johto-qa-c971dfcdbaf0b925/dex-160__form-00__gender-none__palette-shiny__qa-evidence.json	verified-render
161	sentret	base	none	normal	assets/pokemon-animation-cards/johto-qa-c971dfcdbaf0b925/dex-161__form-00__gender-none__palette-normal__idle-8x4.png	assets/pokemon-animation-cards/johto-qa-c971dfcdbaf0b925/dex-161__form-00__gender-none__palette-normal__walk-8x4.png	assets/pokemon-animation-cards/johto-qa-c971dfcdbaf0b925/dex-161__form-00__gender-none__palette-normal__runtime.png	johto-original-trs-v1:pm0161_00:00:none:normal	8	1.6000001430511475	8	1	384	256	5	26	379	231	192	210.11118254966627	193	15	16	ebd71e975c9b4d811aa4dc31a614f663a1d15670ceed5f88a04498eb786de62f	0585e86000f9c5d4d63e3a8c32564cf794aa61678df845cfe1593929a4ef6721	f9398542e1950b055cda86e27b5cf9ed68db81f165fef95faaccac8b59cf93bc	assets/pokemon-animation-cards/johto-qa-c971dfcdbaf0b925/dex-161__form-00__gender-none__palette-normal__qa-evidence.json	verified-render
161	sentret	base	none	shiny	assets/pokemon-animation-cards/johto-qa-c971dfcdbaf0b925/dex-161__form-00__gender-none__palette-shiny__idle-8x4.png	assets/pokemon-animation-cards/johto-qa-c971dfcdbaf0b925/dex-161__form-00__gender-none__palette-shiny__walk-8x4.png	assets/pokemon-animation-cards/johto-qa-c971dfcdbaf0b925/dex-161__form-00__gender-none__palette-shiny__runtime.png	johto-original-trs-v1:pm0161_00:00:none:shiny	8	1.6000001430511475	8	1	384	256	5	26	379	231	192	210.11118254966627	193	15	16	1e87bda4f888e014017aa56a9f0254a3b63da86e73a87972e437ddb2c76867ae	a630a75885af05c513b99d04a32a6ba86587c28cd4fa390631afe6bc43a640de	df4973f484350a8362d426d4c6ced1cd5b3cc9092d7b7423b14e891ccfc03113	assets/pokemon-animation-cards/johto-qa-c971dfcdbaf0b925/dex-161__form-00__gender-none__palette-shiny__qa-evidence.json	verified-render
162	furret	base	none	normal	assets/pokemon-animation-cards/johto-qa-c971dfcdbaf0b925/dex-162__form-00__gender-none__palette-normal__idle-8x4.png	assets/pokemon-animation-cards/johto-qa-c971dfcdbaf0b925/dex-162__form-00__gender-none__palette-normal__walk-8x4.png	assets/pokemon-animation-cards/johto-qa-c971dfcdbaf0b925/dex-162__form-00__gender-none__palette-normal__runtime.png	johto-original-trs-v1:pm0162_00:00:none:normal	8	2	8	0.5	384	256	5	42	379	215	192.28444444444443	202.3867134999141	165	15	16	b8cf494f1d47499f51849248519308d0591f1e8b4f1f7e890cbe8210ff22b26e	a50d1735ee90d014f017c74fdc710252ad06280d0a990090b5b00df46dc97d9f	9d41f7eb280ff80b137b5209b47cdfd1c965edf564ebec70ad0acae37cc539ab	assets/pokemon-animation-cards/johto-qa-c971dfcdbaf0b925/dex-162__form-00__gender-none__palette-normal__qa-evidence.json	verified-render
162	furret	base	none	shiny	assets/pokemon-animation-cards/johto-qa-c971dfcdbaf0b925/dex-162__form-00__gender-none__palette-shiny__idle-8x4.png	assets/pokemon-animation-cards/johto-qa-c971dfcdbaf0b925/dex-162__form-00__gender-none__palette-shiny__walk-8x4.png	assets/pokemon-animation-cards/johto-qa-c971dfcdbaf0b925/dex-162__form-00__gender-none__palette-shiny__runtime.png	johto-original-trs-v1:pm0162_00:00:none:shiny	8	2	8	0.5	384	256	5	42	379	215	192.28444444444443	202.3867134999141	165	15	16	ed8965b7887e6ca836e7a7b73106db65b1cb41a197682c1e823972dc89d49dcc	24f50a9aada0ba1ea9853e9a7bcb319fabb02f0932aa3239c051d3ef8abb5736	655de9ebf1e5dee9978c76fa08b5d617c2eda4bd7406d18e11185ee1161e5a1f	assets/pokemon-animation-cards/johto-qa-c971dfcdbaf0b925/dex-162__form-00__gender-none__palette-shiny__qa-evidence.json	verified-render
163	hoothoot	base	none	normal	assets/pokemon-animation-cards/johto-qa-c971dfcdbaf0b925/dex-163__form-00__gender-none__palette-normal__idle-8x4.png	assets/pokemon-animation-cards/johto-qa-c971dfcdbaf0b925/dex-163__form-00__gender-none__palette-normal__walk-8x4.png	assets/pokemon-animation-cards/johto-qa-c971dfcdbaf0b925/dex-163__form-00__gender-none__palette-normal__runtime.png	johto-original-trs-v1:pm0163_00:00:none:normal	8	1.6000001430511475	8	0.2666667103767395	256	256	25	2	231	254	128	247.19527784149528	183	14	16	45bd7aab485f08ceb94dacd3ef2899ca5e0683e441b74b9e714a0c550876f8c4	338c6c8afeb91dfbccf34eb5ecacfb52928c2f01244f38d9bd0948772c2bb083	15807338e2f071542173d92ba69792e5c364af91766e418ca035a825b38f8416	assets/pokemon-animation-cards/johto-qa-c971dfcdbaf0b925/dex-163__form-00__gender-none__palette-normal__qa-evidence.json	verified-render
163	hoothoot	base	none	shiny	assets/pokemon-animation-cards/johto-qa-c971dfcdbaf0b925/dex-163__form-00__gender-none__palette-shiny__idle-8x4.png	assets/pokemon-animation-cards/johto-qa-c971dfcdbaf0b925/dex-163__form-00__gender-none__palette-shiny__walk-8x4.png	assets/pokemon-animation-cards/johto-qa-c971dfcdbaf0b925/dex-163__form-00__gender-none__palette-shiny__runtime.png	johto-original-trs-v1:pm0163_00:00:none:shiny	8	1.6000001430511475	8	0.2666667103767395	256	256	25	2	231	254	128	247.19527784149528	183	14	16	edffdff7099269faf71b7589dbb1c6ec41b7b9ded600583e6f61210f12f57d2f	856672b2a7367f9df7df4deafbb37388c5872e5355c58bda356c463cf22c60cf	2a6fd32ffd858e034d38984598da5588a91fba274137cd60979f6907298e8fa8	assets/pokemon-animation-cards/johto-qa-c971dfcdbaf0b925/dex-163__form-00__gender-none__palette-shiny__qa-evidence.json	verified-render
164	noctowl	base	none	normal	assets/pokemon-animation-cards/johto-qa-c971dfcdbaf0b925/dex-164__form-00__gender-none__palette-normal__idle-8x4.png	assets/pokemon-animation-cards/johto-qa-c971dfcdbaf0b925/dex-164__form-00__gender-none__palette-normal__walk-8x4.png	assets/pokemon-animation-cards/johto-qa-c971dfcdbaf0b925/dex-164__form-00__gender-none__palette-normal__runtime.png	johto-original-trs-v1:pm0164_00:00:none:normal	8	1	8	0.5	256	256	12	2	244	254	128.20285261489698	230.92455016669777	186	15	14	d09514eec7faf7747b3f11aa37fc32c90239bb24e44180824faf9ecc09458798	09cf1874467e5dd865639ce8895a937fcaee7d1a33acf1a7b91453032b85dd41	637122ef8ab77488236e68064cf7e40d2a7a1e25d35121083fbff7434f31ff6f	assets/pokemon-animation-cards/johto-qa-c971dfcdbaf0b925/dex-164__form-00__gender-none__palette-normal__qa-evidence.json	verified-render
164	noctowl	base	none	shiny	assets/pokemon-animation-cards/johto-qa-c971dfcdbaf0b925/dex-164__form-00__gender-none__palette-shiny__idle-8x4.png	assets/pokemon-animation-cards/johto-qa-c971dfcdbaf0b925/dex-164__form-00__gender-none__palette-shiny__walk-8x4.png	assets/pokemon-animation-cards/johto-qa-c971dfcdbaf0b925/dex-164__form-00__gender-none__palette-shiny__runtime.png	johto-original-trs-v1:pm0164_00:00:none:shiny	8	1	8	0.5	256	256	12	2	244	254	128.20285261489698	230.92455016669777	186	15	14	0ee4a31d056efd2a8e1bf23353aac1f1a38fef4cdac9f64303b9ce6f8a7e7f95	f8977fff64b0088ac9525870ff4b2ca1b568648e0c8fb6ac3c8110025f136913	7ecfaa9d0baed0877630b2ac96a26ffd13f718287977596c7b3c2a3760e6860f	assets/pokemon-animation-cards/johto-qa-c971dfcdbaf0b925/dex-164__form-00__gender-none__palette-shiny__qa-evidence.json	verified-render
165	ledyba	base	male	normal	assets/pokemon-animation-cards/johto-qa-c971dfcdbaf0b925/dex-165__form-00__gender-male__palette-normal__idle-8x4.png	assets/pokemon-animation-cards/johto-qa-c971dfcdbaf0b925/dex-165__form-00__gender-male__palette-normal__walk-8x4.png	assets/pokemon-animation-cards/johto-qa-c971dfcdbaf0b925/dex-165__form-00__gender-male__palette-normal__runtime.png	johto-original-trs-v1:pm0165_00:00:male:normal	8	1.3333333730697632	8	0.9000000357627869	256	256	2	13	254	243	128.18962962962962	289.2286395047937	151.0274988680811	15	13	f6c33ca3adac3980875654f924cb1e9049dccfc1fd55226f2b7a297241e0c8c5	c50585891dc68ea376a6927af181bff9c514e50c21987dfdc63ee9d7b21d8cf4	036e0c77b0c315c0b94d92aca783343602eb84ad0b942b6dd6250d846dd2e612	assets/pokemon-animation-cards/johto-qa-c971dfcdbaf0b925/dex-165__form-00__gender-male__palette-normal__qa-evidence.json	verified-render
165	ledyba	base	male	shiny	assets/pokemon-animation-cards/johto-qa-c971dfcdbaf0b925/dex-165__form-00__gender-male__palette-shiny__idle-8x4.png	assets/pokemon-animation-cards/johto-qa-c971dfcdbaf0b925/dex-165__form-00__gender-male__palette-shiny__walk-8x4.png	assets/pokemon-animation-cards/johto-qa-c971dfcdbaf0b925/dex-165__form-00__gender-male__palette-shiny__runtime.png	johto-original-trs-v1:pm0165_00:00:male:shiny	8	1.3333333730697632	8	0.9000000357627869	256	256	2	13	254	243	128.18962962962962	289.2286395047937	151.0274988680811	15	13	7a8eb9144ebb94e51765ca7cbd5966dac808bd015b4a296c32384ac567668c8f	d6293903a642bc9fa27bfb10f664fa58d160afe103da7a53b8d0f299b67a856c	93de551c38dcd0b3b3717cb33e925036cf136cb375e60641cdc2b3ddc1dd4c90	assets/pokemon-animation-cards/johto-qa-c971dfcdbaf0b925/dex-165__form-00__gender-male__palette-shiny__qa-evidence.json	verified-render
166	ledian	base	male	normal	assets/pokemon-animation-cards/johto-qa-c971dfcdbaf0b925/dex-166__form-00__gender-male__palette-normal__idle-8x4.png	assets/pokemon-animation-cards/johto-qa-c971dfcdbaf0b925/dex-166__form-00__gender-male__palette-normal__walk-8x4.png	assets/pokemon-animation-cards/johto-qa-c971dfcdbaf0b925/dex-166__form-00__gender-male__palette-normal__runtime.png	johto-original-trs-v1:pm0166_00:00:male:normal	8	1.4000000953674316	8	1	256	256	29	2	227	254	128.2015748031496	303.8028694869031	189.99110313613437	12	16	03107bf2451ca7b3446a95486f648069f92fd7cdd88aee31bf834a68bbfe5b05	bf28f3218fd70865ec25dce8272cb969de4477d3b0db5a4b1e3f024b77093824	bbcd7475348f63588ac53ef627c63dd2ba6a091569f00aaa6585aece80246360	assets/pokemon-animation-cards/johto-qa-c971dfcdbaf0b925/dex-166__form-00__gender-male__palette-normal__qa-evidence.json	verified-render
166	ledian	base	male	shiny	assets/pokemon-animation-cards/johto-qa-c971dfcdbaf0b925/dex-166__form-00__gender-male__palette-shiny__idle-8x4.png	assets/pokemon-animation-cards/johto-qa-c971dfcdbaf0b925/dex-166__form-00__gender-male__palette-shiny__walk-8x4.png	assets/pokemon-animation-cards/johto-qa-c971dfcdbaf0b925/dex-166__form-00__gender-male__palette-shiny__runtime.png	johto-original-trs-v1:pm0166_00:00:male:shiny	8	1.4000000953674316	8	1	256	256	29	2	227	254	128.2015748031496	303.8028694869031	189.99110313613437	12	16	5b9d00bc054e23904473e9f90e9a4889dbaab937a65e373c54c740b808ca9433	152754b1e187a456271e1abd1d5de274fcc760beae14bf145527aea913231529	27e43df77080bd9218e0a040e11a8b062bb3dff14d29bbdc4b60681e72be762a	assets/pokemon-animation-cards/johto-qa-c971dfcdbaf0b925/dex-166__form-00__gender-male__palette-shiny__qa-evidence.json	verified-render
167	spinarak	base	none	normal	assets/pokemon-animation-cards/johto-qa-c971dfcdbaf0b925/dex-167__form-00__gender-none__palette-normal__idle-8x4.png	assets/pokemon-animation-cards/johto-qa-c971dfcdbaf0b925/dex-167__form-00__gender-none__palette-normal__walk-8x4.png	assets/pokemon-animation-cards/johto-qa-c971dfcdbaf0b925/dex-167__form-00__gender-none__palette-normal__runtime.png	johto-original-trs-v1:pm0167_00:00:none:normal	8	1.3333333730697632	8	0.8333333730697632	384	256	5	35	379	222	192	199.14398159575006	173	15	8	1024e8c0b6b91f7e9a91d160f8995707edb3b05ecae8e21f6ff13a08e07cfe08	8be00b7ffd9d23f735231ef220cc0496a9a8470bde685c3b35c63a1e86dabf05	0c9df178512460f312fd17da85c7287f491de9930bc5361ecebe156ca42dde0e	assets/pokemon-animation-cards/johto-qa-c971dfcdbaf0b925/dex-167__form-00__gender-none__palette-normal__qa-evidence.json	verified-render
167	spinarak	base	none	shiny	assets/pokemon-animation-cards/johto-qa-c971dfcdbaf0b925/dex-167__form-00__gender-none__palette-shiny__idle-8x4.png	assets/pokemon-animation-cards/johto-qa-c971dfcdbaf0b925/dex-167__form-00__gender-none__palette-shiny__walk-8x4.png	assets/pokemon-animation-cards/johto-qa-c971dfcdbaf0b925/dex-167__form-00__gender-none__palette-shiny__runtime.png	johto-original-trs-v1:pm0167_00:00:none:shiny	8	1.3333333730697632	8	0.8333333730697632	384	256	5	35	379	222	192	199.14398159575006	173	15	8	3970ba2be9a09ec85871099b2a1094f11ad5e4ce72d831b980e950cef944667a	5ea4958bfea0d1cbd0000940d48a0a8751f652e66569791a709743a1f0b1cbe4	4f9994915c5d385f2559bae9d49100987dfcf5e1d3d5bc71274c4b3952e7433a	assets/pokemon-animation-cards/johto-qa-c971dfcdbaf0b925/dex-167__form-00__gender-none__palette-shiny__qa-evidence.json	verified-render
168	ariados	base	none	normal	assets/pokemon-animation-cards/johto-qa-c971dfcdbaf0b925/dex-168__form-00__gender-none__palette-normal__idle-8x4.png	assets/pokemon-animation-cards/johto-qa-c971dfcdbaf0b925/dex-168__form-00__gender-none__palette-normal__walk-8x4.png	assets/pokemon-animation-cards/johto-qa-c971dfcdbaf0b925/dex-168__form-00__gender-none__palette-normal__runtime.png	johto-original-trs-v1:pm0168_00:00:none:normal	8	1.3333333730697632	8	0.8000000715255737	256	256	2	21	254	235	128	215.18035396024717	205	15	13	cbbaf0e6684c2087cd81f5e0a3b079a07c1f52effd7e1a94ed95dd58924ff8b1	bd5917f3164624b27f3be263b82f5cb18a0ae95d663e406253612c6a2305dbaa	1a8e6eab58737f5fefc4bfc31fdbdb0e5874238379924f7e359400f22f8877e0	assets/pokemon-animation-cards/johto-qa-c971dfcdbaf0b925/dex-168__form-00__gender-none__palette-normal__qa-evidence.json	verified-render
168	ariados	base	none	shiny	assets/pokemon-animation-cards/johto-qa-c971dfcdbaf0b925/dex-168__form-00__gender-none__palette-shiny__idle-8x4.png	assets/pokemon-animation-cards/johto-qa-c971dfcdbaf0b925/dex-168__form-00__gender-none__palette-shiny__walk-8x4.png	assets/pokemon-animation-cards/johto-qa-c971dfcdbaf0b925/dex-168__form-00__gender-none__palette-shiny__runtime.png	johto-original-trs-v1:pm0168_00:00:none:shiny	8	1.3333333730697632	8	0.8000000715255737	256	256	2	21	254	235	128	215.18035396024717	205	15	13	614ccb8587428548830d8b9258e958f026adbb6242b4b1e0514fbeda2eaae006	5cc01fa31baeac73a93b39f82bf32ff6b5a558508cbf7e4187d81632d6b7c58b	d9a1b65eaaf3dfd450a628bf8c57d2259c46f1dea4047a8befa27afed92cd82e	assets/pokemon-animation-cards/johto-qa-c971dfcdbaf0b925/dex-168__form-00__gender-none__palette-shiny__qa-evidence.json	verified-render
169	crobat	base	none	normal	assets/pokemon-animation-cards/johto-qa-c971dfcdbaf0b925/dex-169__form-00__gender-none__palette-normal__idle-8x4.png	assets/pokemon-animation-cards/johto-qa-c971dfcdbaf0b925/dex-169__form-00__gender-none__palette-normal__walk-8x4.png	assets/pokemon-animation-cards/johto-qa-c971dfcdbaf0b925/dex-169__form-00__gender-none__palette-normal__runtime.png	johto-original-trs-v1:pm0169_00:00:none:normal	8	0.9333333969116211	8	0.5	256	256	2	20	254	236	128	242.00686615361283	72.82352976736352	11	16	2437e7d8bc83f08b5307359ee8ded90d7391a739d3cfcfa722b50ef8631a221a	e67e29a8a0bec48ec8a9d29e625139c107d844433a5c5c1fe5522edd50ac626e	2a36be69e0c1f506dcb1167d2b2a8021c3a483bd75258b97cccabc51a7b18113	assets/pokemon-animation-cards/johto-qa-c971dfcdbaf0b925/dex-169__form-00__gender-none__palette-normal__qa-evidence.json	verified-render
169	crobat	base	none	shiny	assets/pokemon-animation-cards/johto-qa-c971dfcdbaf0b925/dex-169__form-00__gender-none__palette-shiny__idle-8x4.png	assets/pokemon-animation-cards/johto-qa-c971dfcdbaf0b925/dex-169__form-00__gender-none__palette-shiny__walk-8x4.png	assets/pokemon-animation-cards/johto-qa-c971dfcdbaf0b925/dex-169__form-00__gender-none__palette-shiny__runtime.png	johto-original-trs-v1:pm0169_00:00:none:shiny	8	0.9333333969116211	8	0.5	256	256	2	20	254	236	128	242.00686615361283	72.82352976736352	11	16	3c375d1f18e624a3c51f7d45d2ad22145e935d7dc82bf79499813be790e999e3	93ea569686cce9e1d6ccb7f6e283f152264f2327aa7158bb812e51b658e14ed2	97fcfe4814ced655802d5687051526a19c28c5aa09c5b6351c3a8f95707027e9	assets/pokemon-animation-cards/johto-qa-c971dfcdbaf0b925/dex-169__form-00__gender-none__palette-shiny__qa-evidence.json	verified-render
170	chinchou	base	none	normal	assets/pokemon-animation-cards/johto-qa-c971dfcdbaf0b925/dex-170__form-00__gender-none__palette-normal__idle-8x4.png	assets/pokemon-animation-cards/johto-qa-c971dfcdbaf0b925/dex-170__form-00__gender-none__palette-normal__walk-8x4.png	assets/pokemon-animation-cards/johto-qa-c971dfcdbaf0b925/dex-170__form-00__gender-none__palette-normal__runtime.png	johto-original-trs-v1:pm0170_00:00:none:normal	8	2	8	1.4000000953674316	256	256	19	2	237	254	128.1996879875195	287.56749095431417	93.41745142490427	15	13	efab6ed3d6dfcfb47ef1d7177d759a75133a5e3163f56a7af7cdbd3d9ed188a2	232e910e27f9738e8fdc311ca6e2d608c12a7f12355fd62080f8f9cb7db87989	491e9183eb9d3524156d7ebc61c6852173b2faae25443a5a3ccab74727b5f2c6	assets/pokemon-animation-cards/johto-qa-c971dfcdbaf0b925/dex-170__form-00__gender-none__palette-normal__qa-evidence.json	verified-render
170	chinchou	base	none	shiny	assets/pokemon-animation-cards/johto-qa-c971dfcdbaf0b925/dex-170__form-00__gender-none__palette-shiny__idle-8x4.png	assets/pokemon-animation-cards/johto-qa-c971dfcdbaf0b925/dex-170__form-00__gender-none__palette-shiny__walk-8x4.png	assets/pokemon-animation-cards/johto-qa-c971dfcdbaf0b925/dex-170__form-00__gender-none__palette-shiny__runtime.png	johto-original-trs-v1:pm0170_00:00:none:shiny	8	2	8	1.4000000953674316	256	256	19	2	237	254	128.1996879875195	287.56749095431417	93.41745142490427	15	13	cced4274ce3c23bed0a36a577c80053e6422d37a7d852bb9051cb6f948b9e5e8	c109efc440e7f1ac8097fd88f216d5c6ae5ff332308e958d0ffcfdbf4f42653f	42eec21a42e34397754a0e19d02333a6c2c683f10bbaff69c898c9864330c16a	assets/pokemon-animation-cards/johto-qa-c971dfcdbaf0b925/dex-170__form-00__gender-none__palette-shiny__qa-evidence.json	verified-render
171	lanturn	base	none	normal	assets/pokemon-animation-cards/johto-qa-c971dfcdbaf0b925/dex-171__form-00__gender-none__palette-normal__idle-8x4.png	assets/pokemon-animation-cards/johto-qa-c971dfcdbaf0b925/dex-171__form-00__gender-none__palette-normal__walk-8x4.png	assets/pokemon-animation-cards/johto-qa-c971dfcdbaf0b925/dex-171__form-00__gender-none__palette-normal__runtime.png	johto-original-trs-v1:pm0171_00:00:none:normal	8	2	8	1.433333396911621	384	256	25	7	359	252	192.25702811244977	314.1569780228674	110.36844885663164	15	15	4914950e4c59181405e508927925842743696a9a637bdb1960e17edbdf76a838	9abc81054b25ee68936e3d4646faa03c005fdbb7aee74f6afc65c5966fce009f	71db9c54b9f94f382ce8881c594d7320f8a7ec33d185cea161334c897387aed6	assets/pokemon-animation-cards/johto-qa-c971dfcdbaf0b925/dex-171__form-00__gender-none__palette-normal__qa-evidence.json	verified-render
171	lanturn	base	none	shiny	assets/pokemon-animation-cards/johto-qa-c971dfcdbaf0b925/dex-171__form-00__gender-none__palette-shiny__idle-8x4.png	assets/pokemon-animation-cards/johto-qa-c971dfcdbaf0b925/dex-171__form-00__gender-none__palette-shiny__walk-8x4.png	assets/pokemon-animation-cards/johto-qa-c971dfcdbaf0b925/dex-171__form-00__gender-none__palette-shiny__runtime.png	johto-original-trs-v1:pm0171_00:00:none:shiny	8	2	8	1.433333396911621	384	256	25	7	359	252	192.25702811244977	314.1569780228674	110.36844885663164	15	15	46415de38701461d097677f320eaa2a1e273753b36e8140b3d58e2dd4d245398	e447b4919a0e4e02e1b03d8e44b95117c7afd88b1f8f1949eaef0dee59d67b1a	35b1690e2b49fb7f398455ce78b3a74fd3c171abf4663375b3cde67b9d731be7	assets/pokemon-animation-cards/johto-qa-c971dfcdbaf0b925/dex-171__form-00__gender-none__palette-shiny__qa-evidence.json	verified-render
172	pichu	base	none	normal	assets/pokemon-animation-cards/johto-qa-c971dfcdbaf0b925/dex-172__form-00__gender-none__palette-normal__idle-8x4.png	assets/pokemon-animation-cards/johto-qa-c971dfcdbaf0b925/dex-172__form-00__gender-none__palette-normal__walk-8x4.png	assets/pokemon-animation-cards/johto-qa-c971dfcdbaf0b925/dex-172__form-00__gender-none__palette-normal__runtime.png	johto-original-trs-v1:pm0172_00:00:none:normal	8	1.6000001430511475	8	0.7666667103767395	256	256	7	3	249	254	128.00000000000003	244.76888633958677	240	15	16	19e3bec440373aa7d1310a035ac98182562e8e28e7cb73bf7475955eb14be87d	576313f80d0d7eb385a4fc05f1adb645c06a6b14dfddad395bf4d9da5a11bec8	81eb8afa75828610fefde82d2074e9f12adb37f99401aef198795c8501c58a08	assets/pokemon-animation-cards/johto-qa-c971dfcdbaf0b925/dex-172__form-00__gender-none__palette-normal__qa-evidence.json	verified-render
172	pichu	base	none	shiny	assets/pokemon-animation-cards/johto-qa-c971dfcdbaf0b925/dex-172__form-00__gender-none__palette-shiny__idle-8x4.png	assets/pokemon-animation-cards/johto-qa-c971dfcdbaf0b925/dex-172__form-00__gender-none__palette-shiny__walk-8x4.png	assets/pokemon-animation-cards/johto-qa-c971dfcdbaf0b925/dex-172__form-00__gender-none__palette-shiny__runtime.png	johto-original-trs-v1:pm0172_00:00:none:shiny	8	1.6000001430511475	8	0.7666667103767395	256	256	7	3	249	254	128.00000000000003	244.76888633958677	240	15	16	ddf9a508421a8d7cb656e28e3ac584042a7b5d06669b83fa72a5622b60c366ee	072d73da1f0c8f1d8dfb60acfe1092fcd499e20fc89dccff9ccfa50e3961020f	ec3cc5babc8b16d257cec9ef577cfb9f1c1bfd9705085d3fa3744a2b71f509cc	assets/pokemon-animation-cards/johto-qa-c971dfcdbaf0b925/dex-172__form-00__gender-none__palette-shiny__qa-evidence.json	verified-render
173	cleffa	base	none	normal	assets/pokemon-animation-cards/johto-qa-c971dfcdbaf0b925/dex-173__form-00__gender-none__palette-normal__idle-8x4.png	assets/pokemon-animation-cards/johto-qa-c971dfcdbaf0b925/dex-173__form-00__gender-none__palette-normal__walk-8x4.png	assets/pokemon-animation-cards/johto-qa-c971dfcdbaf0b925/dex-173__form-00__gender-none__palette-normal__runtime.png	johto-original-trs-v1:pm0173_00:00:none:normal	8	1.4000000953674316	8	0.8666667342185974	256	256	2	27	254	229	128	213.13720334998686	196	15	14	452d2a9ac1f8542190e344d2866ab1a86d13bb822c821d79044088caf734c33b	90abe4977f049a94bc7ff0014cfc065515273914bd3b50b6d331d13d02671767	1e088dbdb4a8356c3a234349d15ae30e9128c5470a6f8bfef356bb1b13180635	assets/pokemon-animation-cards/johto-qa-c971dfcdbaf0b925/dex-173__form-00__gender-none__palette-normal__qa-evidence.json	verified-render
173	cleffa	base	none	shiny	assets/pokemon-animation-cards/johto-qa-c971dfcdbaf0b925/dex-173__form-00__gender-none__palette-shiny__idle-8x4.png	assets/pokemon-animation-cards/johto-qa-c971dfcdbaf0b925/dex-173__form-00__gender-none__palette-shiny__walk-8x4.png	assets/pokemon-animation-cards/johto-qa-c971dfcdbaf0b925/dex-173__form-00__gender-none__palette-shiny__runtime.png	johto-original-trs-v1:pm0173_00:00:none:shiny	8	1.4000000953674316	8	0.8666667342185974	256	256	2	27	254	229	128	213.13720334998686	196	15	14	90c9e6cd60805366114edf1947887dc17c7ff7a8ab7f29fb81b9f50488b50b5e	e9ad276e695a0c69cc172e524c155bd328ed1edb9873107f7e276d60b2299f57	40810ddca7b4ff7fb6ceb30a04e2705599764f92d7e57187757b121168308d51	assets/pokemon-animation-cards/johto-qa-c971dfcdbaf0b925/dex-173__form-00__gender-none__palette-shiny__qa-evidence.json	verified-render
174	igglybuff	base	none	normal	assets/pokemon-animation-cards/johto-qa-c971dfcdbaf0b925/dex-174__form-00__gender-none__palette-normal__idle-8x4.png	assets/pokemon-animation-cards/johto-qa-c971dfcdbaf0b925/dex-174__form-00__gender-none__palette-normal__walk-8x4.png	assets/pokemon-animation-cards/johto-qa-c971dfcdbaf0b925/dex-174__form-00__gender-none__palette-normal__runtime.png	johto-original-trs-v1:pm0174_00:00:none:normal	8	2.6666667461395264	8	2.1666667461395264	256	256	72	2	184	254	128.19783616692425	297.33462593455533	96	15	16	0714918bb17ca682daf067a40dc29a8bfce2bf5e6e37dfa6dadc03d30806afd8	13aec894d397f33265f332cc95fde4e1b440f5617c502b245b84d7a80cb82eae	5ef170dce7b3ae3a66e2d4ef117d98f257933177e1d34512ccf70814b728144b	assets/pokemon-animation-cards/johto-qa-c971dfcdbaf0b925/dex-174__form-00__gender-none__palette-normal__qa-evidence.json	verified-render
174	igglybuff	base	none	shiny	assets/pokemon-animation-cards/johto-qa-c971dfcdbaf0b925/dex-174__form-00__gender-none__palette-shiny__idle-8x4.png	assets/pokemon-animation-cards/johto-qa-c971dfcdbaf0b925/dex-174__form-00__gender-none__palette-shiny__walk-8x4.png	assets/pokemon-animation-cards/johto-qa-c971dfcdbaf0b925/dex-174__form-00__gender-none__palette-shiny__runtime.png	johto-original-trs-v1:pm0174_00:00:none:shiny	8	2.6666667461395264	8	2.1666667461395264	256	256	72	2	184	254	128.19783616692425	297.33462593455533	96	15	16	cb5342feb2bb46178e65d0d4412c2a352803016daf5c99d6540fb503b2c2cc6f	27e1f812544fbd9f253a9ae481d9db21a026e61fd5e9c40c4e2bdb953076f843	5a732f51216b3951e713a6fdb03ee1fa85ca493f0873ca3edddf07982205157c	assets/pokemon-animation-cards/johto-qa-c971dfcdbaf0b925/dex-174__form-00__gender-none__palette-shiny__qa-evidence.json	verified-render
175	togepi	base	none	normal	assets/pokemon-animation-cards/johto-qa-c971dfcdbaf0b925/dex-175__form-00__gender-none__palette-normal__idle-8x4.png	assets/pokemon-animation-cards/johto-qa-c971dfcdbaf0b925/dex-175__form-00__gender-none__palette-normal__walk-8x4.png	assets/pokemon-animation-cards/johto-qa-c971dfcdbaf0b925/dex-175__form-00__gender-none__palette-normal__runtime.png	johto-original-trs-v1:pm0175_00:00:none:normal	8	1.6000001430511475	8	0.7000000476837158	256	256	2	15	254	241	128	230.23759233406517	217	15	16	778bd8af550a1f68e8b43f791355ce74ae769e34ad1aeff1c64bc57795b6431a	b5fb7176190cd764ac8b37aafd6a9b3f0b585a90f891ee3355ecd655e75df591	89158f9e70f5a08f74f89a557e5c8cf86fb58ade9090b029988757831ffc15e1	assets/pokemon-animation-cards/johto-qa-c971dfcdbaf0b925/dex-175__form-00__gender-none__palette-normal__qa-evidence.json	verified-render
175	togepi	base	none	shiny	assets/pokemon-animation-cards/johto-qa-c971dfcdbaf0b925/dex-175__form-00__gender-none__palette-shiny__idle-8x4.png	assets/pokemon-animation-cards/johto-qa-c971dfcdbaf0b925/dex-175__form-00__gender-none__palette-shiny__walk-8x4.png	assets/pokemon-animation-cards/johto-qa-c971dfcdbaf0b925/dex-175__form-00__gender-none__palette-shiny__runtime.png	johto-original-trs-v1:pm0175_00:00:none:shiny	8	1.6000001430511475	8	0.7000000476837158	256	256	2	15	254	241	128	230.23759233406517	217	15	16	47cb2d4943eff322ca27e61e70b043e0d4d860bd142f04d84fc111cdce3f7539	489f496bf091ce63f0491a7cf748b02a83f8823b9efe1d67f928e3ac8c331c78	4f170565fbf68be708b7997e477b84fa72488d96b1f0978f7b6b667f0d3d09f7	assets/pokemon-animation-cards/johto-qa-c971dfcdbaf0b925/dex-175__form-00__gender-none__palette-shiny__qa-evidence.json	verified-render
176	togetic	base	none	normal	assets/pokemon-animation-cards/johto-qa-c971dfcdbaf0b925/dex-176__form-00__gender-none__palette-normal__idle-8x4.png	assets/pokemon-animation-cards/johto-qa-c971dfcdbaf0b925/dex-176__form-00__gender-none__palette-normal__walk-8x4.png	assets/pokemon-animation-cards/johto-qa-c971dfcdbaf0b925/dex-176__form-00__gender-none__palette-normal__runtime.png	johto-original-trs-v1:pm0176_00:00:none:normal	8	0.8666667342185974	8	0.8666667342185974	256	256	54	3	203	254	128.19783616692425	299.76692193473446	151.38359961028814	11	16	d8ca3ff028d6a9d91a91929e3e5f5d728794c0c0f221a847d7dd06d7a2b31e01	cafbd0bf8d147a1f1edee2224d931dec77db9a43f4ca1cb79c8fd57757f2664b	d0ab222c5c87ea231de2b71a9983cf174bb784e88e356db613577317b18daa03	assets/pokemon-animation-cards/johto-qa-c971dfcdbaf0b925/dex-176__form-00__gender-none__palette-normal__qa-evidence.json	verified-render
176	togetic	base	none	shiny	assets/pokemon-animation-cards/johto-qa-c971dfcdbaf0b925/dex-176__form-00__gender-none__palette-shiny__idle-8x4.png	assets/pokemon-animation-cards/johto-qa-c971dfcdbaf0b925/dex-176__form-00__gender-none__palette-shiny__walk-8x4.png	assets/pokemon-animation-cards/johto-qa-c971dfcdbaf0b925/dex-176__form-00__gender-none__palette-shiny__runtime.png	johto-original-trs-v1:pm0176_00:00:none:shiny	8	0.8666667342185974	8	0.8666667342185974	256	256	54	3	203	254	128.19783616692425	299.76692193473446	151.38359961028814	11	16	26f8e0dae9a854fb85205934bce506970487a30e86767ee4a8c084598f05a7a5	4b13742852e66bf4f32efb63e7460c997a46923ac75621bc80e34679fb777ea8	b646a28d7c1ed818d50687f690830ca8a30b701e7c9edbc33b7955b4e8c4c8b7	assets/pokemon-animation-cards/johto-qa-c971dfcdbaf0b925/dex-176__form-00__gender-none__palette-shiny__qa-evidence.json	verified-render
177	natu	base	none	normal	assets/pokemon-animation-cards/johto-qa-c971dfcdbaf0b925/dex-177__form-00__gender-none__palette-normal__idle-8x4.png	assets/pokemon-animation-cards/johto-qa-c971dfcdbaf0b925/dex-177__form-00__gender-none__palette-normal__walk-8x4.png	assets/pokemon-animation-cards/johto-qa-c971dfcdbaf0b925/dex-177__form-00__gender-none__palette-normal__runtime.png	johto-original-trs-v1:pm0177_00:00:none:normal	8	1.2666667699813843	8	0.3333333432674408	256	256	28	2	229	254	128.19601837672283	242.18374724755478	165	15	15	c4531a8aa67d64357fcc3b7788b990bb152e008e715b2566d7f8c64695622103	7458516bb9e9d796c9f0b64fbb36719911c5139b868ad6128ca0afaee7ab7620	59274c9d276145739f570a904c0c52cac506275c7a3fed90ac1a99e03c931812	assets/pokemon-animation-cards/johto-qa-c971dfcdbaf0b925/dex-177__form-00__gender-none__palette-normal__qa-evidence.json	verified-render
177	natu	base	none	shiny	assets/pokemon-animation-cards/johto-qa-c971dfcdbaf0b925/dex-177__form-00__gender-none__palette-shiny__idle-8x4.png	assets/pokemon-animation-cards/johto-qa-c971dfcdbaf0b925/dex-177__form-00__gender-none__palette-shiny__walk-8x4.png	assets/pokemon-animation-cards/johto-qa-c971dfcdbaf0b925/dex-177__form-00__gender-none__palette-shiny__runtime.png	johto-original-trs-v1:pm0177_00:00:none:shiny	8	1.2666667699813843	8	0.3333333432674408	256	256	28	2	229	254	128.19601837672283	242.18374724755478	165	15	15	2a48f3ac6b24136cac954a06c9854fd449a2410d85468fab5629258b5af763d2	6f2cf3eca94479d748b30b8b0469bf12a7eba51dbe208d5978f7d13841e83249	0cbcc589e4788fec0463f50b9ee2b29bce964acf47e82d7d8f900e56639e86ce	assets/pokemon-animation-cards/johto-qa-c971dfcdbaf0b925/dex-177__form-00__gender-none__palette-shiny__qa-evidence.json	verified-render
178	xatu	base	male	normal	assets/pokemon-animation-cards/johto-qa-c971dfcdbaf0b925/dex-178__form-00__gender-male__palette-normal__idle-8x4.png	assets/pokemon-animation-cards/johto-qa-c971dfcdbaf0b925/dex-178__form-00__gender-male__palette-normal__walk-8x4.png	assets/pokemon-animation-cards/johto-qa-c971dfcdbaf0b925/dex-178__form-00__gender-male__palette-normal__runtime.png	johto-original-trs-v1:pm0178_00:00:male:normal	8	1	8	0.5	384	256	5	20	379	238	192	276.7164200281444	144.00511016455107	15	10	5d06df73eec646f1d5480d235d4e1d84152fdc08937a2b9d036572b5077fd46d	d59f586a5d91cc41aee609f0c007b196e69a8f771fd84ae4a3c1e5fb7b11562b	91ff0e241b851fdeb5ffde685ebefcdd81bdec69e30d8f209deac7352e4fc677	assets/pokemon-animation-cards/johto-qa-c971dfcdbaf0b925/dex-178__form-00__gender-male__palette-normal__qa-evidence.json	verified-render
178	xatu	base	male	shiny	assets/pokemon-animation-cards/johto-qa-c971dfcdbaf0b925/dex-178__form-00__gender-male__palette-shiny__idle-8x4.png	assets/pokemon-animation-cards/johto-qa-c971dfcdbaf0b925/dex-178__form-00__gender-male__palette-shiny__walk-8x4.png	assets/pokemon-animation-cards/johto-qa-c971dfcdbaf0b925/dex-178__form-00__gender-male__palette-shiny__runtime.png	johto-original-trs-v1:pm0178_00:00:male:shiny	8	1	8	0.5	384	256	5	20	379	238	192	276.7164200281444	144.00511016455107	15	10	50e72849bfed233af6f15c139342259b68069d495b7fce1d1a2dfa10a3d1b4ce	99705c344e4514c5dd46adac9e3276f1dd3421fc09968b93db1ec51196b183f4	bfc0dc6ec10ef068bdfd121b66f03be9f4023acc025c20d47b4f94c68a5855eb	assets/pokemon-animation-cards/johto-qa-c971dfcdbaf0b925/dex-178__form-00__gender-male__palette-shiny__qa-evidence.json	verified-render
179	mareep	base	none	normal	assets/pokemon-animation-cards/johto-qa-c971dfcdbaf0b925/dex-179__form-00__gender-none__palette-normal__idle-8x4.png	assets/pokemon-animation-cards/johto-qa-c971dfcdbaf0b925/dex-179__form-00__gender-none__palette-normal__walk-8x4.png	assets/pokemon-animation-cards/johto-qa-c971dfcdbaf0b925/dex-179__form-00__gender-none__palette-normal__runtime.png	johto-original-trs-v1:pm0179_00:00:none:normal	8	2.500000238418579	8	1.2000000476837158	384	256	6	7	378	251	192.28444444444443	238.36475427825502	243	15	16	066e485cb4de97b89a1861e6fa8ec9b1ba546a305f879c1651e8d9022b9e3345	0b3bb976f31b281849f27e6fd589dccc33d3fcfd53e7207ad99c5ff9a3a7c9dc	bb7d7571f10d6aad986c633037ce86d7cfd206bb4785f317b86e1c8464301637	assets/pokemon-animation-cards/johto-qa-c971dfcdbaf0b925/dex-179__form-00__gender-none__palette-normal__qa-evidence.json	verified-render
179	mareep	base	none	shiny	assets/pokemon-animation-cards/johto-qa-c971dfcdbaf0b925/dex-179__form-00__gender-none__palette-shiny__idle-8x4.png	assets/pokemon-animation-cards/johto-qa-c971dfcdbaf0b925/dex-179__form-00__gender-none__palette-shiny__walk-8x4.png	assets/pokemon-animation-cards/johto-qa-c971dfcdbaf0b925/dex-179__form-00__gender-none__palette-shiny__runtime.png	johto-original-trs-v1:pm0179_00:00:none:shiny	8	2.500000238418579	8	1.2000000476837158	384	256	6	7	378	251	192.28444444444443	238.36475427825502	243	15	16	69d49471267c6be91ea1a9ff4dd85d91a7366ef979c46c599bb92334f11c9e67	8c1a127954b1e44675e4620a867b53187b8efb8b31db3ca613a855f3f914e916	32b5ae95a9691ebdb83a48ba6aa8c2e454e4b17792e955fcfa970ec0cdbbf639	assets/pokemon-animation-cards/johto-qa-c971dfcdbaf0b925/dex-179__form-00__gender-none__palette-shiny__qa-evidence.json	verified-render
180	flaaffy	base	none	normal	assets/pokemon-animation-cards/johto-qa-c971dfcdbaf0b925/dex-180__form-00__gender-none__palette-normal__idle-8x4.png	assets/pokemon-animation-cards/johto-qa-c971dfcdbaf0b925/dex-180__form-00__gender-none__palette-normal__walk-8x4.png	assets/pokemon-animation-cards/johto-qa-c971dfcdbaf0b925/dex-180__form-00__gender-none__palette-normal__runtime.png	johto-original-trs-v1:pm0180_00:00:none:normal	8	1.6000001430511475	8	1	384	256	21	4	364	252	192.26337448559673	242.22766547024307	240	15	16	3dfe27864a97dc4c5d3c6c439df0da34a908942a9437102ed2ba87a921a6b958	0c775e48b8ff146037e48107dfd95bec02017ca88afa483b514e2c9cbb109c93	338c30c6e7fb5cf52d18a84c89bcbeaaf98973efb44560a53725b983a7b8522e	assets/pokemon-animation-cards/johto-qa-c971dfcdbaf0b925/dex-180__form-00__gender-none__palette-normal__qa-evidence.json	verified-render
180	flaaffy	base	none	shiny	assets/pokemon-animation-cards/johto-qa-c971dfcdbaf0b925/dex-180__form-00__gender-none__palette-shiny__idle-8x4.png	assets/pokemon-animation-cards/johto-qa-c971dfcdbaf0b925/dex-180__form-00__gender-none__palette-shiny__walk-8x4.png	assets/pokemon-animation-cards/johto-qa-c971dfcdbaf0b925/dex-180__form-00__gender-none__palette-shiny__runtime.png	johto-original-trs-v1:pm0180_00:00:none:shiny	8	1.6000001430511475	8	1	384	256	21	4	364	252	192.26337448559673	242.22766547024307	240	15	16	086699a11b5dba98b1f4d29cedeeae5916d85d2b90acabd796ea56323a39e86d	d7e9ce52790917df2308d630a36ac3e5567841007380692d52f2364cc9346745	2846da3cd49f1e1f0d7e396cbb99ef3efaace04593b04615751bd40eb77f8908	assets/pokemon-animation-cards/johto-qa-c971dfcdbaf0b925/dex-180__form-00__gender-none__palette-shiny__qa-evidence.json	verified-render
181	ampharos	base	none	normal	assets/pokemon-animation-cards/johto-qa-c971dfcdbaf0b925/dex-181__form-00__gender-none__palette-normal__idle-8x4.png	assets/pokemon-animation-cards/johto-qa-c971dfcdbaf0b925/dex-181__form-00__gender-none__palette-normal__walk-8x4.png	assets/pokemon-animation-cards/johto-qa-c971dfcdbaf0b925/dex-181__form-00__gender-none__palette-normal__runtime.png	johto-original-trs-v1:pm0181_00:00:none:normal	8	1.6000001430511475	8	1	256	256	2	9	254	247	127.99999999999999	236.46839009815423	237	12	16	f3475b95ea35369283fb4fe86223fb1acfc9979ac0645fca90b2616fc6494c6b	497e4a16a51e0764567fdbc5b9ad681dd10bec1e0953403447986d05324a5a5d	fbc64cf12beb831e8bc90801e73bc3addfd61426f8cb0d36810938299ad0b98e	assets/pokemon-animation-cards/johto-qa-c971dfcdbaf0b925/dex-181__form-00__gender-none__palette-normal__qa-evidence.json	verified-render
181	ampharos	base	none	shiny	assets/pokemon-animation-cards/johto-qa-c971dfcdbaf0b925/dex-181__form-00__gender-none__palette-shiny__idle-8x4.png	assets/pokemon-animation-cards/johto-qa-c971dfcdbaf0b925/dex-181__form-00__gender-none__palette-shiny__walk-8x4.png	assets/pokemon-animation-cards/johto-qa-c971dfcdbaf0b925/dex-181__form-00__gender-none__palette-shiny__runtime.png	johto-original-trs-v1:pm0181_00:00:none:shiny	8	1.6000001430511475	8	1	256	256	2	9	254	247	127.99999999999999	236.46839009815423	237	12	16	3226f80a380e1dd5c267a34126f0dd5067195e3ce9dbb0a9d9a50a777691cad1	8eff23e54943e039ad5c1fb7ccec22ca7e331b940a22879f45f35a72c401fb57	76db78cd834a336624976ac0e700a9b71bde584e7702d747bd924690762bb2e9	assets/pokemon-animation-cards/johto-qa-c971dfcdbaf0b925/dex-181__form-00__gender-none__palette-shiny__qa-evidence.json	verified-render
182	bellossom	base	none	normal	assets/pokemon-animation-cards/johto-qa-c971dfcdbaf0b925/dex-182__form-00__gender-none__palette-normal__idle-8x4.png	assets/pokemon-animation-cards/johto-qa-c971dfcdbaf0b925/dex-182__form-00__gender-none__palette-normal__walk-8x4.png	assets/pokemon-animation-cards/johto-qa-c971dfcdbaf0b925/dex-182__form-00__gender-none__palette-normal__runtime.png	johto-original-trs-v1:pm0182_00:00:none:normal	8	1.6000001430511475	8	0.8333333730697632	256	256	11	2	245	253	128	237.54531922005185	215	14	16	de74ee86a9e7af2998db29eb04a9d161f6f0f460f5188b7b6b8b86831f649b1b	d197cbbbc8f9a9388562b234c39dc8141e4f3e461052e3d61176b84474721e2e	a5d4fdd438d9cfa3341bf326c0e253993c10cc925d4dbdf2fdd1c14104ec2248	assets/pokemon-animation-cards/johto-qa-c971dfcdbaf0b925/dex-182__form-00__gender-none__palette-normal__qa-evidence.json	verified-render
182	bellossom	base	none	shiny	assets/pokemon-animation-cards/johto-qa-c971dfcdbaf0b925/dex-182__form-00__gender-none__palette-shiny__idle-8x4.png	assets/pokemon-animation-cards/johto-qa-c971dfcdbaf0b925/dex-182__form-00__gender-none__palette-shiny__walk-8x4.png	assets/pokemon-animation-cards/johto-qa-c971dfcdbaf0b925/dex-182__form-00__gender-none__palette-shiny__runtime.png	johto-original-trs-v1:pm0182_00:00:none:shiny	8	1.6000001430511475	8	0.8333333730697632	256	256	11	2	245	253	128	237.54531922005185	215	14	16	2bd1ad2f095cf6e0d1619fab238678f0175167480b487955c3819fbd8107166c	eb0ccf2a6ae2a420ff24b44fab9ff9e959b3fc031c5aeabe934d59642b59e300	5bc8198e8d2b5e7abd16ee81d221fdf6f7c8faf09b1396466d1e95d1dea8855c	assets/pokemon-animation-cards/johto-qa-c971dfcdbaf0b925/dex-182__form-00__gender-none__palette-shiny__qa-evidence.json	verified-render
183	marill	base	none	normal	assets/pokemon-animation-cards/johto-qa-c971dfcdbaf0b925/dex-183__form-00__gender-none__palette-normal__idle-8x4.png	assets/pokemon-animation-cards/johto-qa-c971dfcdbaf0b925/dex-183__form-00__gender-none__palette-normal__walk-8x4.png	assets/pokemon-animation-cards/johto-qa-c971dfcdbaf0b925/dex-183__form-00__gender-none__palette-normal__runtime.png	johto-original-trs-v1:pm0183_00:00:none:normal	8	1.8000000715255737	8	1	384	256	7	32	378	222	192.28444444444443	204.4175872679041	176	15	16	f9c9bb2a41b097773bede32d21be771306d422fd7f95024843c5f454a632f5a1	0dc253a6d21961c54e913b24be144e57940bd2dfdcb9d4b8d5694db07c2504cd	7de24eb5c253e340bf4f5a848347b463ae454590f74a742e8e530107338ffa23	assets/pokemon-animation-cards/johto-qa-c971dfcdbaf0b925/dex-183__form-00__gender-none__palette-normal__qa-evidence.json	verified-render
183	marill	base	none	shiny	assets/pokemon-animation-cards/johto-qa-c971dfcdbaf0b925/dex-183__form-00__gender-none__palette-shiny__idle-8x4.png	assets/pokemon-animation-cards/johto-qa-c971dfcdbaf0b925/dex-183__form-00__gender-none__palette-shiny__walk-8x4.png	assets/pokemon-animation-cards/johto-qa-c971dfcdbaf0b925/dex-183__form-00__gender-none__palette-shiny__runtime.png	johto-original-trs-v1:pm0183_00:00:none:shiny	8	1.8000000715255737	8	1	384	256	7	32	378	222	192.28444444444443	204.4175872679041	176	15	16	ad5723deb8a721e65e2853fa6d5875a73ed71a8dc0edccf554776cac1ce435b0	aeedb44efff2eda93892fda21f650eb0237786a8b050786ef69898f0e7e79881	0194037c98fbd8d0c96c6ef2fdc853f1d84bbce4ff07f5ea329b7241fb0f319c	assets/pokemon-animation-cards/johto-qa-c971dfcdbaf0b925/dex-183__form-00__gender-none__palette-shiny__qa-evidence.json	verified-render
184	azumarill	base	none	normal	assets/pokemon-animation-cards/johto-qa-c971dfcdbaf0b925/dex-184__form-00__gender-none__palette-normal__idle-8x4.png	assets/pokemon-animation-cards/johto-qa-c971dfcdbaf0b925/dex-184__form-00__gender-none__palette-normal__walk-8x4.png	assets/pokemon-animation-cards/johto-qa-c971dfcdbaf0b925/dex-184__form-00__gender-none__palette-normal__runtime.png	johto-original-trs-v1:pm0184_00:00:none:normal	8	2	8	1	384	256	21	4	363	251	192	236.10912554499353	237	15	16	0edd69a1cd761db1b392517370e5d4959051aced4219c94ce1ffc0bf0fc168cd	8cce73b6aebd08b894ee649f412537109c74a9d87576f20f4c837a46e01b51f7	c088ed56de94d2ac979412275688b1aadc16f5bac3f562bd6a59a3998b29533b	assets/pokemon-animation-cards/johto-qa-c971dfcdbaf0b925/dex-184__form-00__gender-none__palette-normal__qa-evidence.json	verified-render
184	azumarill	base	none	shiny	assets/pokemon-animation-cards/johto-qa-c971dfcdbaf0b925/dex-184__form-00__gender-none__palette-shiny__idle-8x4.png	assets/pokemon-animation-cards/johto-qa-c971dfcdbaf0b925/dex-184__form-00__gender-none__palette-shiny__walk-8x4.png	assets/pokemon-animation-cards/johto-qa-c971dfcdbaf0b925/dex-184__form-00__gender-none__palette-shiny__runtime.png	johto-original-trs-v1:pm0184_00:00:none:shiny	8	2	8	1	384	256	21	4	363	251	192	236.10912554499353	237	15	16	87cc350f90a805a7d631a6a9670d977847c01f2b9d1cfb2e74d4ac1ab0fa428a	1abbab445a5337f316ba5fe2de59ac62b2fd739eddd686872cf21373db2dfca0	3b7577a5d3661e212e71156b0d0ce8f8bf0ea3c95b8b8886e6169c3d0eb1b569	assets/pokemon-animation-cards/johto-qa-c971dfcdbaf0b925/dex-184__form-00__gender-none__palette-shiny__qa-evidence.json	verified-render
185	sudowoodo	base	male	normal	assets/pokemon-animation-cards/johto-qa-c971dfcdbaf0b925/dex-185__form-00__gender-male__palette-normal__idle-8x4.png	assets/pokemon-animation-cards/johto-qa-c971dfcdbaf0b925/dex-185__form-00__gender-male__palette-normal__walk-8x4.png	assets/pokemon-animation-cards/johto-qa-c971dfcdbaf0b925/dex-185__form-00__gender-male__palette-normal__runtime.png	johto-original-trs-v1:pm0185_00:00:male:normal	8	2	8	1	256	256	2	5	254	251	128	242.5391307082123	234	15	16	e242d646862e1166b1db00f78c162ae796a3cc39b6789cd0a48ca0124980c72c	44d08093d2e6d4f6943fa12d7894a440cecdf6e2d0abb2a3e816f2f7beeb71a9	8545a121ef7a75230c89d8d7037b42e75c503751d93bd4d2010b6ecb777e4e29	assets/pokemon-animation-cards/johto-qa-c971dfcdbaf0b925/dex-185__form-00__gender-male__palette-normal__qa-evidence.json	verified-render
185	sudowoodo	base	male	shiny	assets/pokemon-animation-cards/johto-qa-c971dfcdbaf0b925/dex-185__form-00__gender-male__palette-shiny__idle-8x4.png	assets/pokemon-animation-cards/johto-qa-c971dfcdbaf0b925/dex-185__form-00__gender-male__palette-shiny__walk-8x4.png	assets/pokemon-animation-cards/johto-qa-c971dfcdbaf0b925/dex-185__form-00__gender-male__palette-shiny__runtime.png	johto-original-trs-v1:pm0185_00:00:male:shiny	8	2	8	1	256	256	2	5	254	251	128	242.5391307082123	234	15	16	67d622b5f29e88143bef5b3b985d0203e6cc7c57bcf51421dd11fd5d0f28ca47	a7464e654ffbb061e33ccf5b14bb9adf039227bba4c508085e4b56b187613123	c5996d2067d3a94b6d7dd6a968cd732e1db4266bcb9c1189cfe3d97948fd4e5a	assets/pokemon-animation-cards/johto-qa-c971dfcdbaf0b925/dex-185__form-00__gender-male__palette-shiny__qa-evidence.json	verified-render
186	politoed	base	male	normal	assets/pokemon-animation-cards/johto-qa-c971dfcdbaf0b925/dex-186__form-00__gender-male__palette-normal__idle-8x4.png	assets/pokemon-animation-cards/johto-qa-c971dfcdbaf0b925/dex-186__form-00__gender-male__palette-normal__walk-8x4.png	assets/pokemon-animation-cards/johto-qa-c971dfcdbaf0b925/dex-186__form-00__gender-male__palette-normal__runtime.png	johto-original-trs-v1:pm0186_00:00:male:normal	8	2	8	1	256	256	2	19	254	237	128	224.46994987982126	208	15	16	8658166197088139ae5788a57ba405ea25e47b92294b9c2b82773f507f5134dc	47473840ee75dd0d064631602fe99f21fc46842f8511ed2f484bac4550c92add	c7ce5e6d765faf7ad7a3267b57a541286f62ba3bef0c6fa11110fc5edaa2db12	assets/pokemon-animation-cards/johto-qa-c971dfcdbaf0b925/dex-186__form-00__gender-male__palette-normal__qa-evidence.json	verified-render
186	politoed	base	male	shiny	assets/pokemon-animation-cards/johto-qa-c971dfcdbaf0b925/dex-186__form-00__gender-male__palette-shiny__idle-8x4.png	assets/pokemon-animation-cards/johto-qa-c971dfcdbaf0b925/dex-186__form-00__gender-male__palette-shiny__walk-8x4.png	assets/pokemon-animation-cards/johto-qa-c971dfcdbaf0b925/dex-186__form-00__gender-male__palette-shiny__runtime.png	johto-original-trs-v1:pm0186_00:00:male:shiny	8	2	8	1	256	256	2	19	254	237	128	224.46994987982126	208	15	16	6d81ff71985fd9ec7ce8f53cd203a323a32a759827c4195384515ef8186bd68e	95d115c5a377e5591ee275e9bf353e65f137240a0034056532ff122f3327b0b7	ec0977384ca2bb1c59945fee3273cbbac9fd4e260ea912398e3efd3b2c7b488e	assets/pokemon-animation-cards/johto-qa-c971dfcdbaf0b925/dex-186__form-00__gender-male__palette-shiny__qa-evidence.json	verified-render
187	hoppip	base	none	normal	assets/pokemon-animation-cards/johto-qa-c971dfcdbaf0b925/dex-187__form-00__gender-none__palette-normal__idle-8x4.png	assets/pokemon-animation-cards/johto-qa-c971dfcdbaf0b925/dex-187__form-00__gender-none__palette-normal__walk-8x4.png	assets/pokemon-animation-cards/johto-qa-c971dfcdbaf0b925/dex-187__form-00__gender-none__palette-normal__runtime.png	johto-original-trs-v1:pm0187_00:00:none:normal	8	1.6666667461395264	8	1.6666667461395264	384	256	18	4	367	252	192.52892561983472	343.7591532479118	112.4214400710531	15	16	03eb5bb146327df0c158dcdbff6c30ea24bcd4649d3da12a494ed128d8fcd923	013c8ad6f8de150394378fded9e17f442fd9e32b3d96a930b0ce84835054e532	76e3fafe0fd9d19984fd54f58a99d0e20622f79b5a4f390535694e0c96f17260	assets/pokemon-animation-cards/johto-qa-c971dfcdbaf0b925/dex-187__form-00__gender-none__palette-normal__qa-evidence.json	verified-render
187	hoppip	base	none	shiny	assets/pokemon-animation-cards/johto-qa-c971dfcdbaf0b925/dex-187__form-00__gender-none__palette-shiny__idle-8x4.png	assets/pokemon-animation-cards/johto-qa-c971dfcdbaf0b925/dex-187__form-00__gender-none__palette-shiny__walk-8x4.png	assets/pokemon-animation-cards/johto-qa-c971dfcdbaf0b925/dex-187__form-00__gender-none__palette-shiny__runtime.png	johto-original-trs-v1:pm0187_00:00:none:shiny	8	1.6666667461395264	8	1.6666667461395264	384	256	18	4	367	252	192.52892561983472	343.7591532479118	112.4214400710531	15	16	99c3797865a9757e3c02b618b481fdd33ae4ffbf8d6d3cd21a00569da200454a	3aa1eff61f08fa9a442bb99ac752eebb1c59119cefed90778f4f849734a2e460	da7fd46c4477ed6ea5c4dfaa64363be96a6a27e0c97ca47afe1910e32365a583	assets/pokemon-animation-cards/johto-qa-c971dfcdbaf0b925/dex-187__form-00__gender-none__palette-shiny__qa-evidence.json	verified-render
188	skiploom	base	none	normal	assets/pokemon-animation-cards/johto-qa-c971dfcdbaf0b925/dex-188__form-00__gender-none__palette-normal__idle-8x4.png	assets/pokemon-animation-cards/johto-qa-c971dfcdbaf0b925/dex-188__form-00__gender-none__palette-normal__walk-8x4.png	assets/pokemon-animation-cards/johto-qa-c971dfcdbaf0b925/dex-188__form-00__gender-none__palette-normal__runtime.png	johto-original-trs-v1:pm0188_00:00:none:normal	8	1.6666667461395264	8	1.3333333730697632	384	256	21	4	364	252	192.2591093117409	346.9835146417953	195.62510752774665	15	14	52a5c3786ff84ed7e8307fee7edbd2099c502f1ec759f1a3efecd2c203dafe04	fe6764d780cc3184dfb1c95c256c09a966a672690be8a7a37766bfa5c5bca22d	d71590e96b1082b2720c09c47c238cfa3ade036bca62a6605db6258b12e6f9ca	assets/pokemon-animation-cards/johto-qa-c971dfcdbaf0b925/dex-188__form-00__gender-none__palette-normal__qa-evidence.json	verified-render
188	skiploom	base	none	shiny	assets/pokemon-animation-cards/johto-qa-c971dfcdbaf0b925/dex-188__form-00__gender-none__palette-shiny__idle-8x4.png	assets/pokemon-animation-cards/johto-qa-c971dfcdbaf0b925/dex-188__form-00__gender-none__palette-shiny__walk-8x4.png	assets/pokemon-animation-cards/johto-qa-c971dfcdbaf0b925/dex-188__form-00__gender-none__palette-shiny__runtime.png	johto-original-trs-v1:pm0188_00:00:none:shiny	8	1.6666667461395264	8	1.3333333730697632	384	256	21	4	364	252	192.2591093117409	346.9835146417953	195.62510752774665	15	14	ea2c0293599ae2a046b2e30302c1ee782f4114f972ed29636c728c856199ea5c	529077ffaf136a9f8110dbfb013d5a59267b15323a9fa987b77d8bcbe2eba7cf	07008e4eb19743cc2c1f25082c09d7a399cb5c1c992c8650b141e812c58f65ac	assets/pokemon-animation-cards/johto-qa-c971dfcdbaf0b925/dex-188__form-00__gender-none__palette-shiny__qa-evidence.json	verified-render
189	jumpluff	base	none	normal	assets/pokemon-animation-cards/johto-qa-c971dfcdbaf0b925/dex-189__form-00__gender-none__palette-normal__idle-8x4.png	assets/pokemon-animation-cards/johto-qa-c971dfcdbaf0b925/dex-189__form-00__gender-none__palette-normal__walk-8x4.png	assets/pokemon-animation-cards/johto-qa-c971dfcdbaf0b925/dex-189__form-00__gender-none__palette-normal__runtime.png	johto-original-trs-v1:pm0189_00:00:none:normal	8	2.6666667461395264	8	2.6666667461395264	256	256	2	5	254	251	128	330.44202177806557	93.69259238246633	15	16	a05c4d0bce56d739f917b393f3166e5b8883c9cc6c9ba5a3c37106b5ac032868	bee5cf45489ed9938debf93b4d841a0f556fb31e8db9a48f023f62924a8ab029	8bac4874286284787d6f08598eec0a55e48b6297eae84aef335e7313c6bbb8c6	assets/pokemon-animation-cards/johto-qa-c971dfcdbaf0b925/dex-189__form-00__gender-none__palette-normal__qa-evidence.json	verified-render
189	jumpluff	base	none	shiny	assets/pokemon-animation-cards/johto-qa-c971dfcdbaf0b925/dex-189__form-00__gender-none__palette-shiny__idle-8x4.png	assets/pokemon-animation-cards/johto-qa-c971dfcdbaf0b925/dex-189__form-00__gender-none__palette-shiny__walk-8x4.png	assets/pokemon-animation-cards/johto-qa-c971dfcdbaf0b925/dex-189__form-00__gender-none__palette-shiny__runtime.png	johto-original-trs-v1:pm0189_00:00:none:shiny	8	2.6666667461395264	8	2.6666667461395264	256	256	2	5	254	251	128	330.44202177806557	93.69259238246633	15	16	d41be10edd09ff70852e51af5896e0b0d7d9ab59cc459d495226a11f7ba156d7	627ddb2a5ab8620e61e6992aad253bdd44230b9527f18e34fa67eabf4e2e48b2	fa1045c126c5ea79e604941c4021f729981c28a73a6071caed5d982d7eb81159	assets/pokemon-animation-cards/johto-qa-c971dfcdbaf0b925/dex-189__form-00__gender-none__palette-shiny__qa-evidence.json	verified-render
190	aipom	base	male	normal	assets/pokemon-animation-cards/johto-qa-c971dfcdbaf0b925/dex-190__form-00__gender-male__palette-normal__idle-8x4.png	assets/pokemon-animation-cards/johto-qa-c971dfcdbaf0b925/dex-190__form-00__gender-male__palette-normal__walk-8x4.png	assets/pokemon-animation-cards/johto-qa-c971dfcdbaf0b925/dex-190__form-00__gender-male__palette-normal__runtime.png	johto-original-trs-v1:pm0190_00:00:male:normal	8	1	8	1	384	256	16	4	368	252	192	245.6400449395087	243	15	16	e3292ea8415c8c989f209ff46e57d4d64c3f6c1ec7a882a3859463f208f3c906	c96f4c52e82bc6fc58b65ab15f3df2b8b320f137863f419f9b938243c2499acf	66b94e3ade386800f5732e05376c75f4c31628b051dfe0d4b6dc79002b25dde8	assets/pokemon-animation-cards/johto-qa-c971dfcdbaf0b925/dex-190__form-00__gender-male__palette-normal__qa-evidence.json	verified-render
190	aipom	base	male	shiny	assets/pokemon-animation-cards/johto-qa-c971dfcdbaf0b925/dex-190__form-00__gender-male__palette-shiny__idle-8x4.png	assets/pokemon-animation-cards/johto-qa-c971dfcdbaf0b925/dex-190__form-00__gender-male__palette-shiny__walk-8x4.png	assets/pokemon-animation-cards/johto-qa-c971dfcdbaf0b925/dex-190__form-00__gender-male__palette-shiny__runtime.png	johto-original-trs-v1:pm0190_00:00:male:shiny	8	1	8	1	384	256	16	4	368	252	192	245.6400449395087	243	15	16	143fc48dbad059ec08d0284d4f70af66483c8b62c1b7e895e6b5032586841614	b1baf82ad613ea4e9d3df4ba764d93b05cd780b6986a4fac3ef72c8a1e01dd3e	32077b17bec1f0cd985a452b084937b8d03c730945b222a6f38ac9de29cf4405	assets/pokemon-animation-cards/johto-qa-c971dfcdbaf0b925/dex-190__form-00__gender-male__palette-shiny__qa-evidence.json	verified-render
191	sunkern	base	none	normal	assets/pokemon-animation-cards/johto-qa-c971dfcdbaf0b925/dex-191__form-00__gender-none__palette-normal__idle-8x4.png	assets/pokemon-animation-cards/johto-qa-c971dfcdbaf0b925/dex-191__form-00__gender-none__palette-normal__walk-8x4.png	assets/pokemon-animation-cards/johto-qa-c971dfcdbaf0b925/dex-191__form-00__gender-none__palette-normal__runtime.png	johto-original-trs-v1:pm0191_00:00:none:normal	8	2	8	1.2666667699813843	256	256	50	2	206	254	128	244.7712099184569	147	14	16	e77ec5e737f17f26b824b602fd55ea669c69dcb370f3fe8487e72305eb67d435	429cbcf30601d1de4c73e2c2301ec7fa116698eff727ecf7efefec10849dc120	8015c358d48a0faf9cb44d81a5c67558adabda4ff09b49b658053f3ecd9c8142	assets/pokemon-animation-cards/johto-qa-c971dfcdbaf0b925/dex-191__form-00__gender-none__palette-normal__qa-evidence.json	verified-render
191	sunkern	base	none	shiny	assets/pokemon-animation-cards/johto-qa-c971dfcdbaf0b925/dex-191__form-00__gender-none__palette-shiny__idle-8x4.png	assets/pokemon-animation-cards/johto-qa-c971dfcdbaf0b925/dex-191__form-00__gender-none__palette-shiny__walk-8x4.png	assets/pokemon-animation-cards/johto-qa-c971dfcdbaf0b925/dex-191__form-00__gender-none__palette-shiny__runtime.png	johto-original-trs-v1:pm0191_00:00:none:shiny	8	2	8	1.2666667699813843	256	256	50	2	206	254	128	244.7712099184569	147	14	16	d92c776a91192c1e351870de9e2f1fedc4fbce6ee7d186ca7f1ed4a749f8d5fc	ef10cd4e5383f6ed434271b2076312a23c52f4fc27953c6ddae1d4d92fd9cfb4	f27cfe4cfe61e93bc4b37202761c57edb4c86eb92cdc298c56ac0bbfe6402bba	assets/pokemon-animation-cards/johto-qa-c971dfcdbaf0b925/dex-191__form-00__gender-none__palette-shiny__qa-evidence.json	verified-render
192	sunflora	base	none	normal	assets/pokemon-animation-cards/johto-qa-c971dfcdbaf0b925/dex-192__form-00__gender-none__palette-normal__idle-8x4.png	assets/pokemon-animation-cards/johto-qa-c971dfcdbaf0b925/dex-192__form-00__gender-none__palette-normal__walk-8x4.png	assets/pokemon-animation-cards/johto-qa-c971dfcdbaf0b925/dex-192__form-00__gender-none__palette-normal__runtime.png	johto-original-trs-v1:pm0192_00:00:none:normal	8	1.3333333730697632	8	1	256	256	2	4	254	252	128	241.27290951211864	240	15	16	e0869b0e3e133a983b6d1ca14220aeb8ef4d88b3628a929d7959d524c235dd0c	17784753c95bbeb2ddaf8059494989a0af2650e25d6d0dab3710747c7057eb25	cb7a66b892f1bc5a2ff4b89ac274abe1e54b1a2a0d4236f962cd64997cc9802c	assets/pokemon-animation-cards/johto-qa-c971dfcdbaf0b925/dex-192__form-00__gender-none__palette-normal__qa-evidence.json	verified-render
192	sunflora	base	none	shiny	assets/pokemon-animation-cards/johto-qa-c971dfcdbaf0b925/dex-192__form-00__gender-none__palette-shiny__idle-8x4.png	assets/pokemon-animation-cards/johto-qa-c971dfcdbaf0b925/dex-192__form-00__gender-none__palette-shiny__walk-8x4.png	assets/pokemon-animation-cards/johto-qa-c971dfcdbaf0b925/dex-192__form-00__gender-none__palette-shiny__runtime.png	johto-original-trs-v1:pm0192_00:00:none:shiny	8	1.3333333730697632	8	1	256	256	2	4	254	252	128	241.27290951211864	240	15	16	99799873036ecbc09ee0e91e4992644e0f728df6e1c40fefe52cbeadc3cec0fd	65d9af7bf9e7183d10682c152f32dc5db5adf244a7bed49f44c0f932fdf1ad93	f2e5174d4af82b8d8b22ccb19e15b22c9d29f68f93e287dcfdf29aee77e1e97d	assets/pokemon-animation-cards/johto-qa-c971dfcdbaf0b925/dex-192__form-00__gender-none__palette-shiny__qa-evidence.json	verified-render
193	yanma	base	none	normal	assets/pokemon-animation-cards/johto-qa-c971dfcdbaf0b925/dex-193__form-00__gender-none__palette-normal__idle-8x4.png	assets/pokemon-animation-cards/johto-qa-c971dfcdbaf0b925/dex-193__form-00__gender-none__palette-normal__walk-8x4.png	assets/pokemon-animation-cards/johto-qa-c971dfcdbaf0b925/dex-193__form-00__gender-none__palette-normal__runtime.png	johto-original-trs-v1:pm0193_00:00:none:normal	8	4	8	1	384	256	5	19	379	237	192	288.3354997424117	78.6124180023722	15	13	c2efd99f864037a0ebcd2bf6a140be6a6d4915dc51cb408e6a1b26159f2752bb	21a0ff6ae92ca76bbb099cf9e26a7af20bd88ed16510e08b132a3be832001d25	231f41c2c41ea760e36abdbd2c3dfd1f5da397aaae5e3e6e135a86b81781daf8	assets/pokemon-animation-cards/johto-qa-c971dfcdbaf0b925/dex-193__form-00__gender-none__palette-normal__qa-evidence.json	verified-render
193	yanma	base	none	shiny	assets/pokemon-animation-cards/johto-qa-c971dfcdbaf0b925/dex-193__form-00__gender-none__palette-shiny__idle-8x4.png	assets/pokemon-animation-cards/johto-qa-c971dfcdbaf0b925/dex-193__form-00__gender-none__palette-shiny__walk-8x4.png	assets/pokemon-animation-cards/johto-qa-c971dfcdbaf0b925/dex-193__form-00__gender-none__palette-shiny__runtime.png	johto-original-trs-v1:pm0193_00:00:none:shiny	8	4	8	1	384	256	5	19	379	237	192	288.3354997424117	78.6124180023722	15	13	99c4672940f76c8b8706d440b5bc4673dca021a13acfa442d0f9776afd26a15b	eb4e13c441f79bf22e2cd358c93fa95f2dfa9c1a91cb860e612db59574c6f6b2	8cefd2dbdcae5ceed8bd3fd239856491009e98f197056b0bae814a17d5c466ff	assets/pokemon-animation-cards/johto-qa-c971dfcdbaf0b925/dex-193__form-00__gender-none__palette-shiny__qa-evidence.json	verified-render
194	wooper	base	male	normal	assets/pokemon-animation-cards/johto-qa-c971dfcdbaf0b925/dex-194__form-00__gender-male__palette-normal__idle-8x4.png	assets/pokemon-animation-cards/johto-qa-c971dfcdbaf0b925/dex-194__form-00__gender-male__palette-normal__walk-8x4.png	assets/pokemon-animation-cards/johto-qa-c971dfcdbaf0b925/dex-194__form-00__gender-male__palette-normal__runtime.png	johto-original-trs-v1:pm0194_00:00:male:normal	8	2.6666667461395264	8	0.6666666865348816	256	256	2	28	254	227	128	210.00554536048125	195	15	16	79c0adcadbba8962834e575e03515b8565060e29385440bc836eaa2667f885eb	8d19a63db1e5dfa399979c597e59f6d72c1379ba19686427ba00dbf1c3f2b1b4	4a93199e88d304a182f3f6c9554cdbd411a91067e89bc3819e81b2c8aaab6aa4	assets/pokemon-animation-cards/johto-qa-c971dfcdbaf0b925/dex-194__form-00__gender-male__palette-normal__qa-evidence.json	verified-render
194	wooper	base	male	shiny	assets/pokemon-animation-cards/johto-qa-c971dfcdbaf0b925/dex-194__form-00__gender-male__palette-shiny__idle-8x4.png	assets/pokemon-animation-cards/johto-qa-c971dfcdbaf0b925/dex-194__form-00__gender-male__palette-shiny__walk-8x4.png	assets/pokemon-animation-cards/johto-qa-c971dfcdbaf0b925/dex-194__form-00__gender-male__palette-shiny__runtime.png	johto-original-trs-v1:pm0194_00:00:male:shiny	8	2.6666667461395264	8	0.6666666865348816	256	256	2	28	254	227	128	210.00554536048125	195	15	16	becc047b5a302e99184cd7689d16e0d1035f62c23553f1397460d4f753ee7363	301d25d70a83e262b70744b7b8b7732f91f0e126abcd769fd40c8fb33d04e04e	9a04d59e8a7b8239019fc6292ecebd666e60804143f65561f5a36a847dcbbc3a	assets/pokemon-animation-cards/johto-qa-c971dfcdbaf0b925/dex-194__form-00__gender-male__palette-shiny__qa-evidence.json	verified-render
195	quagsire	base	male	normal	assets/pokemon-animation-cards/johto-qa-c971dfcdbaf0b925/dex-195__form-00__gender-male__palette-normal__idle-8x4.png	assets/pokemon-animation-cards/johto-qa-c971dfcdbaf0b925/dex-195__form-00__gender-male__palette-normal__walk-8x4.png	assets/pokemon-animation-cards/johto-qa-c971dfcdbaf0b925/dex-195__form-00__gender-male__palette-normal__runtime.png	johto-original-trs-v1:pm0195_00:00:male:normal	8	2.3333334922790527	8	1	384	256	11	4	374	252	192.27467811158797	233.46807082654607	239	15	16	05dd7ffa810fccf453b00d1df0bb4d5c1b2127bbd952456ec458593308ac62c0	c02e718207d35d0f8c2df6e7531e08ab3f81d41477c1ca3db601ea34f9750b12	2f243baa183548bb54ba1e9a51afec182e29d275a8625509541100817f39e248	assets/pokemon-animation-cards/johto-qa-c971dfcdbaf0b925/dex-195__form-00__gender-male__palette-normal__qa-evidence.json	verified-render
195	quagsire	base	male	shiny	assets/pokemon-animation-cards/johto-qa-c971dfcdbaf0b925/dex-195__form-00__gender-male__palette-shiny__idle-8x4.png	assets/pokemon-animation-cards/johto-qa-c971dfcdbaf0b925/dex-195__form-00__gender-male__palette-shiny__walk-8x4.png	assets/pokemon-animation-cards/johto-qa-c971dfcdbaf0b925/dex-195__form-00__gender-male__palette-shiny__runtime.png	johto-original-trs-v1:pm0195_00:00:male:shiny	8	2.3333334922790527	8	1	384	256	11	4	374	252	192.27467811158797	233.46807082654607	239	15	16	b28e7f602d574240d72cbcb94c137fdb5328417af59afda8d1a88a189bfc4ab6	a120b621100971690aad98c0969dc3e27c8ced86fc6f32141577aee4650db7ce	fc64855e60fe661ff0712b03ef60b63c6635a7a528b524caaf6342d4e6acf7c0	assets/pokemon-animation-cards/johto-qa-c971dfcdbaf0b925/dex-195__form-00__gender-male__palette-shiny__qa-evidence.json	verified-render
196	espeon	base	none	normal	assets/pokemon-animation-cards/johto-qa-c971dfcdbaf0b925/dex-196__form-00__gender-none__palette-normal__idle-8x4.png	assets/pokemon-animation-cards/johto-qa-c971dfcdbaf0b925/dex-196__form-00__gender-none__palette-normal__walk-8x4.png	assets/pokemon-animation-cards/johto-qa-c971dfcdbaf0b925/dex-196__form-00__gender-none__palette-normal__runtime.png	johto-original-trs-v1:pm0196_00:00:none:normal	8	2	8	1	256	256	2	28	254	228	128	216.89022940687494	198	14	16	84c30e9292385348f01fd8f1181241e4c800cfc96f63ab00c29b94ea1e91f975	767267947b61e2283203f68e6f35bb6b13b27d5325a05a120d108fa3da26ee37	4314d8e7f2b6d5f91548647006fb448b719a5e75ada150b47bf8e1e28709104e	assets/pokemon-animation-cards/johto-qa-c971dfcdbaf0b925/dex-196__form-00__gender-none__palette-normal__qa-evidence.json	verified-render
196	espeon	base	none	shiny	assets/pokemon-animation-cards/johto-qa-c971dfcdbaf0b925/dex-196__form-00__gender-none__palette-shiny__idle-8x4.png	assets/pokemon-animation-cards/johto-qa-c971dfcdbaf0b925/dex-196__form-00__gender-none__palette-shiny__walk-8x4.png	assets/pokemon-animation-cards/johto-qa-c971dfcdbaf0b925/dex-196__form-00__gender-none__palette-shiny__runtime.png	johto-original-trs-v1:pm0196_00:00:none:shiny	8	2	8	1	256	256	2	28	254	228	128	216.89022940687494	198	14	16	e73b319df86655a55aac75553bcffa6d431d017d1cdb6c9a5b73c86e5d7d88e5	f931ba77d443dc0a811a86e19ef98bdccc9a3676e5ced4dd1f03c9e87d8fd146	17e57dda4c440bf0c66deef475f0bb0de92b3c78c72d5ac02c695aca100b4c08	assets/pokemon-animation-cards/johto-qa-c971dfcdbaf0b925/dex-196__form-00__gender-none__palette-shiny__qa-evidence.json	verified-render
197	umbreon	base	none	normal	assets/pokemon-animation-cards/johto-qa-c971dfcdbaf0b925/dex-197__form-00__gender-none__palette-normal__idle-8x4.png	assets/pokemon-animation-cards/johto-qa-c971dfcdbaf0b925/dex-197__form-00__gender-none__palette-normal__walk-8x4.png	assets/pokemon-animation-cards/johto-qa-c971dfcdbaf0b925/dex-197__form-00__gender-none__palette-normal__runtime.png	johto-original-trs-v1:pm0197_00:00:none:normal	8	1.5000001192092896	8	0.8000000715255737	384	256	10	5	374	252	192	237.422743040704	243	15	16	187d527756956cd6ad2748efc0d796a57ae4ee015ca5cd24f43671533105cd89	65276540a20a28d1c0a271360269307c29dcd3a935a3af292ac2763aafdba9d3	2916e78c21ea7b7d1c451ca6a62b58a09737d150edcc20166c4db33de08df535	assets/pokemon-animation-cards/johto-qa-c971dfcdbaf0b925/dex-197__form-00__gender-none__palette-normal__qa-evidence.json	verified-render
197	umbreon	base	none	shiny	assets/pokemon-animation-cards/johto-qa-c971dfcdbaf0b925/dex-197__form-00__gender-none__palette-shiny__idle-8x4.png	assets/pokemon-animation-cards/johto-qa-c971dfcdbaf0b925/dex-197__form-00__gender-none__palette-shiny__walk-8x4.png	assets/pokemon-animation-cards/johto-qa-c971dfcdbaf0b925/dex-197__form-00__gender-none__palette-shiny__runtime.png	johto-original-trs-v1:pm0197_00:00:none:shiny	8	1.5000001192092896	8	0.8000000715255737	384	256	10	5	374	252	192	237.422743040704	243	15	16	2b7cf5730b644314a2ea56eed0688225488ae01f79d9de087738fb0dda1b57fe	5fd57df726ab40f8400cfda32ce84d5908cf211632067552ca25f0d641a94df6	f24377bf6e407c247b16619e21a5541ff7c7c553b33963a64e01efac4fc57aec	assets/pokemon-animation-cards/johto-qa-c971dfcdbaf0b925/dex-197__form-00__gender-none__palette-shiny__qa-evidence.json	verified-render
198	murkrow	base	male	normal	assets/pokemon-animation-cards/johto-qa-c971dfcdbaf0b925/dex-198__form-00__gender-male__palette-normal__idle-8x4.png	assets/pokemon-animation-cards/johto-qa-c971dfcdbaf0b925/dex-198__form-00__gender-male__palette-normal__walk-8x4.png	assets/pokemon-animation-cards/johto-qa-c971dfcdbaf0b925/dex-198__form-00__gender-male__palette-normal__runtime.png	johto-original-trs-v1:pm0198_00:00:male:normal	8	1.3333333730697632	8	0.40000003576278687	256	256	23	2	233	254	128	247.54867595495313	117.49936704678757	15	12	b5a0ed237f16898c34271991c825d2416e9331dd70371c43517e85eff9ee7f2a	a287efc4f268a59c7afd4cfb4ebfea38a61840eb86583bb2e3f32b5c3cbd77e0	a8c0a84f391a9e66034c586da24e259da38a19bf97f23c5a6d715e2c44b7e2ae	assets/pokemon-animation-cards/johto-qa-c971dfcdbaf0b925/dex-198__form-00__gender-male__palette-normal__qa-evidence.json	verified-render
198	murkrow	base	male	shiny	assets/pokemon-animation-cards/johto-qa-c971dfcdbaf0b925/dex-198__form-00__gender-male__palette-shiny__idle-8x4.png	assets/pokemon-animation-cards/johto-qa-c971dfcdbaf0b925/dex-198__form-00__gender-male__palette-shiny__walk-8x4.png	assets/pokemon-animation-cards/johto-qa-c971dfcdbaf0b925/dex-198__form-00__gender-male__palette-shiny__runtime.png	johto-original-trs-v1:pm0198_00:00:male:shiny	8	1.3333333730697632	8	0.40000003576278687	256	256	23	2	233	254	128	247.54867595495313	117.49936704678757	15	12	4b6bdf306f4a99ed222cfec8cbf686279e99cc8e8e8a7d22e80870ace85c1021	2a44b332053efb77257f83dae495470d9c887032b1ce35b68636240770617d74	e244f04b61765be54d6a16bb19b33aa263a470744bf28349e961c11c1689f546	assets/pokemon-animation-cards/johto-qa-c971dfcdbaf0b925/dex-198__form-00__gender-male__palette-shiny__qa-evidence.json	verified-render
199	slowking	base	none	normal	assets/pokemon-animation-cards/johto-qa-c971dfcdbaf0b925/dex-199__form-00__gender-none__palette-normal__idle-8x4.png	assets/pokemon-animation-cards/johto-qa-c971dfcdbaf0b925/dex-199__form-00__gender-none__palette-normal__walk-8x4.png	assets/pokemon-animation-cards/johto-qa-c971dfcdbaf0b925/dex-199__form-00__gender-none__palette-normal__runtime.png	johto-original-trs-v1:pm0199_00:00:none:normal	8	2	8	1.6666667461395264	256	256	21	2	235	254	128.2015748031496	243.11142641799543	240	13	16	6e9430029f1f9847f645c647ac4a4265c7272edfc78032bce0382796c38ec531	8c85b3d8cc49e28284f1eab51498172064c1911bee02b9c64ea8d17bd81fd25e	087243faad6ffd7f75ed78ebd603798cd0ff49b87a51b45438755a7daf1427a8	assets/pokemon-animation-cards/johto-qa-c971dfcdbaf0b925/dex-199__form-00__gender-none__palette-normal__qa-evidence.json	verified-render
199	slowking	base	none	shiny	assets/pokemon-animation-cards/johto-qa-c971dfcdbaf0b925/dex-199__form-00__gender-none__palette-shiny__idle-8x4.png	assets/pokemon-animation-cards/johto-qa-c971dfcdbaf0b925/dex-199__form-00__gender-none__palette-shiny__walk-8x4.png	assets/pokemon-animation-cards/johto-qa-c971dfcdbaf0b925/dex-199__form-00__gender-none__palette-shiny__runtime.png	johto-original-trs-v1:pm0199_00:00:none:shiny	8	2	8	1.6666667461395264	256	256	21	2	235	254	128.2015748031496	243.11142641799543	240	13	16	fca3f511307102f39c599a55c468a85efd14e9a087b94de82b50322d11f1a160	433b49fa908e883b996ee4797ada9a9448fdb2bf95526217048c07f15639927d	29686cff3b5efaf799b2b480841392706ed18b68753ba9dfaab381e2a0e0c6a9	assets/pokemon-animation-cards/johto-qa-c971dfcdbaf0b925/dex-199__form-00__gender-none__palette-shiny__qa-evidence.json	verified-render
200	misdreavus	base	none	normal	assets/pokemon-animation-cards/johto-qa-c971dfcdbaf0b925/dex-200__form-00__gender-none__palette-normal__idle-8x4.png	assets/pokemon-animation-cards/johto-qa-c971dfcdbaf0b925/dex-200__form-00__gender-none__palette-normal__walk-8x4.png	assets/pokemon-animation-cards/johto-qa-c971dfcdbaf0b925/dex-200__form-00__gender-none__palette-normal__runtime.png	johto-original-trs-v1:pm0200_00:00:none:normal	8	1.6666667461395264	8	1	256	256	2	9	254	247	128	303.24421509066343	127.1375848460424	15	14	754bbced0aa740ebaf397c167702ac55e2a02f7e85f98b529055be11b17a5c7d	d08d6c5c41847c6e91771d9d8fe6777d87922bdd4c6107b4c66c12730f96a4c3	3796b41f2e95966de834f895ba1ce7f8db18cb957a0c21dea5406ee2a52bc383	assets/pokemon-animation-cards/johto-qa-c971dfcdbaf0b925/dex-200__form-00__gender-none__palette-normal__qa-evidence.json	verified-render
200	misdreavus	base	none	shiny	assets/pokemon-animation-cards/johto-qa-c971dfcdbaf0b925/dex-200__form-00__gender-none__palette-shiny__idle-8x4.png	assets/pokemon-animation-cards/johto-qa-c971dfcdbaf0b925/dex-200__form-00__gender-none__palette-shiny__walk-8x4.png	assets/pokemon-animation-cards/johto-qa-c971dfcdbaf0b925/dex-200__form-00__gender-none__palette-shiny__runtime.png	johto-original-trs-v1:pm0200_00:00:none:shiny	8	1.6666667461395264	8	1	256	256	2	9	254	247	128	303.24421509066343	127.1375848460424	15	14	2d876322241ac25f7152b8695b1b1e2eb48f7b07d9e50404f1f500c4aa30208f	c8d4b973287f65f7aefc6d5a836162db07250f8625a8cff59197faf24c8a773e	e43a6aa846ede75b330ff99e96d4bdbdcd8fbda511a9276657d223beda3317bc	assets/pokemon-animation-cards/johto-qa-c971dfcdbaf0b925/dex-200__form-00__gender-none__palette-shiny__qa-evidence.json	verified-render
201	unown	11	none	normal	assets/pokemon-animation-cards/johto-qa-c971dfcdbaf0b925/dex-201__form-11__gender-none__palette-normal__idle-8x4.png	assets/pokemon-animation-cards/johto-qa-c971dfcdbaf0b925/dex-201__form-11__gender-none__palette-normal__walk-8x4.png	assets/pokemon-animation-cards/johto-qa-c971dfcdbaf0b925/dex-201__form-11__gender-none__palette-normal__runtime.png	johto-original-trs-v1:pm0201_11:11:none:normal	8	2.6666667461395264	8	2	256	256	37	2	220	254	128.2003129890454	315.0721383939484	150	9	16	5188a8f6876fb0037304816d7f53bb6da3838233b71675c3ad41c8e989829d4f	10f487a3eb739a3fb87db1655bf25a16fe1fa5619f39cb54edb54e8a39470560	cb2050acf9e976b7bcc1882a3c0f91674b64aafa4bcf2b69d63eb45d1bddfdf6	assets/pokemon-animation-cards/johto-qa-c971dfcdbaf0b925/dex-201__form-11__gender-none__palette-normal__qa-evidence.json	verified-render
201	unown	11	none	shiny	assets/pokemon-animation-cards/johto-qa-c971dfcdbaf0b925/dex-201__form-11__gender-none__palette-shiny__idle-8x4.png	assets/pokemon-animation-cards/johto-qa-c971dfcdbaf0b925/dex-201__form-11__gender-none__palette-shiny__walk-8x4.png	assets/pokemon-animation-cards/johto-qa-c971dfcdbaf0b925/dex-201__form-11__gender-none__palette-shiny__runtime.png	johto-original-trs-v1:pm0201_11:11:none:shiny	8	2.6666667461395264	8	2	256	256	37	2	220	254	128.2003129890454	315.0721383939484	150	9	16	b7b91803b8e9a1ae9023adb1962e5f6df82c1475ba2ca6e76f9cd6af5d8dfa30	243d858cbeca8d6ebb9546fa92b0daa891f913b1b0d344c3f78a276dfe81d2e4	b48aba5a9363d52140052f6a3e31e202768f33f03e936fcb0a904ac31ac385ec	assets/pokemon-animation-cards/johto-qa-c971dfcdbaf0b925/dex-201__form-11__gender-none__palette-shiny__qa-evidence.json	verified-render
202	wobbuffet	base	male	normal	assets/pokemon-animation-cards/johto-qa-c971dfcdbaf0b925/dex-202__form-00__gender-male__palette-normal__idle-8x4.png	assets/pokemon-animation-cards/johto-qa-c971dfcdbaf0b925/dex-202__form-00__gender-male__palette-normal__walk-8x4.png	assets/pokemon-animation-cards/johto-qa-c971dfcdbaf0b925/dex-202__form-00__gender-male__palette-normal__runtime.png	johto-original-trs-v1:pm0202_00:00:male:normal	8	2.500000238418579	8	1	256	256	2	2	254	254	128.00000000000003	236.28108672308235	242	13	16	b4d22661ffbc704ec6224d41adc51f47c67f11f6d144e9eb51e98f99710f3208	7863e067f9572cc0933e04776b3ba99a7a641be646f7e39e402bccdb44bf5005	ff3c1a991bd30b2342b71b51894e5c26cac8e5e7293e3c7f4fdfa1580501fa2c	assets/pokemon-animation-cards/johto-qa-c971dfcdbaf0b925/dex-202__form-00__gender-male__palette-normal__qa-evidence.json	verified-render
202	wobbuffet	base	male	shiny	assets/pokemon-animation-cards/johto-qa-c971dfcdbaf0b925/dex-202__form-00__gender-male__palette-shiny__idle-8x4.png	assets/pokemon-animation-cards/johto-qa-c971dfcdbaf0b925/dex-202__form-00__gender-male__palette-shiny__walk-8x4.png	assets/pokemon-animation-cards/johto-qa-c971dfcdbaf0b925/dex-202__form-00__gender-male__palette-shiny__runtime.png	johto-original-trs-v1:pm0202_00:00:male:shiny	8	2.500000238418579	8	1	256	256	2	2	254	254	128.00000000000003	236.28108672308235	242	13	16	63c8f88565443507236786bd1ab3ec8fc863320cb627d742fae2b152efa043d6	72646d97e4927aedf9afb0ecfadf3d646d64a8318894cc496c42e995861caf68	4692aafafc6e4aac02b7d25247445663db63c637854f6a3aa63ada70047c8e33	assets/pokemon-animation-cards/johto-qa-c971dfcdbaf0b925/dex-202__form-00__gender-male__palette-shiny__qa-evidence.json	verified-render
203	girafarig	base	male	normal	assets/pokemon-animation-cards/johto-qa-c971dfcdbaf0b925/dex-203__form-00__gender-male__palette-normal__idle-8x4.png	assets/pokemon-animation-cards/johto-qa-c971dfcdbaf0b925/dex-203__form-00__gender-male__palette-normal__walk-8x4.png	assets/pokemon-animation-cards/johto-qa-c971dfcdbaf0b925/dex-203__form-00__gender-male__palette-normal__runtime.png	johto-original-trs-v1:pm0203_00:00:male:normal	8	4	8	1.3333333730697632	256	256	6	2	251	254	128.19662058371736	241.66239117563995	243.9286481340729	15	16	83c7b25866654f41c29a6f80330d6badd14bb345dae5fdc4f42cbd9a6e272469	a8b525ddcae7854442ee5149548b0f0e5d087e9e54368ee018e8b7e889843c43	a07e23b57ccef464acdeb06f48e7e6b0607080c28c7b0bdf3ffa188e81a78c50	assets/pokemon-animation-cards/johto-qa-c971dfcdbaf0b925/dex-203__form-00__gender-male__palette-normal__qa-evidence.json	verified-render
203	girafarig	base	male	shiny	assets/pokemon-animation-cards/johto-qa-c971dfcdbaf0b925/dex-203__form-00__gender-male__palette-shiny__idle-8x4.png	assets/pokemon-animation-cards/johto-qa-c971dfcdbaf0b925/dex-203__form-00__gender-male__palette-shiny__walk-8x4.png	assets/pokemon-animation-cards/johto-qa-c971dfcdbaf0b925/dex-203__form-00__gender-male__palette-shiny__runtime.png	johto-original-trs-v1:pm0203_00:00:male:shiny	8	4	8	1.3333333730697632	256	256	6	2	251	254	128.19662058371736	241.66239117563995	243.9286481340729	15	16	94c8e5db435e74c5226fa08e68687f1835bdf55276414ada1a58440a7948cb14	c78db01a919330ea337fd2d3827613688bc47a156f90dd59c5005c03e314dad9	e78639170aab3463677910668b0d9b71466639032c67e6045a7b3ac04489543a	assets/pokemon-animation-cards/johto-qa-c971dfcdbaf0b925/dex-203__form-00__gender-male__palette-shiny__qa-evidence.json	verified-render
204	pineco	base	none	normal	assets/pokemon-animation-cards/johto-qa-c971dfcdbaf0b925/dex-204__form-00__gender-none__palette-normal__idle-8x4.png	assets/pokemon-animation-cards/johto-qa-c971dfcdbaf0b925/dex-204__form-00__gender-none__palette-normal__walk-8x4.png	assets/pokemon-animation-cards/johto-qa-c971dfcdbaf0b925/dex-204__form-00__gender-none__palette-normal__runtime.png	johto-original-trs-v1:pm0204_00:00:none:normal	8	2	8	1	256	256	34	2	222	253	128	249.25150274559957	184	15	16	2847a0378dbd68bf152f3a1ba712a4ac964412d3a4cb8919c9bdbe39adc2e6d8	ec4d29fea1bc5f33504f2ec586788e869e5734a46377506742f50431931623e5	71eaecef90805cc871bd12bbac93ce7ac53f60e049910ec2c066b673b7a37035	assets/pokemon-animation-cards/johto-qa-c971dfcdbaf0b925/dex-204__form-00__gender-none__palette-normal__qa-evidence.json	verified-render
204	pineco	base	none	shiny	assets/pokemon-animation-cards/johto-qa-c971dfcdbaf0b925/dex-204__form-00__gender-none__palette-shiny__idle-8x4.png	assets/pokemon-animation-cards/johto-qa-c971dfcdbaf0b925/dex-204__form-00__gender-none__palette-shiny__walk-8x4.png	assets/pokemon-animation-cards/johto-qa-c971dfcdbaf0b925/dex-204__form-00__gender-none__palette-shiny__runtime.png	johto-original-trs-v1:pm0204_00:00:none:shiny	8	2	8	1	256	256	34	2	222	253	128	249.25150274559957	184	15	16	3d6f59c9ba65aac59f9d9d71b81a542f0fbff733b3ead50e5a8f6d7329723f70	2468ed6658f7d022f42d8b4dc45265d28306a488e642ad09242126cc22a87eaa	a88c8bac30fd27c5e37dfddad7f15df6be308a849ed29a655f7acb5874613fa9	assets/pokemon-animation-cards/johto-qa-c971dfcdbaf0b925/dex-204__form-00__gender-none__palette-shiny__qa-evidence.json	verified-render
205	forretress	base	none	normal	assets/pokemon-animation-cards/johto-qa-c971dfcdbaf0b925/dex-205__form-00__gender-none__palette-normal__idle-8x4.png	assets/pokemon-animation-cards/johto-qa-c971dfcdbaf0b925/dex-205__form-00__gender-none__palette-normal__walk-8x4.png	assets/pokemon-animation-cards/johto-qa-c971dfcdbaf0b925/dex-205__form-00__gender-none__palette-normal__runtime.png	johto-original-trs-v1:pm0205_00:00:none:normal	8	2	8	2	256	256	2	10	254	246	128	293.92341641627394	196	15	15	97bc19906fe19fbfb4c1bf7011c6d59d739d04013daa990550fb7a1c8452269c	7849766039f628b5a150c52e94f25361ba5c0257137ea35c645ab648b20ae7cb	e75fa075538d6123968ea0fe0a057a38dcc3a99711b2b79870d6bd8a173dec5a	assets/pokemon-animation-cards/johto-qa-c971dfcdbaf0b925/dex-205__form-00__gender-none__palette-normal__qa-evidence.json	verified-render
205	forretress	base	none	shiny	assets/pokemon-animation-cards/johto-qa-c971dfcdbaf0b925/dex-205__form-00__gender-none__palette-shiny__idle-8x4.png	assets/pokemon-animation-cards/johto-qa-c971dfcdbaf0b925/dex-205__form-00__gender-none__palette-shiny__walk-8x4.png	assets/pokemon-animation-cards/johto-qa-c971dfcdbaf0b925/dex-205__form-00__gender-none__palette-shiny__runtime.png	johto-original-trs-v1:pm0205_00:00:none:shiny	8	2	8	2	256	256	2	10	254	246	128	293.92341641627394	196	15	15	afddc0b8f85290bfa94852d050b86d87ae5fee0dd28e3dc3acf16ae86619ce46	a47d26e975abfc65f631a1bad2dda7084a7377f524ef0cfc429b6daa807f4384	ae0946134b9a6ca9bf2e5560f3c856dc23bc312961043f3ffd61f0c990b742e7	assets/pokemon-animation-cards/johto-qa-c971dfcdbaf0b925/dex-205__form-00__gender-none__palette-shiny__qa-evidence.json	verified-render
206	dunsparce	base	none	normal	assets/pokemon-animation-cards/johto-qa-c971dfcdbaf0b925/dex-206__form-00__gender-none__palette-normal__idle-8x4.png	assets/pokemon-animation-cards/johto-qa-c971dfcdbaf0b925/dex-206__form-00__gender-none__palette-normal__walk-8x4.png	assets/pokemon-animation-cards/johto-qa-c971dfcdbaf0b925/dex-206__form-00__gender-none__palette-normal__runtime.png	johto-original-trs-v1:pm0206_00:00:none:normal	8	1.6666667461395264	8	0.8333333730697632	384	256	5	30	379	226	192	204.55772535455003	158	15	9	588f0485dd3af3b2ae1fcf2c1f3c9ce9e2b835f8a500ccb7d7d4041fb4392650	bbf889743c596fc9693e0dd5b86b59f2cfda2c32add3a6970963164e17201ee4	ab6719b1e131d07f366b473155587a56443c806a223aede6a4787a92e605e405	assets/pokemon-animation-cards/johto-qa-c971dfcdbaf0b925/dex-206__form-00__gender-none__palette-normal__qa-evidence.json	verified-render
206	dunsparce	base	none	shiny	assets/pokemon-animation-cards/johto-qa-c971dfcdbaf0b925/dex-206__form-00__gender-none__palette-shiny__idle-8x4.png	assets/pokemon-animation-cards/johto-qa-c971dfcdbaf0b925/dex-206__form-00__gender-none__palette-shiny__walk-8x4.png	assets/pokemon-animation-cards/johto-qa-c971dfcdbaf0b925/dex-206__form-00__gender-none__palette-shiny__runtime.png	johto-original-trs-v1:pm0206_00:00:none:shiny	8	1.6666667461395264	8	0.8333333730697632	384	256	5	30	379	226	192	204.55772535455003	158	15	9	c13fe59d9057c3cee9aeee71222f55818e5280e48afea664e090b41820603e9c	be78eb54c41fc43ce856686059ba1bcaf8f57e060a6732beeb5dba0d14d7ff92	8dbc742051c0e7fb202053dc95fc82478d8e789a7679c93965c4d822c0bc552f	assets/pokemon-animation-cards/johto-qa-c971dfcdbaf0b925/dex-206__form-00__gender-none__palette-shiny__qa-evidence.json	verified-render
207	gligar	base	male	normal	assets/pokemon-animation-cards/johto-qa-c971dfcdbaf0b925/dex-207__form-00__gender-male__palette-normal__idle-8x4.png	assets/pokemon-animation-cards/johto-qa-c971dfcdbaf0b925/dex-207__form-00__gender-male__palette-normal__walk-8x4.png	assets/pokemon-animation-cards/johto-qa-c971dfcdbaf0b925/dex-207__form-00__gender-male__palette-normal__runtime.png	johto-original-trs-v1:pm0207_00:00:male:normal	8	2	8	1.2666667699813843	256	256	2	18	254	239	128	239.086569912458	208	15	16	8f9489125f7df6998fb73bbce8de7eb7e733638a59cddc06efa9f6b98a292a38	e681c39165aed71b1451d9d4c56628fd5955e7c24ea6aea9b035e57561099236	0bdf3af6340a608ed6a73668146bbdf8933d536e4e852b12b9e0964bd21c9fdf	assets/pokemon-animation-cards/johto-qa-c971dfcdbaf0b925/dex-207__form-00__gender-male__palette-normal__qa-evidence.json	verified-render
207	gligar	base	male	shiny	assets/pokemon-animation-cards/johto-qa-c971dfcdbaf0b925/dex-207__form-00__gender-male__palette-shiny__idle-8x4.png	assets/pokemon-animation-cards/johto-qa-c971dfcdbaf0b925/dex-207__form-00__gender-male__palette-shiny__walk-8x4.png	assets/pokemon-animation-cards/johto-qa-c971dfcdbaf0b925/dex-207__form-00__gender-male__palette-shiny__runtime.png	johto-original-trs-v1:pm0207_00:00:male:shiny	8	2	8	1.2666667699813843	256	256	2	18	254	239	128	239.086569912458	208	15	16	17c4d5f2f80d27e87cf5eeed280e5b37c4a41d086847c4e5ef89df3c120c4865	8dc71df042d21462c2bc92b51ebeac9956066f70e961d2c56379f16ad2bef003	b2da4dab6b419bb6699a927362104a2eb9534b1245dc34cdc741f6cc1b97968a	assets/pokemon-animation-cards/johto-qa-c971dfcdbaf0b925/dex-207__form-00__gender-male__palette-shiny__qa-evidence.json	verified-render
208	steelix	base	male	normal	assets/pokemon-animation-cards/johto-qa-c971dfcdbaf0b925/dex-208__form-00__gender-male__palette-normal__idle-8x4.png	assets/pokemon-animation-cards/johto-qa-c971dfcdbaf0b925/dex-208__form-00__gender-male__palette-normal__walk-8x4.png	assets/pokemon-animation-cards/johto-qa-c971dfcdbaf0b925/dex-208__form-00__gender-male__palette-normal__runtime.png	johto-original-trs-v1:pm0208_00:00:male:normal	8	2.6666667461395264	8	2.6666667461395264	384	256	5	53	379	203	192	195.74965743262845	150	15	16	a3e6c2475e96766c015f98c6475b7ad22a021107ce232f0331401b1dbb2c318d	556851f482aff7181c3d1d595f9b0c10fa4b5f48a61369a8198a4bbe136d193a	9be6cbce30d64fecf07b7d5f2162a100d38f518c73593504e6cff45cb98dc2df	assets/pokemon-animation-cards/johto-qa-c971dfcdbaf0b925/dex-208__form-00__gender-male__palette-normal__qa-evidence.json	verified-render
208	steelix	base	male	shiny	assets/pokemon-animation-cards/johto-qa-c971dfcdbaf0b925/dex-208__form-00__gender-male__palette-shiny__idle-8x4.png	assets/pokemon-animation-cards/johto-qa-c971dfcdbaf0b925/dex-208__form-00__gender-male__palette-shiny__walk-8x4.png	assets/pokemon-animation-cards/johto-qa-c971dfcdbaf0b925/dex-208__form-00__gender-male__palette-shiny__runtime.png	johto-original-trs-v1:pm0208_00:00:male:shiny	8	2.6666667461395264	8	2.6666667461395264	384	256	5	53	379	203	192	195.74965743262845	150	15	16	0d743c2b8b26dec1394edd5ef33d927e9811ae85902b67f055ce11e0b65ec666	b8cf03fa66de6293ebb082284e76f010f631ddaca74ae2edb9998babbd367203	96c16824ca4a0029a3e2c175a897a8c96468596ac26bfaa9172b2337d8c0328c	assets/pokemon-animation-cards/johto-qa-c971dfcdbaf0b925/dex-208__form-00__gender-male__palette-shiny__qa-evidence.json	verified-render
209	snubbull	base	none	normal	assets/pokemon-animation-cards/johto-qa-c971dfcdbaf0b925/dex-209__form-00__gender-none__palette-normal__idle-8x4.png	assets/pokemon-animation-cards/johto-qa-c971dfcdbaf0b925/dex-209__form-00__gender-none__palette-normal__walk-8x4.png	assets/pokemon-animation-cards/johto-qa-c971dfcdbaf0b925/dex-209__form-00__gender-none__palette-normal__runtime.png	johto-original-trs-v1:pm0209_00:00:none:normal	8	1.6666667461395264	8	0.9000000357627869	256	256	2	20	254	236	128	227.39499658329905	215	15	16	fac70fe7ceb8d48c6f25c9a8f03a1a015d3e8c82df5eb903c9b25980d168ccb1	7aa3f1d00d516b102b17e97ae7817d6f27d879e6ccc6ca3dfe8cd167f9142672	4b535e21d72615817ac275762416df1205ad358e7500a21156297da87815892e	assets/pokemon-animation-cards/johto-qa-c971dfcdbaf0b925/dex-209__form-00__gender-none__palette-normal__qa-evidence.json	verified-render
209	snubbull	base	none	shiny	assets/pokemon-animation-cards/johto-qa-c971dfcdbaf0b925/dex-209__form-00__gender-none__palette-shiny__idle-8x4.png	assets/pokemon-animation-cards/johto-qa-c971dfcdbaf0b925/dex-209__form-00__gender-none__palette-shiny__walk-8x4.png	assets/pokemon-animation-cards/johto-qa-c971dfcdbaf0b925/dex-209__form-00__gender-none__palette-shiny__runtime.png	johto-original-trs-v1:pm0209_00:00:none:shiny	8	1.6666667461395264	8	0.9000000357627869	256	256	2	20	254	236	128	227.39499658329905	215	15	16	ccda58f57cc4f2cab6ab9e9577d2555a344bbf5b4c684b4d09ab15782803505f	4f082742baf056e0dde85534ba8d941e7491b08ad6c659d66b6293868d4df6da	79f9e6655d654dcba0c4932b9ae2f41187b325c9f2d29623c31e6717b89af730	assets/pokemon-animation-cards/johto-qa-c971dfcdbaf0b925/dex-209__form-00__gender-none__palette-shiny__qa-evidence.json	verified-render
210	granbull	base	none	normal	assets/pokemon-animation-cards/johto-qa-c971dfcdbaf0b925/dex-210__form-00__gender-none__palette-normal__idle-8x4.png	assets/pokemon-animation-cards/johto-qa-c971dfcdbaf0b925/dex-210__form-00__gender-none__palette-normal__walk-8x4.png	assets/pokemon-animation-cards/johto-qa-c971dfcdbaf0b925/dex-210__form-00__gender-none__palette-normal__runtime.png	johto-original-trs-v1:pm0210_00:00:none:normal	8	2	8	1.133333444595337	256	256	7	2	249	254	128.00000000000003	242.24442738280902	247	15	16	a65c6e31445e2be603884203b5bfba45bb72ae59e35643167a5956042c70043f	e2ac7c433b05dbe6a3752e089a781d633a634d6f6c54c8ecf462e61e836c83af	bf44d65d53a4da593bd4b5465e363a554450fc30aed565737ba34df8305dc020	assets/pokemon-animation-cards/johto-qa-c971dfcdbaf0b925/dex-210__form-00__gender-none__palette-normal__qa-evidence.json	verified-render
210	granbull	base	none	shiny	assets/pokemon-animation-cards/johto-qa-c971dfcdbaf0b925/dex-210__form-00__gender-none__palette-shiny__idle-8x4.png	assets/pokemon-animation-cards/johto-qa-c971dfcdbaf0b925/dex-210__form-00__gender-none__palette-shiny__walk-8x4.png	assets/pokemon-animation-cards/johto-qa-c971dfcdbaf0b925/dex-210__form-00__gender-none__palette-shiny__runtime.png	johto-original-trs-v1:pm0210_00:00:none:shiny	8	2	8	1.133333444595337	256	256	7	2	249	254	128.00000000000003	242.24442738280902	247	15	16	9cc61bc1a10853fe41ac650646726a7695a063bac0e0252b4e33563b4149f2dd	4dbbfcdf69ce58ce499f37cc8274148e3d4f0b36278c9d4fffa50892e08b83cd	f38e7c501511597177492be5f796902275d24f737a9a5303212a935c1cfca35c	assets/pokemon-animation-cards/johto-qa-c971dfcdbaf0b925/dex-210__form-00__gender-none__palette-shiny__qa-evidence.json	verified-render
211	qwilfish	base	none	normal	assets/pokemon-animation-cards/johto-qa-c971dfcdbaf0b925/dex-211__form-00__gender-none__palette-normal__idle-8x4.png	assets/pokemon-animation-cards/johto-qa-c971dfcdbaf0b925/dex-211__form-00__gender-none__palette-normal__walk-8x4.png	assets/pokemon-animation-cards/johto-qa-c971dfcdbaf0b925/dex-211__form-00__gender-none__palette-normal__runtime.png	johto-original-trs-v1:pm0211_00:00:none:normal	8	2.4000000953674316	8	1.6666667461395264	384	256	5	28	379	228	192	291.63661778479644	176	15	14	c3fd3eaf40de06bb6abc17b4813b72afbbd7e708196a173a87c8aa769d421ae8	8d0c87b89aa789a4565a39759b3ff7340b2fc9a8a6dee995d4e31159f01b04df	00a3a0fba65e1b0ec8f5220b25070cea29eb86599eb14286af808e81d7b4d009	assets/pokemon-animation-cards/johto-qa-c971dfcdbaf0b925/dex-211__form-00__gender-none__palette-normal__qa-evidence.json	verified-render
211	qwilfish	base	none	shiny	assets/pokemon-animation-cards/johto-qa-c971dfcdbaf0b925/dex-211__form-00__gender-none__palette-shiny__idle-8x4.png	assets/pokemon-animation-cards/johto-qa-c971dfcdbaf0b925/dex-211__form-00__gender-none__palette-shiny__walk-8x4.png	assets/pokemon-animation-cards/johto-qa-c971dfcdbaf0b925/dex-211__form-00__gender-none__palette-shiny__runtime.png	johto-original-trs-v1:pm0211_00:00:none:shiny	8	2.4000000953674316	8	1.6666667461395264	384	256	5	28	379	228	192	291.63661778479644	176	15	14	54d43a9ee292fd36ee9650a8f6c0cadfc24e1300a1bd182b58895e5a321d5f62	6294615fa8a569deed7f7c945fb4c477ca10f48c9bdda77fad3018cd4b43516e	0a4e4a39fdaf61549897a9cfd4d2921b0ef81f68aba3414862353cccb88e41ab	assets/pokemon-animation-cards/johto-qa-c971dfcdbaf0b925/dex-211__form-00__gender-none__palette-shiny__qa-evidence.json	verified-render
212	scizor	base	male	normal	assets/pokemon-animation-cards/johto-qa-c971dfcdbaf0b925/dex-212__form-00__gender-male__palette-normal__idle-8x4.png	assets/pokemon-animation-cards/johto-qa-c971dfcdbaf0b925/dex-212__form-00__gender-male__palette-normal__walk-8x4.png	assets/pokemon-animation-cards/johto-qa-c971dfcdbaf0b925/dex-212__form-00__gender-male__palette-normal__runtime.png	johto-original-trs-v1:pm0212_00:00:male:normal	8	2	8	1	256	256	34	2	223	254	128.19783616692425	245.32867312939442	251	11	16	74c10682fbf7683aa470e1e49d54a2a8167bd98b73b79a77328f2f4b9802f89f	a6400fddcd4658bec7256a035839199644d38ae976df593247809c52402edbf9	15d4d3797b30e461ee018b0afe95a8ca0bad03411c6b1e5bda97b0de63329943	assets/pokemon-animation-cards/johto-qa-c971dfcdbaf0b925/dex-212__form-00__gender-male__palette-normal__qa-evidence.json	verified-render
212	scizor	base	male	shiny	assets/pokemon-animation-cards/johto-qa-c971dfcdbaf0b925/dex-212__form-00__gender-male__palette-shiny__idle-8x4.png	assets/pokemon-animation-cards/johto-qa-c971dfcdbaf0b925/dex-212__form-00__gender-male__palette-shiny__walk-8x4.png	assets/pokemon-animation-cards/johto-qa-c971dfcdbaf0b925/dex-212__form-00__gender-male__palette-shiny__runtime.png	johto-original-trs-v1:pm0212_00:00:male:shiny	8	2	8	1	256	256	34	2	223	254	128.19783616692425	245.32867312939442	251	11	16	e9a9660dcadc2c106d85adebc4af407719a782ec51e984765fb5fec55addb2a2	a31b6f409b7b70de2aae9443fb731ef332dfde38b3bb75ad2fb5af1e1b08d4d2	b62b99a8c72a9a72546c301eda794913c9014f3d0ac4bad313da0f7cff88fc65	assets/pokemon-animation-cards/johto-qa-c971dfcdbaf0b925/dex-212__form-00__gender-male__palette-shiny__qa-evidence.json	verified-render
213	shuckle	base	none	normal	assets/pokemon-animation-cards/johto-qa-c971dfcdbaf0b925/dex-213__form-00__gender-none__palette-normal__idle-8x4.png	assets/pokemon-animation-cards/johto-qa-c971dfcdbaf0b925/dex-213__form-00__gender-none__palette-normal__walk-8x4.png	assets/pokemon-animation-cards/johto-qa-c971dfcdbaf0b925/dex-213__form-00__gender-none__palette-normal__runtime.png	johto-original-trs-v1:pm0213_00:00:none:normal	8	2	8	2	384	256	21	4	364	252	192.2591093117409	234.5184295231229	237	15	14	a69f33c29776c2845610398c8deda9ce2a260dc2cab41662e0fe0f9ecd969c1b	27af5211f9a58a7135c5ce2597eb4880ec6d3e3fd511bc8f31510317ce86e781	f876cefd0040e4b4677977f06c8e1f5f9d2dbe317d66b8f7b47ff6729a699905	assets/pokemon-animation-cards/johto-qa-c971dfcdbaf0b925/dex-213__form-00__gender-none__palette-normal__qa-evidence.json	verified-render
213	shuckle	base	none	shiny	assets/pokemon-animation-cards/johto-qa-c971dfcdbaf0b925/dex-213__form-00__gender-none__palette-shiny__idle-8x4.png	assets/pokemon-animation-cards/johto-qa-c971dfcdbaf0b925/dex-213__form-00__gender-none__palette-shiny__walk-8x4.png	assets/pokemon-animation-cards/johto-qa-c971dfcdbaf0b925/dex-213__form-00__gender-none__palette-shiny__runtime.png	johto-original-trs-v1:pm0213_00:00:none:shiny	8	2	8	2	384	256	21	4	364	252	192.2591093117409	234.5184295231229	237	15	14	efc9d95eafa65b80d2834bb01d99460ac9c4e7ae7aa9493f27a6fb8ef0dc08d3	05d9b29704ac32d9fb774fa3a3f5c93fd103da631f43c722835f7bce69a9e84d	33b8b92455bf5a34af174133efa69407c76717c266dfbe510bc78c5d260c5cf7	assets/pokemon-animation-cards/johto-qa-c971dfcdbaf0b925/dex-213__form-00__gender-none__palette-shiny__qa-evidence.json	verified-render
214	heracross	base	male	normal	assets/pokemon-animation-cards/johto-qa-c971dfcdbaf0b925/dex-214__form-00__gender-male__palette-normal__idle-8x4.png	assets/pokemon-animation-cards/johto-qa-c971dfcdbaf0b925/dex-214__form-00__gender-male__palette-normal__walk-8x4.png	assets/pokemon-animation-cards/johto-qa-c971dfcdbaf0b925/dex-214__form-00__gender-male__palette-normal__runtime.png	johto-original-trs-v1:pm0214_00:00:male:normal	8	2	8	1	256	256	2	22	254	235	128	223.26365139574762	202	15	16	ac000ad5daf2840f084cf19d5fb2e379453c27af7e78e56b785f9e3a2793a722	114047a971dc2023cef025137cc0708500e29e0e8576ab194d5d2d54ac36f027	4094fa6005b7efeb4a4fb4f7cf0852a4f5c38ea55a656c75af2f490aca98072f	assets/pokemon-animation-cards/johto-qa-c971dfcdbaf0b925/dex-214__form-00__gender-male__palette-normal__qa-evidence.json	verified-render
214	heracross	base	male	shiny	assets/pokemon-animation-cards/johto-qa-c971dfcdbaf0b925/dex-214__form-00__gender-male__palette-shiny__idle-8x4.png	assets/pokemon-animation-cards/johto-qa-c971dfcdbaf0b925/dex-214__form-00__gender-male__palette-shiny__walk-8x4.png	assets/pokemon-animation-cards/johto-qa-c971dfcdbaf0b925/dex-214__form-00__gender-male__palette-shiny__runtime.png	johto-original-trs-v1:pm0214_00:00:male:shiny	8	2	8	1	256	256	2	22	254	235	128	223.26365139574762	202	15	16	a1475ba040b94ff79e55c0e8f7dd218f113c4a803bb0ef5d42dbd42fc5f607ea	b5e45687cf9cb7a88659868d1baab605abe338f1f7526688cbdd3ca61625586c	a03f1978494fb6a0d7983b6194e8948fdb27faf3c377de50a35373388f9c5537	assets/pokemon-animation-cards/johto-qa-c971dfcdbaf0b925/dex-214__form-00__gender-male__palette-shiny__qa-evidence.json	verified-render
215	sneasel	base	male	normal	assets/pokemon-animation-cards/johto-qa-c971dfcdbaf0b925/dex-215__form-00__gender-male__palette-normal__idle-8x4.png	assets/pokemon-animation-cards/johto-qa-c971dfcdbaf0b925/dex-215__form-00__gender-male__palette-normal__walk-8x4.png	assets/pokemon-animation-cards/johto-qa-c971dfcdbaf0b925/dex-215__form-00__gender-male__palette-normal__runtime.png	johto-original-trs-v1:pm0215_00:00:male:normal	8	1.6666667461395264	8	1	256	256	37	2	219	254	128.00000000000003	236.75506759296533	228	12	16	d2bc7b738212870b24f92179e2757b68c34a5f5755ba210fd1d2af3b9bba27c5	5b9200969cbe213f2dc35de79c6d9fdd0ea742114d5d6452ea6a1b94233dc550	5014fc3ccbda969ed59b6266d46ecbe67118837590fef6c335748b17ff2974bf	assets/pokemon-animation-cards/johto-qa-c971dfcdbaf0b925/dex-215__form-00__gender-male__palette-normal__qa-evidence.json	verified-render
215	sneasel	base	male	shiny	assets/pokemon-animation-cards/johto-qa-c971dfcdbaf0b925/dex-215__form-00__gender-male__palette-shiny__idle-8x4.png	assets/pokemon-animation-cards/johto-qa-c971dfcdbaf0b925/dex-215__form-00__gender-male__palette-shiny__walk-8x4.png	assets/pokemon-animation-cards/johto-qa-c971dfcdbaf0b925/dex-215__form-00__gender-male__palette-shiny__runtime.png	johto-original-trs-v1:pm0215_00:00:male:shiny	8	1.6666667461395264	8	1	256	256	37	2	219	254	128.00000000000003	236.75506759296533	228	12	16	73c595903761b831965857b1fe5afec785ab74caba9fb53e1d72aab65df17f30	de221226848aee1156eeadf2329d436025c50e8745bc016fb00ec857564d78ec	c3d3d348b310449f9876b1d2bc83ec1984748fa4119ca04738205a7d24165fad	assets/pokemon-animation-cards/johto-qa-c971dfcdbaf0b925/dex-215__form-00__gender-male__palette-shiny__qa-evidence.json	verified-render
216	teddiursa	base	none	normal	assets/pokemon-animation-cards/johto-qa-c971dfcdbaf0b925/dex-216__form-00__gender-none__palette-normal__idle-8x4.png	assets/pokemon-animation-cards/johto-qa-c971dfcdbaf0b925/dex-216__form-00__gender-none__palette-normal__walk-8x4.png	assets/pokemon-animation-cards/johto-qa-c971dfcdbaf0b925/dex-216__form-00__gender-none__palette-normal__runtime.png	johto-original-trs-v1:pm0216_00:00:none:normal	8	1.6666667461395264	8	0.9333333969116211	256	256	2	3	254	254	128	245.06373912520638	249	13	16	1629305345a9b8dcd172fce2578efb58240b3f28ab0116277d315a75ab45c53a	451bd84f3713b388ded4c743822b749d0956006df6ebc8612dfe8a65fe8eec6a	aa8e0c3b44657158ae54c07d2c122bed467adaa0bf89e5715410d5c9719e4e0d	assets/pokemon-animation-cards/johto-qa-c971dfcdbaf0b925/dex-216__form-00__gender-none__palette-normal__qa-evidence.json	verified-render
216	teddiursa	base	none	shiny	assets/pokemon-animation-cards/johto-qa-c971dfcdbaf0b925/dex-216__form-00__gender-none__palette-shiny__idle-8x4.png	assets/pokemon-animation-cards/johto-qa-c971dfcdbaf0b925/dex-216__form-00__gender-none__palette-shiny__walk-8x4.png	assets/pokemon-animation-cards/johto-qa-c971dfcdbaf0b925/dex-216__form-00__gender-none__palette-shiny__runtime.png	johto-original-trs-v1:pm0216_00:00:none:shiny	8	1.6666667461395264	8	0.9333333969116211	256	256	2	3	254	254	128	245.06373912520638	249	13	16	8a1a5f165d8b1737abcadcd851b18db9fc01702ceb1ccc7086f5307e01bb3dc5	d85b6a6b460f78e84001d639c2d64f45e5243d5f3246bd3ef674dd4bafeb79bc	d44416002f9031ae9e186236166a2faafaccca5b9c9323b7f7fae2064f4c886f	assets/pokemon-animation-cards/johto-qa-c971dfcdbaf0b925/dex-216__form-00__gender-none__palette-shiny__qa-evidence.json	verified-render
217	ursaring	base	male	normal	assets/pokemon-animation-cards/johto-qa-c971dfcdbaf0b925/dex-217__form-00__gender-male__palette-normal__idle-8x4.png	assets/pokemon-animation-cards/johto-qa-c971dfcdbaf0b925/dex-217__form-00__gender-male__palette-normal__walk-8x4.png	assets/pokemon-animation-cards/johto-qa-c971dfcdbaf0b925/dex-217__form-00__gender-male__palette-normal__runtime.png	johto-original-trs-v1:pm0217_00:00:male:normal	8	1.5000001192092896	8	1.3333333730697632	256	256	3	2	253	254	128	241.94174202373284	241	15	16	03a7e13cd21621f0ea0743f1ddc2821c8f3ecbbc8f6c567cb3b1f7f1e0e1e690	b0317c10b28fbc1fa1bcfb3479d6c6e1723c66a32615bdf6925fbaa1b6efad84	0bbfa31c2000f166dd8cfe20680ebbfb7a2a4e845d6dd7a080a30109a8d74cb6	assets/pokemon-animation-cards/johto-qa-c971dfcdbaf0b925/dex-217__form-00__gender-male__palette-normal__qa-evidence.json	verified-render
217	ursaring	base	male	shiny	assets/pokemon-animation-cards/johto-qa-c971dfcdbaf0b925/dex-217__form-00__gender-male__palette-shiny__idle-8x4.png	assets/pokemon-animation-cards/johto-qa-c971dfcdbaf0b925/dex-217__form-00__gender-male__palette-shiny__walk-8x4.png	assets/pokemon-animation-cards/johto-qa-c971dfcdbaf0b925/dex-217__form-00__gender-male__palette-shiny__runtime.png	johto-original-trs-v1:pm0217_00:00:male:shiny	8	1.5000001192092896	8	1.3333333730697632	256	256	3	2	253	254	128	241.94174202373284	241	15	16	eca551a44c7f8dce967bab1d0073c7d980cde8b72d4737e1b710dab3b5361b9a	3f546077a270dc1bd79ace5bedbd3c8d699b80eb0c1ebf5bf390a1bd11f6bcca	d526f47ea1863513cb88cebba3a4ae5adbecd5f03ed0ab5a57a0fd80e5c2417c	assets/pokemon-animation-cards/johto-qa-c971dfcdbaf0b925/dex-217__form-00__gender-male__palette-shiny__qa-evidence.json	verified-render
218	slugma	base	none	normal	assets/pokemon-animation-cards/johto-qa-c971dfcdbaf0b925/dex-218__form-00__gender-none__palette-normal__idle-8x4.png	assets/pokemon-animation-cards/johto-qa-c971dfcdbaf0b925/dex-218__form-00__gender-none__palette-normal__walk-8x4.png	assets/pokemon-animation-cards/johto-qa-c971dfcdbaf0b925/dex-218__form-00__gender-none__palette-normal__runtime.png	johto-original-trs-v1:pm0218_00:00:none:normal	8	2	8	2	256	256	2	25	253	233	128	215.57364481435212	203	15	16	f756e96d5f9c2507429b80127fd6fc968e5dd900560625cd50c4259919e89f33	aed06f6e46dc23e71ada2199e6b5a024b257716e9a8d21629a4f9294260dcdb1	e2224aa75f1ceaefad20f0121b1c483d11e0c01e5d3e12d4a7df7c0974825c12	assets/pokemon-animation-cards/johto-qa-c971dfcdbaf0b925/dex-218__form-00__gender-none__palette-normal__qa-evidence.json	verified-render
218	slugma	base	none	shiny	assets/pokemon-animation-cards/johto-qa-c971dfcdbaf0b925/dex-218__form-00__gender-none__palette-shiny__idle-8x4.png	assets/pokemon-animation-cards/johto-qa-c971dfcdbaf0b925/dex-218__form-00__gender-none__palette-shiny__walk-8x4.png	assets/pokemon-animation-cards/johto-qa-c971dfcdbaf0b925/dex-218__form-00__gender-none__palette-shiny__runtime.png	johto-original-trs-v1:pm0218_00:00:none:shiny	8	2	8	2	256	256	2	25	253	233	128	215.57364481435212	203	15	16	892860af654adac776f62bd687621680fb9ebb8973454dabd0e19a9d39a71f08	3360477b9a569bce25c6da042ffed331233ac478972da36b2ed7f090a2d7b26f	3de0776a22b913d7c9878ab38793e316865ce43f216f5d2e349c36f95852b0ba	assets/pokemon-animation-cards/johto-qa-c971dfcdbaf0b925/dex-218__form-00__gender-none__palette-shiny__qa-evidence.json	verified-render
219	magcargo	base	none	normal	assets/pokemon-animation-cards/johto-qa-c971dfcdbaf0b925/dex-219__form-00__gender-none__palette-normal__idle-8x4.png	assets/pokemon-animation-cards/johto-qa-c971dfcdbaf0b925/dex-219__form-00__gender-none__palette-normal__walk-8x4.png	assets/pokemon-animation-cards/johto-qa-c971dfcdbaf0b925/dex-219__form-00__gender-none__palette-normal__runtime.png	johto-original-trs-v1:pm0219_00:00:none:normal	8	2	8	2	384	256	9	5	375	252	192.00000000000003	226.2675338715053	233	14	16	a23ccb317ca604898992270d35bc68ff02941d6bebac4283c92aa4525b031ccf	b78df6069f27372050f21d2a16a50eacfe79edf90ca4206b81b4e404f3efcbb6	4ffa2079f4ac1d477d2fa3ee7c0a8ec35e92531753daa42c266bd40a47a6bb97	assets/pokemon-animation-cards/johto-qa-c971dfcdbaf0b925/dex-219__form-00__gender-none__palette-normal__qa-evidence.json	verified-render
219	magcargo	base	none	shiny	assets/pokemon-animation-cards/johto-qa-c971dfcdbaf0b925/dex-219__form-00__gender-none__palette-shiny__idle-8x4.png	assets/pokemon-animation-cards/johto-qa-c971dfcdbaf0b925/dex-219__form-00__gender-none__palette-shiny__walk-8x4.png	assets/pokemon-animation-cards/johto-qa-c971dfcdbaf0b925/dex-219__form-00__gender-none__palette-shiny__runtime.png	johto-original-trs-v1:pm0219_00:00:none:shiny	8	2	8	2	384	256	9	5	375	252	192.00000000000003	226.2675338715053	233	14	16	887526ffe0c2846104bd736ff47a6caf421492b551d1b9c7e834e1296dbf31b1	c406b68fb756f8c7eb042fc5fa4a3a7527b6b0dfe143cc988f69f6c0f7985d80	718130ecf076397e17601e55e25d853fcca453a59ea42d45c1f44d20c27e89a5	assets/pokemon-animation-cards/johto-qa-c971dfcdbaf0b925/dex-219__form-00__gender-none__palette-shiny__qa-evidence.json	verified-render
220	swinub	base	none	normal	assets/pokemon-animation-cards/johto-qa-c971dfcdbaf0b925/dex-220__form-00__gender-none__palette-normal__idle-8x4.png	assets/pokemon-animation-cards/johto-qa-c971dfcdbaf0b925/dex-220__form-00__gender-none__palette-normal__walk-8x4.png	assets/pokemon-animation-cards/johto-qa-c971dfcdbaf0b925/dex-220__form-00__gender-none__palette-normal__runtime.png	johto-original-trs-v1:pm0220_00:00:none:normal	8	3.633333444595337	8	0.6666666865348816	384	256	5	6	379	250	192	226.38930256219268	231	15	11	b37464c50b55418b03ad1b73da1fdd5ab98cf3844309f2c7babca389c2f70cad	9e6020400221d5c4f664e890953b560f52a9cef150b310b05e2091d028d6b9a2	ea8ae23175342375dda1b44383e0a82017cc909d4690cd7cc9e7e1e0f2524495	assets/pokemon-animation-cards/johto-qa-c971dfcdbaf0b925/dex-220__form-00__gender-none__palette-normal__qa-evidence.json	verified-render
220	swinub	base	none	shiny	assets/pokemon-animation-cards/johto-qa-c971dfcdbaf0b925/dex-220__form-00__gender-none__palette-shiny__idle-8x4.png	assets/pokemon-animation-cards/johto-qa-c971dfcdbaf0b925/dex-220__form-00__gender-none__palette-shiny__walk-8x4.png	assets/pokemon-animation-cards/johto-qa-c971dfcdbaf0b925/dex-220__form-00__gender-none__palette-shiny__runtime.png	johto-original-trs-v1:pm0220_00:00:none:shiny	8	3.633333444595337	8	0.6666666865348816	384	256	5	6	379	250	192	226.38930256219268	231	15	11	b3e3fb6e32fa6c01f400340c933fd71c49c1d6b9e6a1878dbaefb4808d8764e0	02e06d60853537df6bbc00a290baa7d69dc3aef41a86c44515864b38ff33be5e	7f7cc4ed1ab4eea8152f49ccb8f54d738c723a8b4b0914fab1f9c2db1ffff581	assets/pokemon-animation-cards/johto-qa-c971dfcdbaf0b925/dex-220__form-00__gender-none__palette-shiny__qa-evidence.json	verified-render
221	piloswine	base	male	normal	assets/pokemon-animation-cards/johto-qa-c971dfcdbaf0b925/dex-221__form-00__gender-male__palette-normal__idle-8x4.png	assets/pokemon-animation-cards/johto-qa-c971dfcdbaf0b925/dex-221__form-00__gender-male__palette-normal__walk-8x4.png	assets/pokemon-animation-cards/johto-qa-c971dfcdbaf0b925/dex-221__form-00__gender-male__palette-normal__runtime.png	johto-original-trs-v1:pm0221_00:00:male:normal	8	2	8	0.8000000715255737	256	256	2	16	252	240	127.81037037037038	223.6262660437117	216	15	16	4f1f15f4d7806eb6478b51fea40b2f108ae204b1c9ae1e8944bc13c01094d0d7	268488330bf9fcd321f07de0f1d520b20ee97acd2d83d84351b360db29699f8f	a3fb65f3dfb14973811d90826a5dac41e4d614cceb7e146dd663ee26c3a52768	assets/pokemon-animation-cards/johto-qa-c971dfcdbaf0b925/dex-221__form-00__gender-male__palette-normal__qa-evidence.json	verified-render
221	piloswine	base	male	shiny	assets/pokemon-animation-cards/johto-qa-c971dfcdbaf0b925/dex-221__form-00__gender-male__palette-shiny__idle-8x4.png	assets/pokemon-animation-cards/johto-qa-c971dfcdbaf0b925/dex-221__form-00__gender-male__palette-shiny__walk-8x4.png	assets/pokemon-animation-cards/johto-qa-c971dfcdbaf0b925/dex-221__form-00__gender-male__palette-shiny__runtime.png	johto-original-trs-v1:pm0221_00:00:male:shiny	8	2	8	0.8000000715255737	256	256	2	16	252	240	127.81037037037038	223.6262660437117	216	15	16	47bcee2d4adca2c1cc6950394ce817cf3c0a23dc851f4f39c0b7d8ee7db3b6f4	0b064eba6797fd04c8a411f7bfa1876306ef9dff29be26c98e7e3d4103e5161f	2f3ba6b6c0509191ddaac745c19ee3367520c3e1fd41a0670feb6524655cbcde	assets/pokemon-animation-cards/johto-qa-c971dfcdbaf0b925/dex-221__form-00__gender-male__palette-shiny__qa-evidence.json	verified-render
222	corsola	base	none	normal	assets/pokemon-animation-cards/johto-qa-c971dfcdbaf0b925/dex-222__form-00__gender-none__palette-normal__idle-8x4.png	assets/pokemon-animation-cards/johto-qa-c971dfcdbaf0b925/dex-222__form-00__gender-none__palette-normal__walk-8x4.png	assets/pokemon-animation-cards/johto-qa-c971dfcdbaf0b925/dex-222__form-00__gender-none__palette-normal__runtime.png	johto-original-trs-v1:pm0222_00:00:none:normal	8	2	8	1.6666667461395264	256	256	2	32	254	225	128	216.9779798301069	180	15	16	4a5dcee5b26350b2cfcee53b2e7b049286c020800f2c69e7a6dcd98992251a36	2f3201ebe88cf0da2fbd9fed43499e4b634e67329c8c825f4221b4a8f8758131	c73e3b609bd0df6316d4d030701366205ae33ba36311b2365e909aeb30634110	assets/pokemon-animation-cards/johto-qa-c971dfcdbaf0b925/dex-222__form-00__gender-none__palette-normal__qa-evidence.json	verified-render
222	corsola	base	none	shiny	assets/pokemon-animation-cards/johto-qa-c971dfcdbaf0b925/dex-222__form-00__gender-none__palette-shiny__idle-8x4.png	assets/pokemon-animation-cards/johto-qa-c971dfcdbaf0b925/dex-222__form-00__gender-none__palette-shiny__walk-8x4.png	assets/pokemon-animation-cards/johto-qa-c971dfcdbaf0b925/dex-222__form-00__gender-none__palette-shiny__runtime.png	johto-original-trs-v1:pm0222_00:00:none:shiny	8	2	8	1.6666667461395264	256	256	2	32	254	225	128	216.9779798301069	180	15	16	482a9f5db5630eed6cd18cbf848d26b805e161e4828e297b12f8b01e080ea37d	707346ca4d43bfea0304f2f49c0fd44f89de7909af237cc67a6b1bdf1e3ba07c	cea83614fef88322d0680fd1a90d472b3d0c06d72b99cd1ecc6afcb861943345	assets/pokemon-animation-cards/johto-qa-c971dfcdbaf0b925/dex-222__form-00__gender-none__palette-shiny__qa-evidence.json	verified-render
223	remoraid	base	none	normal	assets/pokemon-animation-cards/johto-qa-c971dfcdbaf0b925/dex-223__form-00__gender-none__palette-normal__idle-8x4.png	assets/pokemon-animation-cards/johto-qa-c971dfcdbaf0b925/dex-223__form-00__gender-none__palette-normal__walk-8x4.png	assets/pokemon-animation-cards/johto-qa-c971dfcdbaf0b925/dex-223__form-00__gender-none__palette-normal__runtime.png	johto-original-trs-v1:pm0223_00:00:none:normal	8	2	8	2	256	256	17	2	240	254	128.19482496194826	320.739756146045	72.05371055346379	15	16	fd3cc243a74b6d431ad1d9f6ef667398d764781a1341982a33cc5f4dde102191	b53efa6c1e259e2d7c81209968a265f4bf695732af2990f5f60d9c228432afb7	19a313434a2cbac8902c0eb4240907ae07b13f6c2b2d627f56c8e01b58fcb98f	assets/pokemon-animation-cards/johto-qa-c971dfcdbaf0b925/dex-223__form-00__gender-none__palette-normal__qa-evidence.json	verified-render
223	remoraid	base	none	shiny	assets/pokemon-animation-cards/johto-qa-c971dfcdbaf0b925/dex-223__form-00__gender-none__palette-shiny__idle-8x4.png	assets/pokemon-animation-cards/johto-qa-c971dfcdbaf0b925/dex-223__form-00__gender-none__palette-shiny__walk-8x4.png	assets/pokemon-animation-cards/johto-qa-c971dfcdbaf0b925/dex-223__form-00__gender-none__palette-shiny__runtime.png	johto-original-trs-v1:pm0223_00:00:none:shiny	8	2	8	2	256	256	17	2	240	254	128.19482496194826	320.739756146045	72.05371055346379	15	16	88679f10a8726fd58c8aabe09617a209762c6a397083e93125c537833832e73d	1919362c9909de7bd9850c790048605cfa82096285f656659d60abac9a306742	805279890649807792827f058e98f4338079ea4f9cd5c9e9ddaaa57ee6b66662	assets/pokemon-animation-cards/johto-qa-c971dfcdbaf0b925/dex-223__form-00__gender-none__palette-shiny__qa-evidence.json	verified-render
224	octillery	base	male	normal	assets/pokemon-animation-cards/johto-qa-c971dfcdbaf0b925/dex-224__form-00__gender-male__palette-normal__idle-8x4.png	assets/pokemon-animation-cards/johto-qa-c971dfcdbaf0b925/dex-224__form-00__gender-male__palette-normal__walk-8x4.png	assets/pokemon-animation-cards/johto-qa-c971dfcdbaf0b925/dex-224__form-00__gender-male__palette-normal__runtime.png	johto-original-trs-v1:pm0224_00:00:male:normal	8	2	8	1.5000001192092896	384	256	17	4	367	252	192	228.85560108906208	239	15	12	09b5ac3d237c249e4d160583f9029ce04fe8fddd300565bbf9b1bedd2f6971d8	b092ea75d100351be465743e13b9dbf7e4e2d2e805a19b5cbf5ac7c8c3edf7cf	fd7f3dc037f995bfec7056ef1b3a0ba70704c3541c097d660f0a1b0d29314bc2	assets/pokemon-animation-cards/johto-qa-c971dfcdbaf0b925/dex-224__form-00__gender-male__palette-normal__qa-evidence.json	verified-render
224	octillery	base	male	shiny	assets/pokemon-animation-cards/johto-qa-c971dfcdbaf0b925/dex-224__form-00__gender-male__palette-shiny__idle-8x4.png	assets/pokemon-animation-cards/johto-qa-c971dfcdbaf0b925/dex-224__form-00__gender-male__palette-shiny__walk-8x4.png	assets/pokemon-animation-cards/johto-qa-c971dfcdbaf0b925/dex-224__form-00__gender-male__palette-shiny__runtime.png	johto-original-trs-v1:pm0224_00:00:male:shiny	8	2	8	1.5000001192092896	384	256	17	4	367	252	192	228.85560108906208	239	15	12	0a7a6858c0668ee6d9aae080f3fd40d042c64b0380fa8a576b96d0309a8a82ad	dfed5c113ca98507be79219700d59cfcdb6c9b043b1794693c05e51b133e125c	6f861867937c9317651d56245952f4897179dc6121c1b078c49ed1e98b2adea2	assets/pokemon-animation-cards/johto-qa-c971dfcdbaf0b925/dex-224__form-00__gender-male__palette-shiny__qa-evidence.json	verified-render
225	delibird	base	none	normal	assets/pokemon-animation-cards/johto-qa-c971dfcdbaf0b925/dex-225__form-00__gender-none__palette-normal__idle-8x4.png	assets/pokemon-animation-cards/johto-qa-c971dfcdbaf0b925/dex-225__form-00__gender-none__palette-normal__walk-8x4.png	assets/pokemon-animation-cards/johto-qa-c971dfcdbaf0b925/dex-225__form-00__gender-none__palette-normal__runtime.png	johto-original-trs-v1:pm0225_00:00:none:normal	8	1.3333333730697632	8	1	256	256	2	2	254	253	128	237.3837031086026	239	14	16	e1664b091738a44c50b0400bd1875fe789ec47276cbc48a0deee613498b96a8d	d4cc69be8f0494466f913ec927744f04d393ce54790b1de3b999886c96bfe8a3	711fd1509a9867b4578395379d388b303a819e6067bbca8da9b875acd2348fcd	assets/pokemon-animation-cards/johto-qa-c971dfcdbaf0b925/dex-225__form-00__gender-none__palette-normal__qa-evidence.json	verified-render
225	delibird	base	none	shiny	assets/pokemon-animation-cards/johto-qa-c971dfcdbaf0b925/dex-225__form-00__gender-none__palette-shiny__idle-8x4.png	assets/pokemon-animation-cards/johto-qa-c971dfcdbaf0b925/dex-225__form-00__gender-none__palette-shiny__walk-8x4.png	assets/pokemon-animation-cards/johto-qa-c971dfcdbaf0b925/dex-225__form-00__gender-none__palette-shiny__runtime.png	johto-original-trs-v1:pm0225_00:00:none:shiny	8	1.3333333730697632	8	1	256	256	2	2	254	253	128	237.3837031086026	239	14	16	5184f513bc5e46576f0a137c271221e1f335af6383755bfc08a1a94b43c09e24	cd3bd3c0e8eb3607a09fff34d673a56f8035902418686bb8d91dad446006ad48	fcc1c4a48d133a6a716785a5081b4c28ac5d5812dbcfd47ef07f978840525c4d	assets/pokemon-animation-cards/johto-qa-c971dfcdbaf0b925/dex-225__form-00__gender-none__palette-shiny__qa-evidence.json	verified-render
226	mantine	base	none	normal	assets/pokemon-animation-cards/johto-qa-c971dfcdbaf0b925/dex-226__form-00__gender-none__palette-normal__idle-8x4.png	assets/pokemon-animation-cards/johto-qa-c971dfcdbaf0b925/dex-226__form-00__gender-none__palette-normal__walk-8x4.png	assets/pokemon-animation-cards/johto-qa-c971dfcdbaf0b925/dex-226__form-00__gender-none__palette-normal__runtime.png	johto-original-trs-v1:pm0226_00:00:none:normal	8	2.6666667461395264	8	2	384	256	5	49	379	207	191.71555555555554	223.94198232874535	63.86714784285956	15	6	f1e26cb05040b5f5acd8e530315364adbdc51161dce02f0cf4cf210b8101bbb9	b6eece0fe9f3d1a87bfeb9e62774ab32b9858b068a77a3491c6cd1ffec8e2541	82f0d407340b3cb15fd6da701a9f00d248e141f34c6882aa5590a4f649d1f5cb	assets/pokemon-animation-cards/johto-qa-c971dfcdbaf0b925/dex-226__form-00__gender-none__palette-normal__qa-evidence.json	verified-render
226	mantine	base	none	shiny	assets/pokemon-animation-cards/johto-qa-c971dfcdbaf0b925/dex-226__form-00__gender-none__palette-shiny__idle-8x4.png	assets/pokemon-animation-cards/johto-qa-c971dfcdbaf0b925/dex-226__form-00__gender-none__palette-shiny__walk-8x4.png	assets/pokemon-animation-cards/johto-qa-c971dfcdbaf0b925/dex-226__form-00__gender-none__palette-shiny__runtime.png	johto-original-trs-v1:pm0226_00:00:none:shiny	8	2.6666667461395264	8	2	384	256	5	49	379	207	191.71555555555554	223.94198232874535	63.86714784285956	15	6	47bb2b92333504ae4babd711a1c2780fa600ea05d86ff6f851b12f494e1b9fbf	c267c98331fce4cfa3e4d9c013ebc67b271f67e27aec81660c0524c0d77002a8	19870598254d66c6317d39f85e51412376312223d91c5238508b2e4230a8071b	assets/pokemon-animation-cards/johto-qa-c971dfcdbaf0b925/dex-226__form-00__gender-none__palette-shiny__qa-evidence.json	verified-render
227	skarmory	base	none	normal	assets/pokemon-animation-cards/johto-qa-c971dfcdbaf0b925/dex-227__form-00__gender-none__palette-normal__idle-8x4.png	assets/pokemon-animation-cards/johto-qa-c971dfcdbaf0b925/dex-227__form-00__gender-none__palette-normal__walk-8x4.png	assets/pokemon-animation-cards/johto-qa-c971dfcdbaf0b925/dex-227__form-00__gender-none__palette-normal__runtime.png	johto-original-trs-v1:pm0227_00:00:none:normal	8	1.8000000715255737	8	1.8000000715255737	384	256	16	4	366	252	192	338.46605967772314	193.44148289503548	15	12	969c9c76cc868b94784cb0a078b3654c8b2d5191e3f4858cf48455f4ca19e3c9	969c9c76cc868b94784cb0a078b3654c8b2d5191e3f4858cf48455f4ca19e3c9	75a45ead71c7cc8d2cf943eb6ef993b85371416f1b25eb441c4a74a7c638f2bf	assets/pokemon-animation-cards/johto-qa-c971dfcdbaf0b925/dex-227__form-00__gender-none__palette-normal__qa-evidence.json	verified-render
227	skarmory	base	none	shiny	assets/pokemon-animation-cards/johto-qa-c971dfcdbaf0b925/dex-227__form-00__gender-none__palette-shiny__idle-8x4.png	assets/pokemon-animation-cards/johto-qa-c971dfcdbaf0b925/dex-227__form-00__gender-none__palette-shiny__walk-8x4.png	assets/pokemon-animation-cards/johto-qa-c971dfcdbaf0b925/dex-227__form-00__gender-none__palette-shiny__runtime.png	johto-original-trs-v1:pm0227_00:00:none:shiny	8	1.8000000715255737	8	1.8000000715255737	384	256	16	4	366	252	192	338.46605967772314	193.44148289503548	15	12	d5ef1536ecef5a719d7662a51ca567504f3ac3583827b331a6e7b6711fd27e70	d5ef1536ecef5a719d7662a51ca567504f3ac3583827b331a6e7b6711fd27e70	396a63eb0cf6d1feb6e728474f3f5120eaae0be5666abee18f05de6de37852d9	assets/pokemon-animation-cards/johto-qa-c971dfcdbaf0b925/dex-227__form-00__gender-none__palette-shiny__qa-evidence.json	verified-render
228	houndour	base	none	normal	assets/pokemon-animation-cards/johto-qa-c971dfcdbaf0b925/dex-228__form-00__gender-none__palette-normal__idle-8x4.png	assets/pokemon-animation-cards/johto-qa-c971dfcdbaf0b925/dex-228__form-00__gender-none__palette-normal__walk-8x4.png	assets/pokemon-animation-cards/johto-qa-c971dfcdbaf0b925/dex-228__form-00__gender-none__palette-normal__runtime.png	johto-original-trs-v1:pm0228_00:00:none:normal	8	1.6000001430511475	8	0.6666666865348816	256	256	2	16	254	240	128	226.6429273170276	222	15	16	784149c889b96df1f8a1394f74ffd9d3d70e4424a0b757c703cf87be4a80c891	a8ee93953aacd0745f1e4c81065ca5edf816da776fb9629dccb128e81fe6bd28	bc995d57170187ed8ff923a4d5ca76d4255eed2665ffafec5c5364ca6df576d6	assets/pokemon-animation-cards/johto-qa-c971dfcdbaf0b925/dex-228__form-00__gender-none__palette-normal__qa-evidence.json	verified-render
228	houndour	base	none	shiny	assets/pokemon-animation-cards/johto-qa-c971dfcdbaf0b925/dex-228__form-00__gender-none__palette-shiny__idle-8x4.png	assets/pokemon-animation-cards/johto-qa-c971dfcdbaf0b925/dex-228__form-00__gender-none__palette-shiny__walk-8x4.png	assets/pokemon-animation-cards/johto-qa-c971dfcdbaf0b925/dex-228__form-00__gender-none__palette-shiny__runtime.png	johto-original-trs-v1:pm0228_00:00:none:shiny	8	1.6000001430511475	8	0.6666666865348816	256	256	2	16	254	240	128	226.6429273170276	222	15	16	9025af74f3bc7372ecb2faa9ce3892365984303d994f0e6e9beb0a15c24a5375	5a1a0062d0cdc4608684e8d666095887f3d0dacb2769a6bf34868e3297868c28	b9a180f29e0b2f1530790a318711dfb1ae05a20140c60d8854bc91c0466784be	assets/pokemon-animation-cards/johto-qa-c971dfcdbaf0b925/dex-228__form-00__gender-none__palette-shiny__qa-evidence.json	verified-render
229	houndoom	base	male	normal	assets/pokemon-animation-cards/johto-qa-c971dfcdbaf0b925/dex-229__form-00__gender-male__palette-normal__idle-8x4.png	assets/pokemon-animation-cards/johto-qa-c971dfcdbaf0b925/dex-229__form-00__gender-male__palette-normal__walk-8x4.png	assets/pokemon-animation-cards/johto-qa-c971dfcdbaf0b925/dex-229__form-00__gender-male__palette-normal__runtime.png	johto-original-trs-v1:pm0229_00:00:male:normal	8	1.4000000953674316	8	0.8666667342185974	384	256	4	21	379	235	191.71555555555554	221.85094310715704	164.21058319228334	15	16	2b793582145bc49614215f385429506b397d7d133971c2d93a8474a69deee2bc	a84e6858443db8f7dcf853a89e8bd241590f1ec7eaeabbb8122c33a8faff0ce6	b6ee91386d58801b3167cae55c5b33fcaffa3d8d7b6c7a9d8b9ae7126c643bb0	assets/pokemon-animation-cards/johto-qa-c971dfcdbaf0b925/dex-229__form-00__gender-male__palette-normal__qa-evidence.json	verified-render
229	houndoom	base	male	shiny	assets/pokemon-animation-cards/johto-qa-c971dfcdbaf0b925/dex-229__form-00__gender-male__palette-shiny__idle-8x4.png	assets/pokemon-animation-cards/johto-qa-c971dfcdbaf0b925/dex-229__form-00__gender-male__palette-shiny__walk-8x4.png	assets/pokemon-animation-cards/johto-qa-c971dfcdbaf0b925/dex-229__form-00__gender-male__palette-shiny__runtime.png	johto-original-trs-v1:pm0229_00:00:male:shiny	8	1.4000000953674316	8	0.8666667342185974	384	256	4	21	379	235	191.71555555555554	221.85094310715704	164.21058319228334	15	16	9b51f1a12e1cdc9c812e98f91d17cafa91b83bbb4df8cd89256ec392f1549ba1	c3d5776437e309f9d9a975773863f269097f9c60dfef1c185ac8b88b94f6b3bc	e0fc1ef0f33fa498dddd1b1151200bb2aa10620fd907fe913f9b178071d90538	assets/pokemon-animation-cards/johto-qa-c971dfcdbaf0b925/dex-229__form-00__gender-male__palette-shiny__qa-evidence.json	verified-render
230	kingdra	base	none	normal	assets/pokemon-animation-cards/johto-qa-c971dfcdbaf0b925/dex-230__form-00__gender-none__palette-normal__idle-8x4.png	assets/pokemon-animation-cards/johto-qa-c971dfcdbaf0b925/dex-230__form-00__gender-none__palette-normal__walk-8x4.png	assets/pokemon-animation-cards/johto-qa-c971dfcdbaf0b925/dex-230__form-00__gender-none__palette-normal__runtime.png	johto-original-trs-v1:pm0230_00:00:none:normal	8	2.4000000953674316	8	1.3333333730697632	256	256	17	2	239	253	128	273.4594006290158	188	14	16	a325686455bf30cda2b6976ac04f87c936101e3713a50dd3f233a970ef99ddec	864710c35f3fc419419bee5fdf31a80162006186e034be0a22ffc011c33f1e69	5c30f7cd3d700f59bd79d2830e81c2012fec350ba1238c11392dfe4fc5cce11f	assets/pokemon-animation-cards/johto-qa-c971dfcdbaf0b925/dex-230__form-00__gender-none__palette-normal__qa-evidence.json	verified-render
230	kingdra	base	none	shiny	assets/pokemon-animation-cards/johto-qa-c971dfcdbaf0b925/dex-230__form-00__gender-none__palette-shiny__idle-8x4.png	assets/pokemon-animation-cards/johto-qa-c971dfcdbaf0b925/dex-230__form-00__gender-none__palette-shiny__walk-8x4.png	assets/pokemon-animation-cards/johto-qa-c971dfcdbaf0b925/dex-230__form-00__gender-none__palette-shiny__runtime.png	johto-original-trs-v1:pm0230_00:00:none:shiny	8	2.4000000953674316	8	1.3333333730697632	256	256	17	2	239	253	128	273.4594006290158	188	14	16	5eab199e692b928b5321c6b98ec961574eaa5badbbec21196571d41d9e1bf88b	f62b465aa565921f6b069118253486c665daecd0aaa98fb86d785a0e7528b50b	1b9cdd4703665e5016b84dbc98472cf6d6defd9071f996370cdd08df95f8ed90	assets/pokemon-animation-cards/johto-qa-c971dfcdbaf0b925/dex-230__form-00__gender-none__palette-shiny__qa-evidence.json	verified-render
231	phanpy	base	none	normal	assets/pokemon-animation-cards/johto-qa-c971dfcdbaf0b925/dex-231__form-00__gender-none__palette-normal__idle-8x4.png	assets/pokemon-animation-cards/johto-qa-c971dfcdbaf0b925/dex-231__form-00__gender-none__palette-normal__walk-8x4.png	assets/pokemon-animation-cards/johto-qa-c971dfcdbaf0b925/dex-231__form-00__gender-none__palette-normal__runtime.png	johto-original-trs-v1:pm0231_00:00:none:normal	8	1.7333334684371948	8	1	384	256	5	12	379	244	192	229.39855720065674	230	15	13	f1b47fafde47b16913c9ce4a40b9aecedf5ad6ab72534a99e881d4877a3c5598	90b868ab04229186c3f66c138d6e513f7559242e0b9853d4d20735856e78c6f0	f2c3c532e4063acc9d62c470490234f25cddbf48025cc80eb564b94220369b41	assets/pokemon-animation-cards/johto-qa-c971dfcdbaf0b925/dex-231__form-00__gender-none__palette-normal__qa-evidence.json	verified-render
231	phanpy	base	none	shiny	assets/pokemon-animation-cards/johto-qa-c971dfcdbaf0b925/dex-231__form-00__gender-none__palette-shiny__idle-8x4.png	assets/pokemon-animation-cards/johto-qa-c971dfcdbaf0b925/dex-231__form-00__gender-none__palette-shiny__walk-8x4.png	assets/pokemon-animation-cards/johto-qa-c971dfcdbaf0b925/dex-231__form-00__gender-none__palette-shiny__runtime.png	johto-original-trs-v1:pm0231_00:00:none:shiny	8	1.7333334684371948	8	1	384	256	5	12	379	244	192	229.39855720065674	230	15	13	91ca328ecfbbc378989534a1c9a0608a049a3631cc3aedee32c3fdad8579e2d2	b62301ba6a17a35589fdf3f98c7a74e45871b60969471b31439466bb802ca03d	e005aa637e968234a7c0a91204f83f614bec99d414431e41b7da06cdd37c2744	assets/pokemon-animation-cards/johto-qa-c971dfcdbaf0b925/dex-231__form-00__gender-none__palette-shiny__qa-evidence.json	verified-render
232	donphan	base	male	normal	assets/pokemon-animation-cards/johto-qa-c971dfcdbaf0b925/dex-232__form-00__gender-male__palette-normal__idle-8x4.png	assets/pokemon-animation-cards/johto-qa-c971dfcdbaf0b925/dex-232__form-00__gender-male__palette-normal__walk-8x4.png	assets/pokemon-animation-cards/johto-qa-c971dfcdbaf0b925/dex-232__form-00__gender-male__palette-normal__runtime.png	johto-original-trs-v1:pm0232_00:00:male:normal	8	1.6666667461395264	8	1	384	256	5	21	379	235	192	216.82826674508254	207	15	9	001217729fa6b68e6358bd00e9697ce093db9558c76aeb2ece913bf1bcc95b7b	0563da801396b84a43a1c945b064408a7c34c335020cba3b40a6ac7850a1b956	05cf4e8168d8a2fe6dd32b4941e67c408c081f3cd5c17e73b076c6a1e52210da	assets/pokemon-animation-cards/johto-qa-c971dfcdbaf0b925/dex-232__form-00__gender-male__palette-normal__qa-evidence.json	verified-render
232	donphan	base	male	shiny	assets/pokemon-animation-cards/johto-qa-c971dfcdbaf0b925/dex-232__form-00__gender-male__palette-shiny__idle-8x4.png	assets/pokemon-animation-cards/johto-qa-c971dfcdbaf0b925/dex-232__form-00__gender-male__palette-shiny__walk-8x4.png	assets/pokemon-animation-cards/johto-qa-c971dfcdbaf0b925/dex-232__form-00__gender-male__palette-shiny__runtime.png	johto-original-trs-v1:pm0232_00:00:male:shiny	8	1.6666667461395264	8	1	384	256	5	21	379	235	192	216.82826674508254	207	15	9	4b3efa32c0f1b191c287e7be469e4c16b1dc3944e7b12a01609eb60898867c14	6dcdb6b8d8ba9159a75f401953b62d2ad239e998f568f75ab8f36689cf6a34ab	ef5069ac1467687791f73cabcd9803a1007f86a04c09398d73b3680d66f3801f	assets/pokemon-animation-cards/johto-qa-c971dfcdbaf0b925/dex-232__form-00__gender-male__palette-shiny__qa-evidence.json	verified-render
233	porygon2	base	none	normal	assets/pokemon-animation-cards/johto-qa-c971dfcdbaf0b925/dex-233__form-00__gender-none__palette-normal__idle-8x4.png	assets/pokemon-animation-cards/johto-qa-c971dfcdbaf0b925/dex-233__form-00__gender-none__palette-normal__walk-8x4.png	assets/pokemon-animation-cards/johto-qa-c971dfcdbaf0b925/dex-233__form-00__gender-none__palette-normal__runtime.png	johto-original-trs-v1:pm0233_00:00:none:normal	8	2.6666667461395264	8	1	256	256	2	23	254	233	128	283.8137144355187	149	15	16	f434fd9e42b5ea89c1fda762561ee93dce8630818baba972ea64c01f69b043b4	adaa17813b912446b22296fc37b84c02f9a2b7a380102ac141f1f9d6aa85c148	25a45062177cad5b11b5ded55601e917362d770466ab1bbf306495904c33b885	assets/pokemon-animation-cards/johto-qa-c971dfcdbaf0b925/dex-233__form-00__gender-none__palette-normal__qa-evidence.json	verified-render
233	porygon2	base	none	shiny	assets/pokemon-animation-cards/johto-qa-c971dfcdbaf0b925/dex-233__form-00__gender-none__palette-shiny__idle-8x4.png	assets/pokemon-animation-cards/johto-qa-c971dfcdbaf0b925/dex-233__form-00__gender-none__palette-shiny__walk-8x4.png	assets/pokemon-animation-cards/johto-qa-c971dfcdbaf0b925/dex-233__form-00__gender-none__palette-shiny__runtime.png	johto-original-trs-v1:pm0233_00:00:none:shiny	8	2.6666667461395264	8	1	256	256	2	23	254	233	128	283.8137144355187	149	15	16	46161b89bb0194edc60f0927e75b46cf780c2999e1f33be09b0bf41ca6501b8c	ecacc68e379c3fe14f7f8a681e93ce8aedf8a3bc563df81fea21bb0f710ede52	100aa3f455549b92682cc299395e23184f8ed90493320c75903851b8035b1953	assets/pokemon-animation-cards/johto-qa-c971dfcdbaf0b925/dex-233__form-00__gender-none__palette-shiny__qa-evidence.json	verified-render
234	stantler	base	none	normal	assets/pokemon-animation-cards/johto-qa-c971dfcdbaf0b925/dex-234__form-00__gender-none__palette-normal__idle-8x4.png	assets/pokemon-animation-cards/johto-qa-c971dfcdbaf0b925/dex-234__form-00__gender-none__palette-normal__walk-8x4.png	assets/pokemon-animation-cards/johto-qa-c971dfcdbaf0b925/dex-234__form-00__gender-none__palette-normal__runtime.png	johto-original-trs-v1:pm0234_00:00:none:normal	8	1.3333333730697632	8	1.1666667461395264	256	256	18	2	238	253	128	237.5686327325296	246	13	16	0a7bfb63e180e9f21aa89d66e4a88df00d5786a09c0d889be1f6acf233168d92	fdc595877f43412760b93fc74077065e76b55a67e36f186d5316755a278f8ebd	72f6d074dc0360e1ec3316d6f406849132761aed6aa5820d925afe11ec6b3f18	assets/pokemon-animation-cards/johto-qa-c971dfcdbaf0b925/dex-234__form-00__gender-none__palette-normal__qa-evidence.json	verified-render
234	stantler	base	none	shiny	assets/pokemon-animation-cards/johto-qa-c971dfcdbaf0b925/dex-234__form-00__gender-none__palette-shiny__idle-8x4.png	assets/pokemon-animation-cards/johto-qa-c971dfcdbaf0b925/dex-234__form-00__gender-none__palette-shiny__walk-8x4.png	assets/pokemon-animation-cards/johto-qa-c971dfcdbaf0b925/dex-234__form-00__gender-none__palette-shiny__runtime.png	johto-original-trs-v1:pm0234_00:00:none:shiny	8	1.3333333730697632	8	1.1666667461395264	256	256	18	2	238	253	128	237.5686327325296	246	13	16	d4555060cc2dc59c27b2379f9cc9525517e913b7a155eed6360d39ddd090a2f7	58859ab4c0e8ce2cfc12bdb857de0188ea9405c68f3497151f874d0c3466ec21	5addf800f6f99d47117f9e6a02f0d1e0163ddbce41a82256bfdd9d295d130e67	assets/pokemon-animation-cards/johto-qa-c971dfcdbaf0b925/dex-234__form-00__gender-none__palette-shiny__qa-evidence.json	verified-render
235	smeargle	base	none	normal	assets/pokemon-animation-cards/johto-qa-c971dfcdbaf0b925/dex-235__form-00__gender-none__palette-normal__idle-8x4.png	assets/pokemon-animation-cards/johto-qa-c971dfcdbaf0b925/dex-235__form-00__gender-none__palette-normal__walk-8x4.png	assets/pokemon-animation-cards/johto-qa-c971dfcdbaf0b925/dex-235__form-00__gender-none__palette-normal__runtime.png	johto-original-trs-v1:pm0235_00:00:none:normal	8	1.3333333730697632	8	1	256	256	2	11	254	245	128	233.39738385820695	227	13	16	ac431f6d4e82699d4f01b0d4ffa4bb7ff445240372fb0cf989d2956a4cf0a4ed	a9858dbbf50b9b1d50966e32a3a388ac0555cbdea24989340375d064ed13a1c5	c71d8afad6588c6171943f8f620a0ed32343cc44626ed9eeba86ce3bea759a5d	assets/pokemon-animation-cards/johto-qa-c971dfcdbaf0b925/dex-235__form-00__gender-none__palette-normal__qa-evidence.json	verified-render
235	smeargle	base	none	shiny	assets/pokemon-animation-cards/johto-qa-c971dfcdbaf0b925/dex-235__form-00__gender-none__palette-shiny__idle-8x4.png	assets/pokemon-animation-cards/johto-qa-c971dfcdbaf0b925/dex-235__form-00__gender-none__palette-shiny__walk-8x4.png	assets/pokemon-animation-cards/johto-qa-c971dfcdbaf0b925/dex-235__form-00__gender-none__palette-shiny__runtime.png	johto-original-trs-v1:pm0235_00:00:none:shiny	8	1.3333333730697632	8	1	256	256	2	11	254	245	128	233.39738385820695	227	13	16	a9245728dd83ba018e92aebf32a20a41e9b3ae18d5c4373a33d60ff687602e93	8d7e68d805d6e452efb008fe808dbd25655f556cd76d430b22ac9a391b5e234c	420b391d70f6d7917cf3bd80abaa9ea104c56b91decd46d866d342940725b117	assets/pokemon-animation-cards/johto-qa-c971dfcdbaf0b925/dex-235__form-00__gender-none__palette-shiny__qa-evidence.json	verified-render
236	tyrogue	base	none	normal	assets/pokemon-animation-cards/johto-qa-c971dfcdbaf0b925/dex-236__form-00__gender-none__palette-normal__idle-8x4.png	assets/pokemon-animation-cards/johto-qa-c971dfcdbaf0b925/dex-236__form-00__gender-none__palette-normal__walk-8x4.png	assets/pokemon-animation-cards/johto-qa-c971dfcdbaf0b925/dex-236__form-00__gender-none__palette-normal__runtime.png	johto-original-trs-v1:pm0236_00:00:none:normal	8	1.2000000476837158	8	1.0666667222976685	256	256	37	2	219	254	127.99999999999999	243.30547096075284	240	11	16	3dc31288288791d225df84d25610415c258c17e70666d9f3a9d9d933c28776bc	3802918e4e455c3dde799ea1183d4ca30bb2da6461486f8f45451034f45dbb75	8b5e53455c8fe79e9de13127b398b5b5504941646a8ae7381cf86d937e36a4f8	assets/pokemon-animation-cards/johto-qa-c971dfcdbaf0b925/dex-236__form-00__gender-none__palette-normal__qa-evidence.json	verified-render
236	tyrogue	base	none	shiny	assets/pokemon-animation-cards/johto-qa-c971dfcdbaf0b925/dex-236__form-00__gender-none__palette-shiny__idle-8x4.png	assets/pokemon-animation-cards/johto-qa-c971dfcdbaf0b925/dex-236__form-00__gender-none__palette-shiny__walk-8x4.png	assets/pokemon-animation-cards/johto-qa-c971dfcdbaf0b925/dex-236__form-00__gender-none__palette-shiny__runtime.png	johto-original-trs-v1:pm0236_00:00:none:shiny	8	1.2000000476837158	8	1.0666667222976685	256	256	37	2	219	254	127.99999999999999	243.30547096075284	240	11	16	cb095337651c5325193be4a80c319fd960dc54e50441da206f9fb6b47bd38b8d	e987fe5a65822b8d0896536c5fbb885c3ca9e9465b86e7ee99267a2ddf55ae45	4e2a2c3a75341a7f2a46a5bf9aa535a193e5d9d1afe08a88c7f960dd2d1e17d0	assets/pokemon-animation-cards/johto-qa-c971dfcdbaf0b925/dex-236__form-00__gender-none__palette-shiny__qa-evidence.json	verified-render
237	hitmontop	base	none	normal	assets/pokemon-animation-cards/johto-qa-c971dfcdbaf0b925/dex-237__form-00__gender-none__palette-normal__idle-8x4.png	assets/pokemon-animation-cards/johto-qa-c971dfcdbaf0b925/dex-237__form-00__gender-none__palette-normal__walk-8x4.png	assets/pokemon-animation-cards/johto-qa-c971dfcdbaf0b925/dex-237__form-00__gender-none__palette-normal__runtime.png	johto-original-trs-v1:pm0237_00:00:none:normal	8	2	8	1	256	256	2	20	254	236	128	224.42205845313433	208	14	16	4fadc2778fc7a07d36ff26163cc3a2412e0c2d571019711f75785ee593e76d89	a3379ddc55f1e94a733a8427b4024a53dacc602d000fb544400d26f8a1fac88f	c1cab156258de5ab9fdccfcc7aa762d9029f2c2e6a0d29545d2ef16bfeebbe61	assets/pokemon-animation-cards/johto-qa-c971dfcdbaf0b925/dex-237__form-00__gender-none__palette-normal__qa-evidence.json	verified-render
237	hitmontop	base	none	shiny	assets/pokemon-animation-cards/johto-qa-c971dfcdbaf0b925/dex-237__form-00__gender-none__palette-shiny__idle-8x4.png	assets/pokemon-animation-cards/johto-qa-c971dfcdbaf0b925/dex-237__form-00__gender-none__palette-shiny__walk-8x4.png	assets/pokemon-animation-cards/johto-qa-c971dfcdbaf0b925/dex-237__form-00__gender-none__palette-shiny__runtime.png	johto-original-trs-v1:pm0237_00:00:none:shiny	8	2	8	1	256	256	2	20	254	236	128	224.42205845313433	208	14	16	cef111fe75f991da89ab9953ffc1d2541f2bfa3af2f23100a8d548ea65de00d9	4e1e944ac46b61aa5ab9b0b0eba757db5c3185b0684d184b6805ee2040742b83	7f2a6582da1cd972a3ea02e71acd5a453fc08ee2d792b6d31419f344101c0768	assets/pokemon-animation-cards/johto-qa-c971dfcdbaf0b925/dex-237__form-00__gender-none__palette-shiny__qa-evidence.json	verified-render
238	smoochum	base	none	normal	assets/pokemon-animation-cards/johto-qa-c971dfcdbaf0b925/dex-238__form-00__gender-none__palette-normal__idle-8x4.png	assets/pokemon-animation-cards/johto-qa-c971dfcdbaf0b925/dex-238__form-00__gender-none__palette-normal__walk-8x4.png	assets/pokemon-animation-cards/johto-qa-c971dfcdbaf0b925/dex-238__form-00__gender-none__palette-normal__runtime.png	johto-original-trs-v1:pm0238_00:00:none:normal	8	1.3333333730697632	8	0.8000000715255737	256	256	24	2	232	254	127.79585326953747	244.65367933206667	250	12	16	6cfdfc57c13a05af9c23b12ab4aa5597cca9d7499716bf263bd69ec758892dda	f0f710fc07c04c983294256d9d3f7a9f161b849b8ffa3576d3c592b0b3e7a9a4	235878db3a0971678a337d2562817c356b69ea84a755ac5693d64868a208e5dc	assets/pokemon-animation-cards/johto-qa-c971dfcdbaf0b925/dex-238__form-00__gender-none__palette-normal__qa-evidence.json	verified-render
238	smoochum	base	none	shiny	assets/pokemon-animation-cards/johto-qa-c971dfcdbaf0b925/dex-238__form-00__gender-none__palette-shiny__idle-8x4.png	assets/pokemon-animation-cards/johto-qa-c971dfcdbaf0b925/dex-238__form-00__gender-none__palette-shiny__walk-8x4.png	assets/pokemon-animation-cards/johto-qa-c971dfcdbaf0b925/dex-238__form-00__gender-none__palette-shiny__runtime.png	johto-original-trs-v1:pm0238_00:00:none:shiny	8	1.3333333730697632	8	0.8000000715255737	256	256	24	2	232	254	127.79585326953747	244.65367933206667	250	12	16	4ca93a3c65c997e867a0a00ddea1dab119f16196d80095407eb5267b639081a9	49dff87afa67a82dc44adccd6b9e7afcdeaa874db81245e8a1c5daae14f0a331	175bf522fa854e6a6b88175d1803c8d812fef511b10e7c6012bdef7bad6d19a6	assets/pokemon-animation-cards/johto-qa-c971dfcdbaf0b925/dex-238__form-00__gender-none__palette-shiny__qa-evidence.json	verified-render
239	elekid	base	none	normal	assets/pokemon-animation-cards/johto-qa-c971dfcdbaf0b925/dex-239__form-00__gender-none__palette-normal__idle-8x4.png	assets/pokemon-animation-cards/johto-qa-c971dfcdbaf0b925/dex-239__form-00__gender-none__palette-normal__walk-8x4.png	assets/pokemon-animation-cards/johto-qa-c971dfcdbaf0b925/dex-239__form-00__gender-none__palette-normal__runtime.png	johto-original-trs-v1:pm0239_00:00:none:normal	8	1.0666667222976685	8	1	256	256	2	18	254	238	128	223.89721234291522	203	15	16	da7e892752622f68c0db84bffe24cd9a6b4886bb38d35bcb51784282f40650e5	6b757309cc44cfca54ad4ea3dc5a7cc9e2d5fbd081d0d8f75e53bb4b8a63f565	ce84a03edb4eb29ea56177c720f4667047d29c5d6d49da9bd6eb70bf9a5d849d	assets/pokemon-animation-cards/johto-qa-c971dfcdbaf0b925/dex-239__form-00__gender-none__palette-normal__qa-evidence.json	verified-render
239	elekid	base	none	shiny	assets/pokemon-animation-cards/johto-qa-c971dfcdbaf0b925/dex-239__form-00__gender-none__palette-shiny__idle-8x4.png	assets/pokemon-animation-cards/johto-qa-c971dfcdbaf0b925/dex-239__form-00__gender-none__palette-shiny__walk-8x4.png	assets/pokemon-animation-cards/johto-qa-c971dfcdbaf0b925/dex-239__form-00__gender-none__palette-shiny__runtime.png	johto-original-trs-v1:pm0239_00:00:none:shiny	8	1.0666667222976685	8	1	256	256	2	18	254	238	128	223.89721234291522	203	15	16	445536febbf3bd299599e756c32169f69befcb343657e788f5847c434b6ffa1e	faa5cf54b774ebe7e38d81ace1833538be52d25c0450cc21720fab26cf2704da	f2ace21121e5da18b77880a19788b1ade71c0673c944a69ff82314682f73c555	assets/pokemon-animation-cards/johto-qa-c971dfcdbaf0b925/dex-239__form-00__gender-none__palette-shiny__qa-evidence.json	verified-render
240	magby	base	none	normal	assets/pokemon-animation-cards/johto-qa-c971dfcdbaf0b925/dex-240__form-00__gender-none__palette-normal__idle-8x4.png	assets/pokemon-animation-cards/johto-qa-c971dfcdbaf0b925/dex-240__form-00__gender-none__palette-normal__walk-8x4.png	assets/pokemon-animation-cards/johto-qa-c971dfcdbaf0b925/dex-240__form-00__gender-none__palette-normal__runtime.png	johto-original-trs-v1:pm0240_00:00:none:normal	8	1.0666667222976685	8	1	256	256	25	2	231	254	128	243.46758775882137	246	12	16	24e129aba0419a6faeb6d2e9b3cb1eec7a1e7b6a9aef908672dabd576ef791bb	b0e37150c65cab0e2862b8dcbb54e62e9a14ba87d2353cffdf7b43017c6e072f	52eace6860438bb94831d0c94845bfb655ee4e99915af5f0ad4f4be1460f90cc	assets/pokemon-animation-cards/johto-qa-c971dfcdbaf0b925/dex-240__form-00__gender-none__palette-normal__qa-evidence.json	verified-render
240	magby	base	none	shiny	assets/pokemon-animation-cards/johto-qa-c971dfcdbaf0b925/dex-240__form-00__gender-none__palette-shiny__idle-8x4.png	assets/pokemon-animation-cards/johto-qa-c971dfcdbaf0b925/dex-240__form-00__gender-none__palette-shiny__walk-8x4.png	assets/pokemon-animation-cards/johto-qa-c971dfcdbaf0b925/dex-240__form-00__gender-none__palette-shiny__runtime.png	johto-original-trs-v1:pm0240_00:00:none:shiny	8	1.0666667222976685	8	1	256	256	25	2	231	254	128	243.46758775882137	246	12	16	2ad1f514cf31874fbd15f1d12f37ded00a8266d92ff6970769ae8db80a0ce4ac	1bc6157fbde8dd825b6060d8feefb675cb5988846e0b18523047b018cafcd673	a25486b05fb1991de3ba9ca0e7623ebfe3519caf10b58fb20d14a47a140b703f	assets/pokemon-animation-cards/johto-qa-c971dfcdbaf0b925/dex-240__form-00__gender-none__palette-shiny__qa-evidence.json	verified-render
241	miltank	base	none	normal	assets/pokemon-animation-cards/johto-qa-c971dfcdbaf0b925/dex-241__form-00__gender-none__palette-normal__idle-8x4.png	assets/pokemon-animation-cards/johto-qa-c971dfcdbaf0b925/dex-241__form-00__gender-none__palette-normal__walk-8x4.png	assets/pokemon-animation-cards/johto-qa-c971dfcdbaf0b925/dex-241__form-00__gender-none__palette-normal__runtime.png	johto-original-trs-v1:pm0241_00:00:none:normal	8	2	8	1	256	256	2	22	254	234	128	224.1870209612431	205	15	16	b88b2ba3550308a1f22d2a72f633a2d5816eb8e2b8936aff870b9d748350a605	e8d221375ccb2220132cc718177b93164c9139639a0798e9af5aa07801709bef	33af574e923f2f54d3d2d575dae74578bdfab8febd51bf8279cd41d757493d91	assets/pokemon-animation-cards/johto-qa-c971dfcdbaf0b925/dex-241__form-00__gender-none__palette-normal__qa-evidence.json	verified-render
241	miltank	base	none	shiny	assets/pokemon-animation-cards/johto-qa-c971dfcdbaf0b925/dex-241__form-00__gender-none__palette-shiny__idle-8x4.png	assets/pokemon-animation-cards/johto-qa-c971dfcdbaf0b925/dex-241__form-00__gender-none__palette-shiny__walk-8x4.png	assets/pokemon-animation-cards/johto-qa-c971dfcdbaf0b925/dex-241__form-00__gender-none__palette-shiny__runtime.png	johto-original-trs-v1:pm0241_00:00:none:shiny	8	2	8	1	256	256	2	22	254	234	128	224.1870209612431	205	15	16	00f7d2bd4842a3014f84e28bbce5039e02e7eac530222a1ffefb19aeb215bb14	c9a3067a18006e2298dd19febadbce75af576b1e83dd1c7aec73a63a9ba796ea	9aa271205101760362eec2611ccb1bfb4a4a8917ac76d1e6abadd6cd82a21929	assets/pokemon-animation-cards/johto-qa-c971dfcdbaf0b925/dex-241__form-00__gender-none__palette-shiny__qa-evidence.json	verified-render
242	blissey	base	none	normal	assets/pokemon-animation-cards/johto-qa-c971dfcdbaf0b925/dex-242__form-00__gender-none__palette-normal__idle-8x4.png	assets/pokemon-animation-cards/johto-qa-c971dfcdbaf0b925/dex-242__form-00__gender-none__palette-normal__walk-8x4.png	assets/pokemon-animation-cards/johto-qa-c971dfcdbaf0b925/dex-242__form-00__gender-none__palette-normal__runtime.png	johto-original-trs-v1:pm0242_00:00:none:normal	8	1.7333334684371948	8	1	256	256	2	11	254	245	128	233.37298301219428	229	15	16	79fda874f0fa601e4e5a45f1381b54229ca97166f4ab8f2dc011ada98f205606	010e81c612dbe4e5660c681a959af32f6f96172222be24f94ec1ae8c78b7f6fe	3b972e93c833da279816442ac43859f68b96c51a65132a9b7f6c4d7941de1f23	assets/pokemon-animation-cards/johto-qa-c971dfcdbaf0b925/dex-242__form-00__gender-none__palette-normal__qa-evidence.json	verified-render
242	blissey	base	none	shiny	assets/pokemon-animation-cards/johto-qa-c971dfcdbaf0b925/dex-242__form-00__gender-none__palette-shiny__idle-8x4.png	assets/pokemon-animation-cards/johto-qa-c971dfcdbaf0b925/dex-242__form-00__gender-none__palette-shiny__walk-8x4.png	assets/pokemon-animation-cards/johto-qa-c971dfcdbaf0b925/dex-242__form-00__gender-none__palette-shiny__runtime.png	johto-original-trs-v1:pm0242_00:00:none:shiny	8	1.7333334684371948	8	1	256	256	2	11	254	245	128	233.37298301219428	229	15	16	7d80f2abf9029b7118b807710a3879ef83aa477022e6528b8bd4d35a8ea244b7	6de16203a649a0eb08e01529cf814520b0ba37bfbe373ff3431b4fddaa35fbfd	261c408e51bbb108663741df66a462d6f3738743aef2790f64be17b49707078d	assets/pokemon-animation-cards/johto-qa-c971dfcdbaf0b925/dex-242__form-00__gender-none__palette-shiny__qa-evidence.json	verified-render
243	raikou	base	none	normal	assets/pokemon-animation-cards/johto-qa-c971dfcdbaf0b925/dex-243__form-00__gender-none__palette-normal__idle-8x4.png	assets/pokemon-animation-cards/johto-qa-c971dfcdbaf0b925/dex-243__form-00__gender-none__palette-normal__walk-8x4.png	assets/pokemon-animation-cards/johto-qa-c971dfcdbaf0b925/dex-243__form-00__gender-none__palette-normal__runtime.png	johto-original-trs-v1:pm0243_00:00:none:normal	8	2	8	1.5000001192092896	384	256	5	19	380	238	192.28444444444443	221.57953630594167	215	15	16	985b19e2f650f119a614591d745976e265e84ec06555c53684bf57892d830042	20757b312662428cb0ad1c0254eed6a598910ab9c1240721ab58ea6c367d9f96	3ffb67c09ff2795a0945fe875b15ba9e9c4d86756bd1f16c3ee0009247283c7b	assets/pokemon-animation-cards/johto-qa-c971dfcdbaf0b925/dex-243__form-00__gender-none__palette-normal__qa-evidence.json	verified-render
243	raikou	base	none	shiny	assets/pokemon-animation-cards/johto-qa-c971dfcdbaf0b925/dex-243__form-00__gender-none__palette-shiny__idle-8x4.png	assets/pokemon-animation-cards/johto-qa-c971dfcdbaf0b925/dex-243__form-00__gender-none__palette-shiny__walk-8x4.png	assets/pokemon-animation-cards/johto-qa-c971dfcdbaf0b925/dex-243__form-00__gender-none__palette-shiny__runtime.png	johto-original-trs-v1:pm0243_00:00:none:shiny	8	2	8	1.5000001192092896	384	256	5	19	380	238	192.28444444444443	221.57953630594167	215	15	16	216cf2a57d0448fcfdddffdf4873a1ab4d9bab1cea553a407dea7cb99568d771	2f5d140de98c27a540ab0c11a7acd71e1cbc9bc94f420b8fd31857f496e16555	d9f44a231e065ec09059097d5f84e3ade8fe6a52b3deda62b6bf86deea73dfb3	assets/pokemon-animation-cards/johto-qa-c971dfcdbaf0b925/dex-243__form-00__gender-none__palette-shiny__qa-evidence.json	verified-render
244	entei	base	none	normal	assets/pokemon-animation-cards/johto-qa-c971dfcdbaf0b925/dex-244__form-00__gender-none__palette-normal__idle-8x4.png	assets/pokemon-animation-cards/johto-qa-c971dfcdbaf0b925/dex-244__form-00__gender-none__palette-normal__walk-8x4.png	assets/pokemon-animation-cards/johto-qa-c971dfcdbaf0b925/dex-244__form-00__gender-none__palette-normal__runtime.png	johto-original-trs-v1:pm0244_00:00:none:normal	8	2.6666667461395264	8	1.3333333730697632	384	256	4	43	379	213	191.71555555555554	201.06471818544162	168	15	16	9b194c6e74d3d696dc220f62c0d54fba7c08f73363cdd86d23351c5ebd494282	03d79154bac03b11d52c067fcbc62f13d6929cdc93f71208c2d85d8c21f3fd6c	c71440df5d2f52a820a1471a1041e03ea9bea55e79f77bd6a16d44b3b2eab551	assets/pokemon-animation-cards/johto-qa-c971dfcdbaf0b925/dex-244__form-00__gender-none__palette-normal__qa-evidence.json	verified-render
244	entei	base	none	shiny	assets/pokemon-animation-cards/johto-qa-c971dfcdbaf0b925/dex-244__form-00__gender-none__palette-shiny__idle-8x4.png	assets/pokemon-animation-cards/johto-qa-c971dfcdbaf0b925/dex-244__form-00__gender-none__palette-shiny__walk-8x4.png	assets/pokemon-animation-cards/johto-qa-c971dfcdbaf0b925/dex-244__form-00__gender-none__palette-shiny__runtime.png	johto-original-trs-v1:pm0244_00:00:none:shiny	8	2.6666667461395264	8	1.3333333730697632	384	256	4	43	379	213	191.71555555555554	201.06471818544162	168	15	16	9bdde0a31616ae959e1f1bb4d24eaaa393bc1912076639f676ddb926ebf316cc	053569ae3d91df3e36b6fb8bb9935573a28a1b1dbb3ae32f9af63cfc7b270b9e	31e4b3a28380d61579116db2f5e09f96ad3c4166717b3def7ab4f295a39cffd2	assets/pokemon-animation-cards/johto-qa-c971dfcdbaf0b925/dex-244__form-00__gender-none__palette-shiny__qa-evidence.json	verified-render
245	suicune	base	none	normal	assets/pokemon-animation-cards/johto-qa-c971dfcdbaf0b925/dex-245__form-00__gender-none__palette-normal__idle-8x4.png	assets/pokemon-animation-cards/johto-qa-c971dfcdbaf0b925/dex-245__form-00__gender-none__palette-normal__walk-8x4.png	assets/pokemon-animation-cards/johto-qa-c971dfcdbaf0b925/dex-245__form-00__gender-none__palette-normal__runtime.png	johto-original-trs-v1:pm0245_00:00:none:normal	8	2	8	1.5000001192092896	384	256	15	6	369	252	192	235.20892918309823	222.54196418295328	15	16	9805ca4d288db796bef97e3d08c65699399f19f5b207a160b161b76d0216deeb	a7943ebaf3446cc48b187b33cdd237064685661de88a28c66217bcb22f4ab51c	30230f6693ba5cf34b1b05773aba2d00e43558001db5c4de4886f3a9a2022abd	assets/pokemon-animation-cards/johto-qa-c971dfcdbaf0b925/dex-245__form-00__gender-none__palette-normal__qa-evidence.json	verified-render
245	suicune	base	none	shiny	assets/pokemon-animation-cards/johto-qa-c971dfcdbaf0b925/dex-245__form-00__gender-none__palette-shiny__idle-8x4.png	assets/pokemon-animation-cards/johto-qa-c971dfcdbaf0b925/dex-245__form-00__gender-none__palette-shiny__walk-8x4.png	assets/pokemon-animation-cards/johto-qa-c971dfcdbaf0b925/dex-245__form-00__gender-none__palette-shiny__runtime.png	johto-original-trs-v1:pm0245_00:00:none:shiny	8	2	8	1.5000001192092896	384	256	15	6	369	252	192	235.20892918309823	222.54196418295328	15	16	19157f98b7816496c3edc169fb2a8533467c1d1e91c8f76ee96c48c03b77d8d8	e0302d042e9db29885089c1e87ba0efda5fbe1dbc1569909d6d36411ce68ee5e	6da0fbc073252e4bbb3740a7ab4ccee23c40461dca7e16a6663249ba14053168	assets/pokemon-animation-cards/johto-qa-c971dfcdbaf0b925/dex-245__form-00__gender-none__palette-shiny__qa-evidence.json	verified-render
246	larvitar	base	none	normal	assets/pokemon-animation-cards/johto-qa-c971dfcdbaf0b925/dex-246__form-00__gender-none__palette-normal__idle-8x4.png	assets/pokemon-animation-cards/johto-qa-c971dfcdbaf0b925/dex-246__form-00__gender-none__palette-normal__walk-8x4.png	assets/pokemon-animation-cards/johto-qa-c971dfcdbaf0b925/dex-246__form-00__gender-none__palette-normal__runtime.png	johto-original-trs-v1:pm0246_00:00:none:normal	8	1.1666667461395264	8	1.2000000476837158	256	256	27	2	229	254	128.19783616692425	239.26405338438047	243	12	16	88edd88c7e6f8af8e53299da2b5ac777f5d33504d4ebe6d117572e1a2f570891	ee7b711905d8bd96fd51ca3b78524d226d3f8387f5c8c38607f0898841cdd885	d76c1fd727477f6e4e8cc47699aebd4e83a7fd6c58d9bf2ce8533bd8355b29a7	assets/pokemon-animation-cards/johto-qa-c971dfcdbaf0b925/dex-246__form-00__gender-none__palette-normal__qa-evidence.json	verified-render
246	larvitar	base	none	shiny	assets/pokemon-animation-cards/johto-qa-c971dfcdbaf0b925/dex-246__form-00__gender-none__palette-shiny__idle-8x4.png	assets/pokemon-animation-cards/johto-qa-c971dfcdbaf0b925/dex-246__form-00__gender-none__palette-shiny__walk-8x4.png	assets/pokemon-animation-cards/johto-qa-c971dfcdbaf0b925/dex-246__form-00__gender-none__palette-shiny__runtime.png	johto-original-trs-v1:pm0246_00:00:none:shiny	8	1.1666667461395264	8	1.2000000476837158	256	256	27	2	229	254	128.19783616692425	239.26405338438047	243	12	16	0dc8abde30f5ed9ec15a5cf8a6593fe87abd09613d8addb6aa32f98f684bb27a	e0be1fda2dfc30dd913d1830b7cd0cf3800434b0eefb7f18f482b65c617e7b18	a470c7c15f3ad628fca8ed685a6d6f5bc6f1955ef152ccf1dce7ac22b54ea21f	assets/pokemon-animation-cards/johto-qa-c971dfcdbaf0b925/dex-246__form-00__gender-none__palette-shiny__qa-evidence.json	verified-render
247	pupitar	base	none	normal	assets/pokemon-animation-cards/johto-qa-c971dfcdbaf0b925/dex-247__form-00__gender-none__palette-normal__idle-8x4.png	assets/pokemon-animation-cards/johto-qa-c971dfcdbaf0b925/dex-247__form-00__gender-none__palette-normal__walk-8x4.png	assets/pokemon-animation-cards/johto-qa-c971dfcdbaf0b925/dex-247__form-00__gender-none__palette-normal__runtime.png	johto-original-trs-v1:pm0247_00:00:none:normal	8	2.3333334922790527	8	0.5	256	256	34	2	223	254	128.20094191522765	245.96500222535724	223	13	16	bcc3a0d2a693d66ec81e6bde66e12a15000337161e1c5eec5ea1575393782573	72a7bd0018ba0c6534dd955c786997ddcf08171a0e0b4850b94d74564227a063	27cba2a0ac9b11cdccffdc7beb36545c89276be4d1ea5691ada86f406b78e413	assets/pokemon-animation-cards/johto-qa-c971dfcdbaf0b925/dex-247__form-00__gender-none__palette-normal__qa-evidence.json	verified-render
247	pupitar	base	none	shiny	assets/pokemon-animation-cards/johto-qa-c971dfcdbaf0b925/dex-247__form-00__gender-none__palette-shiny__idle-8x4.png	assets/pokemon-animation-cards/johto-qa-c971dfcdbaf0b925/dex-247__form-00__gender-none__palette-shiny__walk-8x4.png	assets/pokemon-animation-cards/johto-qa-c971dfcdbaf0b925/dex-247__form-00__gender-none__palette-shiny__runtime.png	johto-original-trs-v1:pm0247_00:00:none:shiny	8	2.3333334922790527	8	0.5	256	256	34	2	223	254	128.20094191522765	245.96500222535724	223	13	16	28cdebebff1be0f28fd29754453308d00d7128bd60e5b4c5ddd463497ff7fb74	4551c0f07947a858afad87a8c57a319b2ef388ea1a3090fa96f0e3633b843f3f	0ce1663ae4e352b9d099045b075c626148821bb7d9e1ebacb8f5bb1e91ad5b10	assets/pokemon-animation-cards/johto-qa-c971dfcdbaf0b925/dex-247__form-00__gender-none__palette-shiny__qa-evidence.json	verified-render
248	tyranitar	base	none	normal	assets/pokemon-animation-cards/johto-qa-c971dfcdbaf0b925/dex-248__form-00__gender-none__palette-normal__idle-8x4.png	assets/pokemon-animation-cards/johto-qa-c971dfcdbaf0b925/dex-248__form-00__gender-none__palette-normal__walk-8x4.png	assets/pokemon-animation-cards/johto-qa-c971dfcdbaf0b925/dex-248__form-00__gender-none__palette-normal__runtime.png	johto-original-trs-v1:pm0248_00:00:none:normal	8	2	8	2	384	256	12	4	372	252	192.27234042553192	232.2710652610873	233	15	16	aa56b3c76d43f6431cfee4364d8da75bfcd105c833a264a1add80b41683c0ea9	3d706f8c1367ecafc5c3102cd23866cdd2d38d436f6bb6c9fb28ab00e30f6d52	23d19b1c979ccc2728f60c811ea5fa207a39185e353ed287d8577636723d7e1d	assets/pokemon-animation-cards/johto-qa-c971dfcdbaf0b925/dex-248__form-00__gender-none__palette-normal__qa-evidence.json	verified-render
248	tyranitar	base	none	shiny	assets/pokemon-animation-cards/johto-qa-c971dfcdbaf0b925/dex-248__form-00__gender-none__palette-shiny__idle-8x4.png	assets/pokemon-animation-cards/johto-qa-c971dfcdbaf0b925/dex-248__form-00__gender-none__palette-shiny__walk-8x4.png	assets/pokemon-animation-cards/johto-qa-c971dfcdbaf0b925/dex-248__form-00__gender-none__palette-shiny__runtime.png	johto-original-trs-v1:pm0248_00:00:none:shiny	8	2	8	2	384	256	12	4	372	252	192.27234042553192	232.2710652610873	233	15	16	e25f5136aa22dc340141bba41eb940352541d33989c77952fb6c172d8d36563e	209bc9827991f649149ab29a2568d9a6b5f9c30a9bc86571f1027e3d56da643c	873d82de786ff5015a78f1b02e2466ec6ec90db2d4e71852628dda90b1824018	assets/pokemon-animation-cards/johto-qa-c971dfcdbaf0b925/dex-248__form-00__gender-none__palette-shiny__qa-evidence.json	verified-render
249	lugia	base	none	normal	assets/pokemon-animation-cards/johto-qa-c971dfcdbaf0b925/dex-249__form-00__gender-none__palette-normal__idle-8x4.png	assets/pokemon-animation-cards/johto-qa-c971dfcdbaf0b925/dex-249__form-00__gender-none__palette-normal__walk-8x4.png	assets/pokemon-animation-cards/johto-qa-c971dfcdbaf0b925/dex-249__form-00__gender-none__palette-normal__runtime.png	johto-original-trs-v1:pm0249_00:00:none:normal	8	2.3333334922790527	8	1	384	256	15	4	369	252	192.2677824267782	249.11999500852642	184.76723229577246	15	10	64f759981eaa9d97afdd32d45692c5cf3191396dfa3aa7d6d62ec2e9869a6862	ba0e8dd3c4c6aa4d92da211151c7b947dfd5c89b602e604b9e676342b6062683	be9011efd6514d036f0296f961f5c268517fafc530b4f70682239f9b77da2f82	assets/pokemon-animation-cards/johto-qa-c971dfcdbaf0b925/dex-249__form-00__gender-none__palette-normal__qa-evidence.json	verified-render
249	lugia	base	none	shiny	assets/pokemon-animation-cards/johto-qa-c971dfcdbaf0b925/dex-249__form-00__gender-none__palette-shiny__idle-8x4.png	assets/pokemon-animation-cards/johto-qa-c971dfcdbaf0b925/dex-249__form-00__gender-none__palette-shiny__walk-8x4.png	assets/pokemon-animation-cards/johto-qa-c971dfcdbaf0b925/dex-249__form-00__gender-none__palette-shiny__runtime.png	johto-original-trs-v1:pm0249_00:00:none:shiny	8	2.3333334922790527	8	1	384	256	15	4	369	252	192.2677824267782	249.11999500852642	184.76723229577246	15	10	ad7361decfe8c22db9b69c36249d9da6a02c507b342ff2ebac8f6276b123435f	33df2eba43a95e2993c06c9911daf60555051e01e4f798203204792283e46de1	939131478484fff6412ab79d0819aa1a8dfb03f774217f1d38172aa6cf04a084	assets/pokemon-animation-cards/johto-qa-c971dfcdbaf0b925/dex-249__form-00__gender-none__palette-shiny__qa-evidence.json	verified-render
250	hooh	base	none	normal	assets/pokemon-animation-cards/johto-qa-c971dfcdbaf0b925/dex-250__form-00__gender-none__palette-normal__idle-8x4.png	assets/pokemon-animation-cards/johto-qa-c971dfcdbaf0b925/dex-250__form-00__gender-none__palette-normal__walk-8x4.png	assets/pokemon-animation-cards/johto-qa-c971dfcdbaf0b925/dex-250__form-00__gender-none__palette-normal__runtime.png	johto-original-trs-v1:pm0250_00:00:none:normal	8	2	8	1.3333333730697632	256	256	6	2	251	253	128.20094191522765	247.10557634568994	106.99187362175621	14	16	c1e614da39e6befea641743b89800aee650fc0dd57731fb3ecf8c7b4471895e3	297a94cec66d593986f89b1a9722e5b6c9b4a36d41bc59340827f3b652d07202	7d23780a81036107cc10736a5d480f6f4026c1af04b3a4b428f26076da92417b	assets/pokemon-animation-cards/johto-qa-c971dfcdbaf0b925/dex-250__form-00__gender-none__palette-normal__qa-evidence.json	verified-render
250	hooh	base	none	shiny	assets/pokemon-animation-cards/johto-qa-c971dfcdbaf0b925/dex-250__form-00__gender-none__palette-shiny__idle-8x4.png	assets/pokemon-animation-cards/johto-qa-c971dfcdbaf0b925/dex-250__form-00__gender-none__palette-shiny__walk-8x4.png	assets/pokemon-animation-cards/johto-qa-c971dfcdbaf0b925/dex-250__form-00__gender-none__palette-shiny__runtime.png	johto-original-trs-v1:pm0250_00:00:none:shiny	8	2	8	1.3333333730697632	256	256	6	2	251	253	128.20094191522765	247.10557634568994	106.99187362175621	14	16	9bd7ee60d6235988e41fd9991580890d90b493594859a85dffdcb567630ef90c	0865920f42821d3b3218f730a9618ac1a5cac5eae4032abc77ba90a6af15efd0	f0a293374edf23f31b9a787cf362bbba2729f787bdbc5bd55c175af81acf395f	assets/pokemon-animation-cards/johto-qa-c971dfcdbaf0b925/dex-250__form-00__gender-none__palette-shiny__qa-evidence.json	verified-render
251	celebi	base	none	normal	assets/pokemon-animation-cards/johto-qa-c971dfcdbaf0b925/dex-251__form-00__gender-none__palette-normal__idle-8x4.png	assets/pokemon-animation-cards/johto-qa-c971dfcdbaf0b925/dex-251__form-00__gender-none__palette-normal__walk-8x4.png	assets/pokemon-animation-cards/johto-qa-c971dfcdbaf0b925/dex-251__form-00__gender-none__palette-normal__runtime.png	johto-original-trs-v1:pm0251_00:00:none:normal	8	2.5333335399627686	8	0.9333333969116211	256	256	32	3	224	254	128.2015748031496	345.1737030784249	136.0809876037483	15	16	e7d61c0a60569e5a76930c1cca9c42127dd88af53be4a0dae81a0da214401d34	9c71444815571495ae4710764ab321d7257e859429b935639ab49c5bf5e5e357	f9f3f6980d870b6c880e56f1ea07730a1b86e5f18c59e8c78421014e41582bf2	assets/pokemon-animation-cards/johto-qa-c971dfcdbaf0b925/dex-251__form-00__gender-none__palette-normal__qa-evidence.json	verified-render
251	celebi	base	none	shiny	assets/pokemon-animation-cards/johto-qa-c971dfcdbaf0b925/dex-251__form-00__gender-none__palette-shiny__idle-8x4.png	assets/pokemon-animation-cards/johto-qa-c971dfcdbaf0b925/dex-251__form-00__gender-none__palette-shiny__walk-8x4.png	assets/pokemon-animation-cards/johto-qa-c971dfcdbaf0b925/dex-251__form-00__gender-none__palette-shiny__runtime.png	johto-original-trs-v1:pm0251_00:00:none:shiny	8	2.5333335399627686	8	0.9333333969116211	256	256	32	3	224	254	128.2015748031496	345.1737030784249	136.0809876037483	15	16	f9fda95e7d64e607ceddde71075598e1f03c8d95d3c096b6769f66ceca065121	da7f8beb5f62fcbc9d5d96cbaead010e367ee31ba31a8d4e7e9d08832a0a83e7	361e7d7635b03232f8fa6f6d070d42f2d9a14f984fe111ebd9a89da04c51faad	assets/pokemon-animation-cards/johto-qa-c971dfcdbaf0b925/dex-251__form-00__gender-none__palette-shiny__qa-evidence.json	verified-render
252	treecko	base	none	normal	assets/pokemon-animation-cards/hoenn-qa-f82782e362a59862/dex-252__form-00__gender-none__palette-normal__idle-8x4.png	assets/pokemon-animation-cards/hoenn-qa-f82782e362a59862/dex-252__form-00__gender-none__palette-normal__walk-8x4.png	assets/pokemon-animation-cards/hoenn-qa-f82782e362a59862/dex-252__form-00__gender-none__palette-normal__runtime.png	hoenn-original-trs-v1:pm0252_00:00:none:normal	8	1.3333333730697632	8	0.8000000715255737	256	256	2	17	254	239	128	228.040674119735	218	13	16	a01886e746cfdbf0e34cdc7d25ef860929c139c1f52eab6fd0a6bfea80f3165c	4512899a6da9950ac2f95af7c97262540c2eed1f14517664e7c16e16a6339a01	1786cd39dce23f6befcef6f7281fcdcc350831a6162f0b6120bde0f33cab2672	assets/pokemon-animation-cards/hoenn-qa-f82782e362a59862/dex-252__form-00__gender-none__palette-normal__qa-evidence.json	verified-render
252	treecko	base	none	shiny	assets/pokemon-animation-cards/hoenn-qa-f82782e362a59862/dex-252__form-00__gender-none__palette-shiny__idle-8x4.png	assets/pokemon-animation-cards/hoenn-qa-f82782e362a59862/dex-252__form-00__gender-none__palette-shiny__walk-8x4.png	assets/pokemon-animation-cards/hoenn-qa-f82782e362a59862/dex-252__form-00__gender-none__palette-shiny__runtime.png	hoenn-original-trs-v1:pm0252_00:00:none:shiny	8	1.3333333730697632	8	0.8000000715255737	256	256	2	17	254	239	128	228.040674119735	218	13	16	08d9cba6f4b8a428943af66ed4c410734cb8b72c4ae8ae064c158fd676f945f2	b7e53f63470706bc8064e7cd34ff2cc73c738aabb2158424f0288034c06fa266	3c6d1659997c4e70171e0af7a4dbf5625b6c7becde21f4dd1df63e135dd1de19	assets/pokemon-animation-cards/hoenn-qa-f82782e362a59862/dex-252__form-00__gender-none__palette-shiny__qa-evidence.json	verified-render
253	grovyle	base	none	normal	assets/pokemon-animation-cards/hoenn-qa-f82782e362a59862/dex-253__form-00__gender-none__palette-normal__idle-8x4.png	assets/pokemon-animation-cards/hoenn-qa-f82782e362a59862/dex-253__form-00__gender-none__palette-normal__walk-8x4.png	assets/pokemon-animation-cards/hoenn-qa-f82782e362a59862/dex-253__form-00__gender-none__palette-normal__runtime.png	hoenn-original-trs-v1:pm0253_00:00:none:normal	8	1.6666667461395264	8	1.3333333730697632	256	256	2	30	254	226	128.19019316493313	214.8787489637045	193	15	16	54a36e0612fd33fad47379a117f988a71696129007ea2a6f480fd48bb30b0b22	07bfd19b9230a749ec23d103edb2e23b47dc98fb86076255820d4fdb3e9da2e3	9ee96107f056bf689c723f272ad8e9bf1e5233f4af12cc6c46c7ccb8bde18ec4	assets/pokemon-animation-cards/hoenn-qa-f82782e362a59862/dex-253__form-00__gender-none__palette-normal__qa-evidence.json	verified-render
253	grovyle	base	none	shiny	assets/pokemon-animation-cards/hoenn-qa-f82782e362a59862/dex-253__form-00__gender-none__palette-shiny__idle-8x4.png	assets/pokemon-animation-cards/hoenn-qa-f82782e362a59862/dex-253__form-00__gender-none__palette-shiny__walk-8x4.png	assets/pokemon-animation-cards/hoenn-qa-f82782e362a59862/dex-253__form-00__gender-none__palette-shiny__runtime.png	hoenn-original-trs-v1:pm0253_00:00:none:shiny	8	1.6666667461395264	8	1.3333333730697632	256	256	2	30	254	226	128.19019316493313	214.8787489637045	193	15	16	f63f7636fb0ab20c9d7bb086558105992a1426aaf174e75a4c14cec0bb1a4720	0ec1f637197373891d47c6907c512221dd9eaeed488a8fd7c2157d2ca8c1a170	a0e522cc1ce7d06bf279dd1a707b6ca960e45b8f30d353418bde5393d4cc546a	assets/pokemon-animation-cards/hoenn-qa-f82782e362a59862/dex-253__form-00__gender-none__palette-shiny__qa-evidence.json	verified-render
254	sceptile	base	none	normal	assets/pokemon-animation-cards/hoenn-qa-f82782e362a59862/dex-254__form-00__gender-none__palette-normal__idle-8x4.png	assets/pokemon-animation-cards/hoenn-qa-f82782e362a59862/dex-254__form-00__gender-none__palette-normal__walk-8x4.png	assets/pokemon-animation-cards/hoenn-qa-f82782e362a59862/dex-254__form-00__gender-none__palette-normal__runtime.png	hoenn-original-trs-v1:pm0254_00:00:none:normal	8	1.6666667461395264	8	1.133333444595337	384	256	8	5	376	252	192.00000000000003	235.9299113329866	212	15	16	b404e080f00c4162c1fc2e3837c15b47d32bbc2cc0f92439f5d76a37cc4d4da0	3662647ecb3b85d3781c5ba0aefa5874a694d185a5c4b0b8b324e483f09bdae5	5f7040979b4cfd02b7d6d60d5da6686027b87257ba302ca0a96fa0e20fd62e9b	assets/pokemon-animation-cards/hoenn-qa-f82782e362a59862/dex-254__form-00__gender-none__palette-normal__qa-evidence.json	verified-render
254	sceptile	base	none	shiny	assets/pokemon-animation-cards/hoenn-qa-f82782e362a59862/dex-254__form-00__gender-none__palette-shiny__idle-8x4.png	assets/pokemon-animation-cards/hoenn-qa-f82782e362a59862/dex-254__form-00__gender-none__palette-shiny__walk-8x4.png	assets/pokemon-animation-cards/hoenn-qa-f82782e362a59862/dex-254__form-00__gender-none__palette-shiny__runtime.png	hoenn-original-trs-v1:pm0254_00:00:none:shiny	8	1.6666667461395264	8	1.133333444595337	384	256	8	5	376	252	192.00000000000003	235.9299113329866	212	15	16	55d451603fc84935ef6d9462542f8496790baa8a4916c2c08a48c9a10949415e	ef9cd97a82372b80e89e7c947f165c32f94eabbdd349ec172403da3cd31f0224	8d5a5516021cece2d23d43cbbf21587dc61caeefda8f9c6a31f3e675d8b4ac9f	assets/pokemon-animation-cards/hoenn-qa-f82782e362a59862/dex-254__form-00__gender-none__palette-shiny__qa-evidence.json	verified-render
255	torchic	base	male	normal	assets/pokemon-animation-cards/hoenn-qa-f82782e362a59862/dex-255__form-00__gender-male__palette-normal__idle-8x4.png	assets/pokemon-animation-cards/hoenn-qa-f82782e362a59862/dex-255__form-00__gender-male__palette-normal__walk-8x4.png	assets/pokemon-animation-cards/hoenn-qa-f82782e362a59862/dex-255__form-00__gender-male__palette-normal__runtime.png	hoenn-original-trs-v1:pm0255_00:00:male:normal	8	2.133333444595337	8	0.8000000715255737	256	256	41	3	216	254	128.1996879875195	243.7293526400578	248	9	16	e30e540c914fc4c828821eeb7ef513add896cf572df2dbdaf3a609eb304692e6	21f474c41afcf88eea7caeb133e627d31acdf3285570a96315181cad2b263b72	be8e5fc5c133d7e97e7d714faeb37d35aadeb5f4a83a1041268c35268a08e27a	assets/pokemon-animation-cards/hoenn-qa-f82782e362a59862/dex-255__form-00__gender-male__palette-normal__qa-evidence.json	verified-render
255	torchic	base	male	shiny	assets/pokemon-animation-cards/hoenn-qa-f82782e362a59862/dex-255__form-00__gender-male__palette-shiny__idle-8x4.png	assets/pokemon-animation-cards/hoenn-qa-f82782e362a59862/dex-255__form-00__gender-male__palette-shiny__walk-8x4.png	assets/pokemon-animation-cards/hoenn-qa-f82782e362a59862/dex-255__form-00__gender-male__palette-shiny__runtime.png	hoenn-original-trs-v1:pm0255_00:00:male:shiny	8	2.133333444595337	8	0.8000000715255737	256	256	41	3	216	254	128.1996879875195	243.7293526400578	248	9	16	9310bc71ba3393d36c73168d4f7d6a07c23e71c7a71cdbe2ebfeff0afed89aac	dec751d8e3230530cb8eb836a960768818d62fcddd7a5ff45795425132cd598c	a4f5b85d9010e7da22249d37d5e2dd665cfa42375b752dbc7eea9d438f31cc0c	assets/pokemon-animation-cards/hoenn-qa-f82782e362a59862/dex-255__form-00__gender-male__palette-shiny__qa-evidence.json	verified-render
256	combusken	base	male	normal	assets/pokemon-animation-cards/hoenn-qa-f82782e362a59862/dex-256__form-00__gender-male__palette-normal__idle-8x4.png	assets/pokemon-animation-cards/hoenn-qa-f82782e362a59862/dex-256__form-00__gender-male__palette-normal__walk-8x4.png	assets/pokemon-animation-cards/hoenn-qa-f82782e362a59862/dex-256__form-00__gender-male__palette-normal__runtime.png	hoenn-original-trs-v1:pm0256_00:00:male:normal	8	0.9333333969116211	8	1	256	256	32	2	224	254	128.2015748031496	240.68361520185573	247	12	16	f98af5ba34dc1fe6a7c03b54fa8210ead3208e489b9b6788397fe864a008eb40	056494dcfb192dbcfe40cf4e7b5a9450b7f6265e9db8c6d24e9866eb4c27fd04	afb7de54e09bf2d077822f07910897939f2d2935e18cdd414ad845315d5db0b9	assets/pokemon-animation-cards/hoenn-qa-f82782e362a59862/dex-256__form-00__gender-male__palette-normal__qa-evidence.json	verified-render
256	combusken	base	male	shiny	assets/pokemon-animation-cards/hoenn-qa-f82782e362a59862/dex-256__form-00__gender-male__palette-shiny__idle-8x4.png	assets/pokemon-animation-cards/hoenn-qa-f82782e362a59862/dex-256__form-00__gender-male__palette-shiny__walk-8x4.png	assets/pokemon-animation-cards/hoenn-qa-f82782e362a59862/dex-256__form-00__gender-male__palette-shiny__runtime.png	hoenn-original-trs-v1:pm0256_00:00:male:shiny	8	0.9333333969116211	8	1	256	256	32	2	224	254	128.2015748031496	240.68361520185573	247	12	16	6f3c6bb9e8f7f068fd3d643a9476de0b58193eed05f23b9fd257fd2329a5068a	8e5e64ffe4e36c9af3291580167219dae0c3f37a59755e0a2e5594b96587eeb4	0a5170e3e98abc976094ef84b73fa15b199fd7770d182a72a0439329a58edc4d	assets/pokemon-animation-cards/hoenn-qa-f82782e362a59862/dex-256__form-00__gender-male__palette-shiny__qa-evidence.json	verified-render
257	blaziken	base	male	normal	assets/pokemon-animation-cards/hoenn-qa-f82782e362a59862/dex-257__form-00__gender-male__palette-normal__idle-8x4.png	assets/pokemon-animation-cards/hoenn-qa-f82782e362a59862/dex-257__form-00__gender-male__palette-normal__walk-8x4.png	assets/pokemon-animation-cards/hoenn-qa-f82782e362a59862/dex-257__form-00__gender-male__palette-normal__runtime.png	hoenn-original-trs-v1:pm0257_00:00:male:normal	8	1.6000001430511475	8	1	256	256	35	2	221	253	128	243.4692602987394	233	11	16	cc8ec900c0d186ac45580ca926afb81f5506b167411e2a9e27b95868f8c4baab	ee3410c892503fccaa0176e33a9158c12d146fcc6d6c6b5f3d3345169d004472	19f0aea62599a5dd329fd1772871ecb4fd3f12d56d9cab0bb46e3b90cad265e0	assets/pokemon-animation-cards/hoenn-qa-f82782e362a59862/dex-257__form-00__gender-male__palette-normal__qa-evidence.json	verified-render
257	blaziken	base	male	shiny	assets/pokemon-animation-cards/hoenn-qa-f82782e362a59862/dex-257__form-00__gender-male__palette-shiny__idle-8x4.png	assets/pokemon-animation-cards/hoenn-qa-f82782e362a59862/dex-257__form-00__gender-male__palette-shiny__walk-8x4.png	assets/pokemon-animation-cards/hoenn-qa-f82782e362a59862/dex-257__form-00__gender-male__palette-shiny__runtime.png	hoenn-original-trs-v1:pm0257_00:00:male:shiny	8	1.6000001430511475	8	1	256	256	35	2	221	253	128	243.4692602987394	233	11	16	ab1f61d12e1fa43a4fda34a709a60fc84cecc513afdc6ce613a8e9b47c132a7d	0cf1e69a17f0dc553b893d11c5da4651828cae614e58375956dffc311d5d52cc	7ee27334b58dfcf3d3b9979674a218236eb4574b29e20ceb662c72dac3afb3f0	assets/pokemon-animation-cards/hoenn-qa-f82782e362a59862/dex-257__form-00__gender-male__palette-shiny__qa-evidence.json	verified-render
258	mudkip	base	none	normal	assets/pokemon-animation-cards/hoenn-qa-f82782e362a59862/dex-258__form-00__gender-none__palette-normal__idle-8x4.png	assets/pokemon-animation-cards/hoenn-qa-f82782e362a59862/dex-258__form-00__gender-none__palette-normal__walk-8x4.png	assets/pokemon-animation-cards/hoenn-qa-f82782e362a59862/dex-258__form-00__gender-none__palette-normal__runtime.png	hoenn-original-trs-v1:pm0258_00:00:none:normal	8	1.7000000476837158	8	0.6333333849906921	256	256	2	20	254	236	128	223.83447396882517	214	15	16	67a6a44a64c9cb86dd179a7f0fc2c87ea69b9f1564aa9279deffd44698df275e	ce81b9364f106ab22b3f1c17e49862ce09b9eae4e4b2b329db010262f5452757	fa79b98f0d84840827ea94c2d5dd7dd8ace98fc1fa4851cc4530d47f19572590	assets/pokemon-animation-cards/hoenn-qa-f82782e362a59862/dex-258__form-00__gender-none__palette-normal__qa-evidence.json	verified-render
258	mudkip	base	none	shiny	assets/pokemon-animation-cards/hoenn-qa-f82782e362a59862/dex-258__form-00__gender-none__palette-shiny__idle-8x4.png	assets/pokemon-animation-cards/hoenn-qa-f82782e362a59862/dex-258__form-00__gender-none__palette-shiny__walk-8x4.png	assets/pokemon-animation-cards/hoenn-qa-f82782e362a59862/dex-258__form-00__gender-none__palette-shiny__runtime.png	hoenn-original-trs-v1:pm0258_00:00:none:shiny	8	1.7000000476837158	8	0.6333333849906921	256	256	2	20	254	236	128	223.83447396882517	214	15	16	8f5529fc9f348bbe086f93017079c474e21a92705d2ad3bc38fe57a3df154b94	9ad02aba19183e4e8ce2c35a878eca3e7abe083dbc4d5905ca7335d692c4632a	725a3a37158089a4627e17a8692d1f9ec4c258ff85807952da5c9cb08a6c3697	assets/pokemon-animation-cards/hoenn-qa-f82782e362a59862/dex-258__form-00__gender-none__palette-shiny__qa-evidence.json	verified-render
259	marshtomp	base	none	normal	assets/pokemon-animation-cards/hoenn-qa-f82782e362a59862/dex-259__form-00__gender-none__palette-normal__idle-8x4.png	assets/pokemon-animation-cards/hoenn-qa-f82782e362a59862/dex-259__form-00__gender-none__palette-normal__walk-8x4.png	assets/pokemon-animation-cards/hoenn-qa-f82782e362a59862/dex-259__form-00__gender-none__palette-normal__runtime.png	hoenn-original-trs-v1:pm0259_00:00:none:normal	8	1.7333334684371948	8	1.100000023841858	256	256	28	4	228	253	128	242.56706001504077	243	12	16	f430709fee7c4c9de5bde2cd80d8246401b8c9bae0b28e15b4f70fa8ec73d7ce	9dd5e4a918473e193a4dec152191d86c53565b86ccb4c9ccfea0b0ab6d794e7a	98cf0339e1db9124b7f9a3820ccc3f0c03cd639f13cc0539e598425f90419324	assets/pokemon-animation-cards/hoenn-qa-f82782e362a59862/dex-259__form-00__gender-none__palette-normal__qa-evidence.json	verified-render
259	marshtomp	base	none	shiny	assets/pokemon-animation-cards/hoenn-qa-f82782e362a59862/dex-259__form-00__gender-none__palette-shiny__idle-8x4.png	assets/pokemon-animation-cards/hoenn-qa-f82782e362a59862/dex-259__form-00__gender-none__palette-shiny__walk-8x4.png	assets/pokemon-animation-cards/hoenn-qa-f82782e362a59862/dex-259__form-00__gender-none__palette-shiny__runtime.png	hoenn-original-trs-v1:pm0259_00:00:none:shiny	8	1.7333334684371948	8	1.100000023841858	256	256	28	4	228	253	128	242.56706001504077	243	12	16	c1b275c2db4285082a5e74d612475d7fce971c5519a3b85260359f8b243a2661	2c8c8fc950c478c6f87880520611eab5f75bb777348c9e8ae388f000fac00ad5	78bf638992797af7adfe029e7d40a976b07213697fc5e13c9cd53415e996ad82	assets/pokemon-animation-cards/hoenn-qa-f82782e362a59862/dex-259__form-00__gender-none__palette-shiny__qa-evidence.json	verified-render
260	swampert	base	none	normal	assets/pokemon-animation-cards/hoenn-qa-f82782e362a59862/dex-260__form-00__gender-none__palette-normal__idle-8x4.png	assets/pokemon-animation-cards/hoenn-qa-f82782e362a59862/dex-260__form-00__gender-none__palette-normal__walk-8x4.png	assets/pokemon-animation-cards/hoenn-qa-f82782e362a59862/dex-260__form-00__gender-none__palette-normal__runtime.png	hoenn-original-trs-v1:pm0260_00:00:none:normal	8	2	8	1.2333333492279053	256	256	2	17	254	239	128	224.45961803882722	190	15	16	ba30e2e8696caf1f9a2c1b73b8f9739b21c55e5a61f2a218b061d46a7eebbdfa	5e6973c4b4228ad6f324dd3da6976e3e0042f57609e4ef688e1a77249bf8f630	9fb08509b649cc5d7a2fa9c6794414146a928c81e465b0d041cc61f6f6cc5cf5	assets/pokemon-animation-cards/hoenn-qa-f82782e362a59862/dex-260__form-00__gender-none__palette-normal__qa-evidence.json	verified-render
260	swampert	base	none	shiny	assets/pokemon-animation-cards/hoenn-qa-f82782e362a59862/dex-260__form-00__gender-none__palette-shiny__idle-8x4.png	assets/pokemon-animation-cards/hoenn-qa-f82782e362a59862/dex-260__form-00__gender-none__palette-shiny__walk-8x4.png	assets/pokemon-animation-cards/hoenn-qa-f82782e362a59862/dex-260__form-00__gender-none__palette-shiny__runtime.png	hoenn-original-trs-v1:pm0260_00:00:none:shiny	8	2	8	1.2333333492279053	256	256	2	17	254	239	128	224.45961803882722	190	15	16	e457bc2c6a268e943347ef4880d10597baf923f9c7a46179f9c3900d92959cb4	b1ca282369bb36dce26d50702352bc03a0545c5df624c78c353bcce0735c1283	4274050a84d406a1479a2f21ef0eaa000ee02fee4d4966bf0d84bd73de12afd9	assets/pokemon-animation-cards/hoenn-qa-f82782e362a59862/dex-260__form-00__gender-none__palette-shiny__qa-evidence.json	verified-render
261	poochyena	base	none	normal	assets/pokemon-animation-cards/hoenn-qa-f82782e362a59862/dex-261__form-00__gender-none__palette-normal__idle-8x4.png	assets/pokemon-animation-cards/hoenn-qa-f82782e362a59862/dex-261__form-00__gender-none__palette-normal__walk-8x4.png	assets/pokemon-animation-cards/hoenn-qa-f82782e362a59862/dex-261__form-00__gender-none__palette-normal__runtime.png	hoenn-original-trs-v1:pm0261_00:00:none:normal	8	1.1666667461395264	8	1	384	256	5	9	380	247	192.28444444444443	224.073761676887	231	15	16	481feb225eee28aa6d4bfe1f96f079b26f5634bad5173e3c505d39bd7b23d07d	9fdce5d3effddcc06f04dfa699d8959a3d43ec0fab3c6742ceeda9de27e8833f	9608a3b72fcaf35c43078ee4e7deddf11ea2fc25e85cf16afc6e1283501e08ab	assets/pokemon-animation-cards/hoenn-qa-f82782e362a59862/dex-261__form-00__gender-none__palette-normal__qa-evidence.json	verified-render
261	poochyena	base	none	shiny	assets/pokemon-animation-cards/hoenn-qa-f82782e362a59862/dex-261__form-00__gender-none__palette-shiny__idle-8x4.png	assets/pokemon-animation-cards/hoenn-qa-f82782e362a59862/dex-261__form-00__gender-none__palette-shiny__walk-8x4.png	assets/pokemon-animation-cards/hoenn-qa-f82782e362a59862/dex-261__form-00__gender-none__palette-shiny__runtime.png	hoenn-original-trs-v1:pm0261_00:00:none:shiny	8	1.1666667461395264	8	1	384	256	5	9	380	247	192.28444444444443	224.073761676887	231	15	16	4e9c7050bf4d20d276eaa91db26e94f761c3321f425651b3fb5710c83ed7258d	4726498e4aed953a3e9f0bb7d2b5830a3db41916ac8ca1095af2eef6e370a24e	6bf97e61bb9a69080c2ef4e97ffc39063ac999f63e1b8b07b83e0caf4e00c320	assets/pokemon-animation-cards/hoenn-qa-f82782e362a59862/dex-261__form-00__gender-none__palette-shiny__qa-evidence.json	verified-render
262	mightyena	base	none	normal	assets/pokemon-animation-cards/hoenn-qa-f82782e362a59862/dex-262__form-00__gender-none__palette-normal__idle-8x4.png	assets/pokemon-animation-cards/hoenn-qa-f82782e362a59862/dex-262__form-00__gender-none__palette-normal__walk-8x4.png	assets/pokemon-animation-cards/hoenn-qa-f82782e362a59862/dex-262__form-00__gender-none__palette-normal__runtime.png	hoenn-original-trs-v1:pm0262_00:00:none:normal	8	1.6666667461395264	8	1	384	256	5	22	380	234	192.28444444444443	220.7766501749556	208	15	16	d9857d3bca657b0e53a61c22f82d2e5beb6615cce4aadd72bac069ae4ebe5d86	3484e3fb2859bf00f2b624d1314956fe0bdf042876a7e5afa3a9029d70b8cd4f	81061c4c327088d2dd9d7a893d1c80aff1dd394397e079624a2a95644ef40c43	assets/pokemon-animation-cards/hoenn-qa-f82782e362a59862/dex-262__form-00__gender-none__palette-normal__qa-evidence.json	verified-render
262	mightyena	base	none	shiny	assets/pokemon-animation-cards/hoenn-qa-f82782e362a59862/dex-262__form-00__gender-none__palette-shiny__idle-8x4.png	assets/pokemon-animation-cards/hoenn-qa-f82782e362a59862/dex-262__form-00__gender-none__palette-shiny__walk-8x4.png	assets/pokemon-animation-cards/hoenn-qa-f82782e362a59862/dex-262__form-00__gender-none__palette-shiny__runtime.png	hoenn-original-trs-v1:pm0262_00:00:none:shiny	8	1.6666667461395264	8	1	384	256	5	22	380	234	192.28444444444443	220.7766501749556	208	15	16	50b0f1af2238905414f5f07e537ad5bbdc7adc472850e32fe3562372928c8dc2	40cd11abb9c814a758e758651727d9c0f8080c0d9ac411b4b2800ba350c7ddb6	20b7b2df6acc52bababf37ab551285dc8b62fdcc4b4bc727b67f6d83a0c11a21	assets/pokemon-animation-cards/hoenn-qa-f82782e362a59862/dex-262__form-00__gender-none__palette-shiny__qa-evidence.json	verified-render
263	zigzagoon	base	none	normal	assets/pokemon-animation-cards/hoenn-qa-f82782e362a59862/dex-263__form-00__gender-none__palette-normal__idle-8x4.png	assets/pokemon-animation-cards/hoenn-qa-f82782e362a59862/dex-263__form-00__gender-none__palette-normal__walk-8x4.png	assets/pokemon-animation-cards/hoenn-qa-f82782e362a59862/dex-263__form-00__gender-none__palette-normal__runtime.png	hoenn-original-trs-v1:pm0263_00:00:none:normal	8	1.6000001430511475	8	0.6000000238418579	384	256	5	18	378	239	192.28444444444443	223.575600942137	209	15	16	a2606a3297671af68eb43c41ae3ba4169e2d4f789558943832ed378735c57bc1	ea79a7fd7a678f7295d0212e5600a0985be52637b500ad3be200fd2ce3f5ca9e	9d0808bb8b9ade835b3434322007e202817dc8092747c2172a48bb1db885d603	assets/pokemon-animation-cards/hoenn-qa-f82782e362a59862/dex-263__form-00__gender-none__palette-normal__qa-evidence.json	verified-render
263	zigzagoon	base	none	shiny	assets/pokemon-animation-cards/hoenn-qa-f82782e362a59862/dex-263__form-00__gender-none__palette-shiny__idle-8x4.png	assets/pokemon-animation-cards/hoenn-qa-f82782e362a59862/dex-263__form-00__gender-none__palette-shiny__walk-8x4.png	assets/pokemon-animation-cards/hoenn-qa-f82782e362a59862/dex-263__form-00__gender-none__palette-shiny__runtime.png	hoenn-original-trs-v1:pm0263_00:00:none:shiny	8	1.6000001430511475	8	0.6000000238418579	384	256	5	18	378	239	192.28444444444443	223.575600942137	209	15	16	212a7f6676d35028ac52f35e795cb113358575c90efc72725cc17f4d9dcc94a7	37ca08f8482d5c6f799b2f93e2b64d764de9fb1f718c084ba5779a64b9eec9fd	d26fe1f18ff920c1ffccca808fc1b288180321156a910b58aab3c135ed1ec1c8	assets/pokemon-animation-cards/hoenn-qa-f82782e362a59862/dex-263__form-00__gender-none__palette-shiny__qa-evidence.json	verified-render
264	linoone	base	none	normal	assets/pokemon-animation-cards/hoenn-qa-f82782e362a59862/dex-264__form-00__gender-none__palette-normal__idle-8x4.png	assets/pokemon-animation-cards/hoenn-qa-f82782e362a59862/dex-264__form-00__gender-none__palette-normal__walk-8x4.png	assets/pokemon-animation-cards/hoenn-qa-f82782e362a59862/dex-264__form-00__gender-none__palette-normal__runtime.png	hoenn-original-trs-v1:pm0264_00:00:none:normal	8	1.6666667461395264	8	0.8333333730697632	384	256	5	66	379	190	192.28444444444443	168.52701822138914	118	15	16	4cd74d15a78b06db12dea0c07c7b8bf0098d5b083c6c0c5d005f5369fcb9a572	ca6467c4632207e1fda104cffa6c096b149f7ddeb05b39e59db70214eae87327	f1c31aa60a044065a799fdc3b822003dda3a404e637f7ec7facbe45888f4f809	assets/pokemon-animation-cards/hoenn-qa-f82782e362a59862/dex-264__form-00__gender-none__palette-normal__qa-evidence.json	verified-render
264	linoone	base	none	shiny	assets/pokemon-animation-cards/hoenn-qa-f82782e362a59862/dex-264__form-00__gender-none__palette-shiny__idle-8x4.png	assets/pokemon-animation-cards/hoenn-qa-f82782e362a59862/dex-264__form-00__gender-none__palette-shiny__walk-8x4.png	assets/pokemon-animation-cards/hoenn-qa-f82782e362a59862/dex-264__form-00__gender-none__palette-shiny__runtime.png	hoenn-original-trs-v1:pm0264_00:00:none:shiny	8	1.6666667461395264	8	0.8333333730697632	384	256	5	66	379	190	192.28444444444443	168.52701822138914	118	15	16	383970946b0b1e694cbb0531e2ad34fac929bc0ba8a3190e8090e7ae47186bc0	8b13a6fb2cdb90271cb60e1c742c0ea3d6815c683f978e46b9c8f70c10e52ed7	961b7315855be6936fc7f712441d22d92abdcc1e033186653a73d3379b9e793c	assets/pokemon-animation-cards/hoenn-qa-f82782e362a59862/dex-264__form-00__gender-none__palette-shiny__qa-evidence.json	verified-render
265	wurmple	base	none	normal	assets/pokemon-animation-cards/hoenn-qa-f82782e362a59862/dex-265__form-00__gender-none__palette-normal__idle-8x4.png	assets/pokemon-animation-cards/hoenn-qa-f82782e362a59862/dex-265__form-00__gender-none__palette-normal__walk-8x4.png	assets/pokemon-animation-cards/hoenn-qa-f82782e362a59862/dex-265__form-00__gender-none__palette-normal__runtime.png	hoenn-original-trs-v1:pm0265_00:00:none:normal	8	2	8	1	384	256	11	5	373	252	192.00000000000003	233.7715553536301	238	13	16	f3a25ff7d0bbdec323286aeeb4fbd5534168bb972bea75c83f6cb36822ac2aa1	3183f0709a28d60a8ff82faddccb60d18f0b54979039cd986065cd2cb228f2ce	6221181e493627dcf94a1167f2b8acb0d3fecdc6f4cac0aef54ccc98637817af	assets/pokemon-animation-cards/hoenn-qa-f82782e362a59862/dex-265__form-00__gender-none__palette-normal__qa-evidence.json	verified-render
265	wurmple	base	none	shiny	assets/pokemon-animation-cards/hoenn-qa-f82782e362a59862/dex-265__form-00__gender-none__palette-shiny__idle-8x4.png	assets/pokemon-animation-cards/hoenn-qa-f82782e362a59862/dex-265__form-00__gender-none__palette-shiny__walk-8x4.png	assets/pokemon-animation-cards/hoenn-qa-f82782e362a59862/dex-265__form-00__gender-none__palette-shiny__runtime.png	hoenn-original-trs-v1:pm0265_00:00:none:shiny	8	2	8	1	384	256	11	5	373	252	192.00000000000003	233.7715553536301	238	13	16	4ccfe06353e36b2684885915c1c420e685197a1b426c6d283f85b0109f906234	3fe351de369e34b1a784a6b1849faa7d282137ba6c3391b77c6a3ae35e4acded	9dddb12bb94f0215a5be74e5e558d4462a6c5866feb10763db1a4e9654435fe1	assets/pokemon-animation-cards/hoenn-qa-f82782e362a59862/dex-265__form-00__gender-none__palette-shiny__qa-evidence.json	verified-render
266	silcoon	base	none	normal	assets/pokemon-animation-cards/hoenn-qa-f82782e362a59862/dex-266__form-00__gender-none__palette-normal__idle-8x4.png	assets/pokemon-animation-cards/hoenn-qa-f82782e362a59862/dex-266__form-00__gender-none__palette-normal__walk-8x4.png	assets/pokemon-animation-cards/hoenn-qa-f82782e362a59862/dex-266__form-00__gender-none__palette-normal__runtime.png	hoenn-original-trs-v1:pm0266_00:00:none:normal	8	2.6666667461395264	8	1	256	256	2	24	254	233	128	224.01925677205136	94	15	13	f32cbb3b23e433420e1d5483e0ce6822a25505b770fd643fbd4063512ae0c095	887760672a8affae65199db481fe50689f9d0e1deb207ff62c50b2f61714cc75	32c5e9286d415cda3f2a758a744de52903b64cbdf37f8e043703dd8041fb8eb4	assets/pokemon-animation-cards/hoenn-qa-f82782e362a59862/dex-266__form-00__gender-none__palette-normal__qa-evidence.json	verified-render
266	silcoon	base	none	shiny	assets/pokemon-animation-cards/hoenn-qa-f82782e362a59862/dex-266__form-00__gender-none__palette-shiny__idle-8x4.png	assets/pokemon-animation-cards/hoenn-qa-f82782e362a59862/dex-266__form-00__gender-none__palette-shiny__walk-8x4.png	assets/pokemon-animation-cards/hoenn-qa-f82782e362a59862/dex-266__form-00__gender-none__palette-shiny__runtime.png	hoenn-original-trs-v1:pm0266_00:00:none:shiny	8	2.6666667461395264	8	1	256	256	2	24	254	233	128	224.01925677205136	94	15	13	5dd23e2e71ed41559263f4e80c83d01e65d4a44a91c9170efbc00ba9be29eeda	0761c34fb801ccd04fb0b52e934fb8c782416193ff9d486870c35d52fd9e81d9	99307dc23cb6f976e25f058f2865a768e0fcb62d0c10ddda4080e08948e95c79	assets/pokemon-animation-cards/hoenn-qa-f82782e362a59862/dex-266__form-00__gender-none__palette-shiny__qa-evidence.json	verified-render
267	beautifly	base	male	normal	assets/pokemon-animation-cards/hoenn-qa-f82782e362a59862/dex-267__form-00__gender-male__palette-normal__idle-8x4.png	assets/pokemon-animation-cards/hoenn-qa-f82782e362a59862/dex-267__form-00__gender-male__palette-normal__walk-8x4.png	assets/pokemon-animation-cards/hoenn-qa-f82782e362a59862/dex-267__form-00__gender-male__palette-normal__runtime.png	hoenn-original-trs-v1:pm0267_00:00:male:normal	8	2.6666667461395264	8	2.6666667461395264	256	256	2	3	254	253	128.00000000000003	270.2115311391992	198	15	16	ff07a08aad237b6331237e8aacba9a455c3c72cae72f3c073f4162c733e3dab2	39dae22f2bf35218016bd645e39fce338fd5a41d25a3c9d4c3cd1d9049f212d1	ddb8a4df3c2146e2496717dcc22b6111f66bf0fd52e4eab30ad9328a9c6467d2	assets/pokemon-animation-cards/hoenn-qa-f82782e362a59862/dex-267__form-00__gender-male__palette-normal__qa-evidence.json	verified-render
267	beautifly	base	male	shiny	assets/pokemon-animation-cards/hoenn-qa-f82782e362a59862/dex-267__form-00__gender-male__palette-shiny__idle-8x4.png	assets/pokemon-animation-cards/hoenn-qa-f82782e362a59862/dex-267__form-00__gender-male__palette-shiny__walk-8x4.png	assets/pokemon-animation-cards/hoenn-qa-f82782e362a59862/dex-267__form-00__gender-male__palette-shiny__runtime.png	hoenn-original-trs-v1:pm0267_00:00:male:shiny	8	2.6666667461395264	8	2.6666667461395264	256	256	2	3	254	253	128.00000000000003	270.2115311391992	198	15	16	c04782135b60bee9758431c2115baeb1e49cba979668d01a2c5c264643ee1a5e	e3b23d3881cb1b0a83a235e3fad58609cef8215c3dc3a37dc7ee21e3f8d9677b	a683e399ded9cca04906487ff92ee2e6333c58af9468ff71ec78e03a9b1b7835	assets/pokemon-animation-cards/hoenn-qa-f82782e362a59862/dex-267__form-00__gender-male__palette-shiny__qa-evidence.json	verified-render
268	cascoon	base	none	normal	assets/pokemon-animation-cards/hoenn-qa-f82782e362a59862/dex-268__form-00__gender-none__palette-normal__idle-8x4.png	assets/pokemon-animation-cards/hoenn-qa-f82782e362a59862/dex-268__form-00__gender-none__palette-normal__walk-8x4.png	assets/pokemon-animation-cards/hoenn-qa-f82782e362a59862/dex-268__form-00__gender-none__palette-normal__runtime.png	hoenn-original-trs-v1:pm0268_00:00:none:normal	8	2.3333334922790527	8	1	256	256	11	3	246	254	128.2061191626409	246.50167027105053	123	15	13	d8163799f55778f9018e2d0262d53d473367515b3d5fa323ec0c00118752fa9d	e6cdb5b30f64e124fd595479c8d4345b18d1d77ba3422f2dbf4ad964dc328e46	1240118bb98b916d52a89d6028df56343bf95dafbb5aa75d029dcf7a3dd9e9ab	assets/pokemon-animation-cards/hoenn-qa-f82782e362a59862/dex-268__form-00__gender-none__palette-normal__qa-evidence.json	verified-render
268	cascoon	base	none	shiny	assets/pokemon-animation-cards/hoenn-qa-f82782e362a59862/dex-268__form-00__gender-none__palette-shiny__idle-8x4.png	assets/pokemon-animation-cards/hoenn-qa-f82782e362a59862/dex-268__form-00__gender-none__palette-shiny__walk-8x4.png	assets/pokemon-animation-cards/hoenn-qa-f82782e362a59862/dex-268__form-00__gender-none__palette-shiny__runtime.png	hoenn-original-trs-v1:pm0268_00:00:none:shiny	8	2.3333334922790527	8	1	256	256	11	3	246	254	128.2061191626409	246.50167027105053	123	15	13	b2723a6dc517d99f3d28714e9da600140278c83dc2e55ba1edac2dd376cea3d1	ab70db1ee2c1657837165ef7e0b8720286f42ced7654b87729ce7b6da98c88e9	681c7a3cb476123535b991de14817eb2bcfebf77e36bc8c6b5b9eb85af79fd73	assets/pokemon-animation-cards/hoenn-qa-f82782e362a59862/dex-268__form-00__gender-none__palette-shiny__qa-evidence.json	verified-render
269	dustox	base	male	normal	assets/pokemon-animation-cards/hoenn-qa-f82782e362a59862/dex-269__form-00__gender-male__palette-normal__idle-8x4.png	assets/pokemon-animation-cards/hoenn-qa-f82782e362a59862/dex-269__form-00__gender-male__palette-normal__walk-8x4.png	assets/pokemon-animation-cards/hoenn-qa-f82782e362a59862/dex-269__form-00__gender-male__palette-normal__runtime.png	hoenn-original-trs-v1:pm0269_00:00:male:normal	8	1.4666666984558105	8	1.4666666984558105	256	256	2	23	254	233	128	259.2976992883649	168	15	13	e658aeae0773c5d2f555d258742547564fcc164df9f6ae8bed3637dacf44976e	cea5419ec8c7a0978b81a5c84d91035455f342cca12b907294eff84cb8ce55e1	92b6b3916bf9719a7e8217acf519177510f21b700940fb3e65db0415630291fc	assets/pokemon-animation-cards/hoenn-qa-f82782e362a59862/dex-269__form-00__gender-male__palette-normal__qa-evidence.json	verified-render
269	dustox	base	male	shiny	assets/pokemon-animation-cards/hoenn-qa-f82782e362a59862/dex-269__form-00__gender-male__palette-shiny__idle-8x4.png	assets/pokemon-animation-cards/hoenn-qa-f82782e362a59862/dex-269__form-00__gender-male__palette-shiny__walk-8x4.png	assets/pokemon-animation-cards/hoenn-qa-f82782e362a59862/dex-269__form-00__gender-male__palette-shiny__runtime.png	hoenn-original-trs-v1:pm0269_00:00:male:shiny	8	1.4666666984558105	8	1.4666666984558105	256	256	2	23	254	233	128	259.2976992883649	168	15	13	13a69d72e15058779c9607d40bc4c53dd73be4b957a84c8e489789e1f7b34ac6	15cef685afaad2ce33ed0f098e591c16079c2985cf6d7ae283ff1b96cd1b88ef	13354135411c1b1460c780f746b326c89203332f0ecdb4cbb335b137ad89c20b	assets/pokemon-animation-cards/hoenn-qa-f82782e362a59862/dex-269__form-00__gender-male__palette-shiny__qa-evidence.json	verified-render
270	lotad	base	none	normal	assets/pokemon-animation-cards/hoenn-qa-f82782e362a59862/dex-270__form-00__gender-none__palette-normal__idle-8x4.png	assets/pokemon-animation-cards/hoenn-qa-f82782e362a59862/dex-270__form-00__gender-none__palette-normal__walk-8x4.png	assets/pokemon-animation-cards/hoenn-qa-f82782e362a59862/dex-270__form-00__gender-none__palette-normal__runtime.png	hoenn-original-trs-v1:pm0270_00:00:none:normal	8	0.6666666865348816	8	1	384	256	5	20	379	236	192	220.22395040413016	209	15	9	9ac7f5048ad93a1f084eb6bc8511fb567e0d8684f99b0e75b8b5e53487ad0497	ba4188819bae4d92aaf232e158ce7e9d96f58b64837e26d405ec750c025e100f	e6436a1c357412547b9a3d4cb4718bfa37d284a9f877482cf99293240d1a0036	assets/pokemon-animation-cards/hoenn-qa-f82782e362a59862/dex-270__form-00__gender-none__palette-normal__qa-evidence.json	verified-render
270	lotad	base	none	shiny	assets/pokemon-animation-cards/hoenn-qa-f82782e362a59862/dex-270__form-00__gender-none__palette-shiny__idle-8x4.png	assets/pokemon-animation-cards/hoenn-qa-f82782e362a59862/dex-270__form-00__gender-none__palette-shiny__walk-8x4.png	assets/pokemon-animation-cards/hoenn-qa-f82782e362a59862/dex-270__form-00__gender-none__palette-shiny__runtime.png	hoenn-original-trs-v1:pm0270_00:00:none:shiny	8	0.6666666865348816	8	1	384	256	5	20	379	236	192	220.22395040413016	209	15	9	aa71e8282d05545de0902fc22af3adb1824cbdcbbcbf1609753ac9e56a333049	ea575f198c4a6d62b3819ff7e029fcf0b2b5cd963ad050f230b7313dafcff555	18c9b0b9637b3a2b7e4ae25743ecf062c906b55d7464b9db24e194fb259850bf	assets/pokemon-animation-cards/hoenn-qa-f82782e362a59862/dex-270__form-00__gender-none__palette-shiny__qa-evidence.json	verified-render
271	lombre	base	none	normal	assets/pokemon-animation-cards/hoenn-qa-f82782e362a59862/dex-271__form-00__gender-none__palette-normal__idle-8x4.png	assets/pokemon-animation-cards/hoenn-qa-f82782e362a59862/dex-271__form-00__gender-none__palette-normal__walk-8x4.png	assets/pokemon-animation-cards/hoenn-qa-f82782e362a59862/dex-271__form-00__gender-none__palette-normal__runtime.png	hoenn-original-trs-v1:pm0271_00:00:none:normal	8	2	8	1	256	256	2	5	254	251	128	235.15673219215924	240	15	16	9833a9025efa2282ffaa5763dbbd16b4ad7e60690e3d1bee00634dae26fe0ca5	19533a1e0e71ed9b6b73140657b0ff7166e9c2b7362983d0460b10f2e4be5232	333df98f6c9081240dc54e407807507434b879c0261c218edc8435e47b991be6	assets/pokemon-animation-cards/hoenn-qa-f82782e362a59862/dex-271__form-00__gender-none__palette-normal__qa-evidence.json	verified-render
271	lombre	base	none	shiny	assets/pokemon-animation-cards/hoenn-qa-f82782e362a59862/dex-271__form-00__gender-none__palette-shiny__idle-8x4.png	assets/pokemon-animation-cards/hoenn-qa-f82782e362a59862/dex-271__form-00__gender-none__palette-shiny__walk-8x4.png	assets/pokemon-animation-cards/hoenn-qa-f82782e362a59862/dex-271__form-00__gender-none__palette-shiny__runtime.png	hoenn-original-trs-v1:pm0271_00:00:none:shiny	8	2	8	1	256	256	2	5	254	251	128	235.15673219215924	240	15	16	feb7a91c4742b3df21607f6510f6916a37fc758261f9ed2cadaa27bff6f1f962	148d63698256987125330b8c16c726a7fd8f5843216c71fa4fc3efdb7f770433	bd4c412071c44991b90f53c2406c26c48041ccb563eacdba2db0fd19a9a3a0ce	assets/pokemon-animation-cards/hoenn-qa-f82782e362a59862/dex-271__form-00__gender-none__palette-shiny__qa-evidence.json	verified-render
272	ludicolo	base	male	normal	assets/pokemon-animation-cards/hoenn-qa-f82782e362a59862/dex-272__form-00__gender-male__palette-normal__idle-8x4.png	assets/pokemon-animation-cards/hoenn-qa-f82782e362a59862/dex-272__form-00__gender-male__palette-normal__walk-8x4.png	assets/pokemon-animation-cards/hoenn-qa-f82782e362a59862/dex-272__form-00__gender-male__palette-normal__runtime.png	hoenn-original-trs-v1:pm0272_00:00:male:normal	8	2	8	1.4000000953674316	256	256	2	28	254	229	128	218.8823956280955	192	15	16	ed4b248d2a83f3c0f5942fe4e876a707bd47905a6b7addad5fc6c20ef0280f77	4b600a0a888a57d9a8292fc222df6e6c5a1dc66e3d32a5e367e07c6cbe4da049	3bbee405fac9e6e10690694744fa335c356a48709558e8522132eef210b7d6ed	assets/pokemon-animation-cards/hoenn-qa-f82782e362a59862/dex-272__form-00__gender-male__palette-normal__qa-evidence.json	verified-render
272	ludicolo	base	male	shiny	assets/pokemon-animation-cards/hoenn-qa-f82782e362a59862/dex-272__form-00__gender-male__palette-shiny__idle-8x4.png	assets/pokemon-animation-cards/hoenn-qa-f82782e362a59862/dex-272__form-00__gender-male__palette-shiny__walk-8x4.png	assets/pokemon-animation-cards/hoenn-qa-f82782e362a59862/dex-272__form-00__gender-male__palette-shiny__runtime.png	hoenn-original-trs-v1:pm0272_00:00:male:shiny	8	2	8	1.4000000953674316	256	256	2	28	254	229	128	218.8823956280955	192	15	16	c84ec3cdbcff948b52cc9684ff1ddfa5e29b9a2bef37fe1929b086e253971c79	fe3d8ce07db2faa5a97ccbacc1c62b78c5adb362a0e276ed4605d05169e23e4c	01c81c583504af2b2c21ab914ab2ba4ec5089916ef182710567d6af2e59593b0	assets/pokemon-animation-cards/hoenn-qa-f82782e362a59862/dex-272__form-00__gender-male__palette-shiny__qa-evidence.json	verified-render
273	seedot	base	none	normal	assets/pokemon-animation-cards/hoenn-qa-f82782e362a59862/dex-273__form-00__gender-none__palette-normal__idle-8x4.png	assets/pokemon-animation-cards/hoenn-qa-f82782e362a59862/dex-273__form-00__gender-none__palette-normal__walk-8x4.png	assets/pokemon-animation-cards/hoenn-qa-f82782e362a59862/dex-273__form-00__gender-none__palette-normal__runtime.png	hoenn-original-trs-v1:pm0273_00:00:none:normal	8	1	8	0.8333333730697632	256	256	25	2	231	254	128.20221169036336	243.34679872243314	249	12	16	f0e4cd510b87125dce7a0e08cd69dfcb3679fa3d18181fc986e1d9961e1aac08	f992a9826fb8fde5136c80e3e20f6f537e09cf3b1cc1fca5e8560ec52126f65e	6aa22b4d42c1aa1e14a7314d2bda59d27066e188cc7ec970de7bc22dba791337	assets/pokemon-animation-cards/hoenn-qa-f82782e362a59862/dex-273__form-00__gender-none__palette-normal__qa-evidence.json	verified-render
273	seedot	base	none	shiny	assets/pokemon-animation-cards/hoenn-qa-f82782e362a59862/dex-273__form-00__gender-none__palette-shiny__idle-8x4.png	assets/pokemon-animation-cards/hoenn-qa-f82782e362a59862/dex-273__form-00__gender-none__palette-shiny__walk-8x4.png	assets/pokemon-animation-cards/hoenn-qa-f82782e362a59862/dex-273__form-00__gender-none__palette-shiny__runtime.png	hoenn-original-trs-v1:pm0273_00:00:none:shiny	8	1	8	0.8333333730697632	256	256	25	2	231	254	128.20221169036336	243.34679872243314	249	12	16	27bea040dae65b38020505bccb288417bb51cf1339e794f3e66ef8bc05842300	1d357545305725cdbdcacf892d46ae7c62d4540042ce1854eb91c8a9ecd01b52	1838371553b44de70dccc1d56bce1508d5b26eb281d7885e4125763bc3311e57	assets/pokemon-animation-cards/hoenn-qa-f82782e362a59862/dex-273__form-00__gender-none__palette-shiny__qa-evidence.json	verified-render
274	nuzleaf	base	male	normal	assets/pokemon-animation-cards/hoenn-qa-f82782e362a59862/dex-274__form-00__gender-male__palette-normal__idle-8x4.png	assets/pokemon-animation-cards/hoenn-qa-f82782e362a59862/dex-274__form-00__gender-male__palette-normal__walk-8x4.png	assets/pokemon-animation-cards/hoenn-qa-f82782e362a59862/dex-274__form-00__gender-male__palette-normal__runtime.png	hoenn-original-trs-v1:pm0274_00:00:male:normal	8	1	8	1	256	256	3	2	253	254	127.79905808477238	243.2902938828407	245	15	16	c8c67ad0d1b196b875f78fc3a1438ef15c4baeca87686504b343bc88a401494d	207bff5bebfe2b0e3a19558f3fc227b5bf91be34bdb50b38fcfeb2e181bfc96c	ae7928a806c9606f5306b1e1d1d6886d5f7fa088f71378bc403be3762e0cd5e5	assets/pokemon-animation-cards/hoenn-qa-f82782e362a59862/dex-274__form-00__gender-male__palette-normal__qa-evidence.json	verified-render
274	nuzleaf	base	male	shiny	assets/pokemon-animation-cards/hoenn-qa-f82782e362a59862/dex-274__form-00__gender-male__palette-shiny__idle-8x4.png	assets/pokemon-animation-cards/hoenn-qa-f82782e362a59862/dex-274__form-00__gender-male__palette-shiny__walk-8x4.png	assets/pokemon-animation-cards/hoenn-qa-f82782e362a59862/dex-274__form-00__gender-male__palette-shiny__runtime.png	hoenn-original-trs-v1:pm0274_00:00:male:shiny	8	1	8	1	256	256	3	2	253	254	127.79905808477238	243.2902938828407	245	15	16	13f2aee9a8cbfa933107c26e583a5a7aaac700f819a0bdfbb87865f26e9e049b	830a43cb1979e8cfa55b8685ee12512952cd8b95931248418d20cbd2ed720388	3f9027fdc3c8d4b2f9de7529bad2480305d207f9d78fd2422776534451dd0e2d	assets/pokemon-animation-cards/hoenn-qa-f82782e362a59862/dex-274__form-00__gender-male__palette-shiny__qa-evidence.json	verified-render
275	shiftry	base	male	normal	assets/pokemon-animation-cards/hoenn-qa-f82782e362a59862/dex-275__form-00__gender-male__palette-normal__idle-8x4.png	assets/pokemon-animation-cards/hoenn-qa-f82782e362a59862/dex-275__form-00__gender-male__palette-normal__walk-8x4.png	assets/pokemon-animation-cards/hoenn-qa-f82782e362a59862/dex-275__form-00__gender-male__palette-normal__runtime.png	hoenn-original-trs-v1:pm0275_00:00:male:normal	8	1.5000001192092896	8	1.3333333730697632	384	256	5	9	380	247	192.28444444444443	230.31315783566586	225	15	12	98b9b2bc12d4861f25eb0c769129b9d01ceca36041bd2e1f0b24312fc878c628	3ba11d6363a6aa3533a9ff79878f048cd992fe736123b606527edec1bb9f5d69	761c99adea40ae1c8ba50700a48efed578aae75e8de3afc808e825f67d2a9909	assets/pokemon-animation-cards/hoenn-qa-f82782e362a59862/dex-275__form-00__gender-male__palette-normal__qa-evidence.json	verified-render
275	shiftry	base	male	shiny	assets/pokemon-animation-cards/hoenn-qa-f82782e362a59862/dex-275__form-00__gender-male__palette-shiny__idle-8x4.png	assets/pokemon-animation-cards/hoenn-qa-f82782e362a59862/dex-275__form-00__gender-male__palette-shiny__walk-8x4.png	assets/pokemon-animation-cards/hoenn-qa-f82782e362a59862/dex-275__form-00__gender-male__palette-shiny__runtime.png	hoenn-original-trs-v1:pm0275_00:00:male:shiny	8	1.5000001192092896	8	1.3333333730697632	384	256	5	9	380	247	192.28444444444443	230.31315783566586	225	15	12	401800b99cde475e8e69eeb7b8455fa2ebbc4bafaffef78c9025c938899b056b	a6f63ddf60f3bbb52af64f6ce358cd581a71e2b413d5fa96025cb0eb9405d972	9ee8ebd50ed8351f15c260b0f1f35aa7ed5eb441769589011cfd04921c13d35a	assets/pokemon-animation-cards/hoenn-qa-f82782e362a59862/dex-275__form-00__gender-male__palette-shiny__qa-evidence.json	verified-render
276	taillow	base	none	normal	assets/pokemon-animation-cards/hoenn-qa-f82782e362a59862/dex-276__form-00__gender-none__palette-normal__idle-8x4.png	assets/pokemon-animation-cards/hoenn-qa-f82782e362a59862/dex-276__form-00__gender-none__palette-normal__walk-8x4.png	assets/pokemon-animation-cards/hoenn-qa-f82782e362a59862/dex-276__form-00__gender-none__palette-normal__runtime.png	hoenn-original-trs-v1:pm0276_00:00:none:normal	8	1.3333333730697632	8	0.2833333333333333	256	256	13	3	244	254	128	248.20573053784258	67.78996850229112	15	10	3fa3d687ccc6bd34956edab5a9b608c4836a22d5d83214204a190bcb5a6ce9df	35ad87d544647ae1221a6ad47c32da5bf05746a74a3ffe38b70f6fd8f7de78be	04a78f75d14e774de6ad7a5d9c2f3336d390baee38aebe5bb8aa1114125ce166	assets/pokemon-animation-cards/hoenn-qa-f82782e362a59862/dex-276__form-00__gender-none__palette-normal__qa-evidence.json	verified-render
276	taillow	base	none	shiny	assets/pokemon-animation-cards/hoenn-qa-f82782e362a59862/dex-276__form-00__gender-none__palette-shiny__idle-8x4.png	assets/pokemon-animation-cards/hoenn-qa-f82782e362a59862/dex-276__form-00__gender-none__palette-shiny__walk-8x4.png	assets/pokemon-animation-cards/hoenn-qa-f82782e362a59862/dex-276__form-00__gender-none__palette-shiny__runtime.png	hoenn-original-trs-v1:pm0276_00:00:none:shiny	8	1.3333333730697632	8	0.2833333333333333	256	256	13	3	244	254	128	248.20573053784258	67.78996850229112	15	10	33e2e3f0323633171fc43fc67337a2af54a02c1cecadb41ab02b7918483178bf	862a413a30aab1fb88ab8a6c7de331ac46cb35a09726f615d91e44f46ac9c17a	a756fd8b09dd14eb5ac271fd6f1bb9fb5e83e8eff3a1a33de92c51f8e64c58fc	assets/pokemon-animation-cards/hoenn-qa-f82782e362a59862/dex-276__form-00__gender-none__palette-shiny__qa-evidence.json	verified-render
277	swellow	base	none	normal	assets/pokemon-animation-cards/hoenn-qa-f82782e362a59862/dex-277__form-00__gender-none__palette-normal__idle-8x4.png	assets/pokemon-animation-cards/hoenn-qa-f82782e362a59862/dex-277__form-00__gender-none__palette-normal__walk-8x4.png	assets/pokemon-animation-cards/hoenn-qa-f82782e362a59862/dex-277__form-00__gender-none__palette-normal__runtime.png	hoenn-original-trs-v1:pm0277_00:00:none:normal	8	2.1666667461395264	8	2.1666667461395264	256	256	2	27	254	229	128	218.5290874380155	71.20866287341401	15	14	650e48c609b707590e51d7004cdfd7eb92b67899ede1d4d283d3e49883762b25	650e48c609b707590e51d7004cdfd7eb92b67899ede1d4d283d3e49883762b25	7e9c5255186b2c772c60698f98535746f742102dab73c25f7b4f1ee28a089fee	assets/pokemon-animation-cards/hoenn-qa-f82782e362a59862/dex-277__form-00__gender-none__palette-normal__qa-evidence.json	verified-render
277	swellow	base	none	shiny	assets/pokemon-animation-cards/hoenn-qa-f82782e362a59862/dex-277__form-00__gender-none__palette-shiny__idle-8x4.png	assets/pokemon-animation-cards/hoenn-qa-f82782e362a59862/dex-277__form-00__gender-none__palette-shiny__walk-8x4.png	assets/pokemon-animation-cards/hoenn-qa-f82782e362a59862/dex-277__form-00__gender-none__palette-shiny__runtime.png	hoenn-original-trs-v1:pm0277_00:00:none:shiny	8	2.1666667461395264	8	2.1666667461395264	256	256	2	27	254	229	128	218.5290874380155	71.20866287341401	15	14	711e8f3fbf14a38954476fd08cefb31c5eed797ab44f13046243e35042473a18	711e8f3fbf14a38954476fd08cefb31c5eed797ab44f13046243e35042473a18	95b0ba53a3f458255dd51c10ad8a3039b4bd6aeb3353e25ef4e1297f27251c16	assets/pokemon-animation-cards/hoenn-qa-f82782e362a59862/dex-277__form-00__gender-none__palette-shiny__qa-evidence.json	verified-render
278	wingull	base	none	normal	assets/pokemon-animation-cards/hoenn-qa-f82782e362a59862/dex-278__form-00__gender-none__palette-normal__idle-8x4.png	assets/pokemon-animation-cards/hoenn-qa-f82782e362a59862/dex-278__form-00__gender-none__palette-normal__walk-8x4.png	assets/pokemon-animation-cards/hoenn-qa-f82782e362a59862/dex-278__form-00__gender-none__palette-normal__runtime.png	hoenn-original-trs-v1:pm0278_00:00:none:normal	8	2.6666667461395264	8	2.6666667461395264	384	256	5	59	379	197	192	335.07181666934264	51.68046786572349	15	9	6a21f0c5b544b174fff57778de42c53eda6423a8c7af1b0756d93e08a5a00b4f	6a21f0c5b544b174fff57778de42c53eda6423a8c7af1b0756d93e08a5a00b4f	c43159910012d1e4e7b16f29f081b9f5a529a3de6a6ca18a6aa3157520059462	assets/pokemon-animation-cards/hoenn-qa-f82782e362a59862/dex-278__form-00__gender-none__palette-normal__qa-evidence.json	verified-render
278	wingull	base	none	shiny	assets/pokemon-animation-cards/hoenn-qa-f82782e362a59862/dex-278__form-00__gender-none__palette-shiny__idle-8x4.png	assets/pokemon-animation-cards/hoenn-qa-f82782e362a59862/dex-278__form-00__gender-none__palette-shiny__walk-8x4.png	assets/pokemon-animation-cards/hoenn-qa-f82782e362a59862/dex-278__form-00__gender-none__palette-shiny__runtime.png	hoenn-original-trs-v1:pm0278_00:00:none:shiny	8	2.6666667461395264	8	2.6666667461395264	384	256	5	59	379	197	192	335.07181666934264	51.68046786572349	15	9	1444175636fee5560f18558f0eef11689c8c13e81d2b3ffec5a7a3d299672d58	1444175636fee5560f18558f0eef11689c8c13e81d2b3ffec5a7a3d299672d58	806b92b5636097b61af7e3582776a3a5bd2e4eafb335fafaedd5ab63d02d8ca4	assets/pokemon-animation-cards/hoenn-qa-f82782e362a59862/dex-278__form-00__gender-none__palette-shiny__qa-evidence.json	verified-render
279	pelipper	base	none	normal	assets/pokemon-animation-cards/hoenn-qa-f82782e362a59862/dex-279__form-00__gender-none__palette-normal__idle-8x4.png	assets/pokemon-animation-cards/hoenn-qa-f82782e362a59862/dex-279__form-00__gender-none__palette-normal__walk-8x4.png	assets/pokemon-animation-cards/hoenn-qa-f82782e362a59862/dex-279__form-00__gender-none__palette-normal__runtime.png	hoenn-original-trs-v1:pm0279_00:00:none:normal	8	1	8	0.8333333730697632	256	256	3	4	253	252	128	256.71957501610297	140.89566080881704	15	14	de281022600890a74c9b6ef8b7d2c6db8c7f6f0a19d00537a55b671b1808bdc6	a94136f9d6f88ab96c00b1c3de835b1d08cd3e9b4992008564dfa4efbc08cb67	fe568e5f434d9e6769174ba7be19017eeb864e59e354c9c1e5831d687290e9cb	assets/pokemon-animation-cards/hoenn-qa-f82782e362a59862/dex-279__form-00__gender-none__palette-normal__qa-evidence.json	verified-render
279	pelipper	base	none	shiny	assets/pokemon-animation-cards/hoenn-qa-f82782e362a59862/dex-279__form-00__gender-none__palette-shiny__idle-8x4.png	assets/pokemon-animation-cards/hoenn-qa-f82782e362a59862/dex-279__form-00__gender-none__palette-shiny__walk-8x4.png	assets/pokemon-animation-cards/hoenn-qa-f82782e362a59862/dex-279__form-00__gender-none__palette-shiny__runtime.png	hoenn-original-trs-v1:pm0279_00:00:none:shiny	8	1	8	0.8333333730697632	256	256	3	4	253	252	128	256.71957501610297	140.89566080881704	15	14	3a81db351fbd3e9ba12648f004122da8d4565c7b5f3dcd626c86594d4aba26f1	c04643f632ff0f42bb87e96c7772967b3b6a59528e02052017172408c99e2c49	7b6f042418f9cddd0ae2466c5feb7cbc18ea8d28b4edadcac1ddfbb846bdc1d2	assets/pokemon-animation-cards/hoenn-qa-f82782e362a59862/dex-279__form-00__gender-none__palette-shiny__qa-evidence.json	verified-render
280	ralts	base	none	normal	assets/pokemon-animation-cards/hoenn-qa-f82782e362a59862/dex-280__form-00__gender-none__palette-normal__idle-8x4.png	assets/pokemon-animation-cards/hoenn-qa-f82782e362a59862/dex-280__form-00__gender-none__palette-normal__walk-8x4.png	assets/pokemon-animation-cards/hoenn-qa-f82782e362a59862/dex-280__form-00__gender-none__palette-normal__runtime.png	hoenn-original-trs-v1:pm0280_00:00:none:normal	8	2	8	1	256	256	11	2	245	254	128.199066874028	242.76855964795448	250	13	16	e24e3e99d5231888b4622f5a5c807549328db6034aa81d3cbfebf23168b9dc39	cee3b62c881409c2bbffbdf790706a4af73474186b61643e91184a8828d991d2	817fd2f6c3ed0f113d457da2b8e7b2a41d518e0ed305b91f6a491ace17999a8a	assets/pokemon-animation-cards/hoenn-qa-f82782e362a59862/dex-280__form-00__gender-none__palette-normal__qa-evidence.json	verified-render
280	ralts	base	none	shiny	assets/pokemon-animation-cards/hoenn-qa-f82782e362a59862/dex-280__form-00__gender-none__palette-shiny__idle-8x4.png	assets/pokemon-animation-cards/hoenn-qa-f82782e362a59862/dex-280__form-00__gender-none__palette-shiny__walk-8x4.png	assets/pokemon-animation-cards/hoenn-qa-f82782e362a59862/dex-280__form-00__gender-none__palette-shiny__runtime.png	hoenn-original-trs-v1:pm0280_00:00:none:shiny	8	2	8	1	256	256	11	2	245	254	128.199066874028	242.76855964795448	250	13	16	c1c81c2f68bdbd18878f6edf0c7de7565d45f1851d81ad2ed47f0e11ccf1cbf9	4e0c272081fa0ad8ba829572be5c3bce683b4197a660dc43dd964738d470d82e	6c216c500944194b611314b900ac947aaffb8693729fe3430ec2d33bcdefb79e	assets/pokemon-animation-cards/hoenn-qa-f82782e362a59862/dex-280__form-00__gender-none__palette-shiny__qa-evidence.json	verified-render
281	kirlia	base	none	normal	assets/pokemon-animation-cards/hoenn-qa-f82782e362a59862/dex-281__form-00__gender-none__palette-normal__idle-8x4.png	assets/pokemon-animation-cards/hoenn-qa-f82782e362a59862/dex-281__form-00__gender-none__palette-normal__walk-8x4.png	assets/pokemon-animation-cards/hoenn-qa-f82782e362a59862/dex-281__form-00__gender-none__palette-normal__runtime.png	hoenn-original-trs-v1:pm0281_00:00:none:normal	8	1.3000000715255737	8	0.6666666865348816	256	256	49	2	208	254	128.19482496194826	246.98771819410834	246	10	16	3b87e6aba4f3e7dae52cda975d4125be9d4d7c472d2e9b1d4abb3bb562be0f3a	79ca002af4432c6958d8f51aba19279998e77df2eea41baa1ed1f4a28714a3e2	19ab291868200bd7288bcb428f3ecf863cf34d92d5d8b6c5a8ebc6be7da38c18	assets/pokemon-animation-cards/hoenn-qa-f82782e362a59862/dex-281__form-00__gender-none__palette-normal__qa-evidence.json	verified-render
281	kirlia	base	none	shiny	assets/pokemon-animation-cards/hoenn-qa-f82782e362a59862/dex-281__form-00__gender-none__palette-shiny__idle-8x4.png	assets/pokemon-animation-cards/hoenn-qa-f82782e362a59862/dex-281__form-00__gender-none__palette-shiny__walk-8x4.png	assets/pokemon-animation-cards/hoenn-qa-f82782e362a59862/dex-281__form-00__gender-none__palette-shiny__runtime.png	hoenn-original-trs-v1:pm0281_00:00:none:shiny	8	1.3000000715255737	8	0.6666666865348816	256	256	49	2	208	254	128.19482496194826	246.98771819410834	246	10	16	5046a16f9afd6c97f5daf3e6c410fe9309876f3d092d4ce999c64a94bcf1442b	c852ee9e42a73adc47082db4845affcb58e8a844479cd32a89d3f4f91790fe55	e7c18f8f2200aee447bf9cfc1b5d608ffa1b8a2e869a1185bfffbdc966c6b2d7	assets/pokemon-animation-cards/hoenn-qa-f82782e362a59862/dex-281__form-00__gender-none__palette-shiny__qa-evidence.json	verified-render
282	gardevoir	base	none	normal	assets/pokemon-animation-cards/hoenn-qa-f82782e362a59862/dex-282__form-00__gender-none__palette-normal__idle-8x4.png	assets/pokemon-animation-cards/hoenn-qa-f82782e362a59862/dex-282__form-00__gender-none__palette-normal__walk-8x4.png	assets/pokemon-animation-cards/hoenn-qa-f82782e362a59862/dex-282__form-00__gender-none__palette-normal__runtime.png	hoenn-original-trs-v1:pm0282_00:00:none:normal	8	2.066666841506958	8	1.3333333730697632	384	256	24	4	361	252	192.25498007968127	228.75244044005308	247	14	16	e959ac3777c41c94861140504cd9c9e892ead7bdee5fee87099a7af54beb5ff6	4fbf6349a35a1a20beca4f388f1dca26b1db0fcaa690921ca6be2b354dabdecc	f2a8290defcb6ba4314ba9261f13e14063f07f9a0567bb6caa2632cfa4fbc400	assets/pokemon-animation-cards/hoenn-qa-f82782e362a59862/dex-282__form-00__gender-none__palette-normal__qa-evidence.json	verified-render
282	gardevoir	base	none	shiny	assets/pokemon-animation-cards/hoenn-qa-f82782e362a59862/dex-282__form-00__gender-none__palette-shiny__idle-8x4.png	assets/pokemon-animation-cards/hoenn-qa-f82782e362a59862/dex-282__form-00__gender-none__palette-shiny__walk-8x4.png	assets/pokemon-animation-cards/hoenn-qa-f82782e362a59862/dex-282__form-00__gender-none__palette-shiny__runtime.png	hoenn-original-trs-v1:pm0282_00:00:none:shiny	8	2.066666841506958	8	1.3333333730697632	384	256	24	4	361	252	192.25498007968127	228.75244044005308	247	14	16	66b92b8244805fb6ed00eeba42678763dff881ea99afb797903cb9c298730cb5	ac86b8497bc74945935c14d870d7b0dd43270b794b3ae0666bb999f80b3f0bdf	cb0d853e3c14922818a7ba0947695219bac8d016b3b80edb4d360d3d1f55a48c	assets/pokemon-animation-cards/hoenn-qa-f82782e362a59862/dex-282__form-00__gender-none__palette-shiny__qa-evidence.json	verified-render
283	surskit	base	none	normal	assets/pokemon-animation-cards/hoenn-qa-f82782e362a59862/dex-283__form-00__gender-none__palette-normal__idle-8x4.png	assets/pokemon-animation-cards/hoenn-qa-f82782e362a59862/dex-283__form-00__gender-none__palette-normal__walk-8x4.png	assets/pokemon-animation-cards/hoenn-qa-f82782e362a59862/dex-283__form-00__gender-none__palette-normal__runtime.png	hoenn-original-trs-v1:pm0283_00:00:none:normal	8	2.3333334922790527	8	2	384	256	5	16	379	240	192	213.81078119610342	212	15	15	8e319a66ae31f2746b12b279ad2c7de877dbd48b64b5c4f7d0054ec0aac9b854	e8f5b50610304cc6ff14206d2218c1e63aef6a3bd674326e44c1cccaffc456d4	5349e060dac03b35e271245cc6bc0ec37a6727aa6226e50d57a48610a28b879a	assets/pokemon-animation-cards/hoenn-qa-f82782e362a59862/dex-283__form-00__gender-none__palette-normal__qa-evidence.json	verified-render
283	surskit	base	none	shiny	assets/pokemon-animation-cards/hoenn-qa-f82782e362a59862/dex-283__form-00__gender-none__palette-shiny__idle-8x4.png	assets/pokemon-animation-cards/hoenn-qa-f82782e362a59862/dex-283__form-00__gender-none__palette-shiny__walk-8x4.png	assets/pokemon-animation-cards/hoenn-qa-f82782e362a59862/dex-283__form-00__gender-none__palette-shiny__runtime.png	hoenn-original-trs-v1:pm0283_00:00:none:shiny	8	2.3333334922790527	8	2	384	256	5	16	379	240	192	213.81078119610342	212	15	15	d56ec23ed97f64ee0945786e871014b225348aaf8eae7e7a04f3f6ba872b765a	5e6c959cd9a0514c55a6ddae066d700b569e7c1059b5d654ecf1c989a1e7f481	a087a12ca989500e7eb1d4aecff7f6c0e6e0b96118a9ad0e17a19ba125f75678	assets/pokemon-animation-cards/hoenn-qa-f82782e362a59862/dex-283__form-00__gender-none__palette-shiny__qa-evidence.json	verified-render
284	masquerain	base	none	normal	assets/pokemon-animation-cards/hoenn-qa-f82782e362a59862/dex-284__form-00__gender-none__palette-normal__idle-8x4.png	assets/pokemon-animation-cards/hoenn-qa-f82782e362a59862/dex-284__form-00__gender-none__palette-normal__walk-8x4.png	assets/pokemon-animation-cards/hoenn-qa-f82782e362a59862/dex-284__form-00__gender-none__palette-normal__runtime.png	hoenn-original-trs-v1:pm0284_00:00:none:normal	8	2	8	2	256	256	2	25	254	231	128	312.6406809774405	170	15	16	abba220fb103339bf58f2a2f309402b72e8d1100e2f50e722ff490a58c644d74	c124d3da4c7b09d18cd81f53589ac7d9e801f0815c2b3be7f09407555acc6a87	4da57102b7898c21583a50d84cbeb15f85768382c4a9cb5b6d9f0d3a84e7b1fb	assets/pokemon-animation-cards/hoenn-qa-f82782e362a59862/dex-284__form-00__gender-none__palette-normal__qa-evidence.json	verified-render
284	masquerain	base	none	shiny	assets/pokemon-animation-cards/hoenn-qa-f82782e362a59862/dex-284__form-00__gender-none__palette-shiny__idle-8x4.png	assets/pokemon-animation-cards/hoenn-qa-f82782e362a59862/dex-284__form-00__gender-none__palette-shiny__walk-8x4.png	assets/pokemon-animation-cards/hoenn-qa-f82782e362a59862/dex-284__form-00__gender-none__palette-shiny__runtime.png	hoenn-original-trs-v1:pm0284_00:00:none:shiny	8	2	8	2	256	256	2	25	254	231	128	312.6406809774405	170	15	16	b1b37bd8f6dbb28fb10469ead04cf7b4f161ca02a352c2a0919bb021100c4a27	b2191444912257710410b37bd9826129279238a0ad1cb565cfbc17671b44fd43	18ac70b9a9e93abf42fd6324c9ad74e14f489be286327c2522472179a0ac4826	assets/pokemon-animation-cards/hoenn-qa-f82782e362a59862/dex-284__form-00__gender-none__palette-shiny__qa-evidence.json	verified-render
285	shroomish	base	none	normal	assets/pokemon-animation-cards/hoenn-qa-f82782e362a59862/dex-285__form-00__gender-none__palette-normal__idle-8x4.png	assets/pokemon-animation-cards/hoenn-qa-f82782e362a59862/dex-285__form-00__gender-none__palette-normal__walk-8x4.png	assets/pokemon-animation-cards/hoenn-qa-f82782e362a59862/dex-285__form-00__gender-none__palette-normal__runtime.png	hoenn-original-trs-v1:pm0285_00:00:none:normal	8	1.6666667461395264	8	1	384	256	19	4	365	252	192	240.53150751215907	231	15	12	892722b206000a5455e117f45e2891daf8eaa69cf543f7911ba86bba1211637c	c94de1c201eadde61a0aea56860615485632ae6bcc089bf34d18a6c6e1bf571f	618cf016ca478e29e8fedf3696a681068f0c4c4f6109b300de59f8c775df14a9	assets/pokemon-animation-cards/hoenn-qa-f82782e362a59862/dex-285__form-00__gender-none__palette-normal__qa-evidence.json	verified-render
285	shroomish	base	none	shiny	assets/pokemon-animation-cards/hoenn-qa-f82782e362a59862/dex-285__form-00__gender-none__palette-shiny__idle-8x4.png	assets/pokemon-animation-cards/hoenn-qa-f82782e362a59862/dex-285__form-00__gender-none__palette-shiny__walk-8x4.png	assets/pokemon-animation-cards/hoenn-qa-f82782e362a59862/dex-285__form-00__gender-none__palette-shiny__runtime.png	hoenn-original-trs-v1:pm0285_00:00:none:shiny	8	1.6666667461395264	8	1	384	256	19	4	365	252	192	240.53150751215907	231	15	12	91a5e940659667935b0e4dc48fa87f19336d45666c4b3a344db16854f38b9eea	75e26eed973ca8b43972e574eb8c10f5fbcbf7e19a6b6e9b4486f95ead32e30c	7c926cf554516ec79146e8ad12a05a72c0eb52cd9fa63d508987dd487d569544	assets/pokemon-animation-cards/hoenn-qa-f82782e362a59862/dex-285__form-00__gender-none__palette-shiny__qa-evidence.json	verified-render
286	breloom	base	none	normal	assets/pokemon-animation-cards/hoenn-qa-f82782e362a59862/dex-286__form-00__gender-none__palette-normal__idle-8x4.png	assets/pokemon-animation-cards/hoenn-qa-f82782e362a59862/dex-286__form-00__gender-none__palette-normal__walk-8x4.png	assets/pokemon-animation-cards/hoenn-qa-f82782e362a59862/dex-286__form-00__gender-none__palette-normal__runtime.png	hoenn-original-trs-v1:pm0286_00:00:none:normal	8	1.3333333730697632	8	1	384	256	5	31	379	225	192	215.0598816574044	184	15	16	e767a73f0454b45abe2959571174db500414e9ad343d16f0953b362aa0843b8a	43c28ae894d13f8d03cf90878d70a1a2e40cf6a028cca60e48bf03dc25a9e6bf	0a3c12a6a9e32b0c35827ea5f152218fae4df2b06cb31da53dc4b6f5598fbc2e	assets/pokemon-animation-cards/hoenn-qa-f82782e362a59862/dex-286__form-00__gender-none__palette-normal__qa-evidence.json	verified-render
286	breloom	base	none	shiny	assets/pokemon-animation-cards/hoenn-qa-f82782e362a59862/dex-286__form-00__gender-none__palette-shiny__idle-8x4.png	assets/pokemon-animation-cards/hoenn-qa-f82782e362a59862/dex-286__form-00__gender-none__palette-shiny__walk-8x4.png	assets/pokemon-animation-cards/hoenn-qa-f82782e362a59862/dex-286__form-00__gender-none__palette-shiny__runtime.png	hoenn-original-trs-v1:pm0286_00:00:none:shiny	8	1.3333333730697632	8	1	384	256	5	31	379	225	192	215.0598816574044	184	15	16	be0459d80a888a32c93df9b0b3fa68932408b0306fcaa2ccc12db6fac17418c7	ca0b830cd209cea4652b1c3d3b4c46855c1968f0b03c43a48992901c53024434	9710320d2a7c1843f91d9a3962a4a91a7199ef250eef58a9e63eb929441ab978	assets/pokemon-animation-cards/hoenn-qa-f82782e362a59862/dex-286__form-00__gender-none__palette-shiny__qa-evidence.json	verified-render
287	slakoth	base	none	normal	assets/pokemon-animation-cards/hoenn-qa-f82782e362a59862/dex-287__form-00__gender-none__palette-normal__idle-8x4.png	assets/pokemon-animation-cards/hoenn-qa-f82782e362a59862/dex-287__form-00__gender-none__palette-normal__walk-8x4.png	assets/pokemon-animation-cards/hoenn-qa-f82782e362a59862/dex-287__form-00__gender-none__palette-normal__runtime.png	hoenn-original-trs-v1:pm0287_00:00:none:normal	8	2.6666667461395264	8	2	384	256	5	42	379	215	192	188.22409966070165	133	15	9	978b366f78ec4b8bffa6a39cc4324bda815a0f943e38b836b8cd3a057cfd819e	b8d43287012c0d8664fc90a2b9fd3556aabc588d8d009ec832d5b44d0fa26104	351eb2beec1fa1107ca2c5ced2160c972a02105bfebfdef416445ee14d1b09b7	assets/pokemon-animation-cards/hoenn-qa-f82782e362a59862/dex-287__form-00__gender-none__palette-normal__qa-evidence.json	verified-render
287	slakoth	base	none	shiny	assets/pokemon-animation-cards/hoenn-qa-f82782e362a59862/dex-287__form-00__gender-none__palette-shiny__idle-8x4.png	assets/pokemon-animation-cards/hoenn-qa-f82782e362a59862/dex-287__form-00__gender-none__palette-shiny__walk-8x4.png	assets/pokemon-animation-cards/hoenn-qa-f82782e362a59862/dex-287__form-00__gender-none__palette-shiny__runtime.png	hoenn-original-trs-v1:pm0287_00:00:none:shiny	8	2.6666667461395264	8	2	384	256	5	42	379	215	192	188.22409966070165	133	15	9	f94ed6f53fc4ba2018e16fd3398693f7cc2caf27ce3dcddb5fc079ce2ceaddbc	bf41d2e799d7f21a850a06c4ea139fcbd041b42e1779aa92c7f94c1ca0fee7a2	8b3ffa26656317465116e345130d9f87b50f1986e666afe418b1eb5a1fe87927	assets/pokemon-animation-cards/hoenn-qa-f82782e362a59862/dex-287__form-00__gender-none__palette-shiny__qa-evidence.json	verified-render
288	vigoroth	base	none	normal	assets/pokemon-animation-cards/hoenn-qa-f82782e362a59862/dex-288__form-00__gender-none__palette-normal__idle-8x4.png	assets/pokemon-animation-cards/hoenn-qa-f82782e362a59862/dex-288__form-00__gender-none__palette-normal__walk-8x4.png	assets/pokemon-animation-cards/hoenn-qa-f82782e362a59862/dex-288__form-00__gender-none__palette-normal__runtime.png	hoenn-original-trs-v1:pm0288_00:00:none:normal	8	2	8	1	256	256	2	17	254	240	128	224.9727910343017	214	15	16	7f77363012064e915b6c4cff139b52771fabe6d9a0731f4f5aafe6b3b077c11d	3b694183228d706afc96b5606bcd65052d381c709682b8d18878b07fadb20c4a	4252e5573ec73abc5fd51b4c3226b9a8edc587786f9ec0aa9da782362ffef465	assets/pokemon-animation-cards/hoenn-qa-f82782e362a59862/dex-288__form-00__gender-none__palette-normal__qa-evidence.json	verified-render
288	vigoroth	base	none	shiny	assets/pokemon-animation-cards/hoenn-qa-f82782e362a59862/dex-288__form-00__gender-none__palette-shiny__idle-8x4.png	assets/pokemon-animation-cards/hoenn-qa-f82782e362a59862/dex-288__form-00__gender-none__palette-shiny__walk-8x4.png	assets/pokemon-animation-cards/hoenn-qa-f82782e362a59862/dex-288__form-00__gender-none__palette-shiny__runtime.png	hoenn-original-trs-v1:pm0288_00:00:none:shiny	8	2	8	1	256	256	2	17	254	240	128	224.9727910343017	214	15	16	f3df231e9a7ebca68b833a8231e4f1e99703a51606d2223b88494089a4bc6d95	a4e78a6d4d85676dcc5ea754a1591319d0196f72e7de4f8e8b33dd9de453ac33	a41217b89601f3529dfabe0dc247d8df0e172b3881cf9e08ab38a9ef86bdf020	assets/pokemon-animation-cards/hoenn-qa-f82782e362a59862/dex-288__form-00__gender-none__palette-shiny__qa-evidence.json	verified-render
289	slaking	base	none	normal	assets/pokemon-animation-cards/hoenn-qa-f82782e362a59862/dex-289__form-00__gender-none__palette-normal__idle-8x4.png	assets/pokemon-animation-cards/hoenn-qa-f82782e362a59862/dex-289__form-00__gender-none__palette-normal__walk-8x4.png	assets/pokemon-animation-cards/hoenn-qa-f82782e362a59862/dex-289__form-00__gender-none__palette-normal__runtime.png	hoenn-original-trs-v1:pm0289_00:00:none:normal	8	3.000000238418579	8	1	256	256	2	14	254	242	128	224.00739025058073	168	15	15	81a3da083d5ec5ccabda3f7ac22a7550d70924bcf0882cdc0c75a6861fd636e3	f4c820f398bf00cd32b56cb00282a56a4c7bac7d7d5a7ad957d45a8677351d76	8550a210f5f0908bfbaee09b535c97482ab0923bfa88ffaf1fb04f52adf34bea	assets/pokemon-animation-cards/hoenn-qa-f82782e362a59862/dex-289__form-00__gender-none__palette-normal__qa-evidence.json	verified-render
289	slaking	base	none	shiny	assets/pokemon-animation-cards/hoenn-qa-f82782e362a59862/dex-289__form-00__gender-none__palette-shiny__idle-8x4.png	assets/pokemon-animation-cards/hoenn-qa-f82782e362a59862/dex-289__form-00__gender-none__palette-shiny__walk-8x4.png	assets/pokemon-animation-cards/hoenn-qa-f82782e362a59862/dex-289__form-00__gender-none__palette-shiny__runtime.png	hoenn-original-trs-v1:pm0289_00:00:none:shiny	8	3.000000238418579	8	1	256	256	2	14	254	242	128	224.00739025058073	168	15	15	19f4892319e178add6b2a41376404c7e8bcb07729dea4f8baae6f3f0ee9121aa	498762ea85102700730a2246fdbe40a727c5056207bf3b644823a935ea3f7490	b73bfa0e692dda7310f9e4725461997e671fc85d1c6a1aae44f42f7b968b9622	assets/pokemon-animation-cards/hoenn-qa-f82782e362a59862/dex-289__form-00__gender-none__palette-shiny__qa-evidence.json	verified-render
290	nincada	base	none	normal	assets/pokemon-animation-cards/hoenn-qa-f82782e362a59862/dex-290__form-00__gender-none__palette-normal__idle-8x4.png	assets/pokemon-animation-cards/hoenn-qa-f82782e362a59862/dex-290__form-00__gender-none__palette-normal__walk-8x4.png	assets/pokemon-animation-cards/hoenn-qa-f82782e362a59862/dex-290__form-00__gender-none__palette-normal__runtime.png	hoenn-original-trs-v1:pm0290_00:00:none:normal	8	1.3333333730697632	8	0.8000000715255737	384	256	4	46	379	210	191.71555555555554	191.12634485876185	152	15	10	dd12afc57cc48b3311e0e2d94dfdd6919015fa72a7d44f9ac44e0f4ea8b063ea	c5d01fe139f225979058a96fe84274bef42adfaf1ed8d69eaf4f4a5ff8e01af4	fe671d3529be8b2265ac01e195211bcd3299d45bde1c6de8c5a3582c42e036af	assets/pokemon-animation-cards/hoenn-qa-f82782e362a59862/dex-290__form-00__gender-none__palette-normal__qa-evidence.json	verified-render
290	nincada	base	none	shiny	assets/pokemon-animation-cards/hoenn-qa-f82782e362a59862/dex-290__form-00__gender-none__palette-shiny__idle-8x4.png	assets/pokemon-animation-cards/hoenn-qa-f82782e362a59862/dex-290__form-00__gender-none__palette-shiny__walk-8x4.png	assets/pokemon-animation-cards/hoenn-qa-f82782e362a59862/dex-290__form-00__gender-none__palette-shiny__runtime.png	hoenn-original-trs-v1:pm0290_00:00:none:shiny	8	1.3333333730697632	8	0.8000000715255737	384	256	4	46	379	210	191.71555555555554	191.12634485876185	152	15	10	6f2662f864d6e9d2edd3e73d3c08731d438dcb947ba18c8bd52909dc60a5b7e6	67eb1e787cfb758015af3806fa859031557203b7e423b9db877666ee4707f037	00233781958265c33eb25d760c7cfb0c78b4827585a6520a87fdf676ae3e493e	assets/pokemon-animation-cards/hoenn-qa-f82782e362a59862/dex-290__form-00__gender-none__palette-shiny__qa-evidence.json	verified-render
291	ninjask	base	none	normal	assets/pokemon-animation-cards/hoenn-qa-f82782e362a59862/dex-291__form-00__gender-none__palette-normal__idle-8x4.png	assets/pokemon-animation-cards/hoenn-qa-f82782e362a59862/dex-291__form-00__gender-none__palette-normal__walk-8x4.png	assets/pokemon-animation-cards/hoenn-qa-f82782e362a59862/dex-291__form-00__gender-none__palette-normal__runtime.png	hoenn-original-trs-v1:pm0291_00:00:none:normal	8	1.6666667461395264	8	1	256	256	2	34	254	222	127.81037037037038	298.69816360533326	165	15	16	a472f3a575985b2ae6629c2717fa7dcf983c9cdf38fbec978ee4d7b7a276a058	b5b736c8b1702f05611d5279f10c0e5a9b5eb9b26984594847c6627c6fc74f94	29ff26788d83cd5f8c155b8ebe064d919b770d90dfd1f5da8da95728c086515a	assets/pokemon-animation-cards/hoenn-qa-f82782e362a59862/dex-291__form-00__gender-none__palette-normal__qa-evidence.json	verified-render
291	ninjask	base	none	shiny	assets/pokemon-animation-cards/hoenn-qa-f82782e362a59862/dex-291__form-00__gender-none__palette-shiny__idle-8x4.png	assets/pokemon-animation-cards/hoenn-qa-f82782e362a59862/dex-291__form-00__gender-none__palette-shiny__walk-8x4.png	assets/pokemon-animation-cards/hoenn-qa-f82782e362a59862/dex-291__form-00__gender-none__palette-shiny__runtime.png	hoenn-original-trs-v1:pm0291_00:00:none:shiny	8	1.6666667461395264	8	1	256	256	2	34	254	222	127.81037037037038	298.69816360533326	165	15	16	364571a2eb6904cfdd48d4efb8b5e09550af9d3773f72ec5f57ed08ed009c11a	e4a265491ef610ec0b198a3f4b20b49218ed1af441fbce170a9a7a7c81942508	5535cc103b8b6f792f3991f1f52ba066eaae5462c8d4c278ff2e28e129cc2a19	assets/pokemon-animation-cards/hoenn-qa-f82782e362a59862/dex-291__form-00__gender-none__palette-shiny__qa-evidence.json	verified-render
292	shedinja	base	none	normal	assets/pokemon-animation-cards/hoenn-qa-f82782e362a59862/dex-292__form-00__gender-none__palette-normal__idle-8x4.png	assets/pokemon-animation-cards/hoenn-qa-f82782e362a59862/dex-292__form-00__gender-none__palette-normal__walk-8x4.png	assets/pokemon-animation-cards/hoenn-qa-f82782e362a59862/dex-292__form-00__gender-none__palette-normal__runtime.png	hoenn-original-trs-v1:pm0292_00:00:none:normal	8	1.6666667461395264	8	1.6666667461395264	256	256	2	4	254	252	128	341.2078652715692	212	15	16	263474a81649a6afce6aad5dcec47690a818f10b3711c9b0344e03700becc84b	c81ed5fa1f2ecbc25196c07a1ddbc7239e1065837a0c58ee31f8038d845bd4d7	a5456b518991509de9ce311612c8e70d654317e6a92e4bbfa73e1f59456a6feb	assets/pokemon-animation-cards/hoenn-qa-f82782e362a59862/dex-292__form-00__gender-none__palette-normal__qa-evidence.json	verified-render
292	shedinja	base	none	shiny	assets/pokemon-animation-cards/hoenn-qa-f82782e362a59862/dex-292__form-00__gender-none__palette-shiny__idle-8x4.png	assets/pokemon-animation-cards/hoenn-qa-f82782e362a59862/dex-292__form-00__gender-none__palette-shiny__walk-8x4.png	assets/pokemon-animation-cards/hoenn-qa-f82782e362a59862/dex-292__form-00__gender-none__palette-shiny__runtime.png	hoenn-original-trs-v1:pm0292_00:00:none:shiny	8	1.6666667461395264	8	1.6666667461395264	256	256	2	4	254	252	128	341.2078652715692	212	15	16	ca49ac040fc4e528aeb06c6aed6bd75e2eba440d22ede2e4aaae8e5658f7c0fa	7115f840cc6dd3cb4a7f88686c9bda6ff16606c45d4993d1fed86f0c99d6d2d3	032cbdaf10eba682914064d9dbfc76b3e073d63672d952610fabc2194b07e21c	assets/pokemon-animation-cards/hoenn-qa-f82782e362a59862/dex-292__form-00__gender-none__palette-shiny__qa-evidence.json	verified-render
293	whismur	base	none	normal	assets/pokemon-animation-cards/hoenn-qa-f82782e362a59862/dex-293__form-00__gender-none__palette-normal__idle-8x4.png	assets/pokemon-animation-cards/hoenn-qa-f82782e362a59862/dex-293__form-00__gender-none__palette-normal__walk-8x4.png	assets/pokemon-animation-cards/hoenn-qa-f82782e362a59862/dex-293__form-00__gender-none__palette-normal__runtime.png	hoenn-original-trs-v1:pm0293_00:00:none:normal	8	1.6666667461395264	8	1	256	256	2	23	254	233	128	222.60631441429368	200	15	16	bfde990332298be3ede907ae4019745968628158260d38b722bfa3cec604a0cf	fc40bbfc6b4c85a0d103235b6c038b7da0dc9cef35449ed1a88125186e73836e	32ffb94591b2fa7065b5e8bee0efaab428773f2655a67df1074c8a53d762543d	assets/pokemon-animation-cards/hoenn-qa-f82782e362a59862/dex-293__form-00__gender-none__palette-normal__qa-evidence.json	verified-render
293	whismur	base	none	shiny	assets/pokemon-animation-cards/hoenn-qa-f82782e362a59862/dex-293__form-00__gender-none__palette-shiny__idle-8x4.png	assets/pokemon-animation-cards/hoenn-qa-f82782e362a59862/dex-293__form-00__gender-none__palette-shiny__walk-8x4.png	assets/pokemon-animation-cards/hoenn-qa-f82782e362a59862/dex-293__form-00__gender-none__palette-shiny__runtime.png	hoenn-original-trs-v1:pm0293_00:00:none:shiny	8	1.6666667461395264	8	1	256	256	2	23	254	233	128	222.60631441429368	200	15	16	3af8150c7c9adfb7db44787d5ac96a18c53b0390de2f925bbb55bf4e9df556a6	66e13f6cf0aa5af494198815e5612a5ee7b961960c9de7485f0d40dacec7c006	006eba040589f8ffd13acdbc0f2c86cb37b7ae5390a4549c35032c15de260715	assets/pokemon-animation-cards/hoenn-qa-f82782e362a59862/dex-293__form-00__gender-none__palette-shiny__qa-evidence.json	verified-render
294	loudred	base	none	normal	assets/pokemon-animation-cards/hoenn-qa-f82782e362a59862/dex-294__form-00__gender-none__palette-normal__idle-8x4.png	assets/pokemon-animation-cards/hoenn-qa-f82782e362a59862/dex-294__form-00__gender-none__palette-normal__walk-8x4.png	assets/pokemon-animation-cards/hoenn-qa-f82782e362a59862/dex-294__form-00__gender-none__palette-normal__runtime.png	hoenn-original-trs-v1:pm0294_00:00:none:normal	8	1.8666667938232422	8	1.0666667222976685	256	256	2	16	254	240	128	226.20019988655199	209	15	16	7858e2bb0df3591e2590d249b76be5226d408997a1b1bd09b5aae01426ffd5a4	25a6750212c2eb17d1cffddf73bce709d844ad67be1a43afac9f3ed715e653d4	e60fde86764778eeb9c1125bae1764681ad900e43c25bdf534a3ffbf62e8002a	assets/pokemon-animation-cards/hoenn-qa-f82782e362a59862/dex-294__form-00__gender-none__palette-normal__qa-evidence.json	verified-render
294	loudred	base	none	shiny	assets/pokemon-animation-cards/hoenn-qa-f82782e362a59862/dex-294__form-00__gender-none__palette-shiny__idle-8x4.png	assets/pokemon-animation-cards/hoenn-qa-f82782e362a59862/dex-294__form-00__gender-none__palette-shiny__walk-8x4.png	assets/pokemon-animation-cards/hoenn-qa-f82782e362a59862/dex-294__form-00__gender-none__palette-shiny__runtime.png	hoenn-original-trs-v1:pm0294_00:00:none:shiny	8	1.8666667938232422	8	1.0666667222976685	256	256	2	16	254	240	128	226.20019988655199	209	15	16	b19abc6f0ceb3377ddac0859faf4405c249bbd9308a49dfe967d72cf767a0362	b4ca283b4453862253281198ce0d6cd45cf5d05525082f1fe08b1f668ca247b8	a4275c7a84f3307ad507276980d667f160cbc7f675966d6cb4953ea4e9b0303b	assets/pokemon-animation-cards/hoenn-qa-f82782e362a59862/dex-294__form-00__gender-none__palette-shiny__qa-evidence.json	verified-render
295	exploud	base	none	normal	assets/pokemon-animation-cards/hoenn-qa-f82782e362a59862/dex-295__form-00__gender-none__palette-normal__idle-8x4.png	assets/pokemon-animation-cards/hoenn-qa-f82782e362a59862/dex-295__form-00__gender-none__palette-normal__walk-8x4.png	assets/pokemon-animation-cards/hoenn-qa-f82782e362a59862/dex-295__form-00__gender-none__palette-normal__runtime.png	hoenn-original-trs-v1:pm0295_00:00:none:normal	8	2.6666667461395264	8	1	384	256	5	7	379	249	192	235.05124120802725	226	15	13	97105505559df14e7a256bb2667520d6baca7f02c050a4256aa498810d4f73dc	a9ada5acbd40fd24a9fe9e2b80a47d6d042f8d695e5d62b341ea354a080041da	66c5f7d5fccbd878737f18ce90496bb3ef962933286aa0763d9926e4f77ba9fe	assets/pokemon-animation-cards/hoenn-qa-f82782e362a59862/dex-295__form-00__gender-none__palette-normal__qa-evidence.json	verified-render
295	exploud	base	none	shiny	assets/pokemon-animation-cards/hoenn-qa-f82782e362a59862/dex-295__form-00__gender-none__palette-shiny__idle-8x4.png	assets/pokemon-animation-cards/hoenn-qa-f82782e362a59862/dex-295__form-00__gender-none__palette-shiny__walk-8x4.png	assets/pokemon-animation-cards/hoenn-qa-f82782e362a59862/dex-295__form-00__gender-none__palette-shiny__runtime.png	hoenn-original-trs-v1:pm0295_00:00:none:shiny	8	2.6666667461395264	8	1	384	256	5	7	379	249	192	235.05124120802725	226	15	13	e029c43e4aa18d3c998603ea498725eb469d6a06c346611550efc5dfc22e5d08	d0f4e76a3eee2638bb7bed992b3f292898a09b91eda4dc850050d8f41069d6c0	79807351dfe24dfa981c136e8be02b087830a2a55291e44cb5639390ef5b80f3	assets/pokemon-animation-cards/hoenn-qa-f82782e362a59862/dex-295__form-00__gender-none__palette-shiny__qa-evidence.json	verified-render
296	makuhita	base	none	normal	assets/pokemon-animation-cards/hoenn-qa-f82782e362a59862/dex-296__form-00__gender-none__palette-normal__idle-8x4.png	assets/pokemon-animation-cards/hoenn-qa-f82782e362a59862/dex-296__form-00__gender-none__palette-normal__walk-8x4.png	assets/pokemon-animation-cards/hoenn-qa-f82782e362a59862/dex-296__form-00__gender-none__palette-normal__runtime.png	hoenn-original-trs-v1:pm0296_00:00:none:normal	8	1.0666667222976685	8	1	256	256	2	18	254	238	128	228.26366831800377	215	15	16	11fd500a24c318fee570d002d10d114918d22d924342fa37cde85297416dec63	ebc03626d1c4da76301a169132e70a550b960f74cc1dac3ea6617a484fe60004	4dc5badb4c0c38b11cf96c65c4228233cd93741e61a854e4a1fd95684961ae8c	assets/pokemon-animation-cards/hoenn-qa-f82782e362a59862/dex-296__form-00__gender-none__palette-normal__qa-evidence.json	verified-render
296	makuhita	base	none	shiny	assets/pokemon-animation-cards/hoenn-qa-f82782e362a59862/dex-296__form-00__gender-none__palette-shiny__idle-8x4.png	assets/pokemon-animation-cards/hoenn-qa-f82782e362a59862/dex-296__form-00__gender-none__palette-shiny__walk-8x4.png	assets/pokemon-animation-cards/hoenn-qa-f82782e362a59862/dex-296__form-00__gender-none__palette-shiny__runtime.png	hoenn-original-trs-v1:pm0296_00:00:none:shiny	8	1.0666667222976685	8	1	256	256	2	18	254	238	128	228.26366831800377	215	15	16	3680dada07056622db82a9217d9e4502f825b652398340083f1d8a5d1e38c743	c3fc10389a9e81eb6c2d9cfbb8e6dec17e7518d2cc1cf93e489dc18710e9aaf3	d4cd915e4cc863e70365d29bf788af569eddcaad5e0df76127d94607287eebad	assets/pokemon-animation-cards/hoenn-qa-f82782e362a59862/dex-296__form-00__gender-none__palette-shiny__qa-evidence.json	verified-render
297	hariyama	base	none	normal	assets/pokemon-animation-cards/hoenn-qa-f82782e362a59862/dex-297__form-00__gender-none__palette-normal__idle-8x4.png	assets/pokemon-animation-cards/hoenn-qa-f82782e362a59862/dex-297__form-00__gender-none__palette-normal__walk-8x4.png	assets/pokemon-animation-cards/hoenn-qa-f82782e362a59862/dex-297__form-00__gender-none__palette-normal__runtime.png	hoenn-original-trs-v1:pm0297_00:00:none:normal	8	2	8	1	384	256	6	5	378	252	192.28193832599123	237.591577519998	247	15	16	5a4b3ed72be14e8e1e36cb1badde401e929117d7fbf0c2180f0bf88f7a636f8c	1793d1254de0f4faed39e5ff1867df968590c0f0a157799ff5388eea04cfb17d	52cf9c45ea13b62b5db0c5f01a201b4cc85f2d9c35fe241cbca16b3bd85bcd5f	assets/pokemon-animation-cards/hoenn-qa-f82782e362a59862/dex-297__form-00__gender-none__palette-normal__qa-evidence.json	verified-render
297	hariyama	base	none	shiny	assets/pokemon-animation-cards/hoenn-qa-f82782e362a59862/dex-297__form-00__gender-none__palette-shiny__idle-8x4.png	assets/pokemon-animation-cards/hoenn-qa-f82782e362a59862/dex-297__form-00__gender-none__palette-shiny__walk-8x4.png	assets/pokemon-animation-cards/hoenn-qa-f82782e362a59862/dex-297__form-00__gender-none__palette-shiny__runtime.png	hoenn-original-trs-v1:pm0297_00:00:none:shiny	8	2	8	1	384	256	6	5	378	252	192.28193832599123	237.591577519998	247	15	16	262d23502683b54d0274801f398692e88e1fb94b5581a927a377a95dd1c88ddf	07ec82a0973887b710f8972141da3f55278aa0a03d6ec56092fc31e41872fcf6	702cbd2314061eb6edd6f7b8715d51928e045f62a58965a535b5547b26bc8da0	assets/pokemon-animation-cards/hoenn-qa-f82782e362a59862/dex-297__form-00__gender-none__palette-shiny__qa-evidence.json	verified-render
298	azurill	base	none	normal	assets/pokemon-animation-cards/hoenn-qa-f82782e362a59862/dex-298__form-00__gender-none__palette-normal__idle-8x4.png	assets/pokemon-animation-cards/hoenn-qa-f82782e362a59862/dex-298__form-00__gender-none__palette-normal__walk-8x4.png	assets/pokemon-animation-cards/hoenn-qa-f82782e362a59862/dex-298__form-00__gender-none__palette-normal__runtime.png	hoenn-original-trs-v1:pm0298_00:00:none:normal	8	1.133333444595337	8	1.3333333730697632	256	256	65	2	192	254	128.19662058371736	245.57442623768412	115	9	16	9df6a1efcb933afdad8a3fd0ac9f6db97c8279e230a376f610d2521f108e42ba	c15232960e07c1e1c0b54c2c4d5cea595bd9605c0e0be2df955dbbb3b7e6863f	a4daf571facd99281073ce84033be1b3d7f6e93bae7a7b690c57e0eae2988ecd	assets/pokemon-animation-cards/hoenn-qa-f82782e362a59862/dex-298__form-00__gender-none__palette-normal__qa-evidence.json	verified-render
298	azurill	base	none	shiny	assets/pokemon-animation-cards/hoenn-qa-f82782e362a59862/dex-298__form-00__gender-none__palette-shiny__idle-8x4.png	assets/pokemon-animation-cards/hoenn-qa-f82782e362a59862/dex-298__form-00__gender-none__palette-shiny__walk-8x4.png	assets/pokemon-animation-cards/hoenn-qa-f82782e362a59862/dex-298__form-00__gender-none__palette-shiny__runtime.png	hoenn-original-trs-v1:pm0298_00:00:none:shiny	8	1.133333444595337	8	1.3333333730697632	256	256	65	2	192	254	128.19662058371736	245.57442623768412	115	9	16	e63a6932ac4ce8e38cef74def491a5c614028fec4489c100b169d7b8efea33cf	8ccfb9e350bd2ae50d064a3cedff6a3ace61c187e0161e289568f4bbf5ee70a3	8d81c9c0eadbbe9a836ac53f35e28dcd0ddccd4c5c0a633aea1edc0cd6841f89	assets/pokemon-animation-cards/hoenn-qa-f82782e362a59862/dex-298__form-00__gender-none__palette-shiny__qa-evidence.json	verified-render
299	nosepass	base	none	normal	assets/pokemon-animation-cards/hoenn-qa-f82782e362a59862/dex-299__form-00__gender-none__palette-normal__idle-8x4.png	assets/pokemon-animation-cards/hoenn-qa-f82782e362a59862/dex-299__form-00__gender-none__palette-normal__walk-8x4.png	assets/pokemon-animation-cards/hoenn-qa-f82782e362a59862/dex-299__form-00__gender-none__palette-normal__runtime.png	hoenn-original-trs-v1:pm0299_00:00:none:normal	8	2.3333334922790527	8	1.6666667461395264	384	256	5	17	379	239	192	226.17351253850677	217	15	15	d8e7242d82a2fe0813b6a3e4139b1d7ba1dce4adf377a7b947e49b11be3ced1a	7f273bbcfc851302c925ad376d822d9748f79be61a84025d68d0f4dace25acd8	46179cf4556a763ffb06af6028f6ee8cb525431b7e1e945a6fdde7e9a1123b72	assets/pokemon-animation-cards/hoenn-qa-f82782e362a59862/dex-299__form-00__gender-none__palette-normal__qa-evidence.json	verified-render
299	nosepass	base	none	shiny	assets/pokemon-animation-cards/hoenn-qa-f82782e362a59862/dex-299__form-00__gender-none__palette-shiny__idle-8x4.png	assets/pokemon-animation-cards/hoenn-qa-f82782e362a59862/dex-299__form-00__gender-none__palette-shiny__walk-8x4.png	assets/pokemon-animation-cards/hoenn-qa-f82782e362a59862/dex-299__form-00__gender-none__palette-shiny__runtime.png	hoenn-original-trs-v1:pm0299_00:00:none:shiny	8	2.3333334922790527	8	1.6666667461395264	384	256	5	17	379	239	192	226.17351253850677	217	15	15	2c95d09f4dc2efbdf9e2eab5b0bd610450cc5ca0d6d97d9c9176bfb888338b27	988a89f11f50a01df15936892ab34a2e23630626631d503decafdc60f56a1cd4	15186de0a8f646e1bebd207108ab5247cddcdc4ee1476b158d3433c652543e65	assets/pokemon-animation-cards/hoenn-qa-f82782e362a59862/dex-299__form-00__gender-none__palette-shiny__qa-evidence.json	verified-render
300	skitty	base	none	normal	assets/pokemon-animation-cards/hoenn-qa-f82782e362a59862/dex-300__form-00__gender-none__palette-normal__idle-8x4.png	assets/pokemon-animation-cards/hoenn-qa-f82782e362a59862/dex-300__form-00__gender-none__palette-normal__walk-8x4.png	assets/pokemon-animation-cards/hoenn-qa-f82782e362a59862/dex-300__form-00__gender-none__palette-normal__runtime.png	hoenn-original-trs-v1:pm0300_00:00:none:normal	8	1.2000000476837158	8	0.8000000715255737	384	256	5	30	379	227	192	218.50960080341378	192	15	16	a2a7d9937d782f8a6ef33c49acf00c7def82d8d935349cd018504f8118dab579	be5edeb12b746175a62fa6c12234584f5f4fd86a2ef2af695e5f413166dfb438	e2531d11634649cc6295da8aebbdf729a718a25995dce3575619b64563f2d45f	assets/pokemon-animation-cards/hoenn-qa-f82782e362a59862/dex-300__form-00__gender-none__palette-normal__qa-evidence.json	verified-render
300	skitty	base	none	shiny	assets/pokemon-animation-cards/hoenn-qa-f82782e362a59862/dex-300__form-00__gender-none__palette-shiny__idle-8x4.png	assets/pokemon-animation-cards/hoenn-qa-f82782e362a59862/dex-300__form-00__gender-none__palette-shiny__walk-8x4.png	assets/pokemon-animation-cards/hoenn-qa-f82782e362a59862/dex-300__form-00__gender-none__palette-shiny__runtime.png	hoenn-original-trs-v1:pm0300_00:00:none:shiny	8	1.2000000476837158	8	0.8000000715255737	384	256	5	30	379	227	192	218.50960080341378	192	15	16	253df01f72cd369627527ecdb0310187c9131e9dd71d81b7d1f526fd05d96035	ca09a48db1927ef3b80803c1b9ea802b7ee4fda35e0ca1763a804e51cc904325	4f7fc1cd3c42ff362d1f5bce906fb1cfb0a34d86e47a76e2ed0fe0a02a6d10c7	assets/pokemon-animation-cards/hoenn-qa-f82782e362a59862/dex-300__form-00__gender-none__palette-shiny__qa-evidence.json	verified-render
301	delcatty	base	none	normal	assets/pokemon-animation-cards/hoenn-qa-f82782e362a59862/dex-301__form-00__gender-none__palette-normal__idle-8x4.png	assets/pokemon-animation-cards/hoenn-qa-f82782e362a59862/dex-301__form-00__gender-none__palette-normal__walk-8x4.png	assets/pokemon-animation-cards/hoenn-qa-f82782e362a59862/dex-301__form-00__gender-none__palette-normal__runtime.png	hoenn-original-trs-v1:pm0301_00:00:none:normal	8	2	8	1	384	256	23	4	361	252	192	240.63489765036104	243	15	16	d4679f57293b0a9a30217b5b1f59f6c1d53c6f2e4ca4f90038f47e85f9d2491d	90d7acf3e38ed8f68a7a5f2ea233348f5c5b7b6c8edae47832e64f90c92d0814	87bd18aae6362bd2df03046ef78bb03350f056e740d43b249a778daa6e0f94c2	assets/pokemon-animation-cards/hoenn-qa-f82782e362a59862/dex-301__form-00__gender-none__palette-normal__qa-evidence.json	verified-render
301	delcatty	base	none	shiny	assets/pokemon-animation-cards/hoenn-qa-f82782e362a59862/dex-301__form-00__gender-none__palette-shiny__idle-8x4.png	assets/pokemon-animation-cards/hoenn-qa-f82782e362a59862/dex-301__form-00__gender-none__palette-shiny__walk-8x4.png	assets/pokemon-animation-cards/hoenn-qa-f82782e362a59862/dex-301__form-00__gender-none__palette-shiny__runtime.png	hoenn-original-trs-v1:pm0301_00:00:none:shiny	8	2	8	1	384	256	23	4	361	252	192	240.63489765036104	243	15	16	55ca690aa454f81c40948833c56639a2447701013d105bbcdf63238b2b163464	4dd284295079431bef77bc1458419a2c9ae9fe13b565892579d70fd8a14fad5a	b617123a905599911487ae62caa589417317ac5484b737e700914fad243267ea	assets/pokemon-animation-cards/hoenn-qa-f82782e362a59862/dex-301__form-00__gender-none__palette-shiny__qa-evidence.json	verified-render
302	sableye	base	none	normal	assets/pokemon-animation-cards/hoenn-qa-f82782e362a59862/dex-302__form-00__gender-none__palette-normal__idle-8x4.png	assets/pokemon-animation-cards/hoenn-qa-f82782e362a59862/dex-302__form-00__gender-none__palette-normal__walk-8x4.png	assets/pokemon-animation-cards/hoenn-qa-f82782e362a59862/dex-302__form-00__gender-none__palette-normal__runtime.png	hoenn-original-trs-v1:pm0302_00:00:none:normal	8	1.4666666984558105	8	0.6666666865348816	256	256	19	2	238	254	128.1984496124031	242.9559912902685	244	12	16	e470b1cc76f99843f7620277638750fed52216511b2d8032091762e9acc4f3e0	0abfbcd0a19d0ab28be2b0886790c0eb0721ec8950b427ff48064d591725761b	a479f4dd1cd869e0ba72942827208c2bad2da3230a2f93f8f1df5a20f0dbf34e	assets/pokemon-animation-cards/hoenn-qa-f82782e362a59862/dex-302__form-00__gender-none__palette-normal__qa-evidence.json	verified-render
302	sableye	base	none	shiny	assets/pokemon-animation-cards/hoenn-qa-f82782e362a59862/dex-302__form-00__gender-none__palette-shiny__idle-8x4.png	assets/pokemon-animation-cards/hoenn-qa-f82782e362a59862/dex-302__form-00__gender-none__palette-shiny__walk-8x4.png	assets/pokemon-animation-cards/hoenn-qa-f82782e362a59862/dex-302__form-00__gender-none__palette-shiny__runtime.png	hoenn-original-trs-v1:pm0302_00:00:none:shiny	8	1.4666666984558105	8	0.6666666865348816	256	256	19	2	238	254	128.1984496124031	242.9559912902685	244	12	16	f700faba6b9981594dd072c80954732593f01781993ae6216e16de466f2eb3ae	dfa4b2df8eae9df521fb8a8019c5157c584727bb17b6980b78bd4bbe945b96cd	19c66b0d4968b9c4255bdffe552e462a5823ac8c1cf8ff7e3dd842f5ae0846dd	assets/pokemon-animation-cards/hoenn-qa-f82782e362a59862/dex-302__form-00__gender-none__palette-shiny__qa-evidence.json	verified-render
303	mawile	base	none	normal	assets/pokemon-animation-cards/hoenn-qa-f82782e362a59862/dex-303__form-00__gender-none__palette-normal__idle-8x4.png	assets/pokemon-animation-cards/hoenn-qa-f82782e362a59862/dex-303__form-00__gender-none__palette-normal__walk-8x4.png	assets/pokemon-animation-cards/hoenn-qa-f82782e362a59862/dex-303__form-00__gender-none__palette-normal__runtime.png	hoenn-original-trs-v1:pm0303_00:00:none:normal	8	1.133333444595337	8	1	384	256	5	44	379	212	192	188.08990284015772	156	15	12	f313c987d02f517ce9c6939b0a85a3c77ad56201ea1182cd924062c48aed943c	8f47e07e4be7963d88828964e4fd46d835457373c02b4d65a9f3c94b6db8286f	605e8b856843fe6265db908745c5cca380e1f57936af1b1c1cdae1c4a55c877f	assets/pokemon-animation-cards/hoenn-qa-f82782e362a59862/dex-303__form-00__gender-none__palette-normal__qa-evidence.json	verified-render
303	mawile	base	none	shiny	assets/pokemon-animation-cards/hoenn-qa-f82782e362a59862/dex-303__form-00__gender-none__palette-shiny__idle-8x4.png	assets/pokemon-animation-cards/hoenn-qa-f82782e362a59862/dex-303__form-00__gender-none__palette-shiny__walk-8x4.png	assets/pokemon-animation-cards/hoenn-qa-f82782e362a59862/dex-303__form-00__gender-none__palette-shiny__runtime.png	hoenn-original-trs-v1:pm0303_00:00:none:shiny	8	1.133333444595337	8	1	384	256	5	44	379	212	192	188.08990284015772	156	15	12	e45e689257a41fcc9ef34a907d80920f98a53c4ff3ac180ca7747e481f7e3933	24e107878ce46b792c438e598e0cd3819e9e16c8b20c5fafd3f0ba77a397ede8	acea71d31714011d3f5693fe37d7edfe06f38dd138667ec0a1849538c487ac6c	assets/pokemon-animation-cards/hoenn-qa-f82782e362a59862/dex-303__form-00__gender-none__palette-shiny__qa-evidence.json	verified-render
304	aron	base	none	normal	assets/pokemon-animation-cards/hoenn-qa-f82782e362a59862/dex-304__form-00__gender-none__palette-normal__idle-8x4.png	assets/pokemon-animation-cards/hoenn-qa-f82782e362a59862/dex-304__form-00__gender-none__palette-normal__walk-8x4.png	assets/pokemon-animation-cards/hoenn-qa-f82782e362a59862/dex-304__form-00__gender-none__palette-normal__runtime.png	hoenn-original-trs-v1:pm0304_00:00:none:normal	8	1.3333333730697632	8	0.7666667103767395	384	256	5	5	379	252	192	231.38558073483313	236	15	16	772464f45313fb458383f805b831f0732e6da86b5f991638c29064b8f6c26005	4f4e6ecb3d61c6e2a3dd2d9ef4e7422f4293ffbad4774ba014d7a4c4bbfa7820	07dc3526990d41ebb3cc3dd996bed8353e420755fe25c4b159415c7532fcad8e	assets/pokemon-animation-cards/hoenn-qa-f82782e362a59862/dex-304__form-00__gender-none__palette-normal__qa-evidence.json	verified-render
304	aron	base	none	shiny	assets/pokemon-animation-cards/hoenn-qa-f82782e362a59862/dex-304__form-00__gender-none__palette-shiny__idle-8x4.png	assets/pokemon-animation-cards/hoenn-qa-f82782e362a59862/dex-304__form-00__gender-none__palette-shiny__walk-8x4.png	assets/pokemon-animation-cards/hoenn-qa-f82782e362a59862/dex-304__form-00__gender-none__palette-shiny__runtime.png	hoenn-original-trs-v1:pm0304_00:00:none:shiny	8	1.3333333730697632	8	0.7666667103767395	384	256	5	5	379	252	192	231.38558073483313	236	15	16	20406389a64c250606187101781664e78090b247382f828f64093725520c7516	94ba06fbe101e150ee7a69cafee25e12c3c5e2ca5502a7ff392325fd6e7c98d9	27f1434a2c66c75acc8597ba3911a918c517fa7c3ff0813296b5b0c7854843ae	assets/pokemon-animation-cards/hoenn-qa-f82782e362a59862/dex-304__form-00__gender-none__palette-shiny__qa-evidence.json	verified-render
305	lairon	base	none	normal	assets/pokemon-animation-cards/hoenn-qa-f82782e362a59862/dex-305__form-00__gender-none__palette-normal__idle-8x4.png	assets/pokemon-animation-cards/hoenn-qa-f82782e362a59862/dex-305__form-00__gender-none__palette-normal__walk-8x4.png	assets/pokemon-animation-cards/hoenn-qa-f82782e362a59862/dex-305__form-00__gender-none__palette-normal__runtime.png	hoenn-original-trs-v1:pm0305_00:00:none:normal	8	2	8	1.3333333730697632	384	256	5	20	379	236	192	214.59478451315323	210	15	12	3a8aff8f5455ec6fa31b283cc1ee2428ac4e7657491f62b456e86f113cfa23c3	0fe32df77de2fc217aef6c85059fb34cb9d3ae4a055b197d6a68a88a0223d3e1	c275a8c55a3b182286ce2e8e12fa28445c4a9445698d8664ee86de3419593fc7	assets/pokemon-animation-cards/hoenn-qa-f82782e362a59862/dex-305__form-00__gender-none__palette-normal__qa-evidence.json	verified-render
305	lairon	base	none	shiny	assets/pokemon-animation-cards/hoenn-qa-f82782e362a59862/dex-305__form-00__gender-none__palette-shiny__idle-8x4.png	assets/pokemon-animation-cards/hoenn-qa-f82782e362a59862/dex-305__form-00__gender-none__palette-shiny__walk-8x4.png	assets/pokemon-animation-cards/hoenn-qa-f82782e362a59862/dex-305__form-00__gender-none__palette-shiny__runtime.png	hoenn-original-trs-v1:pm0305_00:00:none:shiny	8	2	8	1.3333333730697632	384	256	5	20	379	236	192	214.59478451315323	210	15	12	727a1996f853db3abd91099e8ac33222e9a52d7cfde90380a427ce82528b8a6d	066f1007724a0e369203efb88ee71713d314323ba21ff668621db837470098da	d72821aaa74b1aa8c17b5ffb85e97e96dd385823abe15c77d39387f100624be6	assets/pokemon-animation-cards/hoenn-qa-f82782e362a59862/dex-305__form-00__gender-none__palette-shiny__qa-evidence.json	verified-render
306	aggron	base	none	normal	assets/pokemon-animation-cards/hoenn-qa-f82782e362a59862/dex-306__form-00__gender-none__palette-normal__idle-8x4.png	assets/pokemon-animation-cards/hoenn-qa-f82782e362a59862/dex-306__form-00__gender-none__palette-normal__walk-8x4.png	assets/pokemon-animation-cards/hoenn-qa-f82782e362a59862/dex-306__form-00__gender-none__palette-normal__runtime.png	hoenn-original-trs-v1:pm0306_00:00:none:normal	8	2	8	1.5000001192092896	384	256	5	26	379	231	192	209.85683446880952	202	15	16	9fa4a2f216212215090a1535da722c1e49b89a4027da2c5151f888c6d85db7b1	e8f9ab8726c5dbf23204d137502d1621b2b52a8917d7dbf247f7648186caad95	c46690267c62eafc8d4cd180ca650fd8568f1ec64e39ec0a64495820f5df57f0	assets/pokemon-animation-cards/hoenn-qa-f82782e362a59862/dex-306__form-00__gender-none__palette-normal__qa-evidence.json	verified-render
306	aggron	base	none	shiny	assets/pokemon-animation-cards/hoenn-qa-f82782e362a59862/dex-306__form-00__gender-none__palette-shiny__idle-8x4.png	assets/pokemon-animation-cards/hoenn-qa-f82782e362a59862/dex-306__form-00__gender-none__palette-shiny__walk-8x4.png	assets/pokemon-animation-cards/hoenn-qa-f82782e362a59862/dex-306__form-00__gender-none__palette-shiny__runtime.png	hoenn-original-trs-v1:pm0306_00:00:none:shiny	8	2	8	1.5000001192092896	384	256	5	26	379	231	192	209.85683446880952	202	15	16	b735bd7eb804199cf8bc22e8baa2d8dd7ecdcd3ef28b76876588117d23f00f63	844ef3794fb17f74d061c0970ff66f41a6718c98b0c12fb4acc6576cdc1a25f3	3f54b3482f63b4425d94582f90e875e69f79bb91da08bcc2732e11308811e862	assets/pokemon-animation-cards/hoenn-qa-f82782e362a59862/dex-306__form-00__gender-none__palette-shiny__qa-evidence.json	verified-render
307	meditite	base	male	normal	assets/pokemon-animation-cards/hoenn-qa-f82782e362a59862/dex-307__form-00__gender-male__palette-normal__idle-8x4.png	assets/pokemon-animation-cards/hoenn-qa-f82782e362a59862/dex-307__form-00__gender-male__palette-normal__walk-8x4.png	assets/pokemon-animation-cards/hoenn-qa-f82782e362a59862/dex-307__form-00__gender-male__palette-normal__runtime.png	hoenn-original-trs-v1:pm0307_00:00:male:normal	8	1.3333333730697632	8	0.8333333730697632	256	256	12	2	244	254	128	243.71948709268662	247	15	16	daae032f63ec9e2c1fca0186b42bcb3e6347bc417bee2b0daaae9c452ccd98b6	a98d7adf092caa5dc1f457b184ee1e9bcfd65b0b0e3d368c3b1f444e6e8f4aff	59952336975c79b2ac2d4f086194f6f72564a6c870e659ed6256fc23f1f01ae8	assets/pokemon-animation-cards/hoenn-qa-f82782e362a59862/dex-307__form-00__gender-male__palette-normal__qa-evidence.json	verified-render
307	meditite	base	male	shiny	assets/pokemon-animation-cards/hoenn-qa-f82782e362a59862/dex-307__form-00__gender-male__palette-shiny__idle-8x4.png	assets/pokemon-animation-cards/hoenn-qa-f82782e362a59862/dex-307__form-00__gender-male__palette-shiny__walk-8x4.png	assets/pokemon-animation-cards/hoenn-qa-f82782e362a59862/dex-307__form-00__gender-male__palette-shiny__runtime.png	hoenn-original-trs-v1:pm0307_00:00:male:shiny	8	1.3333333730697632	8	0.8333333730697632	256	256	12	2	244	254	128	243.71948709268662	247	15	16	1b4a8ff60d7ad63d6965f09c342b092fac144895c991af4d8288175f85613695	db3c68d5e483614f35b8e04b7b569b0e9106941a7c4945e534b7d02de937fd29	aa128fa6b432526d47a9667b6c6d0884fb3a74b364351879e105aa1bbe556e5c	assets/pokemon-animation-cards/hoenn-qa-f82782e362a59862/dex-307__form-00__gender-male__palette-shiny__qa-evidence.json	verified-render
308	medicham	base	male	normal	assets/pokemon-animation-cards/hoenn-qa-f82782e362a59862/dex-308__form-00__gender-male__palette-normal__idle-8x4.png	assets/pokemon-animation-cards/hoenn-qa-f82782e362a59862/dex-308__form-00__gender-male__palette-normal__walk-8x4.png	assets/pokemon-animation-cards/hoenn-qa-f82782e362a59862/dex-308__form-00__gender-male__palette-normal__runtime.png	hoenn-original-trs-v1:pm0308_00:00:male:normal	8	1.4666666984558105	8	1	256	256	32	2	224	254	128	246.4561550400275	246	11	16	f278fdfce818bbc9d85a99dee8d398fbc91a5595f53fa1386bbe9651f13496d0	e4e2183933f1830434725fdd2eb0b5a746afea6028d787d548a8644c852c1538	e964c064eaaad706d6ef679c8bd72e757adced0daac85a461f721de7a73e2d1b	assets/pokemon-animation-cards/hoenn-qa-f82782e362a59862/dex-308__form-00__gender-male__palette-normal__qa-evidence.json	verified-render
308	medicham	base	male	shiny	assets/pokemon-animation-cards/hoenn-qa-f82782e362a59862/dex-308__form-00__gender-male__palette-shiny__idle-8x4.png	assets/pokemon-animation-cards/hoenn-qa-f82782e362a59862/dex-308__form-00__gender-male__palette-shiny__walk-8x4.png	assets/pokemon-animation-cards/hoenn-qa-f82782e362a59862/dex-308__form-00__gender-male__palette-shiny__runtime.png	hoenn-original-trs-v1:pm0308_00:00:male:shiny	8	1.4666666984558105	8	1	256	256	32	2	224	254	128	246.4561550400275	246	11	16	cd5952253870d2dbcbb3f137255ebadbd5dd50874aef8e2994601794ce842cb2	a13382b8d9b30af2145e04178d06062c90ba86b6636303c1869bb8af613a6f68	2aac73e09cd3d37ab64878acae1917812eb47823b75dbae5ebf478836d3ad6a5	assets/pokemon-animation-cards/hoenn-qa-f82782e362a59862/dex-308__form-00__gender-male__palette-shiny__qa-evidence.json	verified-render
309	electrike	base	none	normal	assets/pokemon-animation-cards/hoenn-qa-f82782e362a59862/dex-309__form-00__gender-none__palette-normal__idle-8x4.png	assets/pokemon-animation-cards/hoenn-qa-f82782e362a59862/dex-309__form-00__gender-none__palette-normal__walk-8x4.png	assets/pokemon-animation-cards/hoenn-qa-f82782e362a59862/dex-309__form-00__gender-none__palette-normal__runtime.png	hoenn-original-trs-v1:pm0309_00:00:none:normal	8	1.3333333730697632	8	1	384	256	5	18	379	238	192	219.1888110429823	205	15	16	c8018b028a09ca5a4af180f449325c733a882e254703f7c83059401fe8a93fd9	df7021bf015cb17d2767e924be6111493135f55055e6548eeb29ed1999b2d472	9616f9e8f69b790f1444ff438a4bfb38c0788e3ab59882f5f7a6167c9c8e4445	assets/pokemon-animation-cards/hoenn-qa-f82782e362a59862/dex-309__form-00__gender-none__palette-normal__qa-evidence.json	verified-render
309	electrike	base	none	shiny	assets/pokemon-animation-cards/hoenn-qa-f82782e362a59862/dex-309__form-00__gender-none__palette-shiny__idle-8x4.png	assets/pokemon-animation-cards/hoenn-qa-f82782e362a59862/dex-309__form-00__gender-none__palette-shiny__walk-8x4.png	assets/pokemon-animation-cards/hoenn-qa-f82782e362a59862/dex-309__form-00__gender-none__palette-shiny__runtime.png	hoenn-original-trs-v1:pm0309_00:00:none:shiny	8	1.3333333730697632	8	1	384	256	5	18	379	238	192	219.1888110429823	205	15	16	3cc56034a5f0c8e8042f512acd6882e636fd5e8b454605fabc2e162857532bb0	2cc2f8839342f08801d770722663db4dbd42c434516cfade1f8b558f71f140e1	702232b20b425da25c03fb9c21d99a652ad6fdd340c20c6cd5f5d9ed0cc7d5d9	assets/pokemon-animation-cards/hoenn-qa-f82782e362a59862/dex-309__form-00__gender-none__palette-shiny__qa-evidence.json	verified-render
310	manectric	base	none	normal	assets/pokemon-animation-cards/hoenn-qa-f82782e362a59862/dex-310__form-00__gender-none__palette-normal__idle-8x4.png	assets/pokemon-animation-cards/hoenn-qa-f82782e362a59862/dex-310__form-00__gender-none__palette-normal__walk-8x4.png	assets/pokemon-animation-cards/hoenn-qa-f82782e362a59862/dex-310__form-00__gender-none__palette-normal__runtime.png	hoenn-original-trs-v1:pm0310_00:00:none:normal	8	1.6666667461395264	8	1	256	256	4	2	252	254	128.19722650231125	239.1128003068386	232	14	16	efadc7cb9d8739f2db6efdcb7663a6bc2eeb61ff27f50e4e68b23172d8b4b952	7be9d027349e827288640dfd86c511460b889f68253260fdb2e6b99b6ae48930	15f389cc504dca6e58eb6db887920f2a4573bd5d7250c1c6ff49fa67e51796c3	assets/pokemon-animation-cards/hoenn-qa-f82782e362a59862/dex-310__form-00__gender-none__palette-normal__qa-evidence.json	verified-render
310	manectric	base	none	shiny	assets/pokemon-animation-cards/hoenn-qa-f82782e362a59862/dex-310__form-00__gender-none__palette-shiny__idle-8x4.png	assets/pokemon-animation-cards/hoenn-qa-f82782e362a59862/dex-310__form-00__gender-none__palette-shiny__walk-8x4.png	assets/pokemon-animation-cards/hoenn-qa-f82782e362a59862/dex-310__form-00__gender-none__palette-shiny__runtime.png	hoenn-original-trs-v1:pm0310_00:00:none:shiny	8	1.6666667461395264	8	1	256	256	4	2	252	254	128.19722650231125	239.1128003068386	232	14	16	f069d4869403c01c056f28b375ce6aaf6e74851c3369f6d0d8d900f777ad3f35	fd7ec0ac036d7a86d5416be1d122ad45256a704ed7c7cc8163e1c0406ea56bbb	e923d4cc1e494f6e81d2ed6389cdca551875f349e898cd6ffa668e8d6fd240d0	assets/pokemon-animation-cards/hoenn-qa-f82782e362a59862/dex-310__form-00__gender-none__palette-shiny__qa-evidence.json	verified-render
311	plusle	base	none	normal	assets/pokemon-animation-cards/hoenn-qa-f82782e362a59862/dex-311__form-00__gender-none__palette-normal__idle-8x4.png	assets/pokemon-animation-cards/hoenn-qa-f82782e362a59862/dex-311__form-00__gender-none__palette-normal__walk-8x4.png	assets/pokemon-animation-cards/hoenn-qa-f82782e362a59862/dex-311__form-00__gender-none__palette-normal__runtime.png	hoenn-original-trs-v1:pm0311_00:00:none:normal	8	1.3333333730697632	8	0.6666666865348816	256	256	2	17	254	239	128	231.6309620397208	217	14	16	f02569d27f032e1cec78111e8f3cc608b31b8c0adac894e36d0fc95a439f3da7	1779ebf3dc86032732b1a1db28fc0d453c426d038cfc740946c94ef6dfe44d23	cb42f073302704a5bf19afec59d3d915582f2b7904feec02947dcd0935c3f46f	assets/pokemon-animation-cards/hoenn-qa-f82782e362a59862/dex-311__form-00__gender-none__palette-normal__qa-evidence.json	verified-render
311	plusle	base	none	shiny	assets/pokemon-animation-cards/hoenn-qa-f82782e362a59862/dex-311__form-00__gender-none__palette-shiny__idle-8x4.png	assets/pokemon-animation-cards/hoenn-qa-f82782e362a59862/dex-311__form-00__gender-none__palette-shiny__walk-8x4.png	assets/pokemon-animation-cards/hoenn-qa-f82782e362a59862/dex-311__form-00__gender-none__palette-shiny__runtime.png	hoenn-original-trs-v1:pm0311_00:00:none:shiny	8	1.3333333730697632	8	0.6666666865348816	256	256	2	17	254	239	128	231.6309620397208	217	14	16	9a57bee0f50c31a77da4bd43f28f9a1bd94c47feb87e53e3fd0202de716e6bce	d880a76b4d375c4d7797e617b62b62b46d435da3fb2c374009747fbd7a29e8cd	dbf98205b1699916e12887662545207b6926035ac05b5efc1cd6ad05db88a06d	assets/pokemon-animation-cards/hoenn-qa-f82782e362a59862/dex-311__form-00__gender-none__palette-shiny__qa-evidence.json	verified-render
312	minun	base	none	normal	assets/pokemon-animation-cards/hoenn-qa-f82782e362a59862/dex-312__form-00__gender-none__palette-normal__idle-8x4.png	assets/pokemon-animation-cards/hoenn-qa-f82782e362a59862/dex-312__form-00__gender-none__palette-normal__walk-8x4.png	assets/pokemon-animation-cards/hoenn-qa-f82782e362a59862/dex-312__form-00__gender-none__palette-normal__runtime.png	hoenn-original-trs-v1:pm0312_00:00:none:normal	8	1.3333333730697632	8	0.6666666865348816	256	256	2	18	254	238	128	232.2593098800216	217	14	16	4f2806bd8bd28ace0d07bd8729ff0d6614a462a09bb80533dd07eb8c282e16fd	99024bdf947747c5c80a03d474911ba3359cdd04b52b09848a17b4a93679db0d	04603e94dbc391d12632232629bbef6c17b9ab456a91ef03022a156729afd950	assets/pokemon-animation-cards/hoenn-qa-f82782e362a59862/dex-312__form-00__gender-none__palette-normal__qa-evidence.json	verified-render
312	minun	base	none	shiny	assets/pokemon-animation-cards/hoenn-qa-f82782e362a59862/dex-312__form-00__gender-none__palette-shiny__idle-8x4.png	assets/pokemon-animation-cards/hoenn-qa-f82782e362a59862/dex-312__form-00__gender-none__palette-shiny__walk-8x4.png	assets/pokemon-animation-cards/hoenn-qa-f82782e362a59862/dex-312__form-00__gender-none__palette-shiny__runtime.png	hoenn-original-trs-v1:pm0312_00:00:none:shiny	8	1.3333333730697632	8	0.6666666865348816	256	256	2	18	254	238	128	232.2593098800216	217	14	16	571ac004a0eb593c11547289d662d4e00b93bd560e7839743d1c7b55dc01b26f	1db9b26bd304aa43397add250aed5947b493108382c25c5b2cebc8b5a07671d9	f93a78306db61b582b42d7a23ecf0782dd30fe2864924d22111c3efd244ec903	assets/pokemon-animation-cards/hoenn-qa-f82782e362a59862/dex-312__form-00__gender-none__palette-shiny__qa-evidence.json	verified-render
313	volbeat	base	none	normal	assets/pokemon-animation-cards/hoenn-qa-f82782e362a59862/dex-313__form-00__gender-none__palette-normal__idle-8x4.png	assets/pokemon-animation-cards/hoenn-qa-f82782e362a59862/dex-313__form-00__gender-none__palette-normal__walk-8x4.png	assets/pokemon-animation-cards/hoenn-qa-f82782e362a59862/dex-313__form-00__gender-none__palette-normal__runtime.png	hoenn-original-trs-v1:pm0313_00:00:none:normal	8	1.1666667461395264	8	1.2000000476837158	256	256	32	2	224	254	128	245.15885090167274	160	13	16	4c62180c758f05b22a4dc84d62c951435f8b30a82602f3bc58ffb57d2e09c85b	75f15d2ae04a8b9ff641e647a1ca0e11d43c5382b4f8043edd4b5771607437bf	7334d6e3017ed009daa9efedf56d29c34a8baa6531dc1ca93dc55376f24a0e7e	assets/pokemon-animation-cards/hoenn-qa-f82782e362a59862/dex-313__form-00__gender-none__palette-normal__qa-evidence.json	verified-render
313	volbeat	base	none	shiny	assets/pokemon-animation-cards/hoenn-qa-f82782e362a59862/dex-313__form-00__gender-none__palette-shiny__idle-8x4.png	assets/pokemon-animation-cards/hoenn-qa-f82782e362a59862/dex-313__form-00__gender-none__palette-shiny__walk-8x4.png	assets/pokemon-animation-cards/hoenn-qa-f82782e362a59862/dex-313__form-00__gender-none__palette-shiny__runtime.png	hoenn-original-trs-v1:pm0313_00:00:none:shiny	8	1.1666667461395264	8	1.2000000476837158	256	256	32	2	224	254	128	245.15885090167274	160	13	16	468763a07cf5e9cc85409c5db4746d797b6681e1e33f8cfd9c62b9e19fb33ea1	964786bbc2607bc67cf5a4e6a17e7d755f8de0d5e3b49675f7f9273a1c971917	5e8ab816da21f2c4197e4141e51c84cdaf18fc2f397d950a789f59889204a5bf	assets/pokemon-animation-cards/hoenn-qa-f82782e362a59862/dex-313__form-00__gender-none__palette-shiny__qa-evidence.json	verified-render
314	illumise	base	none	normal	assets/pokemon-animation-cards/hoenn-qa-f82782e362a59862/dex-314__form-00__gender-none__palette-normal__idle-8x4.png	assets/pokemon-animation-cards/hoenn-qa-f82782e362a59862/dex-314__form-00__gender-none__palette-normal__walk-8x4.png	assets/pokemon-animation-cards/hoenn-qa-f82782e362a59862/dex-314__form-00__gender-none__palette-normal__runtime.png	hoenn-original-trs-v1:pm0314_00:00:none:normal	8	1.3333333730697632	8	1.6000001430511475	256	256	52	2	203	254	128	248.062029072256	150	13	16	dbf0e88b4eb3729746040ebbd0d6c83fc307a7ebaa0c64f7ed84582cd05f7edc	79f30c0ceb4d324d245790cc4a7d1ea88e921f69937d6da112461ed53f451930	d5e88fc0310c227210db2335413f4ccc968ff49eef8bf2ee3cecd33c21047a5a	assets/pokemon-animation-cards/hoenn-qa-f82782e362a59862/dex-314__form-00__gender-none__palette-normal__qa-evidence.json	verified-render
314	illumise	base	none	shiny	assets/pokemon-animation-cards/hoenn-qa-f82782e362a59862/dex-314__form-00__gender-none__palette-shiny__idle-8x4.png	assets/pokemon-animation-cards/hoenn-qa-f82782e362a59862/dex-314__form-00__gender-none__palette-shiny__walk-8x4.png	assets/pokemon-animation-cards/hoenn-qa-f82782e362a59862/dex-314__form-00__gender-none__palette-shiny__runtime.png	hoenn-original-trs-v1:pm0314_00:00:none:shiny	8	1.3333333730697632	8	1.6000001430511475	256	256	52	2	203	254	128	248.062029072256	150	13	16	1f1d7be07e545d0d89416e34f8ae478afc95f981926decde9a6d64f28b986eef	857cac1fada60fda2b1a6f7dc3108ed187eafd16b669d8384863b61229c5076f	508a5b88c39347f22ec4c35b21a7728b6f7402ca3b1e2348c09548c34828d590	assets/pokemon-animation-cards/hoenn-qa-f82782e362a59862/dex-314__form-00__gender-none__palette-shiny__qa-evidence.json	verified-render
315	roselia	base	male	normal	assets/pokemon-animation-cards/hoenn-qa-f82782e362a59862/dex-315__form-00__gender-male__palette-normal__idle-8x4.png	assets/pokemon-animation-cards/hoenn-qa-f82782e362a59862/dex-315__form-00__gender-male__palette-normal__walk-8x4.png	assets/pokemon-animation-cards/hoenn-qa-f82782e362a59862/dex-315__form-00__gender-male__palette-normal__runtime.png	hoenn-original-trs-v1:pm0315_00:00:male:normal	8	2.4000000953674316	8	0.8333333730697632	256	256	2	20	254	236	128	227.57460457043018	208	15	16	5802fb23513eac34c0afa72429ae94c7cc4814076440d7ce07c77381025997c3	8159f5fc2dfe0df297153dcc2f6720f6c38ebf217337268e99b9d2440ab4e4ff	692b15c6f314e9444f3fc946f9350708b325d9ffbbf062e533104a062885e24b	assets/pokemon-animation-cards/hoenn-qa-f82782e362a59862/dex-315__form-00__gender-male__palette-normal__qa-evidence.json	verified-render
315	roselia	base	male	shiny	assets/pokemon-animation-cards/hoenn-qa-f82782e362a59862/dex-315__form-00__gender-male__palette-shiny__idle-8x4.png	assets/pokemon-animation-cards/hoenn-qa-f82782e362a59862/dex-315__form-00__gender-male__palette-shiny__walk-8x4.png	assets/pokemon-animation-cards/hoenn-qa-f82782e362a59862/dex-315__form-00__gender-male__palette-shiny__runtime.png	hoenn-original-trs-v1:pm0315_00:00:male:shiny	8	2.4000000953674316	8	0.8333333730697632	256	256	2	20	254	236	128	227.57460457043018	208	15	16	b3845341c5dd12185dcac48907ebc12d4ac6a83d1d3f12cbcaa617bb82682173	4591a15f62caf553d7c2310c77edf0035153f20d781bfffa854d002d7faed76c	8fbb003765f5979775cde169ba7e62dfcdaacceaf1d2278a7633e3369b8057c6	assets/pokemon-animation-cards/hoenn-qa-f82782e362a59862/dex-315__form-00__gender-male__palette-shiny__qa-evidence.json	verified-render
316	gulpin	base	male	normal	assets/pokemon-animation-cards/hoenn-qa-f82782e362a59862/dex-316__form-00__gender-male__palette-normal__idle-8x4.png	assets/pokemon-animation-cards/hoenn-qa-f82782e362a59862/dex-316__form-00__gender-male__palette-normal__walk-8x4.png	assets/pokemon-animation-cards/hoenn-qa-f82782e362a59862/dex-316__form-00__gender-male__palette-normal__runtime.png	hoenn-original-trs-v1:pm0316_00:00:male:normal	8	2	8	1	384	256	5	7	379	250	192	233.19929699297683	220	15	16	5b8e3c1796f0e2c65571b7cdc3c64ddd17f1778a9dee77fbb749f9ee583d7e6d	17d9afac389232e90a2820cf4ddb60d61878d72130035e64abbb65c69ecc21d4	e6564e77abec45856368a2d2153b97c7f0ffe550dc2b9257b3ea1116f6d0a39e	assets/pokemon-animation-cards/hoenn-qa-f82782e362a59862/dex-316__form-00__gender-male__palette-normal__qa-evidence.json	verified-render
316	gulpin	base	male	shiny	assets/pokemon-animation-cards/hoenn-qa-f82782e362a59862/dex-316__form-00__gender-male__palette-shiny__idle-8x4.png	assets/pokemon-animation-cards/hoenn-qa-f82782e362a59862/dex-316__form-00__gender-male__palette-shiny__walk-8x4.png	assets/pokemon-animation-cards/hoenn-qa-f82782e362a59862/dex-316__form-00__gender-male__palette-shiny__runtime.png	hoenn-original-trs-v1:pm0316_00:00:male:shiny	8	2	8	1	384	256	5	7	379	250	192	233.19929699297683	220	15	16	e0b9d398593f27dd0f2cab94e9338788f5d3ef4e19833669d4833f7e14944816	24e405e88c8ff8b9cffe90d9d7cdcfe141745bccaca376ff825aa56f87febf36	0e087fbc79df50919c10f065d1e3e180c30b1ac665000ffd561ae0991d9e9968	assets/pokemon-animation-cards/hoenn-qa-f82782e362a59862/dex-316__form-00__gender-male__palette-shiny__qa-evidence.json	verified-render
317	swalot	base	male	normal	assets/pokemon-animation-cards/hoenn-qa-f82782e362a59862/dex-317__form-00__gender-male__palette-normal__idle-8x4.png	assets/pokemon-animation-cards/hoenn-qa-f82782e362a59862/dex-317__form-00__gender-male__palette-normal__walk-8x4.png	assets/pokemon-animation-cards/hoenn-qa-f82782e362a59862/dex-317__form-00__gender-male__palette-normal__runtime.png	hoenn-original-trs-v1:pm0317_00:00:male:normal	8	2	8	1	256	256	2	29	254	227	128	212.19358574168956	196	15	14	5ca4ea42a410b9b87fac42dd7d6c835f4c62bc0a4419e91370d4b23c45156f5f	fa5db70b446b465658c68a98b60cd90ecf9a9a0df8086e8a8a6cc5e35e999936	e5af1bf8174c1f5858c3bb176530e5334205bd19b5dcba28d2c9e6b8d1cc5a89	assets/pokemon-animation-cards/hoenn-qa-f82782e362a59862/dex-317__form-00__gender-male__palette-normal__qa-evidence.json	verified-render
317	swalot	base	male	shiny	assets/pokemon-animation-cards/hoenn-qa-f82782e362a59862/dex-317__form-00__gender-male__palette-shiny__idle-8x4.png	assets/pokemon-animation-cards/hoenn-qa-f82782e362a59862/dex-317__form-00__gender-male__palette-shiny__walk-8x4.png	assets/pokemon-animation-cards/hoenn-qa-f82782e362a59862/dex-317__form-00__gender-male__palette-shiny__runtime.png	hoenn-original-trs-v1:pm0317_00:00:male:shiny	8	2	8	1	256	256	2	29	254	227	128	212.19358574168956	196	15	14	400e9d75b8489d500fff7d61b11f65c4e307a57b0591dd149be07eff435f19d4	485c8aa6908f73bc709d77aad62935063dbd47cced6e1fcc4d2d183b89021917	970e4613a66e1f2fde30aa395aa77e127c99cfc2a95d82da7a92057c83d9b139	assets/pokemon-animation-cards/hoenn-qa-f82782e362a59862/dex-317__form-00__gender-male__palette-shiny__qa-evidence.json	verified-render
318	carvanha	base	none	normal	assets/pokemon-animation-cards/hoenn-qa-f82782e362a59862/dex-318__form-00__gender-none__palette-normal__idle-8x4.png	assets/pokemon-animation-cards/hoenn-qa-f82782e362a59862/dex-318__form-00__gender-none__palette-normal__walk-8x4.png	assets/pokemon-animation-cards/hoenn-qa-f82782e362a59862/dex-318__form-00__gender-none__palette-normal__runtime.png	hoenn-original-trs-v1:pm0318_00:00:none:normal	8	2.6666667461395264	8	1.3333333730697632	256	256	16	3	241	253	128.2048	290.0510029328096	210	15	16	df6d2110a35f93348b2b8ec022c268f55f10fc73d4fba76363d26fc0c3657568	1a2b466faf9a0e52588467a77ba2df874633f38144ab2c6be3a038c791de8ba1	986dd523cb64c5174256b1504706e1d150c2ec61c6fa3d650f0f906998b7ca94	assets/pokemon-animation-cards/hoenn-qa-f82782e362a59862/dex-318__form-00__gender-none__palette-normal__qa-evidence.json	verified-render
318	carvanha	base	none	shiny	assets/pokemon-animation-cards/hoenn-qa-f82782e362a59862/dex-318__form-00__gender-none__palette-shiny__idle-8x4.png	assets/pokemon-animation-cards/hoenn-qa-f82782e362a59862/dex-318__form-00__gender-none__palette-shiny__walk-8x4.png	assets/pokemon-animation-cards/hoenn-qa-f82782e362a59862/dex-318__form-00__gender-none__palette-shiny__runtime.png	hoenn-original-trs-v1:pm0318_00:00:none:shiny	8	2.6666667461395264	8	1.3333333730697632	256	256	16	3	241	253	128.2048	290.0510029328096	210	15	16	1260168e7dccd6dc169c1616766dce98d31e2121727ca5d70cb38b5d684bdf48	f09277fef981532abab7d13d4b451309e25d98a4e81834e6bdac0b0defc0bea7	964de52ec89ccb37a566108623f1520bcb1a7f6c0dced0661c1b1b63076f1bd7	assets/pokemon-animation-cards/hoenn-qa-f82782e362a59862/dex-318__form-00__gender-none__palette-shiny__qa-evidence.json	verified-render
319	sharpedo	base	none	normal	assets/pokemon-animation-cards/hoenn-qa-f82782e362a59862/dex-319__form-00__gender-none__palette-normal__idle-8x4.png	assets/pokemon-animation-cards/hoenn-qa-f82782e362a59862/dex-319__form-00__gender-none__palette-normal__walk-8x4.png	assets/pokemon-animation-cards/hoenn-qa-f82782e362a59862/dex-319__form-00__gender-none__palette-normal__runtime.png	hoenn-original-trs-v1:pm0319_00:00:none:normal	8	2	8	1.6666667461395264	256	256	2	5	254	251	128	264.3984077333557	236	15	16	68b6a81fd4b9f4ab08090b82d6ca82e663d24c454323156683bec0560bfc6466	338b028950e78574723cfcea7b3e86cbe7ff0f1532b826a7c969f8be73bf8940	2ad85012d3b532578888eefefb289ad0ccec75cb7d15e0894e789bb37b379c62	assets/pokemon-animation-cards/hoenn-qa-f82782e362a59862/dex-319__form-00__gender-none__palette-normal__qa-evidence.json	verified-render
319	sharpedo	base	none	shiny	assets/pokemon-animation-cards/hoenn-qa-f82782e362a59862/dex-319__form-00__gender-none__palette-shiny__idle-8x4.png	assets/pokemon-animation-cards/hoenn-qa-f82782e362a59862/dex-319__form-00__gender-none__palette-shiny__walk-8x4.png	assets/pokemon-animation-cards/hoenn-qa-f82782e362a59862/dex-319__form-00__gender-none__palette-shiny__runtime.png	hoenn-original-trs-v1:pm0319_00:00:none:shiny	8	2	8	1.6666667461395264	256	256	2	5	254	251	128	264.3984077333557	236	15	16	cf533ff23c8057471811bc88be1ea2249f4c5854f66c33ba8bad01c038d6adcc	b92899dd2faee2e6df9185bff59e8f1ed9efd67029e2dd94e7e9fdb720b9b4d2	7fa7433d5bb12e6a07716cfdadfae5dc764904bce02079cb1e8d02f70e0f6124	assets/pokemon-animation-cards/hoenn-qa-f82782e362a59862/dex-319__form-00__gender-none__palette-shiny__qa-evidence.json	verified-render
320	wailmer	base	none	normal	assets/pokemon-animation-cards/hoenn-qa-f82782e362a59862/dex-320__form-00__gender-none__palette-normal__idle-8x4.png	assets/pokemon-animation-cards/hoenn-qa-f82782e362a59862/dex-320__form-00__gender-none__palette-normal__walk-8x4.png	assets/pokemon-animation-cards/hoenn-qa-f82782e362a59862/dex-320__form-00__gender-none__palette-normal__runtime.png	hoenn-original-trs-v1:pm0320_00:00:none:normal	8	2	8	1.6666667461395264	384	256	5	13	379	243	192	272.5738173260519	199	15	12	ec72ebbc76c1f40977d79ec359891c8b3b29fdc7aab5b1af348708998bac9a61	346a9562a6657238acaf23ded95044d3a10cd6b11b797f41c3d13ecbb76a16ff	d15242d3f59634dd5274b223616230c6b33c430bcf513557fb82c814e66e7b94	assets/pokemon-animation-cards/hoenn-qa-f82782e362a59862/dex-320__form-00__gender-none__palette-normal__qa-evidence.json	verified-render
320	wailmer	base	none	shiny	assets/pokemon-animation-cards/hoenn-qa-f82782e362a59862/dex-320__form-00__gender-none__palette-shiny__idle-8x4.png	assets/pokemon-animation-cards/hoenn-qa-f82782e362a59862/dex-320__form-00__gender-none__palette-shiny__walk-8x4.png	assets/pokemon-animation-cards/hoenn-qa-f82782e362a59862/dex-320__form-00__gender-none__palette-shiny__runtime.png	hoenn-original-trs-v1:pm0320_00:00:none:shiny	8	2	8	1.6666667461395264	384	256	5	13	379	243	192	272.5738173260519	199	15	12	7aa47c73eddcc5f85bedc104fdc72e6346560a833c4869ecb66be10a4983244f	513bf291c950b21db7dba742371c56c9e815bfbd8a8a8ea4cf14776c7e5e1877	b5b5214a6273147a7c7c7f0460ca529c30d79e6434c1f7a322ec8804215986c2	assets/pokemon-animation-cards/hoenn-qa-f82782e362a59862/dex-320__form-00__gender-none__palette-shiny__qa-evidence.json	verified-render
321	wailord	base	none	normal	assets/pokemon-animation-cards/hoenn-qa-f82782e362a59862/dex-321__form-00__gender-none__palette-normal__idle-8x4.png	assets/pokemon-animation-cards/hoenn-qa-f82782e362a59862/dex-321__form-00__gender-none__palette-normal__walk-8x4.png	assets/pokemon-animation-cards/hoenn-qa-f82782e362a59862/dex-321__form-00__gender-none__palette-normal__runtime.png	hoenn-original-trs-v1:pm0321_00:00:none:normal	8	4	8	4	384	256	5	41	379	215	192	211.00744284333757	169	15	11	bc14c95ac62c3c8e7289d938ad57f0095bd71b28107ce0dd2f047f6355b1a93b	8d922e54e00b7dfb5c4c9177322eb4f4155d93b999a9cb5f7be3f59e20ee03f9	7d6eba97e137e6e2d22ee7921026ba0addc4a1329923c534289b3f0dcfaf7323	assets/pokemon-animation-cards/hoenn-qa-f82782e362a59862/dex-321__form-00__gender-none__palette-normal__qa-evidence.json	verified-render
321	wailord	base	none	shiny	assets/pokemon-animation-cards/hoenn-qa-f82782e362a59862/dex-321__form-00__gender-none__palette-shiny__idle-8x4.png	assets/pokemon-animation-cards/hoenn-qa-f82782e362a59862/dex-321__form-00__gender-none__palette-shiny__walk-8x4.png	assets/pokemon-animation-cards/hoenn-qa-f82782e362a59862/dex-321__form-00__gender-none__palette-shiny__runtime.png	hoenn-original-trs-v1:pm0321_00:00:none:shiny	8	4	8	4	384	256	5	41	379	215	192	211.00744284333757	169	15	10	c4b0115796f424f81abe55af5cf3eafdc99bacb8633b0b520a6b03bcd400fe0a	2a42c0ffe972a5098e772671a89b22631bab4522d47801af5cb56bc7db66fe0f	307778d9c2950135422fcd24d7aa2bb32287fe975f622a05186bea1be717e04a	assets/pokemon-animation-cards/hoenn-qa-f82782e362a59862/dex-321__form-00__gender-none__palette-shiny__qa-evidence.json	verified-render
322	numel	base	male	normal	assets/pokemon-animation-cards/hoenn-qa-f82782e362a59862/dex-322__form-00__gender-male__palette-normal__idle-8x4.png	assets/pokemon-animation-cards/hoenn-qa-f82782e362a59862/dex-322__form-00__gender-male__palette-normal__walk-8x4.png	assets/pokemon-animation-cards/hoenn-qa-f82782e362a59862/dex-322__form-00__gender-male__palette-normal__runtime.png	hoenn-original-trs-v1:pm0322_00:00:male:normal	8	2	8	0.7666667103767395	256	256	2	29	254	227	128	210.72068732526674	194	15	16	d5619b43712d889784b780e22da3162eb504e73e495e286c4f4e57a7ed2c0690	0850931a5186b679a51b2e77d25d73a53c32591ca2f21d7588c91cb3b147d80c	80c829028c4857fbda59dc08c475591e03afe8c168aa8c3e9b1d22cba9944b1b	assets/pokemon-animation-cards/hoenn-qa-f82782e362a59862/dex-322__form-00__gender-male__palette-normal__qa-evidence.json	verified-render
322	numel	base	male	shiny	assets/pokemon-animation-cards/hoenn-qa-f82782e362a59862/dex-322__form-00__gender-male__palette-shiny__idle-8x4.png	assets/pokemon-animation-cards/hoenn-qa-f82782e362a59862/dex-322__form-00__gender-male__palette-shiny__walk-8x4.png	assets/pokemon-animation-cards/hoenn-qa-f82782e362a59862/dex-322__form-00__gender-male__palette-shiny__runtime.png	hoenn-original-trs-v1:pm0322_00:00:male:shiny	8	2	8	0.7666667103767395	256	256	2	29	254	227	128	210.72068732526674	194	15	16	43a94e9b055035708b095b535cd0e31ceff9592cddf46b86c6685c4b63654390	532a2d0552e808e738b1f249dcc095ce9724d20a7e71c0bade813a12be217448	e5208ecbc0f43a69a241bb493d41f5b8a70591683b4d094766bda43b1dcec709	assets/pokemon-animation-cards/hoenn-qa-f82782e362a59862/dex-322__form-00__gender-male__palette-shiny__qa-evidence.json	verified-render
323	camerupt	base	male	normal	assets/pokemon-animation-cards/hoenn-qa-f82782e362a59862/dex-323__form-00__gender-male__palette-normal__idle-8x4.png	assets/pokemon-animation-cards/hoenn-qa-f82782e362a59862/dex-323__form-00__gender-male__palette-normal__walk-8x4.png	assets/pokemon-animation-cards/hoenn-qa-f82782e362a59862/dex-323__form-00__gender-male__palette-normal__runtime.png	hoenn-original-trs-v1:pm0323_00:00:male:normal	8	2	8	1.3333333730697632	384	256	5	21	379	236	192	218.3903044220829	208	15	16	0614684e3f8d5adb912e177d005a2631ee05e6cd547a48ad891efe236dbd60fe	e0620b9785a1d22f49e3b1413f6bc38199bc92acf747ec8365fb7d28c80af673	b91fa1453bb6ea3cce5c74ed9ac2f8cbc93ff712d90c76d6ef02fe17ffbfde39	assets/pokemon-animation-cards/hoenn-qa-f82782e362a59862/dex-323__form-00__gender-male__palette-normal__qa-evidence.json	verified-render
323	camerupt	base	male	shiny	assets/pokemon-animation-cards/hoenn-qa-f82782e362a59862/dex-323__form-00__gender-male__palette-shiny__idle-8x4.png	assets/pokemon-animation-cards/hoenn-qa-f82782e362a59862/dex-323__form-00__gender-male__palette-shiny__walk-8x4.png	assets/pokemon-animation-cards/hoenn-qa-f82782e362a59862/dex-323__form-00__gender-male__palette-shiny__runtime.png	hoenn-original-trs-v1:pm0323_00:00:male:shiny	8	2	8	1.3333333730697632	384	256	5	21	379	236	192	218.3903044220829	208	15	16	4398974e269dd4b9a221f35c10baa1c85da091a3d7c4df6c3c148b0acd1f0788	6ae2735ae6d015f4a51015ab68e19108190d7cb8943ff10760c8875124281a42	54a215dd623fd147346c31bc940f4df626c23f9da0de4917c1ed050882591dd9	assets/pokemon-animation-cards/hoenn-qa-f82782e362a59862/dex-323__form-00__gender-male__palette-shiny__qa-evidence.json	verified-render
324	torkoal	base	none	normal	assets/pokemon-animation-cards/hoenn-qa-f82782e362a59862/dex-324__form-00__gender-none__palette-normal__idle-8x4.png	assets/pokemon-animation-cards/hoenn-qa-f82782e362a59862/dex-324__form-00__gender-none__palette-normal__walk-8x4.png	assets/pokemon-animation-cards/hoenn-qa-f82782e362a59862/dex-324__form-00__gender-none__palette-normal__runtime.png	hoenn-original-trs-v1:pm0324_00:00:none:normal	8	2.6666667461395264	8	2.3333334922790527	256	256	3	9	253	247	128	232.6861786212802	142.0210909131273	15	16	1d3a1fe6acb799c0966bfbb32cba3596249914fbb5f5aa2aa03a011194e82b90	5e7c5fee61428010cc5bd80123e6ac7634265bad18ea1550c26f4c7a1bb20602	7ad442f19b8da24376c2cedb8aec7afe522640cc89f50811a8ea93b86e98cb80	assets/pokemon-animation-cards/hoenn-qa-f82782e362a59862/dex-324__form-00__gender-none__palette-normal__qa-evidence.json	verified-render
324	torkoal	base	none	shiny	assets/pokemon-animation-cards/hoenn-qa-f82782e362a59862/dex-324__form-00__gender-none__palette-shiny__idle-8x4.png	assets/pokemon-animation-cards/hoenn-qa-f82782e362a59862/dex-324__form-00__gender-none__palette-shiny__walk-8x4.png	assets/pokemon-animation-cards/hoenn-qa-f82782e362a59862/dex-324__form-00__gender-none__palette-shiny__runtime.png	hoenn-original-trs-v1:pm0324_00:00:none:shiny	8	2.6666667461395264	8	2.3333334922790527	256	256	3	9	253	247	128	232.6861786212802	142.0210909131273	15	16	ebc573482e9041085fdee46cdb166417830cbf6e3f21583f6a490895326025f4	cf6b2e094ea1383d1b56c0d00bdd43145eaa90962aef68030d2282f11789d929	9ca1d88e8eadf2e838d7e100f36853f3b3eeb4c80b829a5a77f57aeebdb95841	assets/pokemon-animation-cards/hoenn-qa-f82782e362a59862/dex-324__form-00__gender-none__palette-shiny__qa-evidence.json	verified-render
325	spoink	base	none	normal	assets/pokemon-animation-cards/hoenn-qa-f82782e362a59862/dex-325__form-00__gender-none__palette-normal__idle-8x4.png	assets/pokemon-animation-cards/hoenn-qa-f82782e362a59862/dex-325__form-00__gender-none__palette-normal__walk-8x4.png	assets/pokemon-animation-cards/hoenn-qa-f82782e362a59862/dex-325__form-00__gender-none__palette-normal__runtime.png	hoenn-original-trs-v1:pm0325_00:00:none:normal	8	1	8	1	256	256	66	2	190	254	128.19783616692425	248.95848037168005	172	10	16	1b2aafb908e609e1c3115ac96da5f34716ad2b8d51e82ed2beb1f58744a7c292	f94113e4eb471f7724cc571e9736916db19ddc5b6908dd55405c008a7094ee35	6076cdcabc0d6bff28e143b8de47fe711617c862898a8c2c9cc22a316ec4f984	assets/pokemon-animation-cards/hoenn-qa-f82782e362a59862/dex-325__form-00__gender-none__palette-normal__qa-evidence.json	verified-render
325	spoink	base	none	shiny	assets/pokemon-animation-cards/hoenn-qa-f82782e362a59862/dex-325__form-00__gender-none__palette-shiny__idle-8x4.png	assets/pokemon-animation-cards/hoenn-qa-f82782e362a59862/dex-325__form-00__gender-none__palette-shiny__walk-8x4.png	assets/pokemon-animation-cards/hoenn-qa-f82782e362a59862/dex-325__form-00__gender-none__palette-shiny__runtime.png	hoenn-original-trs-v1:pm0325_00:00:none:shiny	8	1	8	1	256	256	66	2	190	254	128.19783616692425	248.95848037168005	172	10	16	93c36bfd9a145f93f4330107d4134811d0bc7016a0be94e645cee4378de35218	df512683befecdd05c7a6c683e3074ef6c79ea85f7bfaa6598a2394725debe64	744077bb7576bea54ad0662bfd92b615537328cbec03007c6e4026c57f0f59bd	assets/pokemon-animation-cards/hoenn-qa-f82782e362a59862/dex-325__form-00__gender-none__palette-shiny__qa-evidence.json	verified-render
326	grumpig	base	none	normal	assets/pokemon-animation-cards/hoenn-qa-f82782e362a59862/dex-326__form-00__gender-none__palette-normal__idle-8x4.png	assets/pokemon-animation-cards/hoenn-qa-f82782e362a59862/dex-326__form-00__gender-none__palette-normal__walk-8x4.png	assets/pokemon-animation-cards/hoenn-qa-f82782e362a59862/dex-326__form-00__gender-none__palette-normal__runtime.png	hoenn-original-trs-v1:pm0326_00:00:none:normal	8	1.6000001430511475	8	1	256	256	2	25	254	231	128	221.66886571012967	206	15	16	03a1be9172942b411055239310220ab312025cf3f7f8fb582c3087fcfdd58ba6	68ab7b1c8c0f35c6d4f91ca5e8a755e85598c603bbad3c142ca7ed3e5a11ce77	68beb2b167326726978d9c0bae538b656a20dc40fda8e97161e7d29cce5f6b6e	assets/pokemon-animation-cards/hoenn-qa-f82782e362a59862/dex-326__form-00__gender-none__palette-normal__qa-evidence.json	verified-render
326	grumpig	base	none	shiny	assets/pokemon-animation-cards/hoenn-qa-f82782e362a59862/dex-326__form-00__gender-none__palette-shiny__idle-8x4.png	assets/pokemon-animation-cards/hoenn-qa-f82782e362a59862/dex-326__form-00__gender-none__palette-shiny__walk-8x4.png	assets/pokemon-animation-cards/hoenn-qa-f82782e362a59862/dex-326__form-00__gender-none__palette-shiny__runtime.png	hoenn-original-trs-v1:pm0326_00:00:none:shiny	8	1.6000001430511475	8	1	256	256	2	25	254	231	128	221.66886571012967	206	15	16	90a9d98ecc41c340ec0d10ac5cb84d7655282b6f76825923e63b321c92ca8ddf	e567166cca0aa32a81ffb19bbd880aa8ab5e4c97292dadaf155c604227d5b2e1	e790d5219741a57faacefb7b41319b74badaf2b538b237d30924c3776d72bdff	assets/pokemon-animation-cards/hoenn-qa-f82782e362a59862/dex-326__form-00__gender-none__palette-shiny__qa-evidence.json	verified-render
327	spinda	base	none	normal	assets/pokemon-animation-cards/hoenn-qa-f82782e362a59862/dex-327__form-00__gender-none__palette-normal__idle-8x4.png	assets/pokemon-animation-cards/hoenn-qa-f82782e362a59862/dex-327__form-00__gender-none__palette-normal__walk-8x4.png	assets/pokemon-animation-cards/hoenn-qa-f82782e362a59862/dex-327__form-00__gender-none__palette-normal__runtime.png	hoenn-original-trs-v1:pm0327_00:00:none:normal	8	2.6666667461395264	8	1.6666667461395264	256	256	2	23	254	233	128	225.81102931563612	209	14	16	3d07c16e1d0a1141f9780296f5ab6fbd1c9ee01f35c848e3ba1c2d3e6b12936c	952531c22acc031b0f75273bca42bf7e1d5b28bdec02ff49043104a36c9d2c68	512415e94bd452f8ca23efe715566ec70685ad1d2a69b6caa230fff1bbef3050	assets/pokemon-animation-cards/hoenn-qa-f82782e362a59862/dex-327__form-00__gender-none__palette-normal__qa-evidence.json	verified-render
327	spinda	base	none	shiny	assets/pokemon-animation-cards/hoenn-qa-f82782e362a59862/dex-327__form-00__gender-none__palette-shiny__idle-8x4.png	assets/pokemon-animation-cards/hoenn-qa-f82782e362a59862/dex-327__form-00__gender-none__palette-shiny__walk-8x4.png	assets/pokemon-animation-cards/hoenn-qa-f82782e362a59862/dex-327__form-00__gender-none__palette-shiny__runtime.png	hoenn-original-trs-v1:pm0327_00:00:none:shiny	8	2.6666667461395264	8	1.6666667461395264	256	256	2	23	254	233	128	225.81102931563612	209	14	16	fe88ae584bda2fe59e106186f9d7bb054a67694e3a57f4c48356acccbeef210e	2c5389b37a99cc3e195e4a1f0728ee085301620186d372297c5535c5610597a1	56fc065e91ca503427a469322c93e6b72c4ff574897b1f7ed7d8e0cb8a432770	assets/pokemon-animation-cards/hoenn-qa-f82782e362a59862/dex-327__form-00__gender-none__palette-shiny__qa-evidence.json	verified-render
328	trapinch	base	none	normal	assets/pokemon-animation-cards/hoenn-qa-f82782e362a59862/dex-328__form-00__gender-none__palette-normal__idle-8x4.png	assets/pokemon-animation-cards/hoenn-qa-f82782e362a59862/dex-328__form-00__gender-none__palette-normal__walk-8x4.png	assets/pokemon-animation-cards/hoenn-qa-f82782e362a59862/dex-328__form-00__gender-none__palette-normal__runtime.png	hoenn-original-trs-v1:pm0328_00:00:none:normal	8	2.6666667461395264	8	1	384	256	5	34	379	223	192	211.79221587763806	181	15	16	e416df0cd2a220452d9606d2538968ce8d914ad73b786d1fa635bfa95d818ba2	bf31c9731382f8b8b3267b5e8c3a19560b07658394fc556db8476ba8df0e2f39	49a823fc084f9f5863bbfd5c54584c45912fefde986a095dd48be769397a3941	assets/pokemon-animation-cards/hoenn-qa-f82782e362a59862/dex-328__form-00__gender-none__palette-normal__qa-evidence.json	verified-render
328	trapinch	base	none	shiny	assets/pokemon-animation-cards/hoenn-qa-f82782e362a59862/dex-328__form-00__gender-none__palette-shiny__idle-8x4.png	assets/pokemon-animation-cards/hoenn-qa-f82782e362a59862/dex-328__form-00__gender-none__palette-shiny__walk-8x4.png	assets/pokemon-animation-cards/hoenn-qa-f82782e362a59862/dex-328__form-00__gender-none__palette-shiny__runtime.png	hoenn-original-trs-v1:pm0328_00:00:none:shiny	8	2.6666667461395264	8	1	384	256	5	34	379	223	192	211.79221587763806	181	15	16	83b84165edd30ddbc23871f5505c88da307bc11b13316c5dc312803c68bfe023	cb953f993e9442dbfc29d9aa16bb3c14f28a28542a88493bd71e500286d59dd3	546af115a130e22c0d72183f6f14a4af2ecd233906ad10c576f0e4b8bb98e39f	assets/pokemon-animation-cards/hoenn-qa-f82782e362a59862/dex-328__form-00__gender-none__palette-shiny__qa-evidence.json	verified-render
329	vibrava	base	none	normal	assets/pokemon-animation-cards/hoenn-qa-f82782e362a59862/dex-329__form-00__gender-none__palette-normal__idle-8x4.png	assets/pokemon-animation-cards/hoenn-qa-f82782e362a59862/dex-329__form-00__gender-none__palette-normal__walk-8x4.png	assets/pokemon-animation-cards/hoenn-qa-f82782e362a59862/dex-329__form-00__gender-none__palette-normal__runtime.png	hoenn-original-trs-v1:pm0329_00:00:none:normal	8	2.6666667461395264	8	2.6666667461395264	384	256	5	48	379	209	192	284.4483005620253	130	15	8	546462eee167501f67c3480d3aeec5d3dab7baede62e588df03f9bc613b377ca	090961f7287c73475a22302333d2e8e99268830c67bcd6d741eacb148bb59c7f	a5525044287e2062c7cbe30aa0738d2f6df165cf134a4132c1f46ac3f3b224bd	assets/pokemon-animation-cards/hoenn-qa-f82782e362a59862/dex-329__form-00__gender-none__palette-normal__qa-evidence.json	verified-render
329	vibrava	base	none	shiny	assets/pokemon-animation-cards/hoenn-qa-f82782e362a59862/dex-329__form-00__gender-none__palette-shiny__idle-8x4.png	assets/pokemon-animation-cards/hoenn-qa-f82782e362a59862/dex-329__form-00__gender-none__palette-shiny__walk-8x4.png	assets/pokemon-animation-cards/hoenn-qa-f82782e362a59862/dex-329__form-00__gender-none__palette-shiny__runtime.png	hoenn-original-trs-v1:pm0329_00:00:none:shiny	8	2.6666667461395264	8	2.6666667461395264	384	256	5	48	379	209	192	284.4483005620253	130	15	8	220cd84de636ebbf3e5155a6280903fceea5879a41707d82e5947ab3e8a04da1	d9825b4b3324fc24fc9dda312379ea5e96d2f21266cb5e927c4cc8defc8591cf	9f2c637316afada6e408abe92c7e57d46d09f907ca8cb9ecd89a0b5cb1eef526	assets/pokemon-animation-cards/hoenn-qa-f82782e362a59862/dex-329__form-00__gender-none__palette-shiny__qa-evidence.json	verified-render
330	flygon	base	none	normal	assets/pokemon-animation-cards/hoenn-qa-f82782e362a59862/dex-330__form-00__gender-none__palette-normal__idle-8x4.png	assets/pokemon-animation-cards/hoenn-qa-f82782e362a59862/dex-330__form-00__gender-none__palette-normal__walk-8x4.png	assets/pokemon-animation-cards/hoenn-qa-f82782e362a59862/dex-330__form-00__gender-none__palette-normal__runtime.png	hoenn-original-trs-v1:pm0330_00:00:none:normal	8	1.4666666984558105	8	1.4666666984558105	384	256	5	28	379	228	192	236.64522607744786	129.6856586666693	15	11	bf36703636bce6f2de87f95c57088a5c7759cfffc2ad3a89cae571946a7bc902	f1abe9c9d5ff82c21adb84896df3fad57c1cab0a5dd63bbbe84fc9b55c2532a0	dbd30715657793da3ba7ddb32854d0c5947c0c10aead124535fee5e555232c9a	assets/pokemon-animation-cards/hoenn-qa-f82782e362a59862/dex-330__form-00__gender-none__palette-normal__qa-evidence.json	verified-render
330	flygon	base	none	shiny	assets/pokemon-animation-cards/hoenn-qa-f82782e362a59862/dex-330__form-00__gender-none__palette-shiny__idle-8x4.png	assets/pokemon-animation-cards/hoenn-qa-f82782e362a59862/dex-330__form-00__gender-none__palette-shiny__walk-8x4.png	assets/pokemon-animation-cards/hoenn-qa-f82782e362a59862/dex-330__form-00__gender-none__palette-shiny__runtime.png	hoenn-original-trs-v1:pm0330_00:00:none:shiny	8	1.4666666984558105	8	1.4666666984558105	384	256	5	28	379	228	192	236.64522607744786	129.6856586666693	15	11	793eecb167c56cce117317ab146dfa4c5d301f7a48067ef145a400810fe2e4c1	fa1dcf5912c36042079f6bc4a8e883c39bc5ebd706d421ac186088776da0080f	4bc4ed10f4238e643a3dd1f0a1d202e42a3d4ba4e6d4d0a5e1094cf71a0cd6bd	assets/pokemon-animation-cards/hoenn-qa-f82782e362a59862/dex-330__form-00__gender-none__palette-shiny__qa-evidence.json	verified-render
331	cacnea	base	none	normal	assets/pokemon-animation-cards/hoenn-qa-f82782e362a59862/dex-331__form-00__gender-none__palette-normal__idle-8x4.png	assets/pokemon-animation-cards/hoenn-qa-f82782e362a59862/dex-331__form-00__gender-none__palette-normal__walk-8x4.png	assets/pokemon-animation-cards/hoenn-qa-f82782e362a59862/dex-331__form-00__gender-none__palette-normal__runtime.png	hoenn-original-trs-v1:pm0331_00:00:none:normal	8	1.6666667461395264	8	1	384	256	5	12	379	244	192	231.69317337418516	225	15	12	be1ad51142847ed796d251881782302f65faeaa2c58776314ffbd694a8bceae3	3773c016a774e2fe82e33faf7bc4b3fdd528bb74c62d06e2baef7556f429928d	100be1a409e808b93f83027ac3e029da9b6751bbf99520d39206f591e1b2cf21	assets/pokemon-animation-cards/hoenn-qa-f82782e362a59862/dex-331__form-00__gender-none__palette-normal__qa-evidence.json	verified-render
331	cacnea	base	none	shiny	assets/pokemon-animation-cards/hoenn-qa-f82782e362a59862/dex-331__form-00__gender-none__palette-shiny__idle-8x4.png	assets/pokemon-animation-cards/hoenn-qa-f82782e362a59862/dex-331__form-00__gender-none__palette-shiny__walk-8x4.png	assets/pokemon-animation-cards/hoenn-qa-f82782e362a59862/dex-331__form-00__gender-none__palette-shiny__runtime.png	hoenn-original-trs-v1:pm0331_00:00:none:shiny	8	1.6666667461395264	8	1	384	256	5	12	379	244	192	231.69317337418516	225	15	12	109dc0278a0323626001787c236970387461d5550a9aa2e5dc3966bcb46d1da7	0af8387ec9d2ed5e70cd59d4db369217d6b7e808efc42666bc825e42432b0cd6	1a94529add0f37fc4ec06c899c19ff27c2620e3c5fa055cb746d5f09022e45a4	assets/pokemon-animation-cards/hoenn-qa-f82782e362a59862/dex-331__form-00__gender-none__palette-shiny__qa-evidence.json	verified-render
332	cacturne	base	male	normal	assets/pokemon-animation-cards/hoenn-qa-f82782e362a59862/dex-332__form-00__gender-male__palette-normal__idle-8x4.png	assets/pokemon-animation-cards/hoenn-qa-f82782e362a59862/dex-332__form-00__gender-male__palette-normal__walk-8x4.png	assets/pokemon-animation-cards/hoenn-qa-f82782e362a59862/dex-332__form-00__gender-male__palette-normal__runtime.png	hoenn-original-trs-v1:pm0332_00:00:male:normal	8	2	8	1	256	256	8	3	248	254	128	244.373600617544	241	14	16	7e0900b0ee611a75582e616450d95314ea9fc38ed260cadf4d002e66d8a87ff2	36e0ff3df4511e853d68e6ed647a7384d4e924c86ac60562e0c13675c7a1b766	dff63a9218ca1e6cd7b7dd40f3d3dca3b04b0df5df505b030cb26c30599343d4	assets/pokemon-animation-cards/hoenn-qa-f82782e362a59862/dex-332__form-00__gender-male__palette-normal__qa-evidence.json	verified-render
332	cacturne	base	male	shiny	assets/pokemon-animation-cards/hoenn-qa-f82782e362a59862/dex-332__form-00__gender-male__palette-shiny__idle-8x4.png	assets/pokemon-animation-cards/hoenn-qa-f82782e362a59862/dex-332__form-00__gender-male__palette-shiny__walk-8x4.png	assets/pokemon-animation-cards/hoenn-qa-f82782e362a59862/dex-332__form-00__gender-male__palette-shiny__runtime.png	hoenn-original-trs-v1:pm0332_00:00:male:shiny	8	2	8	1	256	256	8	3	248	254	128	244.373600617544	241	14	16	7fde3349ddcc02df2d4e604d1c395cd2563e5e9fbff98d64a363c8a508c0fdda	2ba1d2359cf7c9f1bdb5bb3e65ec898cea765755d8b73d071bc4298be76a03fe	cd29a623aaf788d06ab39095b153e6e99d2106490ab69a03571f5eb80af72acc	assets/pokemon-animation-cards/hoenn-qa-f82782e362a59862/dex-332__form-00__gender-male__palette-shiny__qa-evidence.json	verified-render
333	swablu	base	none	normal	assets/pokemon-animation-cards/hoenn-qa-f82782e362a59862/dex-333__form-00__gender-none__palette-normal__idle-8x4.png	assets/pokemon-animation-cards/hoenn-qa-f82782e362a59862/dex-333__form-00__gender-none__palette-normal__walk-8x4.png	assets/pokemon-animation-cards/hoenn-qa-f82782e362a59862/dex-333__form-00__gender-none__palette-normal__runtime.png	hoenn-original-trs-v1:pm0333_00:00:none:normal	8	2.6666667461395264	8	2.6666667461395264	384	256	14	4	371	252	192.2700421940928	276.6356371482115	94.41254589336951	15	16	4f25ed3f8670d1164056a3bb0a9217283b3e2d50dcc3ab884718d8090e146400	6a873d59894270672b525061d466320a951eb0b7bbd33c35a75e971e35512430	c46c04634bf470b3a95ccda8a75fea401b44f2cdc44194924324e2762c093cae	assets/pokemon-animation-cards/hoenn-qa-f82782e362a59862/dex-333__form-00__gender-none__palette-normal__qa-evidence.json	verified-render
333	swablu	base	none	shiny	assets/pokemon-animation-cards/hoenn-qa-f82782e362a59862/dex-333__form-00__gender-none__palette-shiny__idle-8x4.png	assets/pokemon-animation-cards/hoenn-qa-f82782e362a59862/dex-333__form-00__gender-none__palette-shiny__walk-8x4.png	assets/pokemon-animation-cards/hoenn-qa-f82782e362a59862/dex-333__form-00__gender-none__palette-shiny__runtime.png	hoenn-original-trs-v1:pm0333_00:00:none:shiny	8	2.6666667461395264	8	2.6666667461395264	384	256	14	4	371	252	192.2700421940928	276.6356371482115	94.41254589336951	15	16	51346ec02e72d8cf33cd34341203e3b6a32978aaf7171aaeb8ec7c1643b63c22	694eec50cbcdacb127c25399ffb835d05c959a34a1fb422e0376c12496dcd01c	2254d473c22cb08b7e5bfea0af596192f64ba62da4b6e358c213f1a292b85680	assets/pokemon-animation-cards/hoenn-qa-f82782e362a59862/dex-333__form-00__gender-none__palette-shiny__qa-evidence.json	verified-render
334	altaria	base	none	normal	assets/pokemon-animation-cards/hoenn-qa-f82782e362a59862/dex-334__form-00__gender-none__palette-normal__idle-8x4.png	assets/pokemon-animation-cards/hoenn-qa-f82782e362a59862/dex-334__form-00__gender-none__palette-normal__walk-8x4.png	assets/pokemon-animation-cards/hoenn-qa-f82782e362a59862/dex-334__form-00__gender-none__palette-normal__runtime.png	hoenn-original-trs-v1:pm0334_00:00:none:normal	8	2	8	1.3333333730697632	256	256	2	17	254	239	128	261.37034371508645	106.58630993548466	15	13	6c68282a286e5c8767faf32dcdb5abb83f58c58cac7f6965a832339b997816de	2d677d02943658b6da1d8823fd2ab6067a3eb8b763a575db5c15af805196407e	c253be297a563a3354d84107e70d8a31d3174f1c016ef92f66b6504d59e96b29	assets/pokemon-animation-cards/hoenn-qa-f82782e362a59862/dex-334__form-00__gender-none__palette-normal__qa-evidence.json	verified-render
334	altaria	base	none	shiny	assets/pokemon-animation-cards/hoenn-qa-f82782e362a59862/dex-334__form-00__gender-none__palette-shiny__idle-8x4.png	assets/pokemon-animation-cards/hoenn-qa-f82782e362a59862/dex-334__form-00__gender-none__palette-shiny__walk-8x4.png	assets/pokemon-animation-cards/hoenn-qa-f82782e362a59862/dex-334__form-00__gender-none__palette-shiny__runtime.png	hoenn-original-trs-v1:pm0334_00:00:none:shiny	8	2	8	1.3333333730697632	256	256	2	17	254	239	128	261.37034371508645	106.58630993548466	15	13	cfc8ddd4e63f21c3c35feb1bda4ddadcb87fd9702ad50cc4acea1640fe66ba81	01427b4408c00966f3bbea8c37b59b84664209769832c92f41b63e49896fe032	7bd5083c596c6cc56baa418222e330d13a469cbe6ad75cd469923752c826eaa6	assets/pokemon-animation-cards/hoenn-qa-f82782e362a59862/dex-334__form-00__gender-none__palette-shiny__qa-evidence.json	verified-render
335	zangoose	base	none	normal	assets/pokemon-animation-cards/hoenn-qa-f82782e362a59862/dex-335__form-00__gender-none__palette-normal__idle-8x4.png	assets/pokemon-animation-cards/hoenn-qa-f82782e362a59862/dex-335__form-00__gender-none__palette-normal__walk-8x4.png	assets/pokemon-animation-cards/hoenn-qa-f82782e362a59862/dex-335__form-00__gender-none__palette-normal__runtime.png	hoenn-original-trs-v1:pm0335_00:00:none:normal	8	1.3333333730697632	8	1.0666667222976685	384	256	5	10	379	247	192	238.04990970463138	235	15	16	8be6edd0b6edfd1ee18db670deaa239e7ba281edaa62bf5bddb588321499be06	b3d8506b87314b3ff7503bb6391f98404da63fd1979b6531902c08e620d4d0ce	c02dbd6dc6a30c2cd0a738c0b723099687f274c1c9fef910c5697e559ad1063a	assets/pokemon-animation-cards/hoenn-qa-f82782e362a59862/dex-335__form-00__gender-none__palette-normal__qa-evidence.json	verified-render
335	zangoose	base	none	shiny	assets/pokemon-animation-cards/hoenn-qa-f82782e362a59862/dex-335__form-00__gender-none__palette-shiny__idle-8x4.png	assets/pokemon-animation-cards/hoenn-qa-f82782e362a59862/dex-335__form-00__gender-none__palette-shiny__walk-8x4.png	assets/pokemon-animation-cards/hoenn-qa-f82782e362a59862/dex-335__form-00__gender-none__palette-shiny__runtime.png	hoenn-original-trs-v1:pm0335_00:00:none:shiny	8	1.3333333730697632	8	1.0666667222976685	384	256	5	10	379	247	192	238.04990970463138	235	15	16	cc85d26d607aa2db0f288c1aef74ae6baf11c7ef65ac8c79eb838115e5d72fac	0bc9762a1a477987906e19c6753215b3b19f0de44f6dd3fc0eafb986d4832ada	311fe74de65c7429e54b2b7a441e18eb9b29d74541aa29e249b27f66ce810b08	assets/pokemon-animation-cards/hoenn-qa-f82782e362a59862/dex-335__form-00__gender-none__palette-shiny__qa-evidence.json	verified-render
336	seviper	base	none	normal	assets/pokemon-animation-cards/hoenn-qa-f82782e362a59862/dex-336__form-00__gender-none__palette-normal__idle-8x4.png	assets/pokemon-animation-cards/hoenn-qa-f82782e362a59862/dex-336__form-00__gender-none__palette-normal__walk-8x4.png	assets/pokemon-animation-cards/hoenn-qa-f82782e362a59862/dex-336__form-00__gender-none__palette-normal__runtime.png	hoenn-original-trs-v1:pm0336_00:00:none:normal	8	2	8	1.3333333730697632	384	256	5	37	379	219	192	202.3399272722816	165	10	16	d4badde6f3f8e6acdee70d03ffd00d9cdc7453e4d27e9d6616364a4c2647e4af	6cb2c666ea45ea48a24ae0cc283e6073f94adfaa3f0b249a060035ea158f7614	7c258f10b487b541a08170dd2001e142e5a865179c1d0e21033de1f9c65a42c2	assets/pokemon-animation-cards/hoenn-qa-f82782e362a59862/dex-336__form-00__gender-none__palette-normal__qa-evidence.json	verified-render
336	seviper	base	none	shiny	assets/pokemon-animation-cards/hoenn-qa-f82782e362a59862/dex-336__form-00__gender-none__palette-shiny__idle-8x4.png	assets/pokemon-animation-cards/hoenn-qa-f82782e362a59862/dex-336__form-00__gender-none__palette-shiny__walk-8x4.png	assets/pokemon-animation-cards/hoenn-qa-f82782e362a59862/dex-336__form-00__gender-none__palette-shiny__runtime.png	hoenn-original-trs-v1:pm0336_00:00:none:shiny	8	2	8	1.3333333730697632	384	256	5	37	379	219	192	202.3399272722816	165	10	16	8fcf6dc456be9aad8964111303f3a6253aadb321a204045297ba55959c9ffa44	85a4189c74508c306c0855274a8ef1bf5ca002e29203ac32b28f558cc0c5aee7	3fb71f18c6c9e4a7233326eebe2fb6fd38c5f1d1479371a5350529266df08509	assets/pokemon-animation-cards/hoenn-qa-f82782e362a59862/dex-336__form-00__gender-none__palette-shiny__qa-evidence.json	verified-render
337	lunatone	base	none	normal	assets/pokemon-animation-cards/hoenn-qa-f82782e362a59862/dex-337__form-00__gender-none__palette-normal__idle-8x4.png	assets/pokemon-animation-cards/hoenn-qa-f82782e362a59862/dex-337__form-00__gender-none__palette-normal__walk-8x4.png	assets/pokemon-animation-cards/hoenn-qa-f82782e362a59862/dex-337__form-00__gender-none__palette-normal__runtime.png	hoenn-original-trs-v1:pm0337_00:00:none:normal	8	3.000000238418579	8	2	256	256	25	3	232	254	128.2061191626409	329.36918892491707	208	15	16	fc30181dbd18c03358ddbf58a41cd4137ce53c09c43ceea37ebd6c1ff0d3db1b	0569591dd4c2121e3c8781752c3c2ad911fbb05481928268c89edec63b766283	66966d512a556ffb1f98a2c9c86fa3355cc8bf58195ef53e851bdae6c5f54ff4	assets/pokemon-animation-cards/hoenn-qa-f82782e362a59862/dex-337__form-00__gender-none__palette-normal__qa-evidence.json	verified-render
337	lunatone	base	none	shiny	assets/pokemon-animation-cards/hoenn-qa-f82782e362a59862/dex-337__form-00__gender-none__palette-shiny__idle-8x4.png	assets/pokemon-animation-cards/hoenn-qa-f82782e362a59862/dex-337__form-00__gender-none__palette-shiny__walk-8x4.png	assets/pokemon-animation-cards/hoenn-qa-f82782e362a59862/dex-337__form-00__gender-none__palette-shiny__runtime.png	hoenn-original-trs-v1:pm0337_00:00:none:shiny	8	3.000000238418579	8	2	256	256	25	3	232	254	128.2061191626409	329.36918892491707	208	15	16	ce3443800c95c5572252f4afc92951e86635b225ae786ba49e548a64b2dbeba1	350a94ccfbc18ebb8d58af82c0471d2e20384acc8925dc2a31062336e6b5b9ca	83750e2ab490bae845799b55c4d394ac9fb4e99dbaf59766d6365e0852c5305c	assets/pokemon-animation-cards/hoenn-qa-f82782e362a59862/dex-337__form-00__gender-none__palette-shiny__qa-evidence.json	verified-render
338	solrock	base	none	normal	assets/pokemon-animation-cards/hoenn-qa-f82782e362a59862/dex-338__form-00__gender-none__palette-normal__idle-8x4.png	assets/pokemon-animation-cards/hoenn-qa-f82782e362a59862/dex-338__form-00__gender-none__palette-normal__walk-8x4.png	assets/pokemon-animation-cards/hoenn-qa-f82782e362a59862/dex-338__form-00__gender-none__palette-normal__runtime.png	hoenn-original-trs-v1:pm0338_00:00:none:normal	8	3.000000238418579	8	2	256	256	2	21	254	235	128	296.7784917691988	208	15	16	1b1850383c0957d3b3962681c6c2b5d382509fc1e9db5b983df73b8a9d552a32	d77aac49434c3f8941560967a9d5b8f42887ba734c80062746f228601d1ab390	9f1c9be4c64f5baea080387f60ad6a9dbec13cfa5e0cf53019bc8b565bbd3b29	assets/pokemon-animation-cards/hoenn-qa-f82782e362a59862/dex-338__form-00__gender-none__palette-normal__qa-evidence.json	verified-render
338	solrock	base	none	shiny	assets/pokemon-animation-cards/hoenn-qa-f82782e362a59862/dex-338__form-00__gender-none__palette-shiny__idle-8x4.png	assets/pokemon-animation-cards/hoenn-qa-f82782e362a59862/dex-338__form-00__gender-none__palette-shiny__walk-8x4.png	assets/pokemon-animation-cards/hoenn-qa-f82782e362a59862/dex-338__form-00__gender-none__palette-shiny__runtime.png	hoenn-original-trs-v1:pm0338_00:00:none:shiny	8	3.000000238418579	8	2	256	256	2	21	254	235	128	296.7784917691988	208	15	16	1a5e83422bf30e8cedc85fa82c1b5c22d69f9b162e454fe3aa0a7c3de2d4cf71	4c35dfe300c9658eea2348ce164c5a0afd298899b54dd4ba66e65498352b8434	bf6f98fa14e4286f3cb516d27ecbe3f2b077cafbf98a29a0103ec41f812f0d85	assets/pokemon-animation-cards/hoenn-qa-f82782e362a59862/dex-338__form-00__gender-none__palette-shiny__qa-evidence.json	verified-render
339	barboach	base	none	normal	assets/pokemon-animation-cards/hoenn-qa-f82782e362a59862/dex-339__form-00__gender-none__palette-normal__idle-8x4.png	assets/pokemon-animation-cards/hoenn-qa-f82782e362a59862/dex-339__form-00__gender-none__palette-normal__walk-8x4.png	assets/pokemon-animation-cards/hoenn-qa-f82782e362a59862/dex-339__form-00__gender-none__palette-normal__runtime.png	hoenn-original-trs-v1:pm0339_00:00:none:normal	8	2	8	2	256	256	30	2	226	254	127.99999999999999	397.45131009007974	109	15	16	3208f13fc2466f78fb3ea8a925d3b22ed9dacd4bbff4ae950adbb1f555b02891	80c50e54e1894023464bb9e314659875a8dca4ba72aacd3e3edcec8541eb74d7	72cf8ddc8eb50036a8b80a78dc5e87fcbcd402084e33b860f2c42790458ece42	assets/pokemon-animation-cards/hoenn-qa-f82782e362a59862/dex-339__form-00__gender-none__palette-normal__qa-evidence.json	verified-render
339	barboach	base	none	shiny	assets/pokemon-animation-cards/hoenn-qa-f82782e362a59862/dex-339__form-00__gender-none__palette-shiny__idle-8x4.png	assets/pokemon-animation-cards/hoenn-qa-f82782e362a59862/dex-339__form-00__gender-none__palette-shiny__walk-8x4.png	assets/pokemon-animation-cards/hoenn-qa-f82782e362a59862/dex-339__form-00__gender-none__palette-shiny__runtime.png	hoenn-original-trs-v1:pm0339_00:00:none:shiny	8	2	8	2	256	256	30	2	226	254	127.99999999999999	397.45131009007974	109	15	16	b7e0e41f4afa85f4da4f2870be4d92c4b347c39ec4b9e1b44b6309a57f400bbe	eb21b3c568b81b1a9745b5ff4bc6a7fe8c8c7ee3ce7adac4e9a4999e677d81dd	853ed382da2168aafc3e9468d2a8ea13001d360409321c4c84db1375174680ce	assets/pokemon-animation-cards/hoenn-qa-f82782e362a59862/dex-339__form-00__gender-none__palette-shiny__qa-evidence.json	verified-render
340	whiscash	base	none	normal	assets/pokemon-animation-cards/hoenn-qa-f82782e362a59862/dex-340__form-00__gender-none__palette-normal__idle-8x4.png	assets/pokemon-animation-cards/hoenn-qa-f82782e362a59862/dex-340__form-00__gender-none__palette-normal__walk-8x4.png	assets/pokemon-animation-cards/hoenn-qa-f82782e362a59862/dex-340__form-00__gender-none__palette-normal__runtime.png	hoenn-original-trs-v1:pm0340_00:00:none:normal	8	1.9666668176651	8	1.3333333730697632	384	256	5	21	380	235	192.28444444444443	320.2571949159776	196	15	10	a0e54b67a06f205ba38a938c41bcec9611b31686ca20c711ab4e656d6b259701	bf872669af903c1260c595e3c4d889b75b9a177b9fb72913f1898692410e4e0f	4b9f27a1244840db138af7343718e9e77b598e6744ce656e28b933d116bca0db	assets/pokemon-animation-cards/hoenn-qa-f82782e362a59862/dex-340__form-00__gender-none__palette-normal__qa-evidence.json	verified-render
340	whiscash	base	none	shiny	assets/pokemon-animation-cards/hoenn-qa-f82782e362a59862/dex-340__form-00__gender-none__palette-shiny__idle-8x4.png	assets/pokemon-animation-cards/hoenn-qa-f82782e362a59862/dex-340__form-00__gender-none__palette-shiny__walk-8x4.png	assets/pokemon-animation-cards/hoenn-qa-f82782e362a59862/dex-340__form-00__gender-none__palette-shiny__runtime.png	hoenn-original-trs-v1:pm0340_00:00:none:shiny	8	1.9666668176651	8	1.3333333730697632	384	256	5	21	380	235	192.28444444444443	320.2571949159776	196	15	10	a6901e12007f7490f047c1af01f41bbbfb9e9509870cad10cf587272e1134ebb	65ddd8e1bafecf628e866478799ece37380c8c228ce279b40d6c5c3b204fb872	139d13a9a8dd443df2c7c7d9f279e0415731e763b1c5ee20a75466498142b843	assets/pokemon-animation-cards/hoenn-qa-f82782e362a59862/dex-340__form-00__gender-none__palette-shiny__qa-evidence.json	verified-render
341	corphish	base	none	normal	assets/pokemon-animation-cards/hoenn-qa-f82782e362a59862/dex-341__form-00__gender-none__palette-normal__idle-8x4.png	assets/pokemon-animation-cards/hoenn-qa-f82782e362a59862/dex-341__form-00__gender-none__palette-normal__walk-8x4.png	assets/pokemon-animation-cards/hoenn-qa-f82782e362a59862/dex-341__form-00__gender-none__palette-normal__runtime.png	hoenn-original-trs-v1:pm0341_00:00:none:normal	8	1.2000000476837158	8	1	256	256	2	15	254	241	128	227.59170936334294	224	15	13	c705c412e504429dc1c63b20052d2bd2be6fda44684f330dfdd00eafa15dd214	979a1b26ead33dfd383bada68c1eabfbc4dd02fb4510520e482ecd52d97ea845	a42a8e414f42642de33677ea7e555da7f6a498d15eee6798f4d59478294ad2a5	assets/pokemon-animation-cards/hoenn-qa-f82782e362a59862/dex-341__form-00__gender-none__palette-normal__qa-evidence.json	verified-render
341	corphish	base	none	shiny	assets/pokemon-animation-cards/hoenn-qa-f82782e362a59862/dex-341__form-00__gender-none__palette-shiny__idle-8x4.png	assets/pokemon-animation-cards/hoenn-qa-f82782e362a59862/dex-341__form-00__gender-none__palette-shiny__walk-8x4.png	assets/pokemon-animation-cards/hoenn-qa-f82782e362a59862/dex-341__form-00__gender-none__palette-shiny__runtime.png	hoenn-original-trs-v1:pm0341_00:00:none:shiny	8	1.2000000476837158	8	1	256	256	2	15	254	241	128	227.59170936334294	224	15	13	460c18aff7c883b3d7f57cc3d46d5927ad24695785df56fe383d37866279e053	ae3be298d3c590d7c434ad536033bafc3a92b72731f65e59a5a9b82ad46317ba	577bd5c5feb72b979f3bcf3174271105a29ad17c782a409fcbc1c4c232d69fd4	assets/pokemon-animation-cards/hoenn-qa-f82782e362a59862/dex-341__form-00__gender-none__palette-shiny__qa-evidence.json	verified-render
342	crawdaunt	base	none	normal	assets/pokemon-animation-cards/hoenn-qa-f82782e362a59862/dex-342__form-00__gender-none__palette-normal__idle-8x4.png	assets/pokemon-animation-cards/hoenn-qa-f82782e362a59862/dex-342__form-00__gender-none__palette-normal__walk-8x4.png	assets/pokemon-animation-cards/hoenn-qa-f82782e362a59862/dex-342__form-00__gender-none__palette-normal__runtime.png	hoenn-original-trs-v1:pm0342_00:00:none:normal	8	2.4000000953674316	8	1	384	256	5	15	379	241	192	227.48490138407413	214	15	12	f34049c08d8f3604209618943b6e3d0ae76bd410791d819f6751bacc5cdaa37e	daba6e35eef056335bdd0187884805de9d498deec7aca54c623d3206191b4b7d	36be64f1f7b1f1e4986c8b69d0fc6890ff2ac4f7cfae1ffdd9c464685dc12671	assets/pokemon-animation-cards/hoenn-qa-f82782e362a59862/dex-342__form-00__gender-none__palette-normal__qa-evidence.json	verified-render
342	crawdaunt	base	none	shiny	assets/pokemon-animation-cards/hoenn-qa-f82782e362a59862/dex-342__form-00__gender-none__palette-shiny__idle-8x4.png	assets/pokemon-animation-cards/hoenn-qa-f82782e362a59862/dex-342__form-00__gender-none__palette-shiny__walk-8x4.png	assets/pokemon-animation-cards/hoenn-qa-f82782e362a59862/dex-342__form-00__gender-none__palette-shiny__runtime.png	hoenn-original-trs-v1:pm0342_00:00:none:shiny	8	2.4000000953674316	8	1	384	256	5	15	379	241	192	227.48490138407413	214	15	12	5d73b322296b2f58b5aff834e799fb303f0d6aec295191d4e39cd5aae5e9d3cc	9ba668c5e65802a3ffbafb7817e68085d1babc9356c31cd4c61388103d732c0d	633bff5e46c0569df5eee7fd7d679f7492bbcf6b273a8d6628bf4a09634287c5	assets/pokemon-animation-cards/hoenn-qa-f82782e362a59862/dex-342__form-00__gender-none__palette-shiny__qa-evidence.json	verified-render
343	baltoy	base	none	normal	assets/pokemon-animation-cards/hoenn-qa-f82782e362a59862/dex-343__form-00__gender-none__palette-normal__idle-8x4.png	assets/pokemon-animation-cards/hoenn-qa-f82782e362a59862/dex-343__form-00__gender-none__palette-normal__walk-8x4.png	assets/pokemon-animation-cards/hoenn-qa-f82782e362a59862/dex-343__form-00__gender-none__palette-normal__runtime.png	hoenn-original-trs-v1:pm0343_00:00:none:normal	8	2	8	1	256	256	3	7	253	249	128	246.38006476254452	197	15	16	a0d50586878eb2dde469e20b220b49944723fc140dc613ceb5779bddb9b9ea8f	387f246fc1a9125d609ad265cc5385c13eac74217be496a2972da93a92633ec7	d053aed30144fdc59828f84e6fc15baec7087ed138b75595d5c6b8d41c45bb90	assets/pokemon-animation-cards/hoenn-qa-f82782e362a59862/dex-343__form-00__gender-none__palette-normal__qa-evidence.json	verified-render
343	baltoy	base	none	shiny	assets/pokemon-animation-cards/hoenn-qa-f82782e362a59862/dex-343__form-00__gender-none__palette-shiny__idle-8x4.png	assets/pokemon-animation-cards/hoenn-qa-f82782e362a59862/dex-343__form-00__gender-none__palette-shiny__walk-8x4.png	assets/pokemon-animation-cards/hoenn-qa-f82782e362a59862/dex-343__form-00__gender-none__palette-shiny__runtime.png	hoenn-original-trs-v1:pm0343_00:00:none:shiny	8	2	8	1	256	256	3	7	253	249	128	246.38006476254452	197	15	16	0e4e17a694fa5a5a94d9c88a97165975c377b9c245aa6852287b8dcbc2f7b245	4fc56cb5901ece089a35bbd5c14a9d6fec512f4b2253d325d21e0777fd04cea5	4b2d0c6d8a3776e45657f344ef43adb76806a3fa455984d1c003bc7ff9e986a8	assets/pokemon-animation-cards/hoenn-qa-f82782e362a59862/dex-343__form-00__gender-none__palette-shiny__qa-evidence.json	verified-render
344	claydol	base	none	normal	assets/pokemon-animation-cards/hoenn-qa-f82782e362a59862/dex-344__form-00__gender-none__palette-normal__idle-8x4.png	assets/pokemon-animation-cards/hoenn-qa-f82782e362a59862/dex-344__form-00__gender-none__palette-normal__walk-8x4.png	assets/pokemon-animation-cards/hoenn-qa-f82782e362a59862/dex-344__form-00__gender-none__palette-normal__runtime.png	hoenn-original-trs-v1:pm0344_00:00:none:normal	8	2.6666667461395264	8	1.6666667461395264	256	256	21	2	235	253	128.2048	291.2687600818448	231	15	16	cea729ce572d64597c6bb0eac037e1b2b85da4f59e07a3639129eee82aa0cb60	775e10141c5fcaf3752f552c4a71880c6a4db7265fad2878750eddf73f60ebe5	23b3a92fa0d5e034a2f1d9bf51b5f24c7815c8de7f7c302a61cadb23c1338387	assets/pokemon-animation-cards/hoenn-qa-f82782e362a59862/dex-344__form-00__gender-none__palette-normal__qa-evidence.json	verified-render
344	claydol	base	none	shiny	assets/pokemon-animation-cards/hoenn-qa-f82782e362a59862/dex-344__form-00__gender-none__palette-shiny__idle-8x4.png	assets/pokemon-animation-cards/hoenn-qa-f82782e362a59862/dex-344__form-00__gender-none__palette-shiny__walk-8x4.png	assets/pokemon-animation-cards/hoenn-qa-f82782e362a59862/dex-344__form-00__gender-none__palette-shiny__runtime.png	hoenn-original-trs-v1:pm0344_00:00:none:shiny	8	2.6666667461395264	8	1.6666667461395264	256	256	21	2	235	253	128.2048	291.2687600818448	231	15	16	2df57b52a3cca3e428550059980e8845b039e77939d0c4d98577ee46189012d5	ce8b4b19b8adb68a227859fb7910bb0f6511f1f2f34f4dd282520e188ddb0358	5cde048798653a7cca33c048def0fe6be6a951dd4959a482a44d52940337816a	assets/pokemon-animation-cards/hoenn-qa-f82782e362a59862/dex-344__form-00__gender-none__palette-shiny__qa-evidence.json	verified-render
345	lileep	base	none	normal	assets/pokemon-animation-cards/hoenn-qa-f82782e362a59862/dex-345__form-00__gender-none__palette-normal__idle-8x4.png	assets/pokemon-animation-cards/hoenn-qa-f82782e362a59862/dex-345__form-00__gender-none__palette-normal__walk-8x4.png	assets/pokemon-animation-cards/hoenn-qa-f82782e362a59862/dex-345__form-00__gender-none__palette-normal__runtime.png	hoenn-original-trs-v1:pm0345_00:00:none:normal	8	3.3333334922790527	8	1.3333333730697632	256	256	2	26	254	230	128	221.701435789355	203	15	16	8f06b2be86d43a82e008f2772824248747ec955a7c5252e950b2bf47e01022e7	ee2885be16abcd1302ffc62febd86d5f9faca99fe64e3caf8e71970301622826	13911604adf5480886d6d6a52c7ff1030b643e3380f5eda0f4ba9086572b2309	assets/pokemon-animation-cards/hoenn-qa-f82782e362a59862/dex-345__form-00__gender-none__palette-normal__qa-evidence.json	verified-render
345	lileep	base	none	shiny	assets/pokemon-animation-cards/hoenn-qa-f82782e362a59862/dex-345__form-00__gender-none__palette-shiny__idle-8x4.png	assets/pokemon-animation-cards/hoenn-qa-f82782e362a59862/dex-345__form-00__gender-none__palette-shiny__walk-8x4.png	assets/pokemon-animation-cards/hoenn-qa-f82782e362a59862/dex-345__form-00__gender-none__palette-shiny__runtime.png	hoenn-original-trs-v1:pm0345_00:00:none:shiny	8	3.3333334922790527	8	1.3333333730697632	256	256	2	26	254	230	128	221.701435789355	203	15	16	f42d92f57d533b561dbd1788460e99a1b3eca744d0fc771376a021e323feed5d	41be0b3bff62db71c2b418a24e6a1ac9688fb3c42df21b6afc73e53c09c5309d	852c0f712b9288bd7522b2b28d9dc5f0829d779be523540e309db2ca9c94aa05	assets/pokemon-animation-cards/hoenn-qa-f82782e362a59862/dex-345__form-00__gender-none__palette-shiny__qa-evidence.json	verified-render
346	cradily	base	none	normal	assets/pokemon-animation-cards/hoenn-qa-f82782e362a59862/dex-346__form-00__gender-none__palette-normal__idle-8x4.png	assets/pokemon-animation-cards/hoenn-qa-f82782e362a59862/dex-346__form-00__gender-none__palette-normal__walk-8x4.png	assets/pokemon-animation-cards/hoenn-qa-f82782e362a59862/dex-346__form-00__gender-none__palette-normal__runtime.png	hoenn-original-trs-v1:pm0346_00:00:none:normal	8	2	8	4	256	256	2	6	254	250	128.00000000000003	239.7368380291562	244	13	16	354d0a877726be82365f7107e8e18c0ad28249777fca3b3607ef9737105e6c41	39eedc7dddf5398221ced1ebe4f0963fdc165aa1dc2dbd8fd7ed7593095d8382	4cf607e32e0aa3cad8e9ea411891c46bda59464867a2f75a7860e0d7fb1cbf6f	assets/pokemon-animation-cards/hoenn-qa-f82782e362a59862/dex-346__form-00__gender-none__palette-normal__qa-evidence.json	verified-render
346	cradily	base	none	shiny	assets/pokemon-animation-cards/hoenn-qa-f82782e362a59862/dex-346__form-00__gender-none__palette-shiny__idle-8x4.png	assets/pokemon-animation-cards/hoenn-qa-f82782e362a59862/dex-346__form-00__gender-none__palette-shiny__walk-8x4.png	assets/pokemon-animation-cards/hoenn-qa-f82782e362a59862/dex-346__form-00__gender-none__palette-shiny__runtime.png	hoenn-original-trs-v1:pm0346_00:00:none:shiny	8	2	8	4	256	256	2	6	254	250	128.00000000000003	239.7368380291562	244	13	16	e87a8f2454335589265a6a0a2bf608632763e145f55735d558edfa2138ebe8ab	68f5d31ccd8be0158e470d4e761cbb64d6b79adc536436f4346c42e60dfe5425	50fa025c548ed4968a18154f10bc91058c14eb36db96f91d0aec3385145a5287	assets/pokemon-animation-cards/hoenn-qa-f82782e362a59862/dex-346__form-00__gender-none__palette-shiny__qa-evidence.json	verified-render
347	anorith	base	none	normal	assets/pokemon-animation-cards/hoenn-qa-f82782e362a59862/dex-347__form-00__gender-none__palette-normal__idle-8x4.png	assets/pokemon-animation-cards/hoenn-qa-f82782e362a59862/dex-347__form-00__gender-none__palette-normal__walk-8x4.png	assets/pokemon-animation-cards/hoenn-qa-f82782e362a59862/dex-347__form-00__gender-none__palette-normal__runtime.png	hoenn-original-trs-v1:pm0347_00:00:none:normal	8	2	8	0.6666666865348816	384	256	5	21	380	235	192.28444444444443	211.0607138129563	208	15	9	81b2497425ee4dda1fefb99997dfd20cf78a6321ff0cd4201f4420c684279e84	49c764f336c56e8c712bc8dd94970172aa31800a16b0201cbde5527daf460df2	53645a462c300ca086d295d20bb25538bd67ead8abb7bcbec78b6b57bc6f1c33	assets/pokemon-animation-cards/hoenn-qa-f82782e362a59862/dex-347__form-00__gender-none__palette-normal__qa-evidence.json	verified-render
347	anorith	base	none	shiny	assets/pokemon-animation-cards/hoenn-qa-f82782e362a59862/dex-347__form-00__gender-none__palette-shiny__idle-8x4.png	assets/pokemon-animation-cards/hoenn-qa-f82782e362a59862/dex-347__form-00__gender-none__palette-shiny__walk-8x4.png	assets/pokemon-animation-cards/hoenn-qa-f82782e362a59862/dex-347__form-00__gender-none__palette-shiny__runtime.png	hoenn-original-trs-v1:pm0347_00:00:none:shiny	8	2	8	0.6666666865348816	384	256	5	21	380	235	192.28444444444443	211.0607138129563	208	15	9	a87b6948a915e3e85ca6df18b70cb7f25d3ba5ecc5da8ef2049249cecd5c2da1	e4d5f47e3e998408d13fbc4b7ecdb999e0dba56c59dcbee5b31f1c9f4df97822	6e6fdd60251c92ccd7e268d0b2c0bad4511057a71d3f70b49edff5319f12d727	assets/pokemon-animation-cards/hoenn-qa-f82782e362a59862/dex-347__form-00__gender-none__palette-shiny__qa-evidence.json	verified-render
348	armaldo	base	none	normal	assets/pokemon-animation-cards/hoenn-qa-f82782e362a59862/dex-348__form-00__gender-none__palette-normal__idle-8x4.png	assets/pokemon-animation-cards/hoenn-qa-f82782e362a59862/dex-348__form-00__gender-none__palette-normal__walk-8x4.png	assets/pokemon-animation-cards/hoenn-qa-f82782e362a59862/dex-348__form-00__gender-none__palette-normal__runtime.png	hoenn-original-trs-v1:pm0348_00:00:none:normal	8	2	8	1.5000001192092896	384	256	5	25	379	231	192	216.51719601143174	184	15	16	d3dd66a493777eb3b7c72e13dc29258807e1b4433c8c6cabe1898f0fbefca904	96351526c406950d4e68f39bd31a3b9af071d107741ad7c378775cfffd478026	f5cc447f3ec4f75e732e0cb5d36143a30ebcda0b43b2f58a0a94c5e58ba8d776	assets/pokemon-animation-cards/hoenn-qa-f82782e362a59862/dex-348__form-00__gender-none__palette-normal__qa-evidence.json	verified-render
348	armaldo	base	none	shiny	assets/pokemon-animation-cards/hoenn-qa-f82782e362a59862/dex-348__form-00__gender-none__palette-shiny__idle-8x4.png	assets/pokemon-animation-cards/hoenn-qa-f82782e362a59862/dex-348__form-00__gender-none__palette-shiny__walk-8x4.png	assets/pokemon-animation-cards/hoenn-qa-f82782e362a59862/dex-348__form-00__gender-none__palette-shiny__runtime.png	hoenn-original-trs-v1:pm0348_00:00:none:shiny	8	2	8	1.5000001192092896	384	256	5	25	379	231	192	216.51719601143174	184	15	16	8c456d31d150cc5da3a0c85cba54fd335c899ee1f99566e39f84a0d0bd181f2c	f7a2aaabc25192626e848ec9492eae9238ab893c217833e19ffee5d98cbff127	10a9011d03bef7e78de4e025d9941c15492b2447fdc1572c0e42b055b4ede129	assets/pokemon-animation-cards/hoenn-qa-f82782e362a59862/dex-348__form-00__gender-none__palette-shiny__qa-evidence.json	verified-render
349	feebas	base	none	normal	assets/pokemon-animation-cards/hoenn-qa-f82782e362a59862/dex-349__form-00__gender-none__palette-normal__idle-8x4.png	assets/pokemon-animation-cards/hoenn-qa-f82782e362a59862/dex-349__form-00__gender-none__palette-normal__walk-8x4.png	assets/pokemon-animation-cards/hoenn-qa-f82782e362a59862/dex-349__form-00__gender-none__palette-normal__runtime.png	hoenn-original-trs-v1:pm0349_00:00:none:normal	8	2	8	1.100000023841858	256	256	7	3	249	254	128.20094191522765	325.5828371264221	185	15	16	3236432f84b02b3d6fd4a59f148190303c2a91d3edd2c6be2cd0c685f3bd9130	14bcf2b556b8fb2434e31a9e493daa94699f98bd76baa8c84dd02c80c8b9b29a	4788bb12817376dec4110b89790d2c370ef8ef2ba969e47b52d75a8874c8b691	assets/pokemon-animation-cards/hoenn-qa-f82782e362a59862/dex-349__form-00__gender-none__palette-normal__qa-evidence.json	verified-render
349	feebas	base	none	shiny	assets/pokemon-animation-cards/hoenn-qa-f82782e362a59862/dex-349__form-00__gender-none__palette-shiny__idle-8x4.png	assets/pokemon-animation-cards/hoenn-qa-f82782e362a59862/dex-349__form-00__gender-none__palette-shiny__walk-8x4.png	assets/pokemon-animation-cards/hoenn-qa-f82782e362a59862/dex-349__form-00__gender-none__palette-shiny__runtime.png	hoenn-original-trs-v1:pm0349_00:00:none:shiny	8	2	8	1.100000023841858	256	256	7	3	249	254	128.20094191522765	325.5828371264221	185	15	16	a4be02e4d0c3c4db3cf7950fa0d7937747cfbdca3a834b7811b1b2b018dab7af	6dec29a42aa88b9900172ac1ac22bf7352ea80c8c05041bd3111344ef6210b98	1acaf9f1b07c6943447a90fc6cf41eac10aade85701c0930ac3752b045b61e7c	assets/pokemon-animation-cards/hoenn-qa-f82782e362a59862/dex-349__form-00__gender-none__palette-shiny__qa-evidence.json	verified-render
350	milotic	base	male	normal	assets/pokemon-animation-cards/hoenn-qa-f82782e362a59862/dex-350__form-00__gender-male__palette-normal__idle-8x4.png	assets/pokemon-animation-cards/hoenn-qa-f82782e362a59862/dex-350__form-00__gender-male__palette-normal__walk-8x4.png	assets/pokemon-animation-cards/hoenn-qa-f82782e362a59862/dex-350__form-00__gender-male__palette-normal__runtime.png	hoenn-original-trs-v1:pm0350_00:00:male:normal	8	2.133333444595337	8	2.133333444595337	384	256	5	75	379	181	192	173.48107380965683	77.4581533600442	15	16	cca34e315627204cc670d60e5d1b0afa4d14e1561058d4ed961db833ed9b2c23	1ab6aed348871393d391d703ad1bfa6302380592b978be35effa64b7e4785f83	282ac327c2c441e9751782c02cd0bc57a62fbb96af8b3b890148863576376586	assets/pokemon-animation-cards/hoenn-qa-f82782e362a59862/dex-350__form-00__gender-male__palette-normal__qa-evidence.json	verified-render
350	milotic	base	male	shiny	assets/pokemon-animation-cards/hoenn-qa-f82782e362a59862/dex-350__form-00__gender-male__palette-shiny__idle-8x4.png	assets/pokemon-animation-cards/hoenn-qa-f82782e362a59862/dex-350__form-00__gender-male__palette-shiny__walk-8x4.png	assets/pokemon-animation-cards/hoenn-qa-f82782e362a59862/dex-350__form-00__gender-male__palette-shiny__runtime.png	hoenn-original-trs-v1:pm0350_00:00:male:shiny	8	2.133333444595337	8	2.133333444595337	384	256	5	75	379	181	192	173.48107380965683	77.4581533600442	15	16	f74e31386de3c77d4b86b85f09364f1fae79f4cc84cc8939d34ebd84a208317f	c55fd9b29c6a143600e0d9a81f90fb48de1d733c978e240cd93e3d56f8260ccf	292d10f56760c71f7906f9bb8e545bf663d149337e510478e7e382c70678301e	assets/pokemon-animation-cards/hoenn-qa-f82782e362a59862/dex-350__form-00__gender-male__palette-shiny__qa-evidence.json	verified-render
351	castform	11-normal	none	normal	assets/pokemon-animation-cards/hoenn-qa-f82782e362a59862/dex-351__form-11-normal__gender-none__palette-normal__idle-8x4.png	assets/pokemon-animation-cards/hoenn-qa-f82782e362a59862/dex-351__form-11-normal__gender-none__palette-normal__walk-8x4.png	assets/pokemon-animation-cards/hoenn-qa-f82782e362a59862/dex-351__form-11-normal__gender-none__palette-normal__runtime.png	hoenn-original-trs-v1:pm0351_11:11-normal:none:normal	8	1.533333420753479	8	1	256	256	81	3	175	254	128.00000000000003	309.191379900307	94	10	16	78b615f2ad1288fb8cfb812c24f2d91426cdf65cfd0b3c42cea83758fb86e9a6	f3fccc3e9887ea44ec90b39adadd2ac3c87ec2d379e1859ec25a8a5e5cb6d7b6	b1cc435585e8999e7e211460ab56b5c355b7adbb2fc21ef57c65be45877e3805	assets/pokemon-animation-cards/hoenn-qa-f82782e362a59862/dex-351__form-11-normal__gender-none__palette-normal__qa-evidence.json	verified-render
351	castform	11-normal	none	shiny	assets/pokemon-animation-cards/hoenn-qa-f82782e362a59862/dex-351__form-11-normal__gender-none__palette-shiny__idle-8x4.png	assets/pokemon-animation-cards/hoenn-qa-f82782e362a59862/dex-351__form-11-normal__gender-none__palette-shiny__walk-8x4.png	assets/pokemon-animation-cards/hoenn-qa-f82782e362a59862/dex-351__form-11-normal__gender-none__palette-shiny__runtime.png	hoenn-original-trs-v1:pm0351_11:11-normal:none:shiny	8	1.533333420753479	8	1	256	256	81	3	175	254	128.00000000000003	309.191379900307	94	10	16	ffad2de92a90066aede64edeb36ee68f5f29af954cee87def0ccfcb58824a5e7	b4bcb1e36ddab3f27c8fa31fdb09e731b5c87969540428ba413098c0f6c4786e	acf986237bc6e96d013f3155d0d1eae435131aa94190503baa6bc3baf87d3505	assets/pokemon-animation-cards/hoenn-qa-f82782e362a59862/dex-351__form-11-normal__gender-none__palette-shiny__qa-evidence.json	verified-render
352	kecleon	base	none	normal	assets/pokemon-animation-cards/hoenn-qa-f82782e362a59862/dex-352__form-00__gender-none__palette-normal__idle-8x4.png	assets/pokemon-animation-cards/hoenn-qa-f82782e362a59862/dex-352__form-00__gender-none__palette-normal__walk-8x4.png	assets/pokemon-animation-cards/hoenn-qa-f82782e362a59862/dex-352__form-00__gender-none__palette-normal__runtime.png	hoenn-original-trs-v1:pm0352_00:00:none:normal	8	2	8	1.3333333730697632	384	256	5	24	379	232	192	222.00858665140467	205	15	16	4a76f93bdde542082c834c43900ea19a0022a73b1845a43e08a5566bbc81901b	0a0a8eea22f37194a8258f19a4b646dde0255b726589de839332a756fc86e637	1b9ba65dc73bdae46db85705d0ecd243e7bf86486f7c5d1180c6b4cf199af209	assets/pokemon-animation-cards/hoenn-qa-f82782e362a59862/dex-352__form-00__gender-none__palette-normal__qa-evidence.json	verified-render
352	kecleon	base	none	shiny	assets/pokemon-animation-cards/hoenn-qa-f82782e362a59862/dex-352__form-00__gender-none__palette-shiny__idle-8x4.png	assets/pokemon-animation-cards/hoenn-qa-f82782e362a59862/dex-352__form-00__gender-none__palette-shiny__walk-8x4.png	assets/pokemon-animation-cards/hoenn-qa-f82782e362a59862/dex-352__form-00__gender-none__palette-shiny__runtime.png	hoenn-original-trs-v1:pm0352_00:00:none:shiny	8	2	8	1.3333333730697632	384	256	5	24	379	232	192	222.00858665140467	205	15	16	cf12fa6e3a122f8a3f90cb5aac339ce9955085a3a3001ad703ad53af97c9d51f	0e8ddde30306e37dcb9576de0df7f271460e7111b4b25f70705ff6124018bada	1e21e6cbf37351cffe1c31b969091b8505ffe4b2bc6394f97ab6f467391673fb	assets/pokemon-animation-cards/hoenn-qa-f82782e362a59862/dex-352__form-00__gender-none__palette-shiny__qa-evidence.json	verified-render
353	shuppet	base	none	normal	assets/pokemon-animation-cards/hoenn-qa-f82782e362a59862/dex-353__form-00__gender-none__palette-normal__idle-8x4.png	assets/pokemon-animation-cards/hoenn-qa-f82782e362a59862/dex-353__form-00__gender-none__palette-normal__walk-8x4.png	assets/pokemon-animation-cards/hoenn-qa-f82782e362a59862/dex-353__form-00__gender-none__palette-normal__runtime.png	hoenn-original-trs-v1:pm0353_00:00:none:normal	8	2	8	1.3333333730697632	256	256	45	2	211	254	127.99999999999999	326.4827852168854	192	11	16	421f2a7aea2cff65abe80910b4a023f2e943ed932fc382b7c1882a2309689f2b	2873532d92531d50b7360d867e8053dbf1c7feeaeea77e7357329fd77937a27b	84f2422508a623efc264a7060b2abfc51d384005b22d28aafc1e3b89d18b9534	assets/pokemon-animation-cards/hoenn-qa-f82782e362a59862/dex-353__form-00__gender-none__palette-normal__qa-evidence.json	verified-render
353	shuppet	base	none	shiny	assets/pokemon-animation-cards/hoenn-qa-f82782e362a59862/dex-353__form-00__gender-none__palette-shiny__idle-8x4.png	assets/pokemon-animation-cards/hoenn-qa-f82782e362a59862/dex-353__form-00__gender-none__palette-shiny__walk-8x4.png	assets/pokemon-animation-cards/hoenn-qa-f82782e362a59862/dex-353__form-00__gender-none__palette-shiny__runtime.png	hoenn-original-trs-v1:pm0353_00:00:none:shiny	8	2	8	1.3333333730697632	256	256	45	2	211	254	127.99999999999999	326.4827852168854	192	11	16	d4f0ec60749da976b8cf3f865ebfab2d27d32995df61a7b0ac0d8dead5ba0f8d	4ad6948fcfdf99d17bd4e0164f36a4413112c834119653635ff0be63e9545761	5d59d4e039e0bd96148d05c8243044d035d2f455896fcbbed11bd8b18645f5e5	assets/pokemon-animation-cards/hoenn-qa-f82782e362a59862/dex-353__form-00__gender-none__palette-shiny__qa-evidence.json	verified-render
354	banette	base	none	normal	assets/pokemon-animation-cards/hoenn-qa-f82782e362a59862/dex-354__form-00__gender-none__palette-normal__idle-8x4.png	assets/pokemon-animation-cards/hoenn-qa-f82782e362a59862/dex-354__form-00__gender-none__palette-normal__walk-8x4.png	assets/pokemon-animation-cards/hoenn-qa-f82782e362a59862/dex-354__form-00__gender-none__palette-normal__runtime.png	hoenn-original-trs-v1:pm0354_00:00:none:normal	8	2	8	1.3333333730697632	384	256	5	16	379	241	192	230.87930300513	220	15	16	dbb80a547e423d4c8e167872af8d8c9fa8fbe62d4e07a6fbd329c06dfa5c1f97	912349263b8b4e869b20c697805f8c8066d592d1326389b88b8311b7319ef893	11cd969239b19f114601dcd16cff8a8e284053b7f5e1559e7b1299cfffe79a9e	assets/pokemon-animation-cards/hoenn-qa-f82782e362a59862/dex-354__form-00__gender-none__palette-normal__qa-evidence.json	verified-render
354	banette	base	none	shiny	assets/pokemon-animation-cards/hoenn-qa-f82782e362a59862/dex-354__form-00__gender-none__palette-shiny__idle-8x4.png	assets/pokemon-animation-cards/hoenn-qa-f82782e362a59862/dex-354__form-00__gender-none__palette-shiny__walk-8x4.png	assets/pokemon-animation-cards/hoenn-qa-f82782e362a59862/dex-354__form-00__gender-none__palette-shiny__runtime.png	hoenn-original-trs-v1:pm0354_00:00:none:shiny	8	2	8	1.3333333730697632	384	256	5	16	379	241	192	230.87930300513	220	15	16	cdd64fb00de7fa8386115e09a82e0d7e812cff5bc40769ca318bbd518caf856a	c5ceb9dcec93def89487246a5b3606d18db8e78e2bbce00fe2032ffdf9c49144	7475721466689d316781731b51421ee770bd8eeab78e8574d495b754be4faff5	assets/pokemon-animation-cards/hoenn-qa-f82782e362a59862/dex-354__form-00__gender-none__palette-shiny__qa-evidence.json	verified-render
355	duskull	base	none	normal	assets/pokemon-animation-cards/hoenn-qa-f82782e362a59862/dex-355__form-00__gender-none__palette-normal__idle-8x4.png	assets/pokemon-animation-cards/hoenn-qa-f82782e362a59862/dex-355__form-00__gender-none__palette-normal__walk-8x4.png	assets/pokemon-animation-cards/hoenn-qa-f82782e362a59862/dex-355__form-00__gender-none__palette-normal__runtime.png	hoenn-original-trs-v1:pm0355_00:00:none:normal	8	2	8	1	256	256	38	2	218	254	128.00000000000003	308.5632465144955	207	14	16	ec6a862303e60ebb84900ec16348fb0e3a89a9408679b93fd278986104314ff6	7905614f7142d8b3c01703249df65b3e2756eee7d5626d109d8c2768745e9fce	282a2ff3f99deff3479459b16ff0c0ace776b37c6351dbfbf674b4219cdd7039	assets/pokemon-animation-cards/hoenn-qa-f82782e362a59862/dex-355__form-00__gender-none__palette-normal__qa-evidence.json	verified-render
355	duskull	base	none	shiny	assets/pokemon-animation-cards/hoenn-qa-f82782e362a59862/dex-355__form-00__gender-none__palette-shiny__idle-8x4.png	assets/pokemon-animation-cards/hoenn-qa-f82782e362a59862/dex-355__form-00__gender-none__palette-shiny__walk-8x4.png	assets/pokemon-animation-cards/hoenn-qa-f82782e362a59862/dex-355__form-00__gender-none__palette-shiny__runtime.png	hoenn-original-trs-v1:pm0355_00:00:none:shiny	8	2	8	1	256	256	38	2	218	254	128.00000000000003	308.5632465144955	207	14	16	5edd1682e7894ef5f37d2ccddcfe553ec5e4a303a7a4468ae6048f27df41732a	cd732513e89e8a709e28039471831f3cf6d66d7cd1791f8363bac4d0e35aebb9	03269ca85a2e6a7b7033cf509512213c449e28a88405b246926c6f6ba8036a2d	assets/pokemon-animation-cards/hoenn-qa-f82782e362a59862/dex-355__form-00__gender-none__palette-shiny__qa-evidence.json	verified-render
356	dusclops	base	none	normal	assets/pokemon-animation-cards/hoenn-qa-f82782e362a59862/dex-356__form-00__gender-none__palette-normal__idle-8x4.png	assets/pokemon-animation-cards/hoenn-qa-f82782e362a59862/dex-356__form-00__gender-none__palette-normal__walk-8x4.png	assets/pokemon-animation-cards/hoenn-qa-f82782e362a59862/dex-356__form-00__gender-none__palette-normal__runtime.png	hoenn-original-trs-v1:pm0356_00:00:none:normal	8	2	8	1	256	256	2	34	254	222	128	211.29649826145445	180	15	14	43c2c78238cb9aa8b7b40ea66aa1917ef753e58083443070fee529830a9cf6df	50626e2f2fa57a95a044824f78425ae78d2aab37f4ebc9721dda66325431944b	f22b82622b08dcf2e6254983d6f219ebf8827e506b49e9238018590b7c3733c7	assets/pokemon-animation-cards/hoenn-qa-f82782e362a59862/dex-356__form-00__gender-none__palette-normal__qa-evidence.json	verified-render
356	dusclops	base	none	shiny	assets/pokemon-animation-cards/hoenn-qa-f82782e362a59862/dex-356__form-00__gender-none__palette-shiny__idle-8x4.png	assets/pokemon-animation-cards/hoenn-qa-f82782e362a59862/dex-356__form-00__gender-none__palette-shiny__walk-8x4.png	assets/pokemon-animation-cards/hoenn-qa-f82782e362a59862/dex-356__form-00__gender-none__palette-shiny__runtime.png	hoenn-original-trs-v1:pm0356_00:00:none:shiny	8	2	8	1	256	256	2	34	254	222	128	211.29649826145445	180	15	14	a92dffcbafbdd944c2deaa58fa9e261e1157fb1626d745917a5a314e7b3fe3fc	f77c84b7ab7afd8f9db3bdca92e4f63c4646a5018a4748a829d6ec867ab39e6f	abf3fa66467c893cae66546c0be6a33cdef5bc210a8b284a9a7f228c79d382f0	assets/pokemon-animation-cards/hoenn-qa-f82782e362a59862/dex-356__form-00__gender-none__palette-shiny__qa-evidence.json	verified-render
357	tropius	base	none	normal	assets/pokemon-animation-cards/hoenn-qa-f82782e362a59862/dex-357__form-00__gender-none__palette-normal__idle-8x4.png	assets/pokemon-animation-cards/hoenn-qa-f82782e362a59862/dex-357__form-00__gender-none__palette-normal__walk-8x4.png	assets/pokemon-animation-cards/hoenn-qa-f82782e362a59862/dex-357__form-00__gender-none__palette-normal__runtime.png	hoenn-original-trs-v1:pm0357_00:00:none:normal	8	4.366666793823242	8	4.366666793823242	256	256	2	22	254	234	128.18962962962962	228.27644333211632	90.46590281918927	15	10	de085107427a9948fc46c73608e60568150882b2ee8849f3fd5579d7d22be21d	de085107427a9948fc46c73608e60568150882b2ee8849f3fd5579d7d22be21d	04a068e49813b25b6793080d712e85c8e66fb1cff7117125994b4cc91f12329a	assets/pokemon-animation-cards/hoenn-qa-f82782e362a59862/dex-357__form-00__gender-none__palette-normal__qa-evidence.json	verified-render
357	tropius	base	none	shiny	assets/pokemon-animation-cards/hoenn-qa-f82782e362a59862/dex-357__form-00__gender-none__palette-shiny__idle-8x4.png	assets/pokemon-animation-cards/hoenn-qa-f82782e362a59862/dex-357__form-00__gender-none__palette-shiny__walk-8x4.png	assets/pokemon-animation-cards/hoenn-qa-f82782e362a59862/dex-357__form-00__gender-none__palette-shiny__runtime.png	hoenn-original-trs-v1:pm0357_00:00:none:shiny	8	4.366666793823242	8	4.366666793823242	256	256	2	22	254	234	128.18962962962962	228.27644333211632	90.46590281918927	15	10	ab6bf838a9eed51b4e2bdc81577a96a4a230d1e3c53e27871a1f59dacd61a7c3	ab6bf838a9eed51b4e2bdc81577a96a4a230d1e3c53e27871a1f59dacd61a7c3	3d2d6a7487455ba0bf16c06a2df76781f7ae79214fd0c04f34a1f2caf706fb16	assets/pokemon-animation-cards/hoenn-qa-f82782e362a59862/dex-357__form-00__gender-none__palette-shiny__qa-evidence.json	verified-render
358	chimecho	base	none	normal	assets/pokemon-animation-cards/hoenn-qa-f82782e362a59862/dex-358__form-00__gender-none__palette-normal__idle-8x4.png	assets/pokemon-animation-cards/hoenn-qa-f82782e362a59862/dex-358__form-00__gender-none__palette-normal__walk-8x4.png	assets/pokemon-animation-cards/hoenn-qa-f82782e362a59862/dex-358__form-00__gender-none__palette-normal__runtime.png	hoenn-original-trs-v1:pm0358_00:00:none:normal	8	2.3333334922790527	8	2.3333334922790527	256	256	12	2	245	254	128.20545746388441	294.1739628997533	239	9	16	db7d03e0eee901f5ba2e18720d0e2da48aa70f6d8b0c3cc54ea03304aae624e2	1f47d7dd6cffae88627d8f19a7f2de5dba1df94dec2bfceca4c1ddbe449dcf9c	468ba5ad668c6a69617d01be8f32f60ea76543dfe26f6499dfacff0b87584c91	assets/pokemon-animation-cards/hoenn-qa-f82782e362a59862/dex-358__form-00__gender-none__palette-normal__qa-evidence.json	verified-render
358	chimecho	base	none	shiny	assets/pokemon-animation-cards/hoenn-qa-f82782e362a59862/dex-358__form-00__gender-none__palette-shiny__idle-8x4.png	assets/pokemon-animation-cards/hoenn-qa-f82782e362a59862/dex-358__form-00__gender-none__palette-shiny__walk-8x4.png	assets/pokemon-animation-cards/hoenn-qa-f82782e362a59862/dex-358__form-00__gender-none__palette-shiny__runtime.png	hoenn-original-trs-v1:pm0358_00:00:none:shiny	8	2.3333334922790527	8	2.3333334922790527	256	256	12	2	245	254	128.20545746388441	294.1739628997533	239	9	16	dc4f1d84ccd54844d41ae59bfbe0d062c403f262322326b9366f05848ffa19b7	18e391fdf09e1e59b44763ac3c2edf775bdd6f4a5e9d37925a7c6946d863ec6b	1d20b92e072681ed4a5e11e7c82bab8849444060e424e46564f2f35cbddb465a	assets/pokemon-animation-cards/hoenn-qa-f82782e362a59862/dex-358__form-00__gender-none__palette-shiny__qa-evidence.json	verified-render
359	absol	base	none	normal	assets/pokemon-animation-cards/hoenn-qa-f82782e362a59862/dex-359__form-00__gender-none__palette-normal__idle-8x4.png	assets/pokemon-animation-cards/hoenn-qa-f82782e362a59862/dex-359__form-00__gender-none__palette-normal__walk-8x4.png	assets/pokemon-animation-cards/hoenn-qa-f82782e362a59862/dex-359__form-00__gender-none__palette-normal__runtime.png	hoenn-original-trs-v1:pm0359_00:00:none:normal	8	2	8	1	256	256	2	34	254	223	128.18962962962962	211.59965171236564	185	15	16	63fc2e5cafa2a136514a6f79190a376ba1c841d727a877150c14186f851299ef	87d3fde367c48d51d60334a83b12da71172c22c2858f24ade7571e099b7cdc4e	6ea579e538af37b4ad2ab3a4625b7e474cfb304a1ecd5b70b5304e431d155d03	assets/pokemon-animation-cards/hoenn-qa-f82782e362a59862/dex-359__form-00__gender-none__palette-normal__qa-evidence.json	verified-render
359	absol	base	none	shiny	assets/pokemon-animation-cards/hoenn-qa-f82782e362a59862/dex-359__form-00__gender-none__palette-shiny__idle-8x4.png	assets/pokemon-animation-cards/hoenn-qa-f82782e362a59862/dex-359__form-00__gender-none__palette-shiny__walk-8x4.png	assets/pokemon-animation-cards/hoenn-qa-f82782e362a59862/dex-359__form-00__gender-none__palette-shiny__runtime.png	hoenn-original-trs-v1:pm0359_00:00:none:shiny	8	2	8	1	256	256	2	34	254	223	128.18962962962962	211.59965171236564	185	15	16	9dba3cc5de18af5657ae8c038b4304ace1fd6400cb50db04f6d91c6181aac626	5dac5e771b1bb8a58344b0499539906e7cc9b7cc93bc8fd552168accd29722ba	d96b6d2a15508ca0d40914a281c35f16581b7da5066b7f0b33e33acb42a8e077	assets/pokemon-animation-cards/hoenn-qa-f82782e362a59862/dex-359__form-00__gender-none__palette-shiny__qa-evidence.json	verified-render
360	wynaut	base	none	normal	assets/pokemon-animation-cards/hoenn-qa-f82782e362a59862/dex-360__form-00__gender-none__palette-normal__idle-8x4.png	assets/pokemon-animation-cards/hoenn-qa-f82782e362a59862/dex-360__form-00__gender-none__palette-normal__walk-8x4.png	assets/pokemon-animation-cards/hoenn-qa-f82782e362a59862/dex-360__form-00__gender-none__palette-normal__runtime.png	hoenn-original-trs-v1:pm0360_00:00:none:normal	8	1.3333333730697632	8	0.7666667103767395	384	256	21	4	363	252	192.2591093117409	232.79601035327784	245	15	16	af4b306cb13f92103cd1b054f7ead6fe0288857a31346c60d39e8d7046b5bb53	96b0beced2df1cdb04555728ed0ea7917095c5eeefad6dcdc9f1f2a000d9d485	db545458456c0711a78262814b499f92df0541a5a355bd7e2473b60dbcca227b	assets/pokemon-animation-cards/hoenn-qa-f82782e362a59862/dex-360__form-00__gender-none__palette-normal__qa-evidence.json	verified-render
360	wynaut	base	none	shiny	assets/pokemon-animation-cards/hoenn-qa-f82782e362a59862/dex-360__form-00__gender-none__palette-shiny__idle-8x4.png	assets/pokemon-animation-cards/hoenn-qa-f82782e362a59862/dex-360__form-00__gender-none__palette-shiny__walk-8x4.png	assets/pokemon-animation-cards/hoenn-qa-f82782e362a59862/dex-360__form-00__gender-none__palette-shiny__runtime.png	hoenn-original-trs-v1:pm0360_00:00:none:shiny	8	1.3333333730697632	8	0.7666667103767395	384	256	21	4	363	252	192.2591093117409	232.79601035327784	245	15	16	1cd53936982d979dff8cabf08b565507de23eef83ac8358e514387a158a3c575	5849b78f5ed327e9d8c90b7eec10a3c6e647336dca868b475928fed41a9ea97f	0026d6fe0cd35eaceb5c78a599594a4bb35ab6019ae1d7614f927b4326605467	assets/pokemon-animation-cards/hoenn-qa-f82782e362a59862/dex-360__form-00__gender-none__palette-shiny__qa-evidence.json	verified-render
361	snorunt	base	none	normal	assets/pokemon-animation-cards/hoenn-qa-f82782e362a59862/dex-361__form-00__gender-none__palette-normal__idle-8x4.png	assets/pokemon-animation-cards/hoenn-qa-f82782e362a59862/dex-361__form-00__gender-none__palette-normal__walk-8x4.png	assets/pokemon-animation-cards/hoenn-qa-f82782e362a59862/dex-361__form-00__gender-none__palette-normal__runtime.png	hoenn-original-trs-v1:pm0361_00:00:none:normal	8	2	8	1.3333333730697632	256	256	9	3	247	254	128.20285261489698	241.5281740378	246	15	16	d5c1bb0a9ad0f08a002c5f9f3a668bd54f77d53981e4c96737e392013801bead	58db8554907f222fb31026064987191d0ff90e776415fe3d168d9c51614a77db	4ef9e0a61834dfc6187d66a00d513b505171ba71c3b3cd7657a7974539b7b5dc	assets/pokemon-animation-cards/hoenn-qa-f82782e362a59862/dex-361__form-00__gender-none__palette-normal__qa-evidence.json	verified-render
361	snorunt	base	none	shiny	assets/pokemon-animation-cards/hoenn-qa-f82782e362a59862/dex-361__form-00__gender-none__palette-shiny__idle-8x4.png	assets/pokemon-animation-cards/hoenn-qa-f82782e362a59862/dex-361__form-00__gender-none__palette-shiny__walk-8x4.png	assets/pokemon-animation-cards/hoenn-qa-f82782e362a59862/dex-361__form-00__gender-none__palette-shiny__runtime.png	hoenn-original-trs-v1:pm0361_00:00:none:shiny	8	2	8	1.3333333730697632	256	256	9	3	247	254	128.20285261489698	241.5281740378	246	15	16	c7eaecfbb66ff3c81470fe5b2e9bc9e114e748e37ed67f1ec49beb71d2dc1dba	6a56015294f8f953ae6cf128d8d159ed8df961fb5e58fc399d438f2c77b8010f	cb2b8e2f700c6784f4a08ff668918e74281e71f2bcb5ee50146eefb6ed6d1810	assets/pokemon-animation-cards/hoenn-qa-f82782e362a59862/dex-361__form-00__gender-none__palette-shiny__qa-evidence.json	verified-render
362	glalie	base	none	normal	assets/pokemon-animation-cards/hoenn-qa-f82782e362a59862/dex-362__form-00__gender-none__palette-normal__idle-8x4.png	assets/pokemon-animation-cards/hoenn-qa-f82782e362a59862/dex-362__form-00__gender-none__palette-normal__walk-8x4.png	assets/pokemon-animation-cards/hoenn-qa-f82782e362a59862/dex-362__form-00__gender-none__palette-normal__runtime.png	hoenn-original-trs-v1:pm0362_00:00:none:normal	8	2.066666841506958	8	1	256	256	9	2	247	254	128.00000000000003	280.83898980541306	215	15	16	1db9b3bffda28d9052cb32c41d456e70f14e6584e9cfa19aca8442660ce55d17	d2794485f67f998ee28e42aa18d1d7b960cd7b18c46aca57baf953e9ec498898	7521093b9330be2613f411570ab91f497668e9dabe27994b3238ba1db9c476e4	assets/pokemon-animation-cards/hoenn-qa-f82782e362a59862/dex-362__form-00__gender-none__palette-normal__qa-evidence.json	verified-render
362	glalie	base	none	shiny	assets/pokemon-animation-cards/hoenn-qa-f82782e362a59862/dex-362__form-00__gender-none__palette-shiny__idle-8x4.png	assets/pokemon-animation-cards/hoenn-qa-f82782e362a59862/dex-362__form-00__gender-none__palette-shiny__walk-8x4.png	assets/pokemon-animation-cards/hoenn-qa-f82782e362a59862/dex-362__form-00__gender-none__palette-shiny__runtime.png	hoenn-original-trs-v1:pm0362_00:00:none:shiny	8	2.066666841506958	8	1	256	256	9	2	247	254	128.00000000000003	280.83898980541306	215	15	16	dc519ee2dd04aa95d191c0a7ec54b9af6d471463565926f45f5b853a92d9e53e	cbdc6d8f4555e956014f73a654f5c2685ed02a99662608f29e42a1e1e49e58d1	4916594ae15137c874fc6e63abec532369c0127e8b574677a14412a9fb44c1f2	assets/pokemon-animation-cards/hoenn-qa-f82782e362a59862/dex-362__form-00__gender-none__palette-shiny__qa-evidence.json	verified-render
363	spheal	base	none	normal	assets/pokemon-animation-cards/hoenn-qa-f82782e362a59862/dex-363__form-00__gender-none__palette-normal__idle-8x4.png	assets/pokemon-animation-cards/hoenn-qa-f82782e362a59862/dex-363__form-00__gender-none__palette-normal__walk-8x4.png	assets/pokemon-animation-cards/hoenn-qa-f82782e362a59862/dex-363__form-00__gender-none__palette-normal__runtime.png	hoenn-original-trs-v1:pm0363_00:00:none:normal	8	1.3333333730697632	8	0.6000000238418579	384	256	9	4	375	252	192.2770562770563	226.09296290779247	235	15	16	40a7d1301569107011c6bea14f606ba9fe24d9efcc0e43403e5f17666887d8f9	58ff983037599f5655da7c38a2d43023b7d3e934d009b0904d339b1068cf4259	5440f2f4cefc573a6ec872de8b8753d12d783706edd941d7a525a4057baffc16	assets/pokemon-animation-cards/hoenn-qa-f82782e362a59862/dex-363__form-00__gender-none__palette-normal__qa-evidence.json	verified-render
363	spheal	base	none	shiny	assets/pokemon-animation-cards/hoenn-qa-f82782e362a59862/dex-363__form-00__gender-none__palette-shiny__idle-8x4.png	assets/pokemon-animation-cards/hoenn-qa-f82782e362a59862/dex-363__form-00__gender-none__palette-shiny__walk-8x4.png	assets/pokemon-animation-cards/hoenn-qa-f82782e362a59862/dex-363__form-00__gender-none__palette-shiny__runtime.png	hoenn-original-trs-v1:pm0363_00:00:none:shiny	8	1.3333333730697632	8	0.6000000238418579	384	256	9	4	375	252	192.2770562770563	226.09296290779247	235	15	16	97d78aea8fa69a2147ed1aeac2e387235b42739e65bc0385cd4f9cfa9da7a8ee	9e62540d5880058c2573d7248c78c2039be21de21cd69af5a87feb48af0e0420	2de045214bab5cb8445199da0d1f3319540c9c2af4038df25cd09c9f2de565cc	assets/pokemon-animation-cards/hoenn-qa-f82782e362a59862/dex-363__form-00__gender-none__palette-shiny__qa-evidence.json	verified-render
364	sealeo	base	none	normal	assets/pokemon-animation-cards/hoenn-qa-f82782e362a59862/dex-364__form-00__gender-none__palette-normal__idle-8x4.png	assets/pokemon-animation-cards/hoenn-qa-f82782e362a59862/dex-364__form-00__gender-none__palette-normal__walk-8x4.png	assets/pokemon-animation-cards/hoenn-qa-f82782e362a59862/dex-364__form-00__gender-none__palette-normal__runtime.png	hoenn-original-trs-v1:pm0364_00:00:none:normal	8	2	8	1	384	256	5	38	379	218	192	191.19584664359627	168	15	10	75cd9ffcf3de9aced1a3aa663ecdc30fe6067d74589952cf753aa14966519f9b	c3382652edc422d20c6383c076f0b7497d0cde0820b78292d16b41785f673a37	2433b102e020b3b86fdd12ced3480d2ea0df5ebe4fdc71265b707b68fb9f006b	assets/pokemon-animation-cards/hoenn-qa-f82782e362a59862/dex-364__form-00__gender-none__palette-normal__qa-evidence.json	verified-render
364	sealeo	base	none	shiny	assets/pokemon-animation-cards/hoenn-qa-f82782e362a59862/dex-364__form-00__gender-none__palette-shiny__idle-8x4.png	assets/pokemon-animation-cards/hoenn-qa-f82782e362a59862/dex-364__form-00__gender-none__palette-shiny__walk-8x4.png	assets/pokemon-animation-cards/hoenn-qa-f82782e362a59862/dex-364__form-00__gender-none__palette-shiny__runtime.png	hoenn-original-trs-v1:pm0364_00:00:none:shiny	8	2	8	1	384	256	5	38	379	218	192	191.19584664359627	168	15	10	ab078f22d050b76c35c363ff46b6279ccfdde19823270d44131c08999d5e9c68	bee7a757c6d5d37f63e8fb7376537ec82c8cd1b3f979f68e86a60ca83217e223	09b87b0b3920cb6161217fa874c6f7a532bc082d69bcf4a18b2522c8e95c688e	assets/pokemon-animation-cards/hoenn-qa-f82782e362a59862/dex-364__form-00__gender-none__palette-shiny__qa-evidence.json	verified-render
365	walrein	base	none	normal	assets/pokemon-animation-cards/hoenn-qa-f82782e362a59862/dex-365__form-00__gender-none__palette-normal__idle-8x4.png	assets/pokemon-animation-cards/hoenn-qa-f82782e362a59862/dex-365__form-00__gender-none__palette-normal__walk-8x4.png	assets/pokemon-animation-cards/hoenn-qa-f82782e362a59862/dex-365__form-00__gender-none__palette-normal__runtime.png	hoenn-original-trs-v1:pm0365_00:00:none:normal	8	2	8	1.8333333730697632	384	256	5	26	379	230	192	207.77551170347974	199	15	11	1d821e192bc24ab5aac230453aa5dd175557d4aa12ff8c0a0ba185bf36802d4a	667dc4e544cb575166029486f2a6d92879cc84f419aecbb3bd5e3e6c57c24640	651b86dfdd81799566f552b52c1444cc68b419d03853882b7c0b67ef7f126a13	assets/pokemon-animation-cards/hoenn-qa-f82782e362a59862/dex-365__form-00__gender-none__palette-normal__qa-evidence.json	verified-render
365	walrein	base	none	shiny	assets/pokemon-animation-cards/hoenn-qa-f82782e362a59862/dex-365__form-00__gender-none__palette-shiny__idle-8x4.png	assets/pokemon-animation-cards/hoenn-qa-f82782e362a59862/dex-365__form-00__gender-none__palette-shiny__walk-8x4.png	assets/pokemon-animation-cards/hoenn-qa-f82782e362a59862/dex-365__form-00__gender-none__palette-shiny__runtime.png	hoenn-original-trs-v1:pm0365_00:00:none:shiny	8	2	8	1.8333333730697632	384	256	5	26	379	230	192	207.77551170347974	199	15	11	ed86e412dfba5e8d7ea342bf88c27f90d86e5d19b890f6702d11865863b42afd	7bf6013b2b817dce276e24278112d78f60fcaab9fe2260d5b5943cc0fc96c3fa	23932de9ed06fb9f232ff23e2e11f7b39fd0626d35d7721dc3056fa07a210b66	assets/pokemon-animation-cards/hoenn-qa-f82782e362a59862/dex-365__form-00__gender-none__palette-shiny__qa-evidence.json	verified-render
366	clamperl	base	none	normal	assets/pokemon-animation-cards/hoenn-qa-f82782e362a59862/dex-366__form-00__gender-none__palette-normal__idle-8x4.png	assets/pokemon-animation-cards/hoenn-qa-f82782e362a59862/dex-366__form-00__gender-none__palette-normal__walk-8x4.png	assets/pokemon-animation-cards/hoenn-qa-f82782e362a59862/dex-366__form-00__gender-none__palette-normal__runtime.png	hoenn-original-trs-v1:pm0366_00:00:none:normal	8	1.8333333730697632	8	1	256	256	3	2	253	254	128.20813008130082	248.2882962366577	227	15	15	3925d4f65cda5bf0eaad2cc5b431e6d4f5e2ce1ced882f306867e4d92f47ee76	01e9bfdbe4581164b0654738ef3ba014f156f620f52fede717a5984799aefc25	88e92a05ea2d6e43f5ab64c42141513c11167264f776bf87d222b4d8466d1aba	assets/pokemon-animation-cards/hoenn-qa-f82782e362a59862/dex-366__form-00__gender-none__palette-normal__qa-evidence.json	verified-render
366	clamperl	base	none	shiny	assets/pokemon-animation-cards/hoenn-qa-f82782e362a59862/dex-366__form-00__gender-none__palette-shiny__idle-8x4.png	assets/pokemon-animation-cards/hoenn-qa-f82782e362a59862/dex-366__form-00__gender-none__palette-shiny__walk-8x4.png	assets/pokemon-animation-cards/hoenn-qa-f82782e362a59862/dex-366__form-00__gender-none__palette-shiny__runtime.png	hoenn-original-trs-v1:pm0366_00:00:none:shiny	8	1.8333333730697632	8	1	256	256	3	2	253	254	128.20813008130082	248.2882962366577	227	15	15	bc8e677f4f0fb5bf7b57983439543b21acdb7b76a69e4437a5607c9897473ee5	1feb709303055805bbf5b4c32bded18279dc0338892aa2ed4a97b1712f03d486	70f9cec8ff3959553378cee7bb21b544096a29a38cddc374e36937fedce595de	assets/pokemon-animation-cards/hoenn-qa-f82782e362a59862/dex-366__form-00__gender-none__palette-shiny__qa-evidence.json	verified-render
367	huntail	base	none	normal	assets/pokemon-animation-cards/hoenn-qa-f82782e362a59862/dex-367__form-00__gender-none__palette-normal__idle-8x4.png	assets/pokemon-animation-cards/hoenn-qa-f82782e362a59862/dex-367__form-00__gender-none__palette-normal__walk-8x4.png	assets/pokemon-animation-cards/hoenn-qa-f82782e362a59862/dex-367__form-00__gender-none__palette-normal__runtime.png	hoenn-original-trs-v1:pm0367_00:00:none:normal	8	2	8	2	384	256	5	33	379	224	192	247.48118913656793	134	15	16	72d01f4a5ddeb266d17dfa24edde18880b76f17ead8fa7fee67f2c1c1e5bfcd4	de13260ab2388ea131d761e73783b0ae09da4ca88cdc48b8904cce189ba7556f	42c3ddc59ba5f2381bb8da79592a2b54412eea0749743d9e20d668e8603d6181	assets/pokemon-animation-cards/hoenn-qa-f82782e362a59862/dex-367__form-00__gender-none__palette-normal__qa-evidence.json	verified-render
367	huntail	base	none	shiny	assets/pokemon-animation-cards/hoenn-qa-f82782e362a59862/dex-367__form-00__gender-none__palette-shiny__idle-8x4.png	assets/pokemon-animation-cards/hoenn-qa-f82782e362a59862/dex-367__form-00__gender-none__palette-shiny__walk-8x4.png	assets/pokemon-animation-cards/hoenn-qa-f82782e362a59862/dex-367__form-00__gender-none__palette-shiny__runtime.png	hoenn-original-trs-v1:pm0367_00:00:none:shiny	8	2	8	2	384	256	5	33	379	224	192	247.48118913656793	134	15	16	e51919b29f400f46728e28ad94507e6d3978977de9bd64ffcba35474dd0de7ae	22118163e060f734fbf0d5a7430b1a898f840c080aa58eb9c0bd8336d5027052	9b419be46a3d89b49317e7160847c124170e59aef07612051ce79aa47babb333	assets/pokemon-animation-cards/hoenn-qa-f82782e362a59862/dex-367__form-00__gender-none__palette-shiny__qa-evidence.json	verified-render
368	gorebyss	base	none	normal	assets/pokemon-animation-cards/hoenn-qa-f82782e362a59862/dex-368__form-00__gender-none__palette-normal__idle-8x4.png	assets/pokemon-animation-cards/hoenn-qa-f82782e362a59862/dex-368__form-00__gender-none__palette-normal__walk-8x4.png	assets/pokemon-animation-cards/hoenn-qa-f82782e362a59862/dex-368__form-00__gender-none__palette-normal__runtime.png	hoenn-original-trs-v1:pm0368_00:00:none:normal	8	2.6666667461395264	8	1	384	256	5	41	379	216	192	274.4678548599215	151	15	16	bdb92b896b87ecc7a0b14decb1281628531772370f3463d001d80015b779998b	171d9495a0a17ff5851fb660eb84a96e82239374b79e250e932e02e68dda6aec	8fb29710ea4f5ad3f84a63662c9865f5f941d9ca78b3f94e85738f367b6a5f5a	assets/pokemon-animation-cards/hoenn-qa-f82782e362a59862/dex-368__form-00__gender-none__palette-normal__qa-evidence.json	verified-render
368	gorebyss	base	none	shiny	assets/pokemon-animation-cards/hoenn-qa-f82782e362a59862/dex-368__form-00__gender-none__palette-shiny__idle-8x4.png	assets/pokemon-animation-cards/hoenn-qa-f82782e362a59862/dex-368__form-00__gender-none__palette-shiny__walk-8x4.png	assets/pokemon-animation-cards/hoenn-qa-f82782e362a59862/dex-368__form-00__gender-none__palette-shiny__runtime.png	hoenn-original-trs-v1:pm0368_00:00:none:shiny	8	2.6666667461395264	8	1	384	256	5	41	379	216	192	274.4678548599215	151	15	16	15ee1a7e00450ef4ae06aedbc6a6b714bfe7a098f0b8ec35341c3ce09794fe13	f914a993a691c06a4ef327a577344b0315bcd857089a35700e360d95cb4fcfdd	586f9a2668d579fbc4b5667d7f92cc8b5b6346fab6ec50f8ee4f23891bd75ad3	assets/pokemon-animation-cards/hoenn-qa-f82782e362a59862/dex-368__form-00__gender-none__palette-shiny__qa-evidence.json	verified-render
369	relicanth	base	male	normal	assets/pokemon-animation-cards/hoenn-qa-f82782e362a59862/dex-369__form-00__gender-male__palette-normal__idle-8x4.png	assets/pokemon-animation-cards/hoenn-qa-f82782e362a59862/dex-369__form-00__gender-male__palette-normal__walk-8x4.png	assets/pokemon-animation-cards/hoenn-qa-f82782e362a59862/dex-369__form-00__gender-male__palette-normal__runtime.png	hoenn-original-trs-v1:pm0369_00:00:male:normal	8	2.6666667461395264	8	2	256	256	2	17	254	239	128	246.19230093097957	174	15	16	9927f999810e542c17385ae4786308bc762f7e2ed525f579eeecd34dc3213466	354a8acd83377710ba133f9c05f5edf26eb7033cd01ba4b78deaf11b135c489d	e523d40247d422f00e2673ba9770aeb31a06ad3859bc1f3e57a67b0aff7d5a7a	assets/pokemon-animation-cards/hoenn-qa-f82782e362a59862/dex-369__form-00__gender-male__palette-normal__qa-evidence.json	verified-render
369	relicanth	base	male	shiny	assets/pokemon-animation-cards/hoenn-qa-f82782e362a59862/dex-369__form-00__gender-male__palette-shiny__idle-8x4.png	assets/pokemon-animation-cards/hoenn-qa-f82782e362a59862/dex-369__form-00__gender-male__palette-shiny__walk-8x4.png	assets/pokemon-animation-cards/hoenn-qa-f82782e362a59862/dex-369__form-00__gender-male__palette-shiny__runtime.png	hoenn-original-trs-v1:pm0369_00:00:male:shiny	8	2.6666667461395264	8	2	256	256	2	17	254	239	128	246.19230093097957	174	15	16	f42e52b4e91d82eaf339b42834535d363dc0866a6e777b06b59f83dd1781e7c4	cc791af8c0954f615b39ab2efc3483d756180160292dde9655e1e97e62b5717e	4cc9c43778a0f6c11a657492342d3b818edadf8d7efc8fb09db5df11068eaaa4	assets/pokemon-animation-cards/hoenn-qa-f82782e362a59862/dex-369__form-00__gender-male__palette-shiny__qa-evidence.json	verified-render
370	luvdisc	base	none	normal	assets/pokemon-animation-cards/hoenn-qa-f82782e362a59862/dex-370__form-00__gender-none__palette-normal__idle-8x4.png	assets/pokemon-animation-cards/hoenn-qa-f82782e362a59862/dex-370__form-00__gender-none__palette-normal__walk-8x4.png	assets/pokemon-animation-cards/hoenn-qa-f82782e362a59862/dex-370__form-00__gender-none__palette-normal__runtime.png	hoenn-original-trs-v1:pm0370_00:00:none:normal	8	2	8	2	256	256	24	2	232	254	128	302.76405258848695	178	15	16	6482214dd925e773204cc202ce21081853fa31879edd5d0be7bc7b50e38bbe8d	00ad800233b7d3864c10b25afb294bc3bbace853aa1ad4bf09ac25035280fabf	0718392d9ce875232c2b95d865a0cd0e7f4ac1c8045dee11ac73ffca668426a6	assets/pokemon-animation-cards/hoenn-qa-f82782e362a59862/dex-370__form-00__gender-none__palette-normal__qa-evidence.json	verified-render
370	luvdisc	base	none	shiny	assets/pokemon-animation-cards/hoenn-qa-f82782e362a59862/dex-370__form-00__gender-none__palette-shiny__idle-8x4.png	assets/pokemon-animation-cards/hoenn-qa-f82782e362a59862/dex-370__form-00__gender-none__palette-shiny__walk-8x4.png	assets/pokemon-animation-cards/hoenn-qa-f82782e362a59862/dex-370__form-00__gender-none__palette-shiny__runtime.png	hoenn-original-trs-v1:pm0370_00:00:none:shiny	8	2	8	2	256	256	24	2	232	254	128	302.76405258848695	178	15	16	22fcddfb6b223127268b34d914c2ac4a2bab95187564e2e8ba1ba09dd870609c	05fd28846af411eb50172c5ad08f6c7221bd437a8a17b73ba4845bed199d82ce	636c361cca42a36a69e25cac95240ee15f00f6900aef2af18a7408e40c0a50ce	assets/pokemon-animation-cards/hoenn-qa-f82782e362a59862/dex-370__form-00__gender-none__palette-shiny__qa-evidence.json	verified-render
371	bagon	base	none	normal	assets/pokemon-animation-cards/hoenn-qa-f82782e362a59862/dex-371__form-00__gender-none__palette-normal__idle-8x4.png	assets/pokemon-animation-cards/hoenn-qa-f82782e362a59862/dex-371__form-00__gender-none__palette-normal__walk-8x4.png	assets/pokemon-animation-cards/hoenn-qa-f82782e362a59862/dex-371__form-00__gender-none__palette-normal__runtime.png	hoenn-original-trs-v1:pm0371_00:00:none:normal	8	1	8	0.8000000715255737	256	256	2	14	254	243	128	231.9808411490216	220	12	16	e490e4e584a84eff23fd10ae52d35026f394918210732f1afb19d897af9e1199	1135c2118f1b40ef17f5ac96af9a9c8f397e991a259999018aa043b626048486	59df0d79f96074a0e6bff326ca39e6d74555351de3ce5f8982011523fedecf1a	assets/pokemon-animation-cards/hoenn-qa-f82782e362a59862/dex-371__form-00__gender-none__palette-normal__qa-evidence.json	verified-render
371	bagon	base	none	shiny	assets/pokemon-animation-cards/hoenn-qa-f82782e362a59862/dex-371__form-00__gender-none__palette-shiny__idle-8x4.png	assets/pokemon-animation-cards/hoenn-qa-f82782e362a59862/dex-371__form-00__gender-none__palette-shiny__walk-8x4.png	assets/pokemon-animation-cards/hoenn-qa-f82782e362a59862/dex-371__form-00__gender-none__palette-shiny__runtime.png	hoenn-original-trs-v1:pm0371_00:00:none:shiny	8	1	8	0.8000000715255737	256	256	2	14	254	243	128	231.9808411490216	220	12	16	a22cd5e4325497a417200424d3887972c3021b4b9cc9403d3b68d18c4ab2e1e3	a41364d0b966e3b1b201f3063038d144e50f0fa7114ee532027969a483cc7595	4df59543b610aa23d313e5478fab049f0d4beabd5e741ea9c390f823ef0a56a4	assets/pokemon-animation-cards/hoenn-qa-f82782e362a59862/dex-371__form-00__gender-none__palette-shiny__qa-evidence.json	verified-render
372	shelgon	base	none	normal	assets/pokemon-animation-cards/hoenn-qa-f82782e362a59862/dex-372__form-00__gender-none__palette-normal__idle-8x4.png	assets/pokemon-animation-cards/hoenn-qa-f82782e362a59862/dex-372__form-00__gender-none__palette-normal__walk-8x4.png	assets/pokemon-animation-cards/hoenn-qa-f82782e362a59862/dex-372__form-00__gender-none__palette-normal__runtime.png	hoenn-original-trs-v1:pm0372_00:00:none:normal	8	2.3333334922790527	8	1.5000001192092896	256	256	8	2	248	254	128.20221169036336	238.66349053112185	249	15	16	9bcc6d6da83cb738827e588b9401090a0d636c7b01ab669b7efb6e7b88cec390	df2ec9456560887b86354c28cf9337603bb4dee370deeef858699d45b8e078e5	22d206f7090e1ae2496228008cab66549099da5f915878bf9ec8e01cdf3806eb	assets/pokemon-animation-cards/hoenn-qa-f82782e362a59862/dex-372__form-00__gender-none__palette-normal__qa-evidence.json	verified-render
372	shelgon	base	none	shiny	assets/pokemon-animation-cards/hoenn-qa-f82782e362a59862/dex-372__form-00__gender-none__palette-shiny__idle-8x4.png	assets/pokemon-animation-cards/hoenn-qa-f82782e362a59862/dex-372__form-00__gender-none__palette-shiny__walk-8x4.png	assets/pokemon-animation-cards/hoenn-qa-f82782e362a59862/dex-372__form-00__gender-none__palette-shiny__runtime.png	hoenn-original-trs-v1:pm0372_00:00:none:shiny	8	2.3333334922790527	8	1.5000001192092896	256	256	8	2	248	254	128.20221169036336	238.66349053112185	249	15	16	6ced209ef8e3ffaffb0df1b632d59c9d99dc79ecb4caf86cae8e7c57481d1499	2be483e834014dc64b0937fa30310445857158692fef3eedb6674170f94fdaf6	a532da128db1c035e88537e9c37dfaf844047f4bf946819f8c7b504ac96e9bc1	assets/pokemon-animation-cards/hoenn-qa-f82782e362a59862/dex-372__form-00__gender-none__palette-shiny__qa-evidence.json	verified-render
373	salamence	base	none	normal	assets/pokemon-animation-cards/hoenn-qa-f82782e362a59862/dex-373__form-00__gender-none__palette-normal__idle-8x4.png	assets/pokemon-animation-cards/hoenn-qa-f82782e362a59862/dex-373__form-00__gender-none__palette-normal__walk-8x4.png	assets/pokemon-animation-cards/hoenn-qa-f82782e362a59862/dex-373__form-00__gender-none__palette-normal__runtime.png	hoenn-original-trs-v1:pm0373_00:00:none:normal	8	1.6666667461395264	8	1.6666667461395264	384	256	5	64	379	192	192	206.12025102433384	83.83897065188768	15	9	c6c1135b73c76e466bca84d7209aa710f6f590d84ddcaeac513ee50046d73bb9	c6c1135b73c76e466bca84d7209aa710f6f590d84ddcaeac513ee50046d73bb9	6faa8a1b96a0872d4fc1df63e735b57777ea112e78a180f95a564d2bca2d9b54	assets/pokemon-animation-cards/hoenn-qa-f82782e362a59862/dex-373__form-00__gender-none__palette-normal__qa-evidence.json	verified-render
373	salamence	base	none	shiny	assets/pokemon-animation-cards/hoenn-qa-f82782e362a59862/dex-373__form-00__gender-none__palette-shiny__idle-8x4.png	assets/pokemon-animation-cards/hoenn-qa-f82782e362a59862/dex-373__form-00__gender-none__palette-shiny__walk-8x4.png	assets/pokemon-animation-cards/hoenn-qa-f82782e362a59862/dex-373__form-00__gender-none__palette-shiny__runtime.png	hoenn-original-trs-v1:pm0373_00:00:none:shiny	8	1.6666667461395264	8	1.6666667461395264	384	256	5	64	379	192	192	206.12025102433384	83.83897065188768	15	9	ed7b5c202c0d5941bfb39021a5fd78900338f56f40d82f836165590d85b31d2c	ed7b5c202c0d5941bfb39021a5fd78900338f56f40d82f836165590d85b31d2c	4efc25809f33437a8fed7fc668f6be383b4ae78fde01a5255ffccf11e6de046b	assets/pokemon-animation-cards/hoenn-qa-f82782e362a59862/dex-373__form-00__gender-none__palette-shiny__qa-evidence.json	verified-render
374	beldum	base	none	normal	assets/pokemon-animation-cards/hoenn-qa-f82782e362a59862/dex-374__form-00__gender-none__palette-normal__idle-8x4.png	assets/pokemon-animation-cards/hoenn-qa-f82782e362a59862/dex-374__form-00__gender-none__palette-normal__walk-8x4.png	assets/pokemon-animation-cards/hoenn-qa-f82782e362a59862/dex-374__form-00__gender-none__palette-normal__runtime.png	hoenn-original-trs-v1:pm0374_00:00:none:normal	8	1.9666668176651	8	1.6666667461395264	256	256	2	9	254	248	128.00000000000003	292.65974471272625	141	15	16	d3ec3bc59aa4406f99947de44e4298c59c8840b7dd33e792d811475c0b9bc5a0	b2afdb1b2019c37da1b4030a0baab9d6393694d3239fd135bdb968d3952f59c8	54c60b82fe4d24868392dfffca671bfa785029c2f0e94b308e8489781ad4d6f8	assets/pokemon-animation-cards/hoenn-qa-f82782e362a59862/dex-374__form-00__gender-none__palette-normal__qa-evidence.json	verified-render
374	beldum	base	none	shiny	assets/pokemon-animation-cards/hoenn-qa-f82782e362a59862/dex-374__form-00__gender-none__palette-shiny__idle-8x4.png	assets/pokemon-animation-cards/hoenn-qa-f82782e362a59862/dex-374__form-00__gender-none__palette-shiny__walk-8x4.png	assets/pokemon-animation-cards/hoenn-qa-f82782e362a59862/dex-374__form-00__gender-none__palette-shiny__runtime.png	hoenn-original-trs-v1:pm0374_00:00:none:shiny	8	1.9666668176651	8	1.6666667461395264	256	256	2	9	254	248	128.00000000000003	292.65974471272625	141	15	16	b1b0c9c3591b3323ae8b58ea0cd901702b575c87d40babd68988bda739d3d6da	d1a49bd4835cf05431b0d345f90ed726a8ea7d50beca47e5471889b7745c20ce	d8c6bb3803a2f4cff0fc4809ef8196897ca2fa7517eae7a486b4c7ba4ee24e25	assets/pokemon-animation-cards/hoenn-qa-f82782e362a59862/dex-374__form-00__gender-none__palette-shiny__qa-evidence.json	verified-render
375	metang	base	none	normal	assets/pokemon-animation-cards/hoenn-qa-f82782e362a59862/dex-375__form-00__gender-none__palette-normal__idle-8x4.png	assets/pokemon-animation-cards/hoenn-qa-f82782e362a59862/dex-375__form-00__gender-none__palette-normal__walk-8x4.png	assets/pokemon-animation-cards/hoenn-qa-f82782e362a59862/dex-375__form-00__gender-none__palette-normal__runtime.png	hoenn-original-trs-v1:pm0375_00:00:none:normal	8	2	8	1.6666667461395264	384	256	25	4	360	252	192.25296442687747	249.67192693663668	213	15	14	4b60e4638ee7c0c69100b6945334f321e70d014dccabdb4f4d477a16e2adeada	0a698050cb579d4059492fa494440a11aace5929205a0691bcfdff2cedacda78	56383fff0a940225fe62d22eb095b7011b5b64e167c193b06198cc3965bf9d5b	assets/pokemon-animation-cards/hoenn-qa-f82782e362a59862/dex-375__form-00__gender-none__palette-normal__qa-evidence.json	verified-render
375	metang	base	none	shiny	assets/pokemon-animation-cards/hoenn-qa-f82782e362a59862/dex-375__form-00__gender-none__palette-shiny__idle-8x4.png	assets/pokemon-animation-cards/hoenn-qa-f82782e362a59862/dex-375__form-00__gender-none__palette-shiny__walk-8x4.png	assets/pokemon-animation-cards/hoenn-qa-f82782e362a59862/dex-375__form-00__gender-none__palette-shiny__runtime.png	hoenn-original-trs-v1:pm0375_00:00:none:shiny	8	2	8	1.6666667461395264	384	256	25	4	360	252	192.25296442687747	249.67192693663668	213	15	14	ded091f111a54b6de12771c324d34103cadc670e36002d3fdae59484c1941736	af1c57abf624bb2156fd07e483326fbbe7e6378c28a91ac61aaf33127995ba50	0d7a71602e03e3c25e7502a400fc00173a754715dcf75159707f8b751a6a8c32	assets/pokemon-animation-cards/hoenn-qa-f82782e362a59862/dex-375__form-00__gender-none__palette-shiny__qa-evidence.json	verified-render
376	metagross	base	none	normal	assets/pokemon-animation-cards/hoenn-qa-f82782e362a59862/dex-376__form-00__gender-none__palette-normal__idle-8x4.png	assets/pokemon-animation-cards/hoenn-qa-f82782e362a59862/dex-376__form-00__gender-none__palette-normal__walk-8x4.png	assets/pokemon-animation-cards/hoenn-qa-f82782e362a59862/dex-376__form-00__gender-none__palette-normal__runtime.png	hoenn-original-trs-v1:pm0376_00:00:none:normal	8	2.6666667461395264	8	1.3333333730697632	384	256	5	12	379	244	192	220.09235825890474	213	15	11	68a61ac8da5fe5667a87109a3e7b01c23b739cd381f4d786f5d2730b99896a7b	61952676f9e02608d12364f58453b591deb86a10202f9d048d508cc1461a90aa	70ad24d0c557c248595cabf5ab3646df1d9914f6e9ecd800545dd7fb19821bfa	assets/pokemon-animation-cards/hoenn-qa-f82782e362a59862/dex-376__form-00__gender-none__palette-normal__qa-evidence.json	verified-render
376	metagross	base	none	shiny	assets/pokemon-animation-cards/hoenn-qa-f82782e362a59862/dex-376__form-00__gender-none__palette-shiny__idle-8x4.png	assets/pokemon-animation-cards/hoenn-qa-f82782e362a59862/dex-376__form-00__gender-none__palette-shiny__walk-8x4.png	assets/pokemon-animation-cards/hoenn-qa-f82782e362a59862/dex-376__form-00__gender-none__palette-shiny__runtime.png	hoenn-original-trs-v1:pm0376_00:00:none:shiny	8	2.6666667461395264	8	1.3333333730697632	384	256	5	12	379	244	192	220.09235825890474	213	15	11	77096e9f12c2d93369ca2837c4c5dd923a960a3f7d89e263a6e79d6182c44ebb	9e6d66b2034b64215a3fa40cd20d30bf2095ee1626d3ed921128564886ddcd55	316730452276e0535b64417be9f2d88e470197e3158dac88cd9d46626ec8e79d	assets/pokemon-animation-cards/hoenn-qa-f82782e362a59862/dex-376__form-00__gender-none__palette-shiny__qa-evidence.json	verified-render
377	regirock	base	none	normal	assets/pokemon-animation-cards/hoenn-qa-f82782e362a59862/dex-377__form-00__gender-none__palette-normal__idle-8x4.png	assets/pokemon-animation-cards/hoenn-qa-f82782e362a59862/dex-377__form-00__gender-none__palette-normal__walk-8x4.png	assets/pokemon-animation-cards/hoenn-qa-f82782e362a59862/dex-377__form-00__gender-none__palette-normal__runtime.png	hoenn-original-trs-v1:pm0377_00:00:none:normal	8	2.3333334922790527	8	2	256	256	2	13	254	243	128	230.55159207613093	217	15	16	bfa659c3d9fc265022f0f9cb5f95b84586ab7da4cde15dc2f5e434394a8181e1	c6da0290d7683dfbf0caa5bab6afbb775466870ba1b99acd19686a8db6a5d48e	d50c5e41aa68e03d9af53349b41c7c6af2bba063b6a42824f85773b92ea17299	assets/pokemon-animation-cards/hoenn-qa-f82782e362a59862/dex-377__form-00__gender-none__palette-normal__qa-evidence.json	verified-render
377	regirock	base	none	shiny	assets/pokemon-animation-cards/hoenn-qa-f82782e362a59862/dex-377__form-00__gender-none__palette-shiny__idle-8x4.png	assets/pokemon-animation-cards/hoenn-qa-f82782e362a59862/dex-377__form-00__gender-none__palette-shiny__walk-8x4.png	assets/pokemon-animation-cards/hoenn-qa-f82782e362a59862/dex-377__form-00__gender-none__palette-shiny__runtime.png	hoenn-original-trs-v1:pm0377_00:00:none:shiny	8	2.3333334922790527	8	2	256	256	2	13	254	243	128	230.55159207613093	217	15	16	8cb7f139ecd62133ff1e6303b2c28fd66674790f9ba93955ab1777c96675acba	b392e1c042fad83913d831d88d718b487768dd2c518d572559046d79fcb8d8af	a4454e11c56a0ed8089e4be9fe0e863b0683332587a2ebbc8da657b35ca2b1ef	assets/pokemon-animation-cards/hoenn-qa-f82782e362a59862/dex-377__form-00__gender-none__palette-shiny__qa-evidence.json	verified-render
378	regice	base	none	normal	assets/pokemon-animation-cards/hoenn-qa-f82782e362a59862/dex-378__form-00__gender-none__palette-normal__idle-8x4.png	assets/pokemon-animation-cards/hoenn-qa-f82782e362a59862/dex-378__form-00__gender-none__palette-normal__walk-8x4.png	assets/pokemon-animation-cards/hoenn-qa-f82782e362a59862/dex-378__form-00__gender-none__palette-normal__runtime.png	hoenn-original-trs-v1:pm0378_00:00:none:normal	8	2.6666667461395264	8	1	384	256	24	4	361	252	192.25498007968127	242.21435180164087	246	15	16	865643c5f7b7d775bca0e6773f589c56f4b4b387f0be7f7c0eaaede6478c70b1	b1d5b8d33fecc78f303d77a5e2ef3afc793e1eb5018b58b32f6da888331fb048	835069d4984e0f70cc2e19a6308662cacb483d9095dcdeaec9fcfb2a8bebccef	assets/pokemon-animation-cards/hoenn-qa-f82782e362a59862/dex-378__form-00__gender-none__palette-normal__qa-evidence.json	verified-render
378	regice	base	none	shiny	assets/pokemon-animation-cards/hoenn-qa-f82782e362a59862/dex-378__form-00__gender-none__palette-shiny__idle-8x4.png	assets/pokemon-animation-cards/hoenn-qa-f82782e362a59862/dex-378__form-00__gender-none__palette-shiny__walk-8x4.png	assets/pokemon-animation-cards/hoenn-qa-f82782e362a59862/dex-378__form-00__gender-none__palette-shiny__runtime.png	hoenn-original-trs-v1:pm0378_00:00:none:shiny	8	2.6666667461395264	8	1	384	256	24	4	361	252	192.25498007968127	242.21435180164087	246	15	16	2699d68720fdf87cdd1962ea5a585b63f656916292abc70b02be79746d2d4cbe	67db1adf015196a54442fa0ba42feb6b55677022407dee01f620a46df86cf73d	ce852fc841c815ba6f0114ca1372c5850ba958bcd66bb3d8ec7c3305272be13f	assets/pokemon-animation-cards/hoenn-qa-f82782e362a59862/dex-378__form-00__gender-none__palette-shiny__qa-evidence.json	verified-render
379	registeel	base	none	normal	assets/pokemon-animation-cards/hoenn-qa-f82782e362a59862/dex-379__form-00__gender-none__palette-normal__idle-8x4.png	assets/pokemon-animation-cards/hoenn-qa-f82782e362a59862/dex-379__form-00__gender-none__palette-normal__walk-8x4.png	assets/pokemon-animation-cards/hoenn-qa-f82782e362a59862/dex-379__form-00__gender-none__palette-normal__runtime.png	hoenn-original-trs-v1:pm0379_00:00:none:normal	8	2.3333334922790527	8	1.8333333730697632	384	256	5	7	379	250	192	233.83343524468012	231	15	16	ab8fa87da9752988b24c5f34fc139ca2b1a87c8be6471a2919858dfb34c5d603	437c41a982b38159286832d7926c217adb820bc5f900ff031f39adbb839a7d25	3e3199b6b97c9c16da97bdcd55bfd2198889608af54c72f43b9ad3c8f18fc15b	assets/pokemon-animation-cards/hoenn-qa-f82782e362a59862/dex-379__form-00__gender-none__palette-normal__qa-evidence.json	verified-render
379	registeel	base	none	shiny	assets/pokemon-animation-cards/hoenn-qa-f82782e362a59862/dex-379__form-00__gender-none__palette-shiny__idle-8x4.png	assets/pokemon-animation-cards/hoenn-qa-f82782e362a59862/dex-379__form-00__gender-none__palette-shiny__walk-8x4.png	assets/pokemon-animation-cards/hoenn-qa-f82782e362a59862/dex-379__form-00__gender-none__palette-shiny__runtime.png	hoenn-original-trs-v1:pm0379_00:00:none:shiny	8	2.3333334922790527	8	1.8333333730697632	384	256	5	7	379	250	192	233.83343524468012	231	15	16	9c4dfba3609c7aac7b04095f205d9867c6030b02a48f20af3546def2e505afb1	f2dc6682e30baf09924ef18f29a9794fe5b96cab1b5d22be639fddef899aa922	17e34431ac290bafd9140956e319321f4505e3a225031737fab7d925b94366b2	assets/pokemon-animation-cards/hoenn-qa-f82782e362a59862/dex-379__form-00__gender-none__palette-shiny__qa-evidence.json	verified-render
380	latias	base	none	normal	assets/pokemon-animation-cards/hoenn-qa-f82782e362a59862/dex-380__form-00__gender-none__palette-normal__idle-8x4.png	assets/pokemon-animation-cards/hoenn-qa-f82782e362a59862/dex-380__form-00__gender-none__palette-normal__walk-8x4.png	assets/pokemon-animation-cards/hoenn-qa-f82782e362a59862/dex-380__form-00__gender-none__palette-normal__runtime.png	hoenn-original-trs-v1:pm0380_00:00:none:normal	8	2.933333396911621	8	1.3333333730697632	384	256	11	5	373	252	192.00000000000003	346.26237531962937	221	15	12	98f3361d790712581413356f8b49811340c86b478b2753afeb5ba1f757521e0c	ae5c6b93f35780145cdfa91e6aedd102e7db25d1867769c57a1e74321a88b082	69ff9f5cb7d84ed05ddd3ef237bac22c8fca6fd763fee4ecbb8a4410bc3de128	assets/pokemon-animation-cards/hoenn-qa-f82782e362a59862/dex-380__form-00__gender-none__palette-normal__qa-evidence.json	verified-render
380	latias	base	none	shiny	assets/pokemon-animation-cards/hoenn-qa-f82782e362a59862/dex-380__form-00__gender-none__palette-shiny__idle-8x4.png	assets/pokemon-animation-cards/hoenn-qa-f82782e362a59862/dex-380__form-00__gender-none__palette-shiny__walk-8x4.png	assets/pokemon-animation-cards/hoenn-qa-f82782e362a59862/dex-380__form-00__gender-none__palette-shiny__runtime.png	hoenn-original-trs-v1:pm0380_00:00:none:shiny	8	2.933333396911621	8	1.3333333730697632	384	256	11	5	373	252	192.00000000000003	346.26237531962937	221	15	12	f627e881479f9cae88803e4fdb5ebc5a1c333c557b10bdfdcb604d96cdbab025	4ce1c15bc807e2f443407373dd5a3090efd6e2cd2281da5236267c9a271f65bd	a15734fb7c2b5b20ca583110880caa4e054e9a496579ee733762398810dd20ac	assets/pokemon-animation-cards/hoenn-qa-f82782e362a59862/dex-380__form-00__gender-none__palette-shiny__qa-evidence.json	verified-render
381	latios	base	none	normal	assets/pokemon-animation-cards/hoenn-qa-f82782e362a59862/dex-381__form-00__gender-none__palette-normal__idle-8x4.png	assets/pokemon-animation-cards/hoenn-qa-f82782e362a59862/dex-381__form-00__gender-none__palette-normal__walk-8x4.png	assets/pokemon-animation-cards/hoenn-qa-f82782e362a59862/dex-381__form-00__gender-none__palette-normal__runtime.png	hoenn-original-trs-v1:pm0381_00:00:none:normal	8	2.933333396911621	8	1.3333333730697632	384	256	24	5	360	252	192	281.9001215734848	196	15	12	6833d8cae569d76889c7ce5f6efc84dc6e0cb169ed54e06b981259fa89903137	a2a4c9c50e681af3c65096e736ebc1c808bdfe852b55853865874ac6fb1b03bd	c63ae862f668b3cf89b1831543c5094bc4f7e95e87e47e260cb76a3224ccf8e0	assets/pokemon-animation-cards/hoenn-qa-f82782e362a59862/dex-381__form-00__gender-none__palette-normal__qa-evidence.json	verified-render
381	latios	base	none	shiny	assets/pokemon-animation-cards/hoenn-qa-f82782e362a59862/dex-381__form-00__gender-none__palette-shiny__idle-8x4.png	assets/pokemon-animation-cards/hoenn-qa-f82782e362a59862/dex-381__form-00__gender-none__palette-shiny__walk-8x4.png	assets/pokemon-animation-cards/hoenn-qa-f82782e362a59862/dex-381__form-00__gender-none__palette-shiny__runtime.png	hoenn-original-trs-v1:pm0381_00:00:none:shiny	8	2.933333396911621	8	1.3333333730697632	384	256	24	5	360	252	192	281.9001215734848	196	15	12	b5a5c9363cf2873d9466bd606796389e9b7aaae065440ee56c2c1080695cf6c4	0c67a7b0e552fd66283f9d2fef35033e7a36d95818ca52cf863c8b2dba2e8b48	5f102ce1d432f396e30b5619c59c15dddc679111af20506d4eb8c5ed609a86ef	assets/pokemon-animation-cards/hoenn-qa-f82782e362a59862/dex-381__form-00__gender-none__palette-shiny__qa-evidence.json	verified-render
382	kyogre	base	none	normal	assets/pokemon-animation-cards/hoenn-qa-f82782e362a59862/dex-382__form-00__gender-none__palette-normal__idle-8x4.png	assets/pokemon-animation-cards/hoenn-qa-f82782e362a59862/dex-382__form-00__gender-none__palette-normal__walk-8x4.png	assets/pokemon-animation-cards/hoenn-qa-f82782e362a59862/dex-382__form-00__gender-none__palette-normal__runtime.png	hoenn-original-trs-v1:pm0382_00:00:none:normal	8	2.5333335399627686	8	2.3333334922790527	384	256	5	73	379	183	192	208.29995097380015	104	15	5	af50dd3eaeafef2d5979c7b12610cfb6c972ee740c3d85a07641498110517f29	389c8cf7b24af8e4fb3e5afcf377ca9e9c761700b417f402c3e4387aece002f5	a66b31c1280fed4d5112cd18dfbf33192ce0c5166129d38cc6442ee2e39ab05b	assets/pokemon-animation-cards/hoenn-qa-f82782e362a59862/dex-382__form-00__gender-none__palette-normal__qa-evidence.json	verified-render
382	kyogre	base	none	shiny	assets/pokemon-animation-cards/hoenn-qa-f82782e362a59862/dex-382__form-00__gender-none__palette-shiny__idle-8x4.png	assets/pokemon-animation-cards/hoenn-qa-f82782e362a59862/dex-382__form-00__gender-none__palette-shiny__walk-8x4.png	assets/pokemon-animation-cards/hoenn-qa-f82782e362a59862/dex-382__form-00__gender-none__palette-shiny__runtime.png	hoenn-original-trs-v1:pm0382_00:00:none:shiny	8	2.5333335399627686	8	2.3333334922790527	384	256	5	73	379	183	192	208.29995097380015	104	15	5	6d70b71f9701bf2d93cc39839b613e8b005ceb5d09a4fba3e03e157bf8ed56a1	0516506086e82f6b89505c0d70ce7cf8043123c39e4a569a0b3bce6c597ea046	05b4033ed6b309b92ca5fdf1b86bcfd6534d5e5d9904d9b4acd6444676d975e0	assets/pokemon-animation-cards/hoenn-qa-f82782e362a59862/dex-382__form-00__gender-none__palette-shiny__qa-evidence.json	verified-render
383	groudon	base	none	normal	assets/pokemon-animation-cards/hoenn-qa-f82782e362a59862/dex-383__form-00__gender-none__palette-normal__idle-8x4.png	assets/pokemon-animation-cards/hoenn-qa-f82782e362a59862/dex-383__form-00__gender-none__palette-normal__walk-8x4.png	assets/pokemon-animation-cards/hoenn-qa-f82782e362a59862/dex-383__form-00__gender-none__palette-normal__runtime.png	hoenn-original-trs-v1:pm0383_00:00:none:normal	8	2	8	2.6666667461395264	384	256	5	17	379	240	192	226.49664181581392	184	15	16	1f814eabb0f028032e6ecd8bbc4d49d576629cbc3867d5fcd7940bab1d9a3497	c94d70c40b1f0c10b7a103a608908ba99cc27c414448e333c8beef11b2735736	55abea953a8ca126bccd9de3531ed01c4dce6e049f41cbe94ab1bc472c6da07a	assets/pokemon-animation-cards/hoenn-qa-f82782e362a59862/dex-383__form-00__gender-none__palette-normal__qa-evidence.json	verified-render
383	groudon	base	none	shiny	assets/pokemon-animation-cards/hoenn-qa-f82782e362a59862/dex-383__form-00__gender-none__palette-shiny__idle-8x4.png	assets/pokemon-animation-cards/hoenn-qa-f82782e362a59862/dex-383__form-00__gender-none__palette-shiny__walk-8x4.png	assets/pokemon-animation-cards/hoenn-qa-f82782e362a59862/dex-383__form-00__gender-none__palette-shiny__runtime.png	hoenn-original-trs-v1:pm0383_00:00:none:shiny	8	2	8	2.6666667461395264	384	256	5	17	379	240	192	226.49664181581392	184	15	16	11cb7c4ea77cca5c784776d64a6516fb9b1e21c127ec2327149cc00b4702e3b6	c0bb0b1e53b62da824de1d60ebe35cfc7729cae07d4cbe77734b297cab3d56c7	5eb9833f353d7bc9f0d9cb4fecdca4a1663875edf852a74f7c5b02a762b2d450	assets/pokemon-animation-cards/hoenn-qa-f82782e362a59862/dex-383__form-00__gender-none__palette-shiny__qa-evidence.json	verified-render
384	rayquaza	base	none	normal	assets/pokemon-animation-cards/hoenn-qa-f82782e362a59862/dex-384__form-00__gender-none__palette-normal__idle-8x4.png	assets/pokemon-animation-cards/hoenn-qa-f82782e362a59862/dex-384__form-00__gender-none__palette-normal__walk-8x4.png	assets/pokemon-animation-cards/hoenn-qa-f82782e362a59862/dex-384__form-00__gender-none__palette-normal__runtime.png	hoenn-original-trs-v1:pm0384_00:00:none:normal	8	3.200000286102295	8	1.3333333730697632	384	256	5	35	379	221	192	216.1049379749159	164.28261028407968	15	13	6efa9388d995bef9175e07e8b55e7a809c4e3ba85d122b23d6d4d7d65785a6c0	62f222b6dc183d742f91f61de92d3fee34fbc96876da595a4236047eb942483a	ff85eda053c9551662d10cdefbc29ca7eb2285ca8b5677c1783d20505c794a4a	assets/pokemon-animation-cards/hoenn-qa-f82782e362a59862/dex-384__form-00__gender-none__palette-normal__qa-evidence.json	verified-render
384	rayquaza	base	none	shiny	assets/pokemon-animation-cards/hoenn-qa-f82782e362a59862/dex-384__form-00__gender-none__palette-shiny__idle-8x4.png	assets/pokemon-animation-cards/hoenn-qa-f82782e362a59862/dex-384__form-00__gender-none__palette-shiny__walk-8x4.png	assets/pokemon-animation-cards/hoenn-qa-f82782e362a59862/dex-384__form-00__gender-none__palette-shiny__runtime.png	hoenn-original-trs-v1:pm0384_00:00:none:shiny	8	3.200000286102295	8	1.3333333730697632	384	256	5	35	379	221	192	216.1049379749159	164.28261028407968	15	13	99b7db34e657dc6b3de4d6bbfbd3e85d17996a511aba35ff030cecd37d0ffad8	e42540edcb46840f2047797cb5381fd45af015e604ed078c56b5a26f967d2c3f	bc5d085a1b3899ca96e3d518c2aef84410d611b54a96a1836a23b438787f118e	assets/pokemon-animation-cards/hoenn-qa-f82782e362a59862/dex-384__form-00__gender-none__palette-shiny__qa-evidence.json	verified-render
385	jirachi	base	none	normal	assets/pokemon-animation-cards/hoenn-qa-f82782e362a59862/dex-385__form-00__gender-none__palette-normal__idle-8x4.png	assets/pokemon-animation-cards/hoenn-qa-f82782e362a59862/dex-385__form-00__gender-none__palette-normal__walk-8x4.png	assets/pokemon-animation-cards/hoenn-qa-f82782e362a59862/dex-385__form-00__gender-none__palette-normal__runtime.png	hoenn-original-trs-v1:pm0385_00:00:none:normal	8	2	8	1.3333333730697632	256	256	42	2	215	253	127.99999999999999	294.4070166422216	107	15	16	e096cdd211e83b203fc7d3891bddf10aea5e573365daaede1ac3fcd3d430b1e4	15b713a19e03a9f4396d3482452909e40917db656fbfd46e5ebfc5ff7e3d51d6	5ecf6cc982050a09a6955c50760c902387420376978c9e1e3e581f6b490194ae	assets/pokemon-animation-cards/hoenn-qa-f82782e362a59862/dex-385__form-00__gender-none__palette-normal__qa-evidence.json	verified-render
385	jirachi	base	none	shiny	assets/pokemon-animation-cards/hoenn-qa-f82782e362a59862/dex-385__form-00__gender-none__palette-shiny__idle-8x4.png	assets/pokemon-animation-cards/hoenn-qa-f82782e362a59862/dex-385__form-00__gender-none__palette-shiny__walk-8x4.png	assets/pokemon-animation-cards/hoenn-qa-f82782e362a59862/dex-385__form-00__gender-none__palette-shiny__runtime.png	hoenn-original-trs-v1:pm0385_00:00:none:shiny	8	2	8	1.3333333730697632	256	256	42	2	215	253	127.99999999999999	294.4070166422216	107	15	16	4c55a37e43f3338037a38c41b3570467a9fe7b12938f9f8418b41f5253e431c7	a935933fb5982d24b90e93895eb5e87bb0a8eed240c5e2de26e5b80dd1dee4c7	71a9202f8d9bb85edbaeac5a4e55ea588b9d41dcc4598ab744ed4cbbcdc1dc9b	assets/pokemon-animation-cards/hoenn-qa-f82782e362a59862/dex-385__form-00__gender-none__palette-shiny__qa-evidence.json	verified-render
386	deoxys	11-normal	none	normal	assets/pokemon-animation-cards/hoenn-qa-f82782e362a59862/dex-386__form-11-normal__gender-none__palette-normal__idle-8x4.png	assets/pokemon-animation-cards/hoenn-qa-f82782e362a59862/dex-386__form-11-normal__gender-none__palette-normal__walk-8x4.png	assets/pokemon-animation-cards/hoenn-qa-f82782e362a59862/dex-386__form-11-normal__gender-none__palette-normal__runtime.png	hoenn-original-trs-v1:pm0386_11:11-normal:none:normal	8	2	8	1.3333333730697632	256	256	2	17	254	239	128	229.48824848827545	192	12	16	2529278468b6c099b2c8ef72680ce37e9c609c21ae69fa2ed4cbd019c7167793	3d7510b7f0327050951ae6a28a66993a677c681b95762031e7e6e5b225e5173b	b384bdc11abd90ab32e11d511a281db2512c9365a7134b7f896fca0dafffc7ea	assets/pokemon-animation-cards/hoenn-qa-f82782e362a59862/dex-386__form-11-normal__gender-none__palette-normal__qa-evidence.json	verified-render
386	deoxys	11-normal	none	shiny	assets/pokemon-animation-cards/hoenn-qa-f82782e362a59862/dex-386__form-11-normal__gender-none__palette-shiny__idle-8x4.png	assets/pokemon-animation-cards/hoenn-qa-f82782e362a59862/dex-386__form-11-normal__gender-none__palette-shiny__walk-8x4.png	assets/pokemon-animation-cards/hoenn-qa-f82782e362a59862/dex-386__form-11-normal__gender-none__palette-shiny__runtime.png	hoenn-original-trs-v1:pm0386_11:11-normal:none:shiny	8	2	8	1.3333333730697632	256	256	2	17	254	239	128	229.48824848827545	192	12	16	ef1130334b24caf8727561f8f7c73890c41c229ed73d00e8d802f048f31074c7	9ac654a77cc11ed6187790125e7c048f80a2c3252e89cb6cdba8928db8bf584c	d4b29081f1a668cfeaa76498404a1831bd68eaec49b33bbdee200c81323c4d97	assets/pokemon-animation-cards/hoenn-qa-f82782e362a59862/dex-386__form-11-normal__gender-none__palette-shiny__qa-evidence.json	verified-render
