dex	species	form	gender	palette	atlas	runtime_strip	scale_class	height_dm	file_sha256	rgba_sha256	runtime_content_width	runtime_content_height	source_document_sha256	source_manifest_sha256	motion_profile
001	Bulbasaur	00	none	normal	assets/pokemon-walksheets-549/dex-001__species-bulbasaur__form-00__gender-none__palette-normal__walk-3x4.png	assets/pokemon-runtime-549/dex-001__species-bulbasaur__form-00__gender-none__palette-normal__walk-3x4.png	pokemon_medium		4735cbc5d6324682004e6770796360544b67bb518206a5c6f996d3c1adefbaa8	5962bb58f00cfa874ead72f41c2fb9466d6008148fe4b18433dae4a48dee259a	15	16	c1f240bc46a51da71d51d3d745a98c680e0c9a938f88b8fed070b367fd855271	25be382bec0caa1f1db4a0422dac8c05e2c72f1aa87c05e78b376e8722b24e40	terrestrial-quadruped-light-v1
001	Bulbasaur	00	none	shiny	assets/pokemon-walksheets-549/dex-001__species-bulbasaur__form-00__gender-none__palette-shiny__walk-3x4.png	assets/pokemon-runtime-549/dex-001__species-bulbasaur__form-00__gender-none__palette-shiny__walk-3x4.png	pokemon_medium		f0fc5eaf70c8bca7764c7ee34742c3cfe34307fb321da0f1f645132864b6efa6	6911121be796894bb47ed5889ab63a3c0d9988c6984073f573b0ecbbed08c082	15	16	395d14a69435b7de7fbba7ff63ab3f7c74d50907d5a09ecc6948fc006df18d24	25be382bec0caa1f1db4a0422dac8c05e2c72f1aa87c05e78b376e8722b24e40	terrestrial-quadruped-light-v1
002	Ivysaur	00	none	normal	assets/pokemon-walksheets-549/dex-002__species-ivysaur__form-00__gender-none__palette-normal__walk-3x4.png	assets/pokemon-runtime-549/dex-002__species-ivysaur__form-00__gender-none__palette-normal__walk-3x4.png	pokemon_medium		a1eaa2eb21ae92beabc6e4ee92e0386babf07eaffdbfd6e022d9f37eed57c04f	e39d870af45f13365920b90acebb23ffc67dbcfb1836a336da9fb29eab02f106	15	12	cf4b1f933bf72906165a70b1813cb8a4ccd8b7d9fa94ecc1c2c1adf1ad6a7f23	25be382bec0caa1f1db4a0422dac8c05e2c72f1aa87c05e78b376e8722b24e40	terrestrial-quadruped-light-v1
002	Ivysaur	00	none	shiny	assets/pokemon-walksheets-549/dex-002__species-ivysaur__form-00__gender-none__palette-shiny__walk-3x4.png	assets/pokemon-runtime-549/dex-002__species-ivysaur__form-00__gender-none__palette-shiny__walk-3x4.png	pokemon_medium		fd2e390ebcc1484d877400d40b26576323ce3d514e2524bb5a28a71ed1b77812	3ada01b9539a381144ac8e416fd431b8446cc86945f2fc1709f50a9b51f37b5a	15	12	9e1bbd553b231d4ca246d792d073e4c79853c4543d2e1e73f709401dc506bd23	25be382bec0caa1f1db4a0422dac8c05e2c72f1aa87c05e78b376e8722b24e40	terrestrial-quadruped-light-v1
003	Venusaur	00	none	normal	assets/pokemon-walksheets-549/dex-003__species-venusaur__form-00__gender-none__palette-normal__walk-3x4.png	assets/pokemon-runtime-549/dex-003__species-venusaur__form-00__gender-none__palette-normal__walk-3x4.png	pokemon_medium		ab1cca49e8b404269185fc7c03f809ffe58cc4f1bf13827c0d7de7afd5a4d68b	a6be3b22bf8477becf066d9a4e5b576f7618ad765c2c2c30e583f66abb295648	15	11	fe1c22639ea7622e7c96aa1a28fc7a9db5ec84e6ec60ca5e4e9e27b2647d3e4e	25be382bec0caa1f1db4a0422dac8c05e2c72f1aa87c05e78b376e8722b24e40	terrestrial-quadruped-heavy-v1
003	Venusaur	00	none	shiny	assets/pokemon-walksheets-549/dex-003__species-venusaur__form-00__gender-none__palette-shiny__walk-3x4.png	assets/pokemon-runtime-549/dex-003__species-venusaur__form-00__gender-none__palette-shiny__walk-3x4.png	pokemon_medium		954b64706265aecc04d6966b898f6f747ec4a4daaab076934731dce06e81d6c3	18b1c337188a7eb7834715bcd77379a8aeb1761dcf0b891aad8440572e16ec08	15	11	f79e14bbcc4bf70713a19fca53853b78ea9b2a8b6b7718a7461e281c7327a124	25be382bec0caa1f1db4a0422dac8c05e2c72f1aa87c05e78b376e8722b24e40	terrestrial-quadruped-heavy-v1
004	Charmander	00	none	normal	assets/pokemon-walksheets-549/dex-004__species-charmander__form-00__gender-none__palette-normal__walk-3x4.png	assets/pokemon-runtime-549/dex-004__species-charmander__form-00__gender-none__palette-normal__walk-3x4.png	pokemon_medium		9b8a00f3067c1ebd4385347546eddcb002389ab3d5fe95579d4fd60cb05b8888	94614978065cca40a24d7e1d88f4b7985eadd9f36a198bbe3bdc05a3331002cc	15	16	47d4676f63d2cc54a20e9fe51b208af2e205389416531c0955ded77161c0b989	25be382bec0caa1f1db4a0422dac8c05e2c72f1aa87c05e78b376e8722b24e40	terrestrial-biped-light-v1
004	Charmander	00	none	shiny	assets/pokemon-walksheets-549/dex-004__species-charmander__form-00__gender-none__palette-shiny__walk-3x4.png	assets/pokemon-runtime-549/dex-004__species-charmander__form-00__gender-none__palette-shiny__walk-3x4.png	pokemon_medium		c22841875f1c17d9969d30a9572af0343691253eb652954cfbf0c2560b018432	767c935591542f721836675cdc24db44874658631d119c36e5ae3ed590bf67bf	15	16	fde5229afb554a4bcf3c9b4b89c760a6c116797b86105e276ac6fcaf6978efd4	25be382bec0caa1f1db4a0422dac8c05e2c72f1aa87c05e78b376e8722b24e40	terrestrial-biped-light-v1
005	Charmeleon	00	none	normal	assets/pokemon-walksheets-549/dex-005__species-charmeleon__form-00__gender-none__palette-normal__walk-3x4.png	assets/pokemon-runtime-549/dex-005__species-charmeleon__form-00__gender-none__palette-normal__walk-3x4.png	pokemon_medium		be8f0a736a01158a3f3ee1849c2135ff3565cc754c58a143aad2788b52d3c570	dc5d96e0940f80fd03d5381f8eba9f02ad2cc047226026408ab66edb4d671559	14	16	7e7ba0116cb6d23535f28f985e732f22a2729ebf50e781dc630fc10ba151d96e	25be382bec0caa1f1db4a0422dac8c05e2c72f1aa87c05e78b376e8722b24e40	terrestrial-biped-light-v1
005	Charmeleon	00	none	shiny	assets/pokemon-walksheets-549/dex-005__species-charmeleon__form-00__gender-none__palette-shiny__walk-3x4.png	assets/pokemon-runtime-549/dex-005__species-charmeleon__form-00__gender-none__palette-shiny__walk-3x4.png	pokemon_medium		80a0d1177027069dfa2a8f935176bf37d95e2ef12a411976f87175087d2c6599	82203ab1bb7afd42cbe2781e5c69d0493616eead3f05bad86a2b2a53e3dbb73b	14	16	22c9e2cfebeca12ff9c164d1907a74d30c1b56c4ac854dd7982204f677322207	25be382bec0caa1f1db4a0422dac8c05e2c72f1aa87c05e78b376e8722b24e40	terrestrial-biped-light-v1
006	Charizard	00	none	normal	assets/pokemon-walksheets-549/dex-006__species-charizard__form-00__gender-none__palette-normal__walk-3x4.png	assets/pokemon-runtime-549/dex-006__species-charizard__form-00__gender-none__palette-normal__walk-3x4.png	pokemon_medium		8c172cceb0600bdb7d726ff4c5cba2e9e4fdb35d192b094b092ae740504e7639	3a54b649b2232210b61ad2295e77c6b39b5228b89bbb936c7eb636772e27479c	15	16	489bb00a74c45cd8b0f448eb78dbcf1494bbb1801645199ffe30382eb4679f6a	25be382bec0caa1f1db4a0422dac8c05e2c72f1aa87c05e78b376e8722b24e40	airborne-wing-flap-v1
006	Charizard	00	none	shiny	assets/pokemon-walksheets-549/dex-006__species-charizard__form-00__gender-none__palette-shiny__walk-3x4.png	assets/pokemon-runtime-549/dex-006__species-charizard__form-00__gender-none__palette-shiny__walk-3x4.png	pokemon_medium		6b028700bdfab181b206c9a50b93a4e320a9e1a9ecbdeb260ded3694091ab095	db8f81d34313600e6c019bb98cc4560bdaa8cc7bb4696d87688bb04086ecd348	15	16	cdc0f82405b97e627392afc1a913a6403992f6685afaf842704efbebf6c49d70	25be382bec0caa1f1db4a0422dac8c05e2c72f1aa87c05e78b376e8722b24e40	airborne-wing-flap-v1
007	Squirtle	00	none	normal	assets/pokemon-walksheets-549/dex-007__species-squirtle__form-00__gender-none__palette-normal__walk-3x4.png	assets/pokemon-runtime-549/dex-007__species-squirtle__form-00__gender-none__palette-normal__walk-3x4.png	pokemon_medium		128f3411cacc298b0dec37a7c0684cb62a3f4b78194d435da73cc1045996493f	260298fefb1668d50555dfc7c18e1ef9372189766ea35202420347149637f165	15	16	c41fa3430cce4fa0f05a552b18d0e9d89ab810406c65b1a4627a0ba0c88f9ddf	25be382bec0caa1f1db4a0422dac8c05e2c72f1aa87c05e78b376e8722b24e40	terrestrial-biped-light-v1
007	Squirtle	00	none	shiny	assets/pokemon-walksheets-549/dex-007__species-squirtle__form-00__gender-none__palette-shiny__walk-3x4.png	assets/pokemon-runtime-549/dex-007__species-squirtle__form-00__gender-none__palette-shiny__walk-3x4.png	pokemon_medium		0e48d9115c5fb54e3d2c6d2ae54a162c3941ad35f713d76fb537fb3d65db2f5d	d89735992ac6fdccd218a926d2022878b150409275a6c0d6a1922dbfc7ceb4b4	15	16	b643fd79802e21900e6432e4c78056492f49d2eacfb0757ef9278fcf3ec3f21b	25be382bec0caa1f1db4a0422dac8c05e2c72f1aa87c05e78b376e8722b24e40	terrestrial-biped-light-v1
008	Wartortle	00	none	normal	assets/pokemon-walksheets-549/dex-008__species-wartortle__form-00__gender-none__palette-normal__walk-3x4.png	assets/pokemon-runtime-549/dex-008__species-wartortle__form-00__gender-none__palette-normal__walk-3x4.png	pokemon_medium		6878625dc824c673e5c5583d473e28d61877a8a46f008d1d86a5c72c16692ed5	22dc9e0f2f88b2bd6690a12451fe4fcf30e70eb4c3c99155463856fe5c81d13e	15	16	57a9f8b0f265d153e6d2ee56d76c15d3e1df433d14ef47b9c06800c76838b1f2	25be382bec0caa1f1db4a0422dac8c05e2c72f1aa87c05e78b376e8722b24e40	terrestrial-biped-light-v1
008	Wartortle	00	none	shiny	assets/pokemon-walksheets-549/dex-008__species-wartortle__form-00__gender-none__palette-shiny__walk-3x4.png	assets/pokemon-runtime-549/dex-008__species-wartortle__form-00__gender-none__palette-shiny__walk-3x4.png	pokemon_medium		ede94f291a3ba2af00fb919cd3223d3c6db31003d8d27347bc2da574b3d63949	7aa3e1123e4d4a31c025356595a63d5629994176637fc072f2ba521fcc267ad7	15	16	1a58d4eb1ffb22e9936a710a30fbf9a46e1712dcfdb655e46fcf5ef190674429	25be382bec0caa1f1db4a0422dac8c05e2c72f1aa87c05e78b376e8722b24e40	terrestrial-biped-light-v1
009	Blastoise	00	none	normal	assets/pokemon-walksheets-549/dex-009__species-blastoise__form-00__gender-none__palette-normal__walk-3x4.png	assets/pokemon-runtime-549/dex-009__species-blastoise__form-00__gender-none__palette-normal__walk-3x4.png	pokemon_medium		2cf60cd2af46db55860bfb606ccb69b4ae7d55ac15c0df893ac002f4311c7aae	6c757dd1e7080e538028253e5042e0d29b1fe677bc7da4bd02862c6d8c225b1d	15	15	2a8a2a65556996101a837fd2d1f578d76af85b0dcc03ad254bc812eeac15f570	25be382bec0caa1f1db4a0422dac8c05e2c72f1aa87c05e78b376e8722b24e40	terrestrial-biped-heavy-v1
009	Blastoise	00	none	shiny	assets/pokemon-walksheets-549/dex-009__species-blastoise__form-00__gender-none__palette-shiny__walk-3x4.png	assets/pokemon-runtime-549/dex-009__species-blastoise__form-00__gender-none__palette-shiny__walk-3x4.png	pokemon_medium		9fc77068c390ab79993bcd55793115270639d78190850730f712d2f5334f5bb8	df5ec1d657be542e24f0b8b0c0b3afd1181a4d95a6945500567fad0ab8ce9dfc	15	15	436524817ed0bedba826f22376f53524d26e5051df8a54ae78f205b624063c2f	25be382bec0caa1f1db4a0422dac8c05e2c72f1aa87c05e78b376e8722b24e40	terrestrial-biped-heavy-v1
010	Caterpie	00	none	normal	assets/pokemon-walksheets-549/dex-010__species-caterpie__form-00__gender-none__palette-normal__walk-3x4.png	assets/pokemon-runtime-549/dex-010__species-caterpie__form-00__gender-none__palette-normal__walk-3x4.png	pokemon_medium		28c01a8e0c27dd1cf7fd90da6469410033dd686a0145ffe4a06824d1e9b6ad37	7ffac7f415959f253b32678cc19ab2ab1144eac8f9ab8bf5c985bcf4703cea7e	15	16	6accac629faa19dd1f8d87af6e79b89e2bfa5654ee69bbd7e2cec8e888d77a3c	25be382bec0caa1f1db4a0422dac8c05e2c72f1aa87c05e78b376e8722b24e40	larval-inchworm-v1
010	Caterpie	00	none	shiny	assets/pokemon-walksheets-549/dex-010__species-caterpie__form-00__gender-none__palette-shiny__walk-3x4.png	assets/pokemon-runtime-549/dex-010__species-caterpie__form-00__gender-none__palette-shiny__walk-3x4.png	pokemon_medium		828b387e333c4de7b006294fa29c6208ce6d57dabe8d7340b7d7b6da30f87978	8eeeb15d13007ac67615ee90bc0396db4fc5dcf522f71de051858a9ba886bb3c	15	16	e7302b5d6049d313f9c12bde75a19143b5e3ef85bfb546c0f533f973beb90e7d	25be382bec0caa1f1db4a0422dac8c05e2c72f1aa87c05e78b376e8722b24e40	larval-inchworm-v1
011	Metapod	00	none	normal	assets/pokemon-walksheets-549/dex-011__species-metapod__form-00__gender-none__palette-normal__walk-3x4.png	assets/pokemon-runtime-549/dex-011__species-metapod__form-00__gender-none__palette-normal__walk-3x4.png	pokemon_medium		38a90d4fbd4891532bc8d014e5121e6765bbdc868c9dfcd2a4bd3de351da8cba	3382b023c060658c60e96913f5054d6adce0ec35ba49b53b03c20aeca63ed61a	15	16	b54e92f1ed2626a8c7b88f4b4eefdf0423414129e24ab6484a892f0a3418d20c	25be382bec0caa1f1db4a0422dac8c05e2c72f1aa87c05e78b376e8722b24e40	ground-hop-bounce-v1
011	Metapod	00	none	shiny	assets/pokemon-walksheets-549/dex-011__species-metapod__form-00__gender-none__palette-shiny__walk-3x4.png	assets/pokemon-runtime-549/dex-011__species-metapod__form-00__gender-none__palette-shiny__walk-3x4.png	pokemon_medium		330b0d14ef2325865625569170fa037ba43908a96814332e4f88d96761edd97f	9d770b4f8b2786768a3535b3f5d6c86eb2009c5aa134761da53c75587fa0ef49	15	16	e380e9b57afecdf201bb1b89a03a581dcc785c1aceccfe6d7f3f39b664554504	25be382bec0caa1f1db4a0422dac8c05e2c72f1aa87c05e78b376e8722b24e40	ground-hop-bounce-v1
012	Butterfree	00	none	normal	assets/pokemon-walksheets-549/dex-012__species-butterfree__form-00__gender-none__palette-normal__walk-3x4.png	assets/pokemon-runtime-549/dex-012__species-butterfree__form-00__gender-none__palette-normal__walk-3x4.png	pokemon_medium		cac1cba7b147caca7b178964da1936b172b0a3cbee0a9e3d2b5ed61206025772	68b7565fba08acbdb2e1eaced993410fdd34a634f433a3854fa0076685ab7fe8	15	16	8bbdcf1c28dce82d57af555639fa53d53ceeef9de8dc2803d74ae7b0dadc23f9	25be382bec0caa1f1db4a0422dac8c05e2c72f1aa87c05e78b376e8722b24e40	airborne-wing-flap-v1
012	Butterfree	00	none	shiny	assets/pokemon-walksheets-549/dex-012__species-butterfree__form-00__gender-none__palette-shiny__walk-3x4.png	assets/pokemon-runtime-549/dex-012__species-butterfree__form-00__gender-none__palette-shiny__walk-3x4.png	pokemon_medium		1a2b3b8777808cd353df5dc5b6233fa05e3eb53fc01dd586326cc34225407920	2c031d719780cafb92f99f83a673808160d83ad397eb2c09f2a00eccdc917b6e	15	16	4586b9f4c4427b0eb5f177402e9322b0f1d61ad8355ccb13af3a68ae6553c7eb	25be382bec0caa1f1db4a0422dac8c05e2c72f1aa87c05e78b376e8722b24e40	airborne-wing-flap-v1
013	Weedle	00	none	normal	assets/pokemon-walksheets-549/dex-013__species-weedle__form-00__gender-none__palette-normal__walk-3x4.png	assets/pokemon-runtime-549/dex-013__species-weedle__form-00__gender-none__palette-normal__walk-3x4.png	pokemon_medium		0b0e0723df4afe2c1c86f4029a57fea4fe3e2ec9b69eb35a407d9649066ce54a	88126d1c8ef3e6f03f2443dc54f867c198edf2de8175322dd50df82f5c4e130f	15	16	d446c66fe46d3a97939eb52fc1571e2ff4a960ac55350ef9220ac6a5852b47e2	25be382bec0caa1f1db4a0422dac8c05e2c72f1aa87c05e78b376e8722b24e40	larval-inchworm-v1
013	Weedle	00	none	shiny	assets/pokemon-walksheets-549/dex-013__species-weedle__form-00__gender-none__palette-shiny__walk-3x4.png	assets/pokemon-runtime-549/dex-013__species-weedle__form-00__gender-none__palette-shiny__walk-3x4.png	pokemon_medium		3a3d0a322692d835200462034de74e96ec0655410597741c39c3f2b0552555f5	513817660cb037d805da72b279e0c6a5cad6c7ba0caebfc287fe84f80dc77061	15	16	8c0fae63598917f3ba060f98ea14c5c9844e75475ff95eb49c0a1b6779396635	25be382bec0caa1f1db4a0422dac8c05e2c72f1aa87c05e78b376e8722b24e40	larval-inchworm-v1
014	Kakuna	00	none	normal	assets/pokemon-walksheets-549/dex-014__species-kakuna__form-00__gender-none__palette-normal__walk-3x4.png	assets/pokemon-runtime-549/dex-014__species-kakuna__form-00__gender-none__palette-normal__walk-3x4.png	pokemon_medium		c160d576902c62d4df6f5de2e3b33cc08b04ead2320eac5b0369084fe16f71be	c0af591c0c45667fea6199ecdccfd0001c7048b2c39e0b800e323a6b283260d7	9	16	87d5b6f422688b0f9fe0d1810e90c13587dd1c95a465e35c064b879d405dcd40	25be382bec0caa1f1db4a0422dac8c05e2c72f1aa87c05e78b376e8722b24e40	ground-hop-bounce-v1
014	Kakuna	00	none	shiny	assets/pokemon-walksheets-549/dex-014__species-kakuna__form-00__gender-none__palette-shiny__walk-3x4.png	assets/pokemon-runtime-549/dex-014__species-kakuna__form-00__gender-none__palette-shiny__walk-3x4.png	pokemon_medium		4467278aa05c4b8c84bde82083cd934d2ad5fc63a6ace9c9adc4a2ccf8083fb0	dd44d1b7f987ef2438b3f40180a7ecf3a483b68c2a51ef007e0131a79adb7890	9	16	dad68b0e2a5a77e1670b915c37ad83c487587520e01f875b79ff909295c1dbfb	25be382bec0caa1f1db4a0422dac8c05e2c72f1aa87c05e78b376e8722b24e40	ground-hop-bounce-v1
015	Beedrill	00	none	normal	assets/pokemon-walksheets-549/dex-015__species-beedrill__form-00__gender-none__palette-normal__walk-3x4.png	assets/pokemon-runtime-549/dex-015__species-beedrill__form-00__gender-none__palette-normal__walk-3x4.png	pokemon_medium		022d7e474dbb6471b1f8a55de61eb5e8eee05da753682715761928ea5d90487b	e34e3eae9ea0d3763de3e809ffc17de206196cdd26844e1af141679bc0dd5271	15	15	0890aee0bf9b3b3b45b3e70f46cdd69c760e08235c741cb2c086435da4ab3fce	25be382bec0caa1f1db4a0422dac8c05e2c72f1aa87c05e78b376e8722b24e40	airborne-wing-flap-v1
015	Beedrill	00	none	shiny	assets/pokemon-walksheets-549/dex-015__species-beedrill__form-00__gender-none__palette-shiny__walk-3x4.png	assets/pokemon-runtime-549/dex-015__species-beedrill__form-00__gender-none__palette-shiny__walk-3x4.png	pokemon_medium		f0a711faa21f32a197a8987cb56da011f4a4bffdd86cdcd571e166a9db6e23d5	2d6c3c39f3d3bcf66b462a63d8d709eae12d2c86a970db819d41c224c7434eea	15	15	7f46de55f1f2add90db24b9a4e87f9a75221454b508398821e6ecf0bc6c48525	25be382bec0caa1f1db4a0422dac8c05e2c72f1aa87c05e78b376e8722b24e40	airborne-wing-flap-v1
016	Pidgey	00	none	normal	assets/pokemon-walksheets-549/dex-016__species-pidgey__form-00__gender-none__palette-normal__walk-3x4.png	assets/pokemon-runtime-549/dex-016__species-pidgey__form-00__gender-none__palette-normal__walk-3x4.png	pokemon_medium		e37a906d4856072791b48cb2efeddc629e8593e9560b5d055fa585ceb7284e70	ed123fdacd2518158c4514b85bba753cdbdd3f0e52ff4b2f8cdbac366222e151	15	14	ef08922ec2905bd741d51793df6df496bf20536ddf4f4dd04e4aa745f6b6de11	25be382bec0caa1f1db4a0422dac8c05e2c72f1aa87c05e78b376e8722b24e40	airborne-wing-flap-v1
016	Pidgey	00	none	shiny	assets/pokemon-walksheets-549/dex-016__species-pidgey__form-00__gender-none__palette-shiny__walk-3x4.png	assets/pokemon-runtime-549/dex-016__species-pidgey__form-00__gender-none__palette-shiny__walk-3x4.png	pokemon_medium		e80e15ebb3123ad110332c8586de8218a676dd6a4c49b4d7777bec4cdfe616aa	d09388deb350bc790c25ca29e8c93d958d74a5798405137a139b49c17c544793	15	14	2ebfc42e8d7aef71163bb871f8ab9c2d2192a9712a880a55fd88605b99f3dd88	25be382bec0caa1f1db4a0422dac8c05e2c72f1aa87c05e78b376e8722b24e40	airborne-wing-flap-v1
017	Pidgeotto	00	none	normal	assets/pokemon-walksheets-549/dex-017__species-pidgeotto__form-00__gender-none__palette-normal__walk-3x4.png	assets/pokemon-runtime-549/dex-017__species-pidgeotto__form-00__gender-none__palette-normal__walk-3x4.png	pokemon_medium		d5fea57006d61be39345f9347818e28b062b43a1cfd2e54b91f1a46360f79944	92059c962708a0e493e87f5647732acc37c1bc27415b04340f03fdb5972ae4cc	15	11	8eec3c73a7ee0bdd4d4b59c935421f6c24240e6b0d393fb206445e96a87bd66e	25be382bec0caa1f1db4a0422dac8c05e2c72f1aa87c05e78b376e8722b24e40	airborne-wing-flap-v1
017	Pidgeotto	00	none	shiny	assets/pokemon-walksheets-549/dex-017__species-pidgeotto__form-00__gender-none__palette-shiny__walk-3x4.png	assets/pokemon-runtime-549/dex-017__species-pidgeotto__form-00__gender-none__palette-shiny__walk-3x4.png	pokemon_medium		87f4a6e342a71f630b95031f610096b568ceff9a1c05da8517cacc3642b14fda	4052c6de4af7cd80c28759535d4d7a167c76a8e1089438eee139bbd70dd12b49	15	11	ffac4816795de0ae8467154b32086545a94bec096bfd8dcc05ecbba030b81a68	25be382bec0caa1f1db4a0422dac8c05e2c72f1aa87c05e78b376e8722b24e40	airborne-wing-flap-v1
018	Pidgeot	00	none	normal	assets/pokemon-walksheets-549/dex-018__species-pidgeot__form-00__gender-none__palette-normal__walk-3x4.png	assets/pokemon-runtime-549/dex-018__species-pidgeot__form-00__gender-none__palette-normal__walk-3x4.png	pokemon_medium		08a93f8b57da008fb03693ba3b2ce5bb88d432c4cbcd637034f47a707c1bff5c	9c427bfe138ca8098f5cf26771a9ab34c0b70a4084698150f8b100f4fbb04996	15	15	8113a5777f6e3e2e0d6342b6d4004f40e570ec546a11ae1893e0eef3d6c35b59	25be382bec0caa1f1db4a0422dac8c05e2c72f1aa87c05e78b376e8722b24e40	airborne-wing-flap-v1
018	Pidgeot	00	none	shiny	assets/pokemon-walksheets-549/dex-018__species-pidgeot__form-00__gender-none__palette-shiny__walk-3x4.png	assets/pokemon-runtime-549/dex-018__species-pidgeot__form-00__gender-none__palette-shiny__walk-3x4.png	pokemon_medium		f853a921b3dfbb4a8ca2db192eeb8a7a970736c3d5de48aecc0ec72ee004638b	8e0165218f503437653f542121dd73cef491fde71315ace318ca2261a3d059e7	15	15	56803b3a13adc217e8961380386b9454621663268ce0074dee98c58b1e355501	25be382bec0caa1f1db4a0422dac8c05e2c72f1aa87c05e78b376e8722b24e40	airborne-wing-flap-v1
019	Rattata	00	none	normal	assets/pokemon-walksheets-549/dex-019__species-rattata__form-00__gender-none__palette-normal__walk-3x4.png	assets/pokemon-runtime-549/dex-019__species-rattata__form-00__gender-none__palette-normal__walk-3x4.png	pokemon_medium		b431378b0c0e0dc91a240c200d086455b448a7f12b952251c53c6af00e60ea2e	2aec4a1be3922f0f83178677d22ea81ecaa8fb15fb1063f0638840aeed59a0e8	15	16	c832a6c60ada8f6a88627259501c25b02c6924d94be45d70b070905a62ccd295	25be382bec0caa1f1db4a0422dac8c05e2c72f1aa87c05e78b376e8722b24e40	terrestrial-quadruped-light-v1
019	Rattata	00	none	shiny	assets/pokemon-walksheets-549/dex-019__species-rattata__form-00__gender-none__palette-shiny__walk-3x4.png	assets/pokemon-runtime-549/dex-019__species-rattata__form-00__gender-none__palette-shiny__walk-3x4.png	pokemon_medium		5fe9f685783117cc9d9f1d28b18727ab4697b699fcc7ba2dfd01896636a1eded	a3c876608539e4948f8215a4c73580ce76be6d5f3e404fa60ee5435cc963363d	15	16	670ff6a79936ff78a7e79ea51f0bd2c55826538b4de6bb9ea72b493d9799c34c	25be382bec0caa1f1db4a0422dac8c05e2c72f1aa87c05e78b376e8722b24e40	terrestrial-quadruped-light-v1
020	Raticate	00	none	normal	assets/pokemon-walksheets-549/dex-020__species-raticate__form-00__gender-none__palette-normal__walk-3x4.png	assets/pokemon-runtime-549/dex-020__species-raticate__form-00__gender-none__palette-normal__walk-3x4.png	pokemon_medium		0712ed12d4d2d34f50e13bcbac8cf236725955b731433a6a758ef2e21a1a17c6	ed9ac495ea8c341e7142e2c4d8d3a54ab6b11d2c17a100fc37829b9d6180129c	15	16	9f838c61aff3a1b4cf1cdb5cdb7574553228c0549914ff0f6fb46a7d51f3b7e3	25be382bec0caa1f1db4a0422dac8c05e2c72f1aa87c05e78b376e8722b24e40	terrestrial-quadruped-light-v1
020	Raticate	00	none	shiny	assets/pokemon-walksheets-549/dex-020__species-raticate__form-00__gender-none__palette-shiny__walk-3x4.png	assets/pokemon-runtime-549/dex-020__species-raticate__form-00__gender-none__palette-shiny__walk-3x4.png	pokemon_medium		a0ae52f229d0d6e4f50abe98368ef77f7c7969b0884ceb68c170785bf8fa0c27	dde24c2f7ad55a57b813a838918ee0f010a20edd7d66a23bf0ced157faf8b087	15	16	883a66a5b5bf49e1f7d5b38bb58043d527f4454e081781fa3cd03da04ce36e72	25be382bec0caa1f1db4a0422dac8c05e2c72f1aa87c05e78b376e8722b24e40	terrestrial-quadruped-light-v1
021	Spearow	00	none	normal	assets/pokemon-walksheets-549/dex-021__species-spearow__form-00__gender-none__palette-normal__walk-3x4.png	assets/pokemon-runtime-549/dex-021__species-spearow__form-00__gender-none__palette-normal__walk-3x4.png	pokemon_medium		21d2fcc672f160d8fa221f68c1dbeb26615c20c60029132f5dd7d6abcb44ff90	ae6b8048ac5ee8d6c78dbe95b6ee1dc188c6611c9458b63c4c7abfde9c08ee57	15	10	82d4179b679a6f60de5ca10b4e8d1cf7074b8d2aa6374db3a49008ed081a263f	25be382bec0caa1f1db4a0422dac8c05e2c72f1aa87c05e78b376e8722b24e40	airborne-wing-flap-v1
021	Spearow	00	none	shiny	assets/pokemon-walksheets-549/dex-021__species-spearow__form-00__gender-none__palette-shiny__walk-3x4.png	assets/pokemon-runtime-549/dex-021__species-spearow__form-00__gender-none__palette-shiny__walk-3x4.png	pokemon_medium		3795cffad55fab1c2dba28a725b9e5c4057de9f793950e4010fcde7e64a5dd6b	619669634635aa99f16c37aadf62545c5439ff317c08b582637b1042150ac231	15	10	4776dde20c35242daa4d79bf036e79242e4fc10eafb2607c96f0b0e3d4b7d9d5	25be382bec0caa1f1db4a0422dac8c05e2c72f1aa87c05e78b376e8722b24e40	airborne-wing-flap-v1
022	Fearow	00	none	normal	assets/pokemon-walksheets-549/dex-022__species-fearow__form-00__gender-none__palette-normal__walk-3x4.png	assets/pokemon-runtime-549/dex-022__species-fearow__form-00__gender-none__palette-normal__walk-3x4.png	pokemon_medium		2209ec8a208ef0c9cf144037a80bc659d3410de9e3fc5c0c058add17f85636d9	bea997c8d0c190f75899886572fed63e737f034f4cffb7826bf27123e887737d	15	14	a439afc7ffefce4716a47aba3f699c82df8b9fae1c476c44aea418fd21f99f99	25be382bec0caa1f1db4a0422dac8c05e2c72f1aa87c05e78b376e8722b24e40	airborne-wing-flap-v1
022	Fearow	00	none	shiny	assets/pokemon-walksheets-549/dex-022__species-fearow__form-00__gender-none__palette-shiny__walk-3x4.png	assets/pokemon-runtime-549/dex-022__species-fearow__form-00__gender-none__palette-shiny__walk-3x4.png	pokemon_medium		0ba68fc1d085b999ab912d4cd1628e8840c323cefd182fa6008174d2e61b67e2	d6a364a36c5d3984e0c05692e67c4e130f5c85bfe8c0333000322657d6cebdf7	15	14	792672b3c9870e8f46101efd5273065bf339ba83404e420235ce585d5f32d71c	25be382bec0caa1f1db4a0422dac8c05e2c72f1aa87c05e78b376e8722b24e40	airborne-wing-flap-v1
023	Ekans	00	none	normal	assets/pokemon-walksheets-549/dex-023__species-ekans__form-00__gender-none__palette-normal__walk-3x4.png	assets/pokemon-runtime-549/dex-023__species-ekans__form-00__gender-none__palette-normal__walk-3x4.png	pokemon_medium		c6b9b2aac114dfc86c1ffc0fad6e09950e18b4d71ca5ae6a432ef2487c6e67c0	2b1c45274efea97995ea5dc05d9b163d0fed927ad242a2ff2ae2e959cce7e599	15	13	55bafaa8911819e0c6fdb5a73a5888610c720f330a65c8289152dcd222a1ecde	25be382bec0caa1f1db4a0422dac8c05e2c72f1aa87c05e78b376e8722b24e40	terrestrial-serpentine-wave-v1
023	Ekans	00	none	shiny	assets/pokemon-walksheets-549/dex-023__species-ekans__form-00__gender-none__palette-shiny__walk-3x4.png	assets/pokemon-runtime-549/dex-023__species-ekans__form-00__gender-none__palette-shiny__walk-3x4.png	pokemon_medium		d9e65186c338861887ef302648420c11c4fb61c09d22ae2b98c49bc49563f901	cd28bc92bb425f0597023d4e4208e01cba8145d240ee25e151fd0e017d0ae6af	15	13	fbec2199af4f68a9393aff000f34402425b0e389cd764b53c3e9bd9623a33420	25be382bec0caa1f1db4a0422dac8c05e2c72f1aa87c05e78b376e8722b24e40	terrestrial-serpentine-wave-v1
024	Arbok	00	none	normal	assets/pokemon-walksheets-549/dex-024__species-arbok__form-00__gender-none__palette-normal__walk-3x4.png	assets/pokemon-runtime-549/dex-024__species-arbok__form-00__gender-none__palette-normal__walk-3x4.png	pokemon_medium		c14767550cd351b425e60cc08d98e877b2b0f4136e737aa59d39f31e5ba01bed	dbdfeda0d409dcfdd065a2a65dac5419f1bf487b982016e0c556b8f8356cc174	12	16	86dbf19f6c7cb76a7d2b208bfac62141b0b4de1736696c7f0be949f32841aa92	25be382bec0caa1f1db4a0422dac8c05e2c72f1aa87c05e78b376e8722b24e40	terrestrial-serpentine-wave-v1
024	Arbok	00	none	shiny	assets/pokemon-walksheets-549/dex-024__species-arbok__form-00__gender-none__palette-shiny__walk-3x4.png	assets/pokemon-runtime-549/dex-024__species-arbok__form-00__gender-none__palette-shiny__walk-3x4.png	pokemon_medium		a627a577a5c887c7ebd09dff59bffe2af7702b73f8dba83365b788bcb1d9f62d	f7ed47073a41efedc4e6d26c226f1f77b79479a6d52b951a33ba7a24eb893a87	12	16	21d62e2b3dabd7a9ab4e3e540535a4254919a378dc90471d99027e0d2d289243	25be382bec0caa1f1db4a0422dac8c05e2c72f1aa87c05e78b376e8722b24e40	terrestrial-serpentine-wave-v1
026	Raichu	00	none	normal	assets/pokemon-walksheets-549/dex-026__species-raichu__form-00__gender-none__palette-normal__walk-3x4.png	assets/pokemon-runtime-549/dex-026__species-raichu__form-00__gender-none__palette-normal__walk-3x4.png	pokemon_medium		3e46df3ff1ded0458e6f5597d5d0d1612a36835a2054e1cf1df61de5a86f1480	23221b4130faeb303fa864c5ffbb5961548005d2e437223b5da6ab386cce5f8a	14	16	fd5b83d5ac9a3c501a056d5002272b2371ae3f07b7185e0c46e0994a3d8cc90d	25be382bec0caa1f1db4a0422dac8c05e2c72f1aa87c05e78b376e8722b24e40	terrestrial-biped-light-v1
026	Raichu	00	none	shiny	assets/pokemon-walksheets-549/dex-026__species-raichu__form-00__gender-none__palette-shiny__walk-3x4.png	assets/pokemon-runtime-549/dex-026__species-raichu__form-00__gender-none__palette-shiny__walk-3x4.png	pokemon_medium		2116f13685b3905c3b4dd2f2f7903dab1a6b5979747b44dd29fcb251e321c08c	b43c983dfb424fd7c0715f7bab44404709a90be83370acfbf7837a806493d245	14	16	e824691babc9cc2e25311f599e9f1e0167d5f6b3e19a54a758bb4f2504fe6a87	25be382bec0caa1f1db4a0422dac8c05e2c72f1aa87c05e78b376e8722b24e40	terrestrial-biped-light-v1
027	Sandshrew	00	none	normal	assets/pokemon-walksheets-549/dex-027__species-sandshrew__form-00__gender-none__palette-normal__walk-3x4.png	assets/pokemon-runtime-549/dex-027__species-sandshrew__form-00__gender-none__palette-normal__walk-3x4.png	pokemon_medium		3f93c13a2f416a4da28ec8f1c21646deb4040432714c16dd541d89f4fdd91a40	5ed6986f910829d7d0865635b47815d281c927ed3f30bc21520b06250603b6c8	15	16	da8f5ffad67516664a48aa34b27a41ce69612003f935d0e11a4082921a048d99	25be382bec0caa1f1db4a0422dac8c05e2c72f1aa87c05e78b376e8722b24e40	terrestrial-biped-light-v1
027	Sandshrew	00	none	shiny	assets/pokemon-walksheets-549/dex-027__species-sandshrew__form-00__gender-none__palette-shiny__walk-3x4.png	assets/pokemon-runtime-549/dex-027__species-sandshrew__form-00__gender-none__palette-shiny__walk-3x4.png	pokemon_medium		1399c2c5f4c4f162a77fdaee345720fce04bbc1afc9c88168b94449201340e09	0aae1ba59ac14aad4424126cdebb5af6d23081568fa2a8f0ff632303f418ccc2	15	16	99f1fd7a46cad7d1c1faa31252bdc7c5dfb3a21f61bc3dc59956a9dfa535ff68	25be382bec0caa1f1db4a0422dac8c05e2c72f1aa87c05e78b376e8722b24e40	terrestrial-biped-light-v1
028	Sandslash	00	none	normal	assets/pokemon-walksheets-549/dex-028__species-sandslash__form-00__gender-none__palette-normal__walk-3x4.png	assets/pokemon-runtime-549/dex-028__species-sandslash__form-00__gender-none__palette-normal__walk-3x4.png	pokemon_medium		5236daa84e5ee062d8d042c1eb7ebde0ac063d80ac83e7a2740ecbd85225f4b7	a632b129297c5f35887cf688bd9fccc1ac85d45baf348f735fce563695332520	13	16	aac594a9d604ca1411252bc5049a6ec29e26f75d49163e7caa062508fd596ec8	25be382bec0caa1f1db4a0422dac8c05e2c72f1aa87c05e78b376e8722b24e40	terrestrial-biped-light-v1
028	Sandslash	00	none	shiny	assets/pokemon-walksheets-549/dex-028__species-sandslash__form-00__gender-none__palette-shiny__walk-3x4.png	assets/pokemon-runtime-549/dex-028__species-sandslash__form-00__gender-none__palette-shiny__walk-3x4.png	pokemon_medium		8af40e395ac40e449429e04af69a146cc3a37658d275045a32005d080f09bd2d	a9d53aa3d62776f83fc69759a3f991b9301373ddf954925741e0af86341c6ec3	13	16	44e51dce721063adb72de4127d2ba0793be0d335572111d95a458a96728110f8	25be382bec0caa1f1db4a0422dac8c05e2c72f1aa87c05e78b376e8722b24e40	terrestrial-biped-light-v1
029	Nidoran♀	00	none	normal	assets/pokemon-walksheets-549/dex-029__species-nidoranf__form-00__gender-none__palette-normal__walk-3x4.png	assets/pokemon-runtime-549/dex-029__species-nidoranf__form-00__gender-none__palette-normal__walk-3x4.png	pokemon_medium		5247f46ae66532bbf8271341d8ea1da0981c6d21eb24a99fb9bbca4143b4288a	f1f7049d473b33ec51523596c5bcfb59aedf570df20247765dd65f5362e14dd8	15	14	d6617440219bf3b7c499d431c76c54f8782b0c6c238485420234af63369a9824	25be382bec0caa1f1db4a0422dac8c05e2c72f1aa87c05e78b376e8722b24e40	terrestrial-quadruped-light-v1
029	Nidoran♀	00	none	shiny	assets/pokemon-walksheets-549/dex-029__species-nidoranf__form-00__gender-none__palette-shiny__walk-3x4.png	assets/pokemon-runtime-549/dex-029__species-nidoranf__form-00__gender-none__palette-shiny__walk-3x4.png	pokemon_medium		5dfdb21529616cbd838aac4d9b93810d1163f2e92ddf9e4cb634ce75b9362804	23857d6ce405e99c59622531a41c2cbdc6561e38781f0825177123b24f6296f7	15	14	460fed845de529bbcc7beb5bfef10a06d3d7fab9f198fbb6d05f26ea0c666f0b	25be382bec0caa1f1db4a0422dac8c05e2c72f1aa87c05e78b376e8722b24e40	terrestrial-quadruped-light-v1
030	Nidorina	00	none	normal	assets/pokemon-walksheets-549/dex-030__species-nidorina__form-00__gender-none__palette-normal__walk-3x4.png	assets/pokemon-runtime-549/dex-030__species-nidorina__form-00__gender-none__palette-normal__walk-3x4.png	pokemon_medium		b239c0840cdea1a914ece07a49cf2ca3d0dbcc7545737ff90230089d41d2713f	aa7b459017ac87d33c6ade7c7ca58e867402f3643ca57a488afa891333ea3b94	15	16	f236419dd76c19b814065795cd9df80f377e66e458bbe1ae071c765053d95d7c	25be382bec0caa1f1db4a0422dac8c05e2c72f1aa87c05e78b376e8722b24e40	terrestrial-quadruped-light-v1
030	Nidorina	00	none	shiny	assets/pokemon-walksheets-549/dex-030__species-nidorina__form-00__gender-none__palette-shiny__walk-3x4.png	assets/pokemon-runtime-549/dex-030__species-nidorina__form-00__gender-none__palette-shiny__walk-3x4.png	pokemon_medium		5aba5893673d65681209663bf449b0c84192970ccc080119a9aa74bad0c6f294	00d3f8a7ff6a6544e9cd7b8f7dfd1c61a0235e3fc3a99d114cb02163114a2f20	15	16	eb71707049796c7d96455dea325ec7a017c764ead9d4115a7a2a61f2459cd42a	25be382bec0caa1f1db4a0422dac8c05e2c72f1aa87c05e78b376e8722b24e40	terrestrial-quadruped-light-v1
031	Nidoqueen	00	none	normal	assets/pokemon-walksheets-549/dex-031__species-nidoqueen__form-00__gender-none__palette-normal__walk-3x4.png	assets/pokemon-runtime-549/dex-031__species-nidoqueen__form-00__gender-none__palette-normal__walk-3x4.png	pokemon_medium		ea7c00f3278e232ba4551fc19c9f78927b7ec68165bda0df9280f62299a2e64f	f926ae104e39c8bc4463a1aacf94d297a6d1419cbe4e5047454ae64e7fdd0789	15	16	27319af6b050dc094ec0280adcc28fccf70b1b3a9d727d26b6c397d1bb93e0f5	25be382bec0caa1f1db4a0422dac8c05e2c72f1aa87c05e78b376e8722b24e40	terrestrial-biped-heavy-v1
031	Nidoqueen	00	none	shiny	assets/pokemon-walksheets-549/dex-031__species-nidoqueen__form-00__gender-none__palette-shiny__walk-3x4.png	assets/pokemon-runtime-549/dex-031__species-nidoqueen__form-00__gender-none__palette-shiny__walk-3x4.png	pokemon_medium		0f4f45cc02a402f450d237c8b6cb5d3cf28b285114fa4c9e29bfb3ab444cf4bd	9b21fc871067ca5e92bfd1742c8bfee8f59c4d557c1131f5928db88c8a5a68fe	15	16	4db84b0dfeeed4a5330ac60b1894f233563dc5ff7bd87f3eb3a6b4cb5ed33c41	25be382bec0caa1f1db4a0422dac8c05e2c72f1aa87c05e78b376e8722b24e40	terrestrial-biped-heavy-v1
032	Nidoran♂	00	none	normal	assets/pokemon-walksheets-549/dex-032__species-nidoranm__form-00__gender-none__palette-normal__walk-3x4.png	assets/pokemon-runtime-549/dex-032__species-nidoranm__form-00__gender-none__palette-normal__walk-3x4.png	pokemon_medium		b9f22579d07b5e62b7a4a3aaa3939b5685d251cc8750814e44c2f2bcb255f48b	e39ac9393037d8a2287aa67f75cb92fc5ec4f97b77457096011d29d0ae8bf5fb	15	16	96e8c71e4c048f5648bc09171b7342d8723c5877156d637fa5d62d2b062c062b	25be382bec0caa1f1db4a0422dac8c05e2c72f1aa87c05e78b376e8722b24e40	terrestrial-quadruped-light-v1
032	Nidoran♂	00	none	shiny	assets/pokemon-walksheets-549/dex-032__species-nidoranm__form-00__gender-none__palette-shiny__walk-3x4.png	assets/pokemon-runtime-549/dex-032__species-nidoranm__form-00__gender-none__palette-shiny__walk-3x4.png	pokemon_medium		69aed9c1321a5a12ab3e1da6f14dc7e4f66cca0ca3f02c55552c23f3a81237c2	d0c5a7fb1b74648ba08aaf82b784a48160da3591ccfe0dfb9a27d9a59f4dbc96	15	16	574598db5b1a307a473674d2a448fe8fa0e25b54711f641679348663374c7d61	25be382bec0caa1f1db4a0422dac8c05e2c72f1aa87c05e78b376e8722b24e40	terrestrial-quadruped-light-v1
033	Nidorino	00	none	normal	assets/pokemon-walksheets-549/dex-033__species-nidorino__form-00__gender-none__palette-normal__walk-3x4.png	assets/pokemon-runtime-549/dex-033__species-nidorino__form-00__gender-none__palette-normal__walk-3x4.png	pokemon_medium		90f7bc624cc595e3eba18bf310af752a61a359ab0180357e00babe16eeb75a9a	e143a7c6a92d7c84c39e382796aa51a117e0ca163741781b0d8f6b15f311f27d	15	13	ecacf5b667ede1ae96fa3c8df0306aa294423d839c3c75bc66a5bffc712551d1	25be382bec0caa1f1db4a0422dac8c05e2c72f1aa87c05e78b376e8722b24e40	terrestrial-quadruped-light-v1
033	Nidorino	00	none	shiny	assets/pokemon-walksheets-549/dex-033__species-nidorino__form-00__gender-none__palette-shiny__walk-3x4.png	assets/pokemon-runtime-549/dex-033__species-nidorino__form-00__gender-none__palette-shiny__walk-3x4.png	pokemon_medium		178062beb270258aea26973aa35521683ad251e29c821db1b990f600f1d04e24	e6d456b42f8d97310659dfca4351f0c5feb49e267c6b7a6b7d09e0cd7af78afb	15	13	268bf370fc502a5ebfefd997670f7a4df5aaa8bc95852103a9040c2d54cc4d41	25be382bec0caa1f1db4a0422dac8c05e2c72f1aa87c05e78b376e8722b24e40	terrestrial-quadruped-light-v1
034	Nidoking	00	none	normal	assets/pokemon-walksheets-549/dex-034__species-nidoking__form-00__gender-none__palette-normal__walk-3x4.png	assets/pokemon-runtime-549/dex-034__species-nidoking__form-00__gender-none__palette-normal__walk-3x4.png	pokemon_medium		b33a017b357e9a7cc81e332f7c3e822d51652a7022ae8d612abbe132a65f9dd9	a79336cccbb689be4c9a5692d4d0d08e75ad115875413ca83fe71bb4a76fd504	15	16	26dd8f18863b503479b04fcc1b2d59d5650a25e5e07321edddf76bfea5891ffe	25be382bec0caa1f1db4a0422dac8c05e2c72f1aa87c05e78b376e8722b24e40	terrestrial-biped-heavy-v1
034	Nidoking	00	none	shiny	assets/pokemon-walksheets-549/dex-034__species-nidoking__form-00__gender-none__palette-shiny__walk-3x4.png	assets/pokemon-runtime-549/dex-034__species-nidoking__form-00__gender-none__palette-shiny__walk-3x4.png	pokemon_medium		c70be1c298d9eaf3612733f5ae78721a9f150c683cc91d159b016a3097073cde	bc1a536e03fb70648c8deb83b82315287ba0f48b7c7211d4504f7af6b8768bd0	15	16	6c506368d6149273651597c43072c724db77436591a3ef2027e9772f8ab696ae	25be382bec0caa1f1db4a0422dac8c05e2c72f1aa87c05e78b376e8722b24e40	terrestrial-biped-heavy-v1
035	Clefairy	00	none	normal	assets/pokemon-walksheets-549/dex-035__species-clefairy__form-00__gender-none__palette-normal__walk-3x4.png	assets/pokemon-runtime-549/dex-035__species-clefairy__form-00__gender-none__palette-normal__walk-3x4.png	pokemon_medium		1c126c4d5cd99e3596c08aac13071a4b3ba8b8a5de392178db3779ef4a244ac0	ae64c12883ad041d89af4e52d877928835804c32b4212a0c58ba96da687fd070	15	15	e4c623327b62370ebeb47f8e1c61a84db83aac24e775ecbb94064da8064c9c9c	25be382bec0caa1f1db4a0422dac8c05e2c72f1aa87c05e78b376e8722b24e40	terrestrial-biped-light-v1
035	Clefairy	00	none	shiny	assets/pokemon-walksheets-549/dex-035__species-clefairy__form-00__gender-none__palette-shiny__walk-3x4.png	assets/pokemon-runtime-549/dex-035__species-clefairy__form-00__gender-none__palette-shiny__walk-3x4.png	pokemon_medium		8b74748b661fdbac72c5d199c4f957114a541b84635a9d03cee640be545af1bc	efd4b94ff541a5d846e9ec2495ad201eb54e3bd9a5df903ecb10c440f9b9998b	15	15	9fd4904939eb314105c5153a82487edef8c6822a2b521e8a58737dcec5dccb0b	25be382bec0caa1f1db4a0422dac8c05e2c72f1aa87c05e78b376e8722b24e40	terrestrial-biped-light-v1
036	Clefable	00	none	normal	assets/pokemon-walksheets-549/dex-036__species-clefable__form-00__gender-none__palette-normal__walk-3x4.png	assets/pokemon-runtime-549/dex-036__species-clefable__form-00__gender-none__palette-normal__walk-3x4.png	pokemon_medium		7d23206d5af305121971f195edbace8251aed9a69ab22e4908b74f47d62a6235	08f5a617e11698231ec8db480daba216fb76d0a92f4e6489fb09672520c6ffb7	15	16	a586a88a502b37b5babfdcc73cfa5d5000d0d1f642d7dc4ab77dcae103fcfe06	25be382bec0caa1f1db4a0422dac8c05e2c72f1aa87c05e78b376e8722b24e40	terrestrial-biped-light-v1
036	Clefable	00	none	shiny	assets/pokemon-walksheets-549/dex-036__species-clefable__form-00__gender-none__palette-shiny__walk-3x4.png	assets/pokemon-runtime-549/dex-036__species-clefable__form-00__gender-none__palette-shiny__walk-3x4.png	pokemon_medium		e698f7b832b490778584d60b1d96beb9dac79460890aa7ec68c8b092e4de338e	55f28947ff495ba10416b6f97a81b55840bf3ff4a1286536af8ccba440aa1dc7	15	16	d615f09dd9f980f1dea0b9a871fbaf83124533937574cc91505a358e76953e87	25be382bec0caa1f1db4a0422dac8c05e2c72f1aa87c05e78b376e8722b24e40	terrestrial-biped-light-v1
037	Vulpix	00	none	normal	assets/pokemon-walksheets-549/dex-037__species-vulpix__form-00__gender-none__palette-normal__walk-3x4.png	assets/pokemon-runtime-549/dex-037__species-vulpix__form-00__gender-none__palette-normal__walk-3x4.png	pokemon_medium		49c87995550d6efdadfbbbeb74022819c7e0b2b8c8390863133d116323829cdb	61946a26c158db5f731c5cb9358a8fe6a6d4af3c90b062c0527378aab3890082	15	14	d4069a1d10a39757407ea7b89ba178c8fb0aa373fb1ad50716f9581c452a6650	25be382bec0caa1f1db4a0422dac8c05e2c72f1aa87c05e78b376e8722b24e40	terrestrial-quadruped-light-v1
037	Vulpix	00	none	shiny	assets/pokemon-walksheets-549/dex-037__species-vulpix__form-00__gender-none__palette-shiny__walk-3x4.png	assets/pokemon-runtime-549/dex-037__species-vulpix__form-00__gender-none__palette-shiny__walk-3x4.png	pokemon_medium		08a951d0c34a618a9d8d525fc456d7c6c80d8088ad6940a9e29bd6c86e475004	3011dd3bfefe7063a06df716dc4c21c35638c8b2997d95fb1374728ec433e523	15	14	c2728f2b40e0e858ac484a6d710b7bf6ffe230fea482196715cbcdba4003f6ea	25be382bec0caa1f1db4a0422dac8c05e2c72f1aa87c05e78b376e8722b24e40	terrestrial-quadruped-light-v1
038	Ninetales	00	none	normal	assets/pokemon-walksheets-549/dex-038__species-ninetales__form-00__gender-none__palette-normal__walk-3x4.png	assets/pokemon-runtime-549/dex-038__species-ninetales__form-00__gender-none__palette-normal__walk-3x4.png	pokemon_medium		3a915c810d744fb58df1195a2ba4917f7b4ddf6dc378ec0932dfb2fe6acd2fe2	5de757f63a52dd87c394edfd0cf2203c63fbfdbb12e9db06c604afb935b4b8a7	15	14	86418fabf6eba430d8bf46d479b41fe99eb07be1a82df697966b6b9f5cf2e540	25be382bec0caa1f1db4a0422dac8c05e2c72f1aa87c05e78b376e8722b24e40	terrestrial-quadruped-light-v1
038	Ninetales	00	none	shiny	assets/pokemon-walksheets-549/dex-038__species-ninetales__form-00__gender-none__palette-shiny__walk-3x4.png	assets/pokemon-runtime-549/dex-038__species-ninetales__form-00__gender-none__palette-shiny__walk-3x4.png	pokemon_medium		e1013860bd3d31aded85fad5594ef278094aba4bdb3e4f6ee759fc106c5503fa	f0198278f65c14726e4eb21b5e0d5a6c5b14d305d000f22476f7df59f5eebeda	15	14	5377f493fe254b48e8cf8d4bec162ff77940998b908c4468dd319ce07256ad61	25be382bec0caa1f1db4a0422dac8c05e2c72f1aa87c05e78b376e8722b24e40	terrestrial-quadruped-light-v1
039	Jigglypuff	00	none	normal	assets/pokemon-walksheets-549/dex-039__species-jigglypuff__form-00__gender-none__palette-normal__walk-3x4.png	assets/pokemon-runtime-549/dex-039__species-jigglypuff__form-00__gender-none__palette-normal__walk-3x4.png	pokemon_medium		c485dfaa1837acbc81ecda50119442027271aa3e8827957e2adc691e7373f46a	5ed21170876ecba9106b98bb3c66e29193df697c40d6f7dd423c9ca712e332b9	15	16	c0b8ae428c7805792a4cba174b55aaa7e8ede1a7acf227d47c0a87c47f887059	25be382bec0caa1f1db4a0422dac8c05e2c72f1aa87c05e78b376e8722b24e40	terrestrial-biped-light-v1
039	Jigglypuff	00	none	shiny	assets/pokemon-walksheets-549/dex-039__species-jigglypuff__form-00__gender-none__palette-shiny__walk-3x4.png	assets/pokemon-runtime-549/dex-039__species-jigglypuff__form-00__gender-none__palette-shiny__walk-3x4.png	pokemon_medium		6276efccb41a0c179610f03f8d048ce12006bad72ed744531fc8b75c709dab52	7706a71f9ba19e5975370c7266e416eaa6bbafb661a08806f37dcc6e1ffe15e7	15	16	4792779d38d51bc1b3af32d753598e9cc2e28d8ca86006da89c6760d3b20974a	25be382bec0caa1f1db4a0422dac8c05e2c72f1aa87c05e78b376e8722b24e40	terrestrial-biped-light-v1
040	Wigglytuff	00	none	normal	assets/pokemon-walksheets-549/dex-040__species-wigglytuff__form-00__gender-none__palette-normal__walk-3x4.png	assets/pokemon-runtime-549/dex-040__species-wigglytuff__form-00__gender-none__palette-normal__walk-3x4.png	pokemon_medium		12ed352150d933e29253ee7e5b795f5c64ca062923301beddf12b70070df0228	073334a90107810ff63939061740c396f07ba228f97e7c929bfc28cd3ffbeba5	14	16	cb9ec822a2e9711fe0b79e756272252a22682bdabb40f99fb7e1d748984fb65e	25be382bec0caa1f1db4a0422dac8c05e2c72f1aa87c05e78b376e8722b24e40	terrestrial-biped-light-v1
040	Wigglytuff	00	none	shiny	assets/pokemon-walksheets-549/dex-040__species-wigglytuff__form-00__gender-none__palette-shiny__walk-3x4.png	assets/pokemon-runtime-549/dex-040__species-wigglytuff__form-00__gender-none__palette-shiny__walk-3x4.png	pokemon_medium		3de01ed89ed8c49b25fb25b3ab87b1a28095d041576b0e3c8753d1b298b3e085	0f03d5b0c82d07384bb9e0d6025448bb20f08f8a8475d5efcf0871ce00617ac3	14	16	69889d57fc8b4d02545cb65dbc651b68db5200f797159e8c0891b490f2f36cdc	25be382bec0caa1f1db4a0422dac8c05e2c72f1aa87c05e78b376e8722b24e40	terrestrial-biped-light-v1
041	Zubat	00	none	normal	assets/pokemon-walksheets-549/dex-041__species-zubat__form-00__gender-none__palette-normal__walk-3x4.png	assets/pokemon-runtime-549/dex-041__species-zubat__form-00__gender-none__palette-normal__walk-3x4.png	pokemon_medium		fe4f0b4f0a142bedfbaad59637d4257c6bb44565e3949b08fa8dc71191bff08b	9d7be449d58ad205f3d0525195a3af361870bc6f0967daab0a7361f14986fcf1	14	16	d5a77f9acb735fe1be13f1d70a7273fb9a583b9e6fde68ce8274bd1bafb2fb34	25be382bec0caa1f1db4a0422dac8c05e2c72f1aa87c05e78b376e8722b24e40	airborne-wing-flap-v1
041	Zubat	00	none	shiny	assets/pokemon-walksheets-549/dex-041__species-zubat__form-00__gender-none__palette-shiny__walk-3x4.png	assets/pokemon-runtime-549/dex-041__species-zubat__form-00__gender-none__palette-shiny__walk-3x4.png	pokemon_medium		b02bc46d91da1f92b068dc7c5ce3ae2d0d8ff3bad011ac5604fcb583ea511703	46546d3f84efc694b6ed2b606c8186d7e63dd0be46547ed9325ff07539f0a587	14	16	ac0d805929eef2925b452004fde2a66512f906222ee1756c5ad78473e2bfa666	25be382bec0caa1f1db4a0422dac8c05e2c72f1aa87c05e78b376e8722b24e40	airborne-wing-flap-v1
042	Golbat	00	none	normal	assets/pokemon-walksheets-549/dex-042__species-golbat__form-00__gender-none__palette-normal__walk-3x4.png	assets/pokemon-runtime-549/dex-042__species-golbat__form-00__gender-none__palette-normal__walk-3x4.png	pokemon_medium		797baed69bdf3a44ab1de7ca20645abd17cff37704febb8ed8a997423625d0ef	fe4092461a972c086de2a5e76f7cb7ff72fe9021688d576f15c334e23839103d	15	16	b09b2c4b1e7405a97ba7339b1de2f5a016eb069230c87a616cb3f08753119d7f	25be382bec0caa1f1db4a0422dac8c05e2c72f1aa87c05e78b376e8722b24e40	airborne-wing-flap-v1
042	Golbat	00	none	shiny	assets/pokemon-walksheets-549/dex-042__species-golbat__form-00__gender-none__palette-shiny__walk-3x4.png	assets/pokemon-runtime-549/dex-042__species-golbat__form-00__gender-none__palette-shiny__walk-3x4.png	pokemon_medium		ad807b094115ce90d3b02f0e0d120a25ec68565712f57a20f77de3062ccfaac7	7e369d54db641cb6c0378c19fba729810bacbd425c03d711e14c321cf2f85a7f	15	16	fed274dff785eb45e9fcabb24f40cc310a8b888f1215c671a5100f0dbf7e1a31	25be382bec0caa1f1db4a0422dac8c05e2c72f1aa87c05e78b376e8722b24e40	airborne-wing-flap-v1
043	Oddish	00	none	normal	assets/pokemon-walksheets-549/dex-043__species-oddish__form-00__gender-none__palette-normal__walk-3x4.png	assets/pokemon-runtime-549/dex-043__species-oddish__form-00__gender-none__palette-normal__walk-3x4.png	pokemon_medium		12db958a3d6aa9935f05a05cca1e5c3d5c4048eb98d424a58ccb27f11e6a816e	f4bf747da1d7a619f6e5aa0ae4429228d9840a88a4f47ca81409a839bd6a6cee	15	16	ac97e9d49dfffae1137e112d65cc3e09f4592653d5c835a51dec603173baa6c5	25be382bec0caa1f1db4a0422dac8c05e2c72f1aa87c05e78b376e8722b24e40	terrestrial-biped-light-v1
043	Oddish	00	none	shiny	assets/pokemon-walksheets-549/dex-043__species-oddish__form-00__gender-none__palette-shiny__walk-3x4.png	assets/pokemon-runtime-549/dex-043__species-oddish__form-00__gender-none__palette-shiny__walk-3x4.png	pokemon_medium		a8c7e12dc2429e0a0650dfa51ee4f9e9d7f7c636202371c6c6c41661277748ec	479ce73fa42fe61964ddc857589b102b9b847857b377bc858b460cc94f293d86	15	16	9adfdc21aa67318ac1f5bba0a01c030626890e61f35cf4496e0ecf70ed4b3e54	25be382bec0caa1f1db4a0422dac8c05e2c72f1aa87c05e78b376e8722b24e40	terrestrial-biped-light-v1
044	Gloom	00	none	normal	assets/pokemon-walksheets-549/dex-044__species-gloom__form-00__gender-none__palette-normal__walk-3x4.png	assets/pokemon-runtime-549/dex-044__species-gloom__form-00__gender-none__palette-normal__walk-3x4.png	pokemon_medium		207b89e299058633d761ca127790d74e781f088d085722acf141ef22e30018e3	e10be4a329c19a24f9b8fdb42e78e212be552089c02eec427998a4d6af30a380	15	15	dd3d582c8feae00f685fcbf6141ee182f624f6112236598250f7a0fda9cddaf8	25be382bec0caa1f1db4a0422dac8c05e2c72f1aa87c05e78b376e8722b24e40	terrestrial-biped-light-v1
044	Gloom	00	none	shiny	assets/pokemon-walksheets-549/dex-044__species-gloom__form-00__gender-none__palette-shiny__walk-3x4.png	assets/pokemon-runtime-549/dex-044__species-gloom__form-00__gender-none__palette-shiny__walk-3x4.png	pokemon_medium		c009ae37e56895769a40734d785efe2f8feda5e5b7a31a38bb8873f72bdf3a6b	3bb8abcbee3c3de711b56bdb1f8c3c3023c36da45c3eb2f412a011268cc09e0d	15	15	3db55c1a26f4a24c0028ec4d3d2182a86045e9e1e4f83c8b40719768eddcbc23	25be382bec0caa1f1db4a0422dac8c05e2c72f1aa87c05e78b376e8722b24e40	terrestrial-biped-light-v1
045	Vileplume	00	none	normal	assets/pokemon-walksheets-549/dex-045__species-vileplume__form-00__gender-none__palette-normal__walk-3x4.png	assets/pokemon-runtime-549/dex-045__species-vileplume__form-00__gender-none__palette-normal__walk-3x4.png	pokemon_medium		6e49cca6db133cda5808e630b848dc0607169e9b3e28c9aa848342bae5daa15a	6900e0263decb6392aef1bce4edfa7fe677af12498e516bc10bcf016cad131e9	15	10	885aab96a29ceb8188d6b938b48845c75d8ef18c3afa054c6928f80e00fe0efb	25be382bec0caa1f1db4a0422dac8c05e2c72f1aa87c05e78b376e8722b24e40	terrestrial-biped-light-v1
045	Vileplume	00	none	shiny	assets/pokemon-walksheets-549/dex-045__species-vileplume__form-00__gender-none__palette-shiny__walk-3x4.png	assets/pokemon-runtime-549/dex-045__species-vileplume__form-00__gender-none__palette-shiny__walk-3x4.png	pokemon_medium		bf6f5dccecae7456df67bc9586d0d64fbc7784a905126d73843cbbb051f19ad7	9faa2d40184bf56bbae9730e7d514428bede2a230f41ffa1f2708761eb3b9203	15	10	6c1b1d2b54090532bbd6d6f4ddada6ca708eb7da87be60e0fb371559de3b4c60	25be382bec0caa1f1db4a0422dac8c05e2c72f1aa87c05e78b376e8722b24e40	terrestrial-biped-light-v1
046	Paras	00	none	normal	assets/pokemon-walksheets-549/dex-046__species-paras__form-00__gender-none__palette-normal__walk-3x4.png	assets/pokemon-runtime-549/dex-046__species-paras__form-00__gender-none__palette-normal__walk-3x4.png	pokemon_medium		b346124b51fe15bc3751159f42757166e01c5c4112cb3e4d218a0d2392aa7bf6	e2ba451495981cd44f1382e19875b54534ae74f58bd862d1c9fa6fbfc71c3b5a	15	11	26e9b42ec89c3897de4add3eebd3f5c43c1776db4c3e1b649dea197bcaecac8a	25be382bec0caa1f1db4a0422dac8c05e2c72f1aa87c05e78b376e8722b24e40	terrestrial-multiped-crawl-v1
046	Paras	00	none	shiny	assets/pokemon-walksheets-549/dex-046__species-paras__form-00__gender-none__palette-shiny__walk-3x4.png	assets/pokemon-runtime-549/dex-046__species-paras__form-00__gender-none__palette-shiny__walk-3x4.png	pokemon_medium		4415153eecc880d700ec3c337abfdce262839fbad041945fa78decbee18bb9be	9778631a6807df8388e7ab7defa119ec722b9708043e3150b909be030edba6f6	15	11	3eecd8fe43ac8f4fb8ddd1e0b753be2765a84a90717baa56b8979611bb458634	25be382bec0caa1f1db4a0422dac8c05e2c72f1aa87c05e78b376e8722b24e40	terrestrial-multiped-crawl-v1
047	Parasect	00	none	normal	assets/pokemon-walksheets-549/dex-047__species-parasect__form-00__gender-none__palette-normal__walk-3x4.png	assets/pokemon-runtime-549/dex-047__species-parasect__form-00__gender-none__palette-normal__walk-3x4.png	pokemon_medium		8967dc2ce6942eb248cd0aee3a2555473e76331947d0808dc4a618566941c0fd	8f46ae9a02cd3141f3bf4c37d68b06ea68baaa906ef13cd996018f01b180d4b1	15	14	193018216b35dcc54d7a7fa5eac466d085e16fb9494cec37bb223785eb53035c	25be382bec0caa1f1db4a0422dac8c05e2c72f1aa87c05e78b376e8722b24e40	terrestrial-multiped-crawl-v1
047	Parasect	00	none	shiny	assets/pokemon-walksheets-549/dex-047__species-parasect__form-00__gender-none__palette-shiny__walk-3x4.png	assets/pokemon-runtime-549/dex-047__species-parasect__form-00__gender-none__palette-shiny__walk-3x4.png	pokemon_medium		a46226eeb91e89abec7964b41fe054fbc4518f860ac09afa08ef769bfc7ae883	f01dd8fcf999b0a955b5bb4bce467885d08bc80742dd43a67a9c908e58c3b1d8	15	14	571f33b61005289d2e55b1150707ad8477620571405d71ef30dc754056fbf30b	25be382bec0caa1f1db4a0422dac8c05e2c72f1aa87c05e78b376e8722b24e40	terrestrial-multiped-crawl-v1
048	Venonat	00	none	normal	assets/pokemon-walksheets-549/dex-048__species-venonat__form-00__gender-none__palette-normal__walk-3x4.png	assets/pokemon-runtime-549/dex-048__species-venonat__form-00__gender-none__palette-normal__walk-3x4.png	pokemon_medium		b779f4bf3c5f6c07c80e3b90735660109035405953c79fb516b2581eb466e0c6	aa3dc1a61eb6c6d659efd3ca5e15be7f8493652fdfca78e5da9779c3c7043cdd	12	16	f1ce5850d6d7e8701a9534e412e7c9ec3086932616e7e53fffb34cc49316e5ac	25be382bec0caa1f1db4a0422dac8c05e2c72f1aa87c05e78b376e8722b24e40	terrestrial-biped-light-v1
048	Venonat	00	none	shiny	assets/pokemon-walksheets-549/dex-048__species-venonat__form-00__gender-none__palette-shiny__walk-3x4.png	assets/pokemon-runtime-549/dex-048__species-venonat__form-00__gender-none__palette-shiny__walk-3x4.png	pokemon_medium		74f62ee57a2301bef413085ca1b04e5571fe897066f7a6e683021bbef6e6c157	c3a7c00c4f76568afe9cab62c2083c5dff27365e991c4d4113b52a9c15df38f1	12	16	ffa3f731e8172bd5797aebfe9ed16ffe0887e620505ba359ee8916df6f3db9b3	25be382bec0caa1f1db4a0422dac8c05e2c72f1aa87c05e78b376e8722b24e40	terrestrial-biped-light-v1
049	Venomoth	00	none	normal	assets/pokemon-walksheets-549/dex-049__species-venomoth__form-00__gender-none__palette-normal__walk-3x4.png	assets/pokemon-runtime-549/dex-049__species-venomoth__form-00__gender-none__palette-normal__walk-3x4.png	pokemon_medium		c5d7e124b990b9cdcfa16adb8f59e9912d78d77e99249dd3f459877d7e667cab	273a6746112e01b10c3f4e158a80340fc2ef8250a718d71b754ea26146150df8	15	16	ec57d8bd42db42b482b8a5f33207ac27e3bd918069d79e0aa061a07999849b22	25be382bec0caa1f1db4a0422dac8c05e2c72f1aa87c05e78b376e8722b24e40	airborne-wing-flap-v1
049	Venomoth	00	none	shiny	assets/pokemon-walksheets-549/dex-049__species-venomoth__form-00__gender-none__palette-shiny__walk-3x4.png	assets/pokemon-runtime-549/dex-049__species-venomoth__form-00__gender-none__palette-shiny__walk-3x4.png	pokemon_medium		814dd224f8526a9b5494f642285c6d7efbe5efd628015f1bb03350bed7840a7c	ec6a072de662954f768c9feb4fe2bd738808b3e96d2f1a7299549fc7ba136e44	15	16	8458b8436a90009ca36de337a2cc90ad8b4e5dde8f91687c8e0cfb59123363ed	25be382bec0caa1f1db4a0422dac8c05e2c72f1aa87c05e78b376e8722b24e40	airborne-wing-flap-v1
050	Diglett	00	none	normal	assets/pokemon-walksheets-549/dex-050__species-diglett__form-00__gender-none__palette-normal__walk-3x4.png	assets/pokemon-runtime-549/dex-050__species-diglett__form-00__gender-none__palette-normal__walk-3x4.png	pokemon_medium		5941d80f2e0f4bb5c6e2138b5a0c74c96b2fd6d8025c02ef1f4663d5dd18dbd9	df55453809f4eff98230893f9ad25cb1ea00cf44263b9728eadc1c0023609802	15	12	84452f34aaaa6bda4d8fa8777cb39c4bde2788c077792879976cab519faa4212	25be382bec0caa1f1db4a0422dac8c05e2c72f1aa87c05e78b376e8722b24e40	rooted-or-cocoon-sway-v1
050	Diglett	00	none	shiny	assets/pokemon-walksheets-549/dex-050__species-diglett__form-00__gender-none__palette-shiny__walk-3x4.png	assets/pokemon-runtime-549/dex-050__species-diglett__form-00__gender-none__palette-shiny__walk-3x4.png	pokemon_medium		7e6e0883c04ee0de6363c497d51f16b69663570127963c0e65e5014d4b175c83	ef2e33c976193dc451b805eb6109ea87daecf86e32371c84776c889fd5574fdf	15	12	c3d3f6ed3d0f16e6426b759beace86c48b86cf4cdb32382a6b7f36bd0d7188d7	25be382bec0caa1f1db4a0422dac8c05e2c72f1aa87c05e78b376e8722b24e40	rooted-or-cocoon-sway-v1
051	Dugtrio	00	none	normal	assets/pokemon-walksheets-549/dex-051__species-dugtrio__form-00__gender-none__palette-normal__walk-3x4.png	assets/pokemon-runtime-549/dex-051__species-dugtrio__form-00__gender-none__palette-normal__walk-3x4.png	pokemon_medium		1c8bad50536be2fd144f8aaf7bb8bd275453f637098f54b096bfc50d2a253d9d	7d195579da3c26d8e6911eac762f79bf7cdfc74c442ee8a576b83d41d60ce49c	15	12	17b4d59740fdd4fee3cbd9517927307e9a189db1bb9b6abd563d8d1be8d214c3	25be382bec0caa1f1db4a0422dac8c05e2c72f1aa87c05e78b376e8722b24e40	rooted-or-cocoon-sway-v1
051	Dugtrio	00	none	shiny	assets/pokemon-walksheets-549/dex-051__species-dugtrio__form-00__gender-none__palette-shiny__walk-3x4.png	assets/pokemon-runtime-549/dex-051__species-dugtrio__form-00__gender-none__palette-shiny__walk-3x4.png	pokemon_medium		0a17a3ebdd92c99e2eae1c8d173518958b724a45611936a866414dd22964b18b	1ca9bfd6aad93c64a81c9149ad3ef2c435550c7ba8441c397b7dca4ecb94ce8b	15	12	65ad38dcef076ebf2c39e53d97e63c5bc19af0182005c6d29667f6b1c4c56354	25be382bec0caa1f1db4a0422dac8c05e2c72f1aa87c05e78b376e8722b24e40	rooted-or-cocoon-sway-v1
052	Meowth	00	none	normal	assets/pokemon-walksheets-549/dex-052__species-meowth__form-00__gender-none__palette-normal__walk-3x4.png	assets/pokemon-runtime-549/dex-052__species-meowth__form-00__gender-none__palette-normal__walk-3x4.png	pokemon_medium		dc22a26cd420333d59ff947d75b8c9ea8244666d2e9cf35cf4a567e1f4223ec3	7e22daf868dc17e04a36e8f72dbde72bdc3f912b301c052fa56c614132a2edd7	14	16	2fa5d644182005cd87b4ddf7511a078ae0e278110d55a7209f2f1f5006e98b69	25be382bec0caa1f1db4a0422dac8c05e2c72f1aa87c05e78b376e8722b24e40	terrestrial-biped-light-v1
052	Meowth	00	none	shiny	assets/pokemon-walksheets-549/dex-052__species-meowth__form-00__gender-none__palette-shiny__walk-3x4.png	assets/pokemon-runtime-549/dex-052__species-meowth__form-00__gender-none__palette-shiny__walk-3x4.png	pokemon_medium		7c83a075b21f0a729c97a832e96fd7ae26fb3f891b0170824c9515f39b6d2272	a2fb42a573bd323c66896d4890cbe3003b65e5a794b22d710df2649453f5ffbd	14	16	e2f1dc70f73cf0a6ca136c62d69bf9bc5a199b4ffdbfeccb696b1aa74d7f276c	25be382bec0caa1f1db4a0422dac8c05e2c72f1aa87c05e78b376e8722b24e40	terrestrial-biped-light-v1
053	Persian	00	none	normal	assets/pokemon-walksheets-549/dex-053__species-persian__form-00__gender-none__palette-normal__walk-3x4.png	assets/pokemon-runtime-549/dex-053__species-persian__form-00__gender-none__palette-normal__walk-3x4.png	pokemon_medium		811cc347faf7d061a29878025fd3d09b98dd4a76c29edfc050979918825d5879	2cdf0a3959fda08ae0ddf626ddb6897832dda4b0d6ade2e2fb64d3155e332355	15	16	020cfe49aaf49fba1b20b0a554c2802d5aa6f329abbb604025dc3efbf5a21776	25be382bec0caa1f1db4a0422dac8c05e2c72f1aa87c05e78b376e8722b24e40	terrestrial-quadruped-light-v1
053	Persian	00	none	shiny	assets/pokemon-walksheets-549/dex-053__species-persian__form-00__gender-none__palette-shiny__walk-3x4.png	assets/pokemon-runtime-549/dex-053__species-persian__form-00__gender-none__palette-shiny__walk-3x4.png	pokemon_medium		b75701a377d619c021672b82e35e9c7c1cf485a0a951ddbc92a7b180d16f2f85	0b6b7ade3bce1eaecd351bf19597c984390c6c46710c75951d9d9878b6644aaf	15	16	d28543cb3302f44cd19c7d2fb01eb1aee5357650049896d16ef5572fe2b03160	25be382bec0caa1f1db4a0422dac8c05e2c72f1aa87c05e78b376e8722b24e40	terrestrial-quadruped-light-v1
054	Psyduck	00	none	normal	assets/pokemon-walksheets-549/dex-054__species-psyduck__form-00__gender-none__palette-normal__walk-3x4.png	assets/pokemon-runtime-549/dex-054__species-psyduck__form-00__gender-none__palette-normal__walk-3x4.png	pokemon_medium		1657ca81ce42af66585fc6fdf0a5a9117c04d63ca576937ee80ffd490fa48a7a	9c5a5a51fa960fec308728faf0a8d86df90dbb8337bb79ec2d752f33b978e6a7	15	16	73f6f3bed6c18cbeebf582612f61bbaa88b1840c2d6e86e54c28cbbd0c17a1d8	25be382bec0caa1f1db4a0422dac8c05e2c72f1aa87c05e78b376e8722b24e40	terrestrial-biped-light-v1
054	Psyduck	00	none	shiny	assets/pokemon-walksheets-549/dex-054__species-psyduck__form-00__gender-none__palette-shiny__walk-3x4.png	assets/pokemon-runtime-549/dex-054__species-psyduck__form-00__gender-none__palette-shiny__walk-3x4.png	pokemon_medium		076556bed33c60fe3b5434428ab73d17145788e4ca71b1e7644b0ea5eb14e6fa	e08a3393fd3df27e4747f3754bc47a55ad5c6f448863e83959bcd5bbc0b365fd	15	16	534b91c55907b8c70163fc3c3cefb8f1985875eb42903f06fcc2731bcfc4a0be	25be382bec0caa1f1db4a0422dac8c05e2c72f1aa87c05e78b376e8722b24e40	terrestrial-biped-light-v1
055	Golduck	00	none	normal	assets/pokemon-walksheets-549/dex-055__species-golduck__form-00__gender-none__palette-normal__walk-3x4.png	assets/pokemon-runtime-549/dex-055__species-golduck__form-00__gender-none__palette-normal__walk-3x4.png	pokemon_medium		3e432e73467497224cb61918fd6272e5eb2110e387752cc7ead5a1041ef0e977	f8d13ffb0a40a09a501ddf7b51b7eb11292f7dcd80f3c88050f1d4359f867922	15	16	bd8653af688673d5392fd212eb3e34dd23ef2565c71fd3adae7e4bfcf96af937	25be382bec0caa1f1db4a0422dac8c05e2c72f1aa87c05e78b376e8722b24e40	terrestrial-biped-light-v1
055	Golduck	00	none	shiny	assets/pokemon-walksheets-549/dex-055__species-golduck__form-00__gender-none__palette-shiny__walk-3x4.png	assets/pokemon-runtime-549/dex-055__species-golduck__form-00__gender-none__palette-shiny__walk-3x4.png	pokemon_medium		4d44097e8361b21db23c7722003a876f29349d8ab094c696a1be6da206632483	6832fd920652011dcd0bd3c4714f60a86d06d9479a5217603a88601459e73521	15	16	1d5d24771d9a118c717dd175cabc3e7df7c4cfe9f0e397e4374acec6f715d80c	25be382bec0caa1f1db4a0422dac8c05e2c72f1aa87c05e78b376e8722b24e40	terrestrial-biped-light-v1
056	Mankey	00	none	normal	assets/pokemon-walksheets-549/dex-056__species-mankey__form-00__gender-none__palette-normal__walk-3x4.png	assets/pokemon-runtime-549/dex-056__species-mankey__form-00__gender-none__palette-normal__walk-3x4.png	pokemon_medium		61745fcb17d92a9a096f58da87a20fb4d607fb12947086dc7a175ee363f41e51	6b7e9ebafc711d2292835c369417be2a65a15b99b4298af2bcb8bd1cfda68299	14	16	3b1f91f6371883a37377c145ddb91e49ed4f3b7db0c1695c905171a690a71f0a	25be382bec0caa1f1db4a0422dac8c05e2c72f1aa87c05e78b376e8722b24e40	terrestrial-biped-light-v1
056	Mankey	00	none	shiny	assets/pokemon-walksheets-549/dex-056__species-mankey__form-00__gender-none__palette-shiny__walk-3x4.png	assets/pokemon-runtime-549/dex-056__species-mankey__form-00__gender-none__palette-shiny__walk-3x4.png	pokemon_medium		32af71b66eae7e443d66a136042f5db5854b1eac83fd7908b54cee14e7717503	d7d18a7e60835b68401f550690261af26536a31b3b1b9ab411564ce09670c8ed	14	16	8d85a2e5e00d55b7f99489f49c9e3ef0fb62df5cf41168f9d1ca3a5aa66efe40	25be382bec0caa1f1db4a0422dac8c05e2c72f1aa87c05e78b376e8722b24e40	terrestrial-biped-light-v1
057	Primeape	00	none	normal	assets/pokemon-walksheets-549/dex-057__species-primeape__form-00__gender-none__palette-normal__walk-3x4.png	assets/pokemon-runtime-549/dex-057__species-primeape__form-00__gender-none__palette-normal__walk-3x4.png	pokemon_medium		dee300111bc8293d14c95c6881ae906d61bb95a51f106e190019a8f13801104a	d48d3bb99e154aee37a7966527ec66bac4b314c78103fdf094dc3323a1f6b8c7	15	16	0d3ce5fac20fa1e07ecc6a438ead783b6c3088848880b666e26c3fd5ef6f9100	25be382bec0caa1f1db4a0422dac8c05e2c72f1aa87c05e78b376e8722b24e40	terrestrial-biped-light-v1
057	Primeape	00	none	shiny	assets/pokemon-walksheets-549/dex-057__species-primeape__form-00__gender-none__palette-shiny__walk-3x4.png	assets/pokemon-runtime-549/dex-057__species-primeape__form-00__gender-none__palette-shiny__walk-3x4.png	pokemon_medium		bbb36a9e00c730ae37272fe8d14193e2bfe51bc2f46de25ff48fbe1efd1d38dc	597c067ae83c5a3ac4b5902e58c2e3bdc107ca0ccf319aa47fef1665bc6dede8	15	16	8fa1182008887663b4d1254cb781f0dec9e1aa62212574b8f2f796732682e1ac	25be382bec0caa1f1db4a0422dac8c05e2c72f1aa87c05e78b376e8722b24e40	terrestrial-biped-light-v1
058	Growlithe	00	none	normal	assets/pokemon-walksheets-549/dex-058__species-growlithe__form-00__gender-none__palette-normal__walk-3x4.png	assets/pokemon-runtime-549/dex-058__species-growlithe__form-00__gender-none__palette-normal__walk-3x4.png	pokemon_medium		034911fb59a9146d6ee4695d6f79eed158fdf0bcf460c2f92034fe61217d5983	39741ed7a0e84eeafb98351905ad19aac2305045b1f924e26df8152bb8156ca9	15	16	d360f1af6ff06f68ddd0f0bbfdd6383e351363cc37a0a75abf6e878d5639ca6b	25be382bec0caa1f1db4a0422dac8c05e2c72f1aa87c05e78b376e8722b24e40	terrestrial-quadruped-light-v1
058	Growlithe	00	none	shiny	assets/pokemon-walksheets-549/dex-058__species-growlithe__form-00__gender-none__palette-shiny__walk-3x4.png	assets/pokemon-runtime-549/dex-058__species-growlithe__form-00__gender-none__palette-shiny__walk-3x4.png	pokemon_medium		7e5b3525f0fee86adce65741ecc3943ea8e972e12a3edfa949474e8dbad81bb5	a9c7721f0c4501ffa950738025bcb9ed258fafd91e34f191cec81f12ff0befed	15	16	6fd18f26fbb8cbd34cc311412dcbb45f5074c089277ac4f8528d7e5dd9d07c33	25be382bec0caa1f1db4a0422dac8c05e2c72f1aa87c05e78b376e8722b24e40	terrestrial-quadruped-light-v1
059	Arcanine	00	none	normal	assets/pokemon-walksheets-549/dex-059__species-arcanine__form-00__gender-none__palette-normal__walk-3x4.png	assets/pokemon-runtime-549/dex-059__species-arcanine__form-00__gender-none__palette-normal__walk-3x4.png	pokemon_medium		d3190001351296b3cf1b9f90f80c1f3c5bbbf5b556603a82feadac6c4893f921	cf326d4906833214149a1db94452f60b440979f9229b3966af256eb3bb5f9842	15	16	0d14b709c50cdbdf6de2981f1ecfd9c0ad0abe5d4e5330c09233d9d6e8c559d9	25be382bec0caa1f1db4a0422dac8c05e2c72f1aa87c05e78b376e8722b24e40	terrestrial-quadruped-heavy-v1
059	Arcanine	00	none	shiny	assets/pokemon-walksheets-549/dex-059__species-arcanine__form-00__gender-none__palette-shiny__walk-3x4.png	assets/pokemon-runtime-549/dex-059__species-arcanine__form-00__gender-none__palette-shiny__walk-3x4.png	pokemon_medium		667c27c77601aad235c422fef5f92bb770aa965ce7dff19bc30f14d30a71338c	bec2525b5d908d3196a0389cc43f452f88b7490c8a918e6b674feb4c25d2f6ef	15	16	1e72a6081b64ede0fdddd9effaa1c87c14c6c0203eb32a9461484f0aee720749	25be382bec0caa1f1db4a0422dac8c05e2c72f1aa87c05e78b376e8722b24e40	terrestrial-quadruped-heavy-v1
060	Poliwag	00	none	normal	assets/pokemon-walksheets-549/dex-060__species-poliwag__form-00__gender-none__palette-normal__walk-3x4.png	assets/pokemon-runtime-549/dex-060__species-poliwag__form-00__gender-none__palette-normal__walk-3x4.png	pokemon_medium		1040d16aa3028aec7921191c4b73591304d1079bed348e5b392ec043276b12fe	ea00ff4d2ed54d2bb7dbc7f2a861c84ffc287a8670b6cd5b7be0a6a9c8705952	15	16	d67cc1078ddb81851fce359093e9256c3ac5feb0faf3a740b7cceb6b42d8ac82	25be382bec0caa1f1db4a0422dac8c05e2c72f1aa87c05e78b376e8722b24e40	terrestrial-biped-light-v1
060	Poliwag	00	none	shiny	assets/pokemon-walksheets-549/dex-060__species-poliwag__form-00__gender-none__palette-shiny__walk-3x4.png	assets/pokemon-runtime-549/dex-060__species-poliwag__form-00__gender-none__palette-shiny__walk-3x4.png	pokemon_medium		7345494828bea242f6ee108f4be03e03e7315f0447119311c3438a9b515657b2	a7b1cbed533fdd161afc212741e0155520d226c1d94724a19e723d4851a3ab4d	15	16	d932466940bac1e16e754dfa2ccee517c7b9c3043c153369db9df433c8d9953a	25be382bec0caa1f1db4a0422dac8c05e2c72f1aa87c05e78b376e8722b24e40	terrestrial-biped-light-v1
061	Poliwhirl	00	none	normal	assets/pokemon-walksheets-549/dex-061__species-poliwhirl__form-00__gender-none__palette-normal__walk-3x4.png	assets/pokemon-runtime-549/dex-061__species-poliwhirl__form-00__gender-none__palette-normal__walk-3x4.png	pokemon_medium		b5e57c4ccc84c8b88574ab722082e1ef045f4fb566813f7b20f590bcb2e781fc	c02845203661f1828c54cae5b9f90817fc67df117dbef4219d038a8ff45fac43	15	16	02ac312cb60201f771c2f830c4ce79f2e98c92f5c30a2ea1fc21f9b933bb0410	25be382bec0caa1f1db4a0422dac8c05e2c72f1aa87c05e78b376e8722b24e40	terrestrial-biped-light-v1
061	Poliwhirl	00	none	shiny	assets/pokemon-walksheets-549/dex-061__species-poliwhirl__form-00__gender-none__palette-shiny__walk-3x4.png	assets/pokemon-runtime-549/dex-061__species-poliwhirl__form-00__gender-none__palette-shiny__walk-3x4.png	pokemon_medium		9c4d310543fe9748a795525bd3cdc0bad0cbff3a3e72364aba29f36d72d692f6	9277a430e124852ae7ff402715f1a06e68b8cc72f3ffa0602facea2ee5fa02af	15	16	5665074889ad1f936d9e503ce4c51af00dbdd6dc3fa49835fbe7c30d4489c731	25be382bec0caa1f1db4a0422dac8c05e2c72f1aa87c05e78b376e8722b24e40	terrestrial-biped-light-v1
062	Poliwrath	00	none	normal	assets/pokemon-walksheets-549/dex-062__species-poliwrath__form-00__gender-none__palette-normal__walk-3x4.png	assets/pokemon-runtime-549/dex-062__species-poliwrath__form-00__gender-none__palette-normal__walk-3x4.png	pokemon_medium		a19ba3a96fd72b32862db45d9df8979cedac33b9c029c30feb1c7aca976c29d8	d910ec9cf3d2586a03ce1ad71063b1491b1feb96426cac0443a1722829bde4bf	15	16	9c0ba5ada82acd6b00c7b7037adffd6cf8dd54fc7880f1566bac31c7f26fc327	25be382bec0caa1f1db4a0422dac8c05e2c72f1aa87c05e78b376e8722b24e40	terrestrial-biped-heavy-v1
062	Poliwrath	00	none	shiny	assets/pokemon-walksheets-549/dex-062__species-poliwrath__form-00__gender-none__palette-shiny__walk-3x4.png	assets/pokemon-runtime-549/dex-062__species-poliwrath__form-00__gender-none__palette-shiny__walk-3x4.png	pokemon_medium		daa97d48b68cc545afec63eea06eb64bd753b8bba05cb4e6ab13f5885f3063c4	efa619d0369ed019d8f055461da7bfde4057df0fb52484cd4bd90fd6c3b781c9	15	16	5d0f3987bae29293a9424fbb146efa6a7ec1a5bef4c1ee5cdb00d3ee8075b8dd	25be382bec0caa1f1db4a0422dac8c05e2c72f1aa87c05e78b376e8722b24e40	terrestrial-biped-heavy-v1
063	Abra	00	none	normal	assets/pokemon-walksheets-549/dex-063__species-abra__form-00__gender-none__palette-normal__walk-3x4.png	assets/pokemon-runtime-549/dex-063__species-abra__form-00__gender-none__palette-normal__walk-3x4.png	pokemon_medium		aa5ce0f48981a298b28e165eb5352a5d67790c95c8f584aeaeea2de9ac15fc3c	166f18db024031d719442ed1786ee94ab3cdcd27a4f3cdbb908e94063a5b355e	15	14	0bad35802b9288aca2bf239c3f4bd130467ed6a6e79cc9621f301f099adc0acc	25be382bec0caa1f1db4a0422dac8c05e2c72f1aa87c05e78b376e8722b24e40	terrestrial-biped-light-v1
063	Abra	00	none	shiny	assets/pokemon-walksheets-549/dex-063__species-abra__form-00__gender-none__palette-shiny__walk-3x4.png	assets/pokemon-runtime-549/dex-063__species-abra__form-00__gender-none__palette-shiny__walk-3x4.png	pokemon_medium		0968950c3718fd1256af37067fa58e9bc90879bdd64c64f1e84d39eec4ea933b	42600e86d548adada87d8dae550af3ad4fa67c925c2c25bb7b18a71dca913e0a	15	14	06c8e3c7e02229652e67ba4e7347f61676014daed6a171e9569a96b4f3f7aee1	25be382bec0caa1f1db4a0422dac8c05e2c72f1aa87c05e78b376e8722b24e40	terrestrial-biped-light-v1
064	Kadabra	00	none	normal	assets/pokemon-walksheets-549/dex-064__species-kadabra__form-00__gender-none__palette-normal__walk-3x4.png	assets/pokemon-runtime-549/dex-064__species-kadabra__form-00__gender-none__palette-normal__walk-3x4.png	pokemon_medium		070af0d0ef28c39a95168980284713458cc84a6221033caf86c25dd9edd79fdd	4ae7c334279567c8d3e73f7c8d938f66e3deeb8b26ecfc2cc82847aa00b6ccbd	15	14	d75779273da7349fdbd8b4aa2adb61137d497b936d25316ea54e4db00940bf7e	25be382bec0caa1f1db4a0422dac8c05e2c72f1aa87c05e78b376e8722b24e40	terrestrial-biped-light-v1
064	Kadabra	00	none	shiny	assets/pokemon-walksheets-549/dex-064__species-kadabra__form-00__gender-none__palette-shiny__walk-3x4.png	assets/pokemon-runtime-549/dex-064__species-kadabra__form-00__gender-none__palette-shiny__walk-3x4.png	pokemon_medium		c890947589b468136816d48a0bb7942c4241602dab5c260353a37552b5413184	17ebfeef22394414cfef68012d1940b581827c9579747201e8c2e46f79b857e4	15	14	b1bb6b5f86cfba5e484259b03125c281f275e7d1374907ec0d67acdd1fd4d85d	25be382bec0caa1f1db4a0422dac8c05e2c72f1aa87c05e78b376e8722b24e40	terrestrial-biped-light-v1
065	Alakazam	00	none	normal	assets/pokemon-walksheets-549/dex-065__species-alakazam__form-00__gender-none__palette-normal__walk-3x4.png	assets/pokemon-runtime-549/dex-065__species-alakazam__form-00__gender-none__palette-normal__walk-3x4.png	pokemon_medium		65f216fadb3cd7b528c6f44941c9e288fbb97ef62107e13099161e820de11c91	30f6a0c61d5933a3946d47e050617aa7017a138fc5a4752fc2516ab514bf782b	15	16	46641a1a2c8c9c68ba6eb06d697be39bd6daaf33da27cf6db813a9865ee19df9	25be382bec0caa1f1db4a0422dac8c05e2c72f1aa87c05e78b376e8722b24e40	terrestrial-biped-light-v1
065	Alakazam	00	none	shiny	assets/pokemon-walksheets-549/dex-065__species-alakazam__form-00__gender-none__palette-shiny__walk-3x4.png	assets/pokemon-runtime-549/dex-065__species-alakazam__form-00__gender-none__palette-shiny__walk-3x4.png	pokemon_medium		4e6e68d9548db590f60eea3c4e297e0340dec01a138489091ead6ac9207c4a30	e4bd070090e31f9ec70ca508b691852023c7d1dfa9bf729f43169d4a17febbc8	15	16	d86a6e8f8096214e8f81a43aca3e71d91517ccd4c79aceb3c364a417e6a72ff8	25be382bec0caa1f1db4a0422dac8c05e2c72f1aa87c05e78b376e8722b24e40	terrestrial-biped-light-v1
066	Machop	00	none	normal	assets/pokemon-walksheets-549/dex-066__species-machop__form-00__gender-none__palette-normal__walk-3x4.png	assets/pokemon-runtime-549/dex-066__species-machop__form-00__gender-none__palette-normal__walk-3x4.png	pokemon_medium		157495f947c6d84cf0aff16a9c78f93ce8afd84e1a566ecae6d7285755b2a68c	37ef98da5388a400a9fd127af0f70cf326989a5011f66d851e1a1c5ebcdf58fc	11	16	477fd9f9f7595e0ad2f0c246ddf654c7185323200f7eb87e5313b8c48b638b21	25be382bec0caa1f1db4a0422dac8c05e2c72f1aa87c05e78b376e8722b24e40	terrestrial-biped-light-v1
066	Machop	00	none	shiny	assets/pokemon-walksheets-549/dex-066__species-machop__form-00__gender-none__palette-shiny__walk-3x4.png	assets/pokemon-runtime-549/dex-066__species-machop__form-00__gender-none__palette-shiny__walk-3x4.png	pokemon_medium		fcc595e0f3aea9ead804aeef16610dab95758bc108c2099febaea955d18e2283	0175a78bff3739f15044a4967197a6d4ef2cd4ef3978de35520ee421112a4e1e	11	16	14e39fd870d2490e458d0b6fbf5cfc406fcd2de93bcddd81e215ebcac57f4bda	25be382bec0caa1f1db4a0422dac8c05e2c72f1aa87c05e78b376e8722b24e40	terrestrial-biped-light-v1
067	Machoke	00	none	normal	assets/pokemon-walksheets-549/dex-067__species-machoke__form-00__gender-none__palette-normal__walk-3x4.png	assets/pokemon-runtime-549/dex-067__species-machoke__form-00__gender-none__palette-normal__walk-3x4.png	pokemon_medium		3b4e822cb1abd4c0987c98b596f8f7ed836c8aac047011901b839d3168c3ee54	ff463480cf0f9972b16370df58d61a259fb56d665c5cb1da12dfacf5800404da	14	16	b8dd641e7e359bb0edd9b77f970c765c8300f0965705aec1546dc2275620c20e	25be382bec0caa1f1db4a0422dac8c05e2c72f1aa87c05e78b376e8722b24e40	terrestrial-biped-heavy-v1
067	Machoke	00	none	shiny	assets/pokemon-walksheets-549/dex-067__species-machoke__form-00__gender-none__palette-shiny__walk-3x4.png	assets/pokemon-runtime-549/dex-067__species-machoke__form-00__gender-none__palette-shiny__walk-3x4.png	pokemon_medium		61cd1efe4f1f46ce09916ecab500313a937ce4f9f9b3d41df2f3de0e5586ef38	17965ee65ffc7b1cc846d495250a36dfc7e9ccfe6747ecdb44a14198f1bb8c24	14	16	d6dd66d82326643976f8ab9e5d96cbed4b67e63f139882c288d6536b3a1847c8	25be382bec0caa1f1db4a0422dac8c05e2c72f1aa87c05e78b376e8722b24e40	terrestrial-biped-heavy-v1
068	Machamp	00	none	normal	assets/pokemon-walksheets-549/dex-068__species-machamp__form-00__gender-none__palette-normal__walk-3x4.png	assets/pokemon-runtime-549/dex-068__species-machamp__form-00__gender-none__palette-normal__walk-3x4.png	pokemon_medium		cf0e39563f49c3a1010fa65681b897ae2886e69a0d6c2d635c285dd4c14335e3	7890cc5ef724abf7094fe32a0ba93cfb68b4f1e73376d6d8cb6f0dac05a25c45	12	16	98257f11cc94be1b9646ce0051ce6538bb5c4ecc0d260b20b00c9a172027dc4d	25be382bec0caa1f1db4a0422dac8c05e2c72f1aa87c05e78b376e8722b24e40	terrestrial-biped-heavy-v1
068	Machamp	00	none	shiny	assets/pokemon-walksheets-549/dex-068__species-machamp__form-00__gender-none__palette-shiny__walk-3x4.png	assets/pokemon-runtime-549/dex-068__species-machamp__form-00__gender-none__palette-shiny__walk-3x4.png	pokemon_medium		f068a4ba7af932d00ea239e98534c897a5176ac484fc386b844bf7059b9a714a	a3f1a611e6dc3209ef77aba9c56867447262c176a05ebb1ee01e1b19d311b045	12	16	a83656cfea7c4791d8113c35fee7ce0d906f16301643479c863ba9a0b80b77e3	25be382bec0caa1f1db4a0422dac8c05e2c72f1aa87c05e78b376e8722b24e40	terrestrial-biped-heavy-v1
069	Bellsprout	00	none	normal	assets/pokemon-walksheets-549/dex-069__species-bellsprout__form-00__gender-none__palette-normal__walk-3x4.png	assets/pokemon-runtime-549/dex-069__species-bellsprout__form-00__gender-none__palette-normal__walk-3x4.png	pokemon_medium		4ecd1b7310e98e5d4809f8c6cbbd04b06f690c5d9036332c3dc0e8d0dc6e421b	93d22a3578519cd3c462ab5c18095db6cca1026d7de512af49fff3bb2ace35dd	14	16	0411a8b2b062f6b3a259d93055839110005b02f0aca1c77cf96da1a4fcec2311	25be382bec0caa1f1db4a0422dac8c05e2c72f1aa87c05e78b376e8722b24e40	terrestrial-biped-light-v1
069	Bellsprout	00	none	shiny	assets/pokemon-walksheets-549/dex-069__species-bellsprout__form-00__gender-none__palette-shiny__walk-3x4.png	assets/pokemon-runtime-549/dex-069__species-bellsprout__form-00__gender-none__palette-shiny__walk-3x4.png	pokemon_medium		60e580b4203a61f13044882097a830a07ea792ab527ac21e6e4f4356cce6dd84	8754bca5ccb375ebc9ea3a3a29e784f49457d2547de0a9e5a4b39bccb7b95c57	14	16	916dc391d967128a220962644829f9b14a6c4e1685886d5501fef2bcd85046fd	25be382bec0caa1f1db4a0422dac8c05e2c72f1aa87c05e78b376e8722b24e40	terrestrial-biped-light-v1
070	Weepinbell	00	none	normal	assets/pokemon-walksheets-549/dex-070__species-weepinbell__form-00__gender-none__palette-normal__walk-3x4.png	assets/pokemon-runtime-549/dex-070__species-weepinbell__form-00__gender-none__palette-normal__walk-3x4.png	pokemon_medium		e28561e98abe99dd038af819e949abc6bc821473cca549542bcba0fa4fd38ea3	a3d916e72d801a53a8423e288412d362c80f7ef0fa66dbfa7e6e0ff403c4d419	15	16	b46fe0c1a5d97cb26da17aae4eac6bcda7a9b2d27d35c4e6ead8637e52fcb4f0	25be382bec0caa1f1db4a0422dac8c05e2c72f1aa87c05e78b376e8722b24e40	rooted-or-cocoon-sway-v1
070	Weepinbell	00	none	shiny	assets/pokemon-walksheets-549/dex-070__species-weepinbell__form-00__gender-none__palette-shiny__walk-3x4.png	assets/pokemon-runtime-549/dex-070__species-weepinbell__form-00__gender-none__palette-shiny__walk-3x4.png	pokemon_medium		77c35e747bac91398e5d0efc0b963ed19199edbb6df7726a4e5e3c57d7c03a3e	ab2918fcbc10e1319353f382ff2aafcb3d0310884c741594611acf87b1a11b82	15	16	eb7d48781b0a0fd25ee70c81ca5f1315fcbd6287b898a56cd069b84ded3a3f9b	25be382bec0caa1f1db4a0422dac8c05e2c72f1aa87c05e78b376e8722b24e40	rooted-or-cocoon-sway-v1
071	Victreebel	00	none	normal	assets/pokemon-walksheets-549/dex-071__species-victreebel__form-00__gender-none__palette-normal__walk-3x4.png	assets/pokemon-runtime-549/dex-071__species-victreebel__form-00__gender-none__palette-normal__walk-3x4.png	pokemon_medium		d15169d39d4f2a68c472b288218177ccdc488dd0d8e93253ac3441c0ba4c1e26	7aac044af301ccefeb5f2ad1ed17d9b11b290ec2df38df945c596ae8f0202d9d	15	16	dd8b5f452237cd91ee5beb83e474c565c8b78118854e1e79c74a67e9fb4592d2	25be382bec0caa1f1db4a0422dac8c05e2c72f1aa87c05e78b376e8722b24e40	rooted-or-cocoon-sway-v1
071	Victreebel	00	none	shiny	assets/pokemon-walksheets-549/dex-071__species-victreebel__form-00__gender-none__palette-shiny__walk-3x4.png	assets/pokemon-runtime-549/dex-071__species-victreebel__form-00__gender-none__palette-shiny__walk-3x4.png	pokemon_medium		be4a927e30668d5318724ccc80473592832dcc61998c7b4db0a66bb1e536d136	316c9c20e48600ae3b042017f0556c2e0820ebe47af71b08f8e9ae006f14a3ac	15	16	109afa8063ee574c05d51c05e28e0ec7bf7946c73b4fdb626259db5da823404a	25be382bec0caa1f1db4a0422dac8c05e2c72f1aa87c05e78b376e8722b24e40	rooted-or-cocoon-sway-v1
072	Tentacool	00	none	normal	assets/pokemon-walksheets-549/dex-072__species-tentacool__form-00__gender-none__palette-normal__walk-3x4.png	assets/pokemon-runtime-549/dex-072__species-tentacool__form-00__gender-none__palette-normal__walk-3x4.png	pokemon_medium		deea571a6982afe634a04cfb78ca4b674b5e8c8c2593ef3abdbcdb0602bf2f7e	bc928a208cdce699f6aceb057640c6637eb750b6fa80e0a134f678cdabfb6eeb	12	16	1760e521810bff586d30f5fba2f8ee50078f7219a63501905c1f0f1382cd06d0	25be382bec0caa1f1db4a0422dac8c05e2c72f1aa87c05e78b376e8722b24e40	aquatic-fin-swim-v1
072	Tentacool	00	none	shiny	assets/pokemon-walksheets-549/dex-072__species-tentacool__form-00__gender-none__palette-shiny__walk-3x4.png	assets/pokemon-runtime-549/dex-072__species-tentacool__form-00__gender-none__palette-shiny__walk-3x4.png	pokemon_medium		383523722679390b742d37a344b8b8cdfeca836a5568601e5bbfdf1280e57635	e63f65a72f05ba196f85620ccbab4cc1dcd47bb434aeee881748bbdad040f810	12	16	56bcbfdbbdf8022df52b4faef8500ce9ba06b8abb5ba695b3fbd9cb6ec6e1708	25be382bec0caa1f1db4a0422dac8c05e2c72f1aa87c05e78b376e8722b24e40	aquatic-fin-swim-v1
073	Tentacruel	00	none	normal	assets/pokemon-walksheets-549/dex-073__species-tentacruel__form-00__gender-none__palette-normal__walk-3x4.png	assets/pokemon-runtime-549/dex-073__species-tentacruel__form-00__gender-none__palette-normal__walk-3x4.png	pokemon_medium		a1faa2f9e7273c9db082a0127274e9c617fdfa52c01af1347c6f6cf5f1d5f905	eab7e0922112cfc23f8eb18637da755cd3219eb0c1e21e25ec4bc8808fbd79cd	12	16	9305cea170080e1b354fd60c8e3f0c85e3242e22797d040df91876586b5e382a	25be382bec0caa1f1db4a0422dac8c05e2c72f1aa87c05e78b376e8722b24e40	aquatic-fin-swim-v1
073	Tentacruel	00	none	shiny	assets/pokemon-walksheets-549/dex-073__species-tentacruel__form-00__gender-none__palette-shiny__walk-3x4.png	assets/pokemon-runtime-549/dex-073__species-tentacruel__form-00__gender-none__palette-shiny__walk-3x4.png	pokemon_medium		24d0858ce55068f7411b84bbf4d05af581d58b60c529340a79595effe14f53bc	27f29e192072170e383ba28e28e492d4d7d158261783ec88b6d7ecd75b46df85	12	16	6c76706f5be7499cc9c47c3c414c57a80514126c9cc81f19efb7a066f4938c13	25be382bec0caa1f1db4a0422dac8c05e2c72f1aa87c05e78b376e8722b24e40	aquatic-fin-swim-v1
074	Geodude	00	none	normal	assets/pokemon-walksheets-549/dex-074__species-geodude__form-00__gender-none__palette-normal__walk-3x4.png	assets/pokemon-runtime-549/dex-074__species-geodude__form-00__gender-none__palette-normal__walk-3x4.png	pokemon_medium		1a9c3e7f064dde014f73eb1a400a354e0f706847c78e92cfa57b4e92ba4db720	3e1267c2351b7fa16ae68db7593b2d04a340098b7899887bb6dd51540d359288	15	14	0d1170655987b18361514e62d01eab76d6232408f8a8ba1bbb2a4e2ecd1efbb8	25be382bec0caa1f1db4a0422dac8c05e2c72f1aa87c05e78b376e8722b24e40	ground-arm-assisted-v1
074	Geodude	00	none	shiny	assets/pokemon-walksheets-549/dex-074__species-geodude__form-00__gender-none__palette-shiny__walk-3x4.png	assets/pokemon-runtime-549/dex-074__species-geodude__form-00__gender-none__palette-shiny__walk-3x4.png	pokemon_medium		8c3c0190558b5f562061a927890fcbbb395b83cd23c3eb5663919b69451facb7	335549f0b331d0530e4ad99035c35e47983f5195b60080763c17fe46fb5b3ef0	15	14	cd183c8a7337210b6b516534d0a068185adfdef5d9ce28b0d5819da10eda8a40	25be382bec0caa1f1db4a0422dac8c05e2c72f1aa87c05e78b376e8722b24e40	ground-arm-assisted-v1
075	Graveler	00	none	normal	assets/pokemon-walksheets-549/dex-075__species-graveler__form-00__gender-none__palette-normal__walk-3x4.png	assets/pokemon-runtime-549/dex-075__species-graveler__form-00__gender-none__palette-normal__walk-3x4.png	pokemon_medium		fe924e93d15267fda5e16c67d5f4adb44f6f37511d566305315cc1f5547c9060	5a9a6983493f6628dbf8394ef316d2c1923203e86a61ee368456ff4c4b833a38	15	14	c74073c404da5426fe3c0d658190c84600d16bd89ce3733fa890559c2a3b83ef	25be382bec0caa1f1db4a0422dac8c05e2c72f1aa87c05e78b376e8722b24e40	ground-arm-assisted-v1
075	Graveler	00	none	shiny	assets/pokemon-walksheets-549/dex-075__species-graveler__form-00__gender-none__palette-shiny__walk-3x4.png	assets/pokemon-runtime-549/dex-075__species-graveler__form-00__gender-none__palette-shiny__walk-3x4.png	pokemon_medium		fdffad69f46a1968ec44d0eaa4ff6e50e3d030f02032da45b78b0ee0fa23076d	b2cf136779a8d744b4ce4377e3cfdf67d40398deac33b90764823114193f78a3	15	14	c8fcb889f6ad0686d7dd40db78afd9a27275a2dd676d81ea086ff6ec37904c68	25be382bec0caa1f1db4a0422dac8c05e2c72f1aa87c05e78b376e8722b24e40	ground-arm-assisted-v1
076	Golem	00	none	normal	assets/pokemon-walksheets-549/dex-076__species-golem__form-00__gender-none__palette-normal__walk-3x4.png	assets/pokemon-runtime-549/dex-076__species-golem__form-00__gender-none__palette-normal__walk-3x4.png	pokemon_medium		84048dee81f9572b84cc70ca446d3a7d2b79a20672219be6f02baf6f832f23ee	15283f475e2ee41b6e83117f98d37842a777d4b52f797680ed600a50435995ec	15	14	5ed89b89774613352364f300b62eb264f8c5d71180c8287d0ac1c047872c41f4	25be382bec0caa1f1db4a0422dac8c05e2c72f1aa87c05e78b376e8722b24e40	ground-arm-assisted-v1
076	Golem	00	none	shiny	assets/pokemon-walksheets-549/dex-076__species-golem__form-00__gender-none__palette-shiny__walk-3x4.png	assets/pokemon-runtime-549/dex-076__species-golem__form-00__gender-none__palette-shiny__walk-3x4.png	pokemon_medium		c540704fa263c2c91415563cf2ab95c5b6f6c44575fd3e44e90d8cbb0d1b99bd	fd61090d0ff24b61ea7e4aa46efa508e07fc2ef8b6654c34617987072b0ef078	15	14	fa05106fcc95f42adcaac83ac5e1b766b946e2a6bbf93fd882ff1f94a101c252	25be382bec0caa1f1db4a0422dac8c05e2c72f1aa87c05e78b376e8722b24e40	ground-arm-assisted-v1
077	Ponyta	00	none	normal	assets/pokemon-walksheets-549/dex-077__species-ponyta__form-00__gender-none__palette-normal__walk-3x4.png	assets/pokemon-runtime-549/dex-077__species-ponyta__form-00__gender-none__palette-normal__walk-3x4.png	pokemon_medium		f04b28a68cc0f8223684dff35dccee15f334314f4b1f9c1a58c429b790cad74c	c0786e9e693de6fef5d9d8bc5e321de3c42343b3e75c491dd3b0d3da419797a9	15	16	1e9e2a9f81f57859b282c2e16b64a5e3b1c9b65af1ec6b98bb3611dbb5db5393	25be382bec0caa1f1db4a0422dac8c05e2c72f1aa87c05e78b376e8722b24e40	terrestrial-quadruped-light-v1
077	Ponyta	00	none	shiny	assets/pokemon-walksheets-549/dex-077__species-ponyta__form-00__gender-none__palette-shiny__walk-3x4.png	assets/pokemon-runtime-549/dex-077__species-ponyta__form-00__gender-none__palette-shiny__walk-3x4.png	pokemon_medium		13f5b2945bf275f2cf7f266b7de9453ace0875bd3cae68dd78111194dc56495c	9679ede2579f5eca06e116d58a803dc8424a9022d939a7cfe0665c8d98ec4573	15	16	1d24efec1b797d95e6499dade7836f1fb29dc2a1b069a5a885f42c11098c829e	25be382bec0caa1f1db4a0422dac8c05e2c72f1aa87c05e78b376e8722b24e40	terrestrial-quadruped-light-v1
078	Rapidash	00	none	normal	assets/pokemon-walksheets-549/dex-078__species-rapidash__form-00__gender-none__palette-normal__walk-3x4.png	assets/pokemon-runtime-549/dex-078__species-rapidash__form-00__gender-none__palette-normal__walk-3x4.png	pokemon_medium		f2d66450db1d895016e397e5ef64b89aef42e4311323413ef2e4dfb68dad5e5c	4bd3a52f323ce4eeaf69f99c379d86e87429d6cd78df85345d0857000415447d	15	16	7ca0bf096ea4548cc340f7d7818b4ade8097563621678bf160c40a4612b33710	25be382bec0caa1f1db4a0422dac8c05e2c72f1aa87c05e78b376e8722b24e40	terrestrial-quadruped-light-v1
078	Rapidash	00	none	shiny	assets/pokemon-walksheets-549/dex-078__species-rapidash__form-00__gender-none__palette-shiny__walk-3x4.png	assets/pokemon-runtime-549/dex-078__species-rapidash__form-00__gender-none__palette-shiny__walk-3x4.png	pokemon_medium		6350ab6ec5695084b4510e2f974945568e1ba51c01eb021432f97a81af74f7e6	eded0c220336b5d747605256069815b08e25645f2cd44376ddea623b75ff52cf	15	16	0395c26940dfc3cab62b234fc084d033499f22c9f8611948ae14d57c83d26622	25be382bec0caa1f1db4a0422dac8c05e2c72f1aa87c05e78b376e8722b24e40	terrestrial-quadruped-light-v1
079	Slowpoke	00	none	normal	assets/pokemon-walksheets-549/dex-079__species-slowpoke__form-00__gender-none__palette-normal__walk-3x4.png	assets/pokemon-runtime-549/dex-079__species-slowpoke__form-00__gender-none__palette-normal__walk-3x4.png	pokemon_medium		6219bb57afdcc6fd97202e74206bb8011a0c2b9cbd520ef99cea14f0b7fd7b7a	4f4f4c8df85088f01d63cacdf58057867133e7909fd74c6185947560ab04b122	15	16	2367d3e63a88823700c003b3c6583de2e932bf8f3a5dee473943d08765f31e9f	25be382bec0caa1f1db4a0422dac8c05e2c72f1aa87c05e78b376e8722b24e40	terrestrial-quadruped-heavy-v1
079	Slowpoke	00	none	shiny	assets/pokemon-walksheets-549/dex-079__species-slowpoke__form-00__gender-none__palette-shiny__walk-3x4.png	assets/pokemon-runtime-549/dex-079__species-slowpoke__form-00__gender-none__palette-shiny__walk-3x4.png	pokemon_medium		96fc0334569a4d79dc84e0947f18a0baf5972fa9b066c1c5e1444480e07e0c75	73493ef2f76a9b9251e4a0fc7f211a049883aba1abc67dd8bcb761ef32f56c9b	15	16	c282dcb739a50dff191fefe44ea2b158da4119942ba9ed3b2e104b3adb82a403	25be382bec0caa1f1db4a0422dac8c05e2c72f1aa87c05e78b376e8722b24e40	terrestrial-quadruped-heavy-v1
080	Slowbro	00	none	normal	assets/pokemon-walksheets-549/dex-080__species-slowbro__form-00__gender-none__palette-normal__walk-3x4.png	assets/pokemon-runtime-549/dex-080__species-slowbro__form-00__gender-none__palette-normal__walk-3x4.png	pokemon_medium		e479dd00ffd0843fb466843145ce36e7a6e3ebf1d0fa81738bbc53da3a7170e5	3fae0c1cd00d123c359f52cdf0e9a36db261f887896d9a6e71f113b2e173e8a7	15	14	38bd618646597341b983bb7026637b55992ef6487e4fc3f014bdcf1539475a4f	25be382bec0caa1f1db4a0422dac8c05e2c72f1aa87c05e78b376e8722b24e40	terrestrial-biped-heavy-v1
080	Slowbro	00	none	shiny	assets/pokemon-walksheets-549/dex-080__species-slowbro__form-00__gender-none__palette-shiny__walk-3x4.png	assets/pokemon-runtime-549/dex-080__species-slowbro__form-00__gender-none__palette-shiny__walk-3x4.png	pokemon_medium		32dcf15fd8cb4f984078f994300cc30a20477186e87d2342e0c6ad495ed9ce45	364d04c39bf4266326280d99d96daa1a4a8c61b9e157a5578eb75844c381e7f9	15	14	e44082f01e87a75270f3738b6dde5f76ac69a546ab2ccc7c76165291355ac613	25be382bec0caa1f1db4a0422dac8c05e2c72f1aa87c05e78b376e8722b24e40	terrestrial-biped-heavy-v1
081	Magnemite	00	none	normal	assets/pokemon-walksheets-549/dex-081__species-magnemite__form-00__gender-none__palette-normal__walk-3x4.png	assets/pokemon-runtime-549/dex-081__species-magnemite__form-00__gender-none__palette-normal__walk-3x4.png	pokemon_medium		23b6c769d8e611cb0c20d42eef1c9ee0dd5c3196999288b7437d0e4dead48e89	20cff1b01e5ebb927e4fb36d42f73600cc1ef666cc0e5a6b29783c3ed27494e3	15	16	6ed5a7b495120e02b0a71576a810ebc9357c177a94d0690fcb15cdfaa5d88e0b	25be382bec0caa1f1db4a0422dac8c05e2c72f1aa87c05e78b376e8722b24e40	airborne-hover-bob-v1
081	Magnemite	00	none	shiny	assets/pokemon-walksheets-549/dex-081__species-magnemite__form-00__gender-none__palette-shiny__walk-3x4.png	assets/pokemon-runtime-549/dex-081__species-magnemite__form-00__gender-none__palette-shiny__walk-3x4.png	pokemon_medium		eb2276c8c3b0e8fcff5f9ce64a0a2126cfd6f9a54fb90684f5394f78cd73246d	5559ba5de08169c88633d8649f8be68285b13b4cb8df34ef267ab8140564e626	15	16	b7bdcadb62465681fffdf2a7e1a4411e6640f388a60c21da3cff11138e7bbc0e	25be382bec0caa1f1db4a0422dac8c05e2c72f1aa87c05e78b376e8722b24e40	airborne-hover-bob-v1
082	Magneton	00	none	normal	assets/pokemon-walksheets-549/dex-082__species-magneton__form-00__gender-none__palette-normal__walk-3x4.png	assets/pokemon-runtime-549/dex-082__species-magneton__form-00__gender-none__palette-normal__walk-3x4.png	pokemon_medium		d17891bdcb437ac9506acd4a340e358f8156d00e4c7881de35d9a1898ac0d4cc	e1219228aa4bd14fff15df252666e0aed4995af27517026e23ca3b8cc59838f9	15	16	774a30bd9fa22f1d99a7b511cec8b2ffd87d4d0f69a30405e5ff746926887f17	25be382bec0caa1f1db4a0422dac8c05e2c72f1aa87c05e78b376e8722b24e40	airborne-hover-bob-v1
082	Magneton	00	none	shiny	assets/pokemon-walksheets-549/dex-082__species-magneton__form-00__gender-none__palette-shiny__walk-3x4.png	assets/pokemon-runtime-549/dex-082__species-magneton__form-00__gender-none__palette-shiny__walk-3x4.png	pokemon_medium		b1c94633517dbca6ec09bcf41324cacf163dddd775e7b4c160d806ad27dd028c	8fb768c19fa57edc77aa4f2ec60abc8681074449477c02971280503a1a1807d8	15	16	633323b8a7b810c14cb80b985d9c429117bbc742c48fe9ad82b8b51ad7155d00	25be382bec0caa1f1db4a0422dac8c05e2c72f1aa87c05e78b376e8722b24e40	airborne-hover-bob-v1
083	Farfetch'D	00	none	normal	assets/pokemon-walksheets-549/dex-083__species-farfetchd__form-00__gender-none__palette-normal__walk-3x4.png	assets/pokemon-runtime-549/dex-083__species-farfetchd__form-00__gender-none__palette-normal__walk-3x4.png	pokemon_medium		125ad2f61501d9c2b125ce5ee319b0a6287b90c779eb39487eb96db419b5c413	81517dadcedfcc0cc5943e8aa824de12df3d192cbc1e34d70b0b73ae257eebbd	15	16	c76044f4738e706cbf881a9f83b6725eb6fbbb75a4086be0e38dd1ced14ab525	25be382bec0caa1f1db4a0422dac8c05e2c72f1aa87c05e78b376e8722b24e40	terrestrial-biped-light-v1
083	Farfetch'D	00	none	shiny	assets/pokemon-walksheets-549/dex-083__species-farfetchd__form-00__gender-none__palette-shiny__walk-3x4.png	assets/pokemon-runtime-549/dex-083__species-farfetchd__form-00__gender-none__palette-shiny__walk-3x4.png	pokemon_medium		0a49b2ce475f40b1f9df4ab0dc37f2a40e946f03b3b53c0d817ed0b307c000f9	41be241a5dae225cdd2c8296f14895313430f89313d81644ddc57b324c321e00	15	16	de61fa35882e265b5a4cd533e737f06750b9cee54820fa6137453a0df804a43b	25be382bec0caa1f1db4a0422dac8c05e2c72f1aa87c05e78b376e8722b24e40	terrestrial-biped-light-v1
084	Doduo	00	none	normal	assets/pokemon-walksheets-549/dex-084__species-doduo__form-00__gender-none__palette-normal__walk-3x4.png	assets/pokemon-runtime-549/dex-084__species-doduo__form-00__gender-none__palette-normal__walk-3x4.png	pokemon_medium		98f840d2e284dd3909f2ee96f18a30091581b71d0f66a3b3292a43c0d86ebae8	a6f97dafd36e26773c3665115a0be4d05fddcbfa14191fdeb7c55032114c45d0	11	16	8b643e1a04751cf401238bc2bb9549617b001f94b9fc61b7096e8554b923c087	25be382bec0caa1f1db4a0422dac8c05e2c72f1aa87c05e78b376e8722b24e40	terrestrial-biped-light-v1
084	Doduo	00	none	shiny	assets/pokemon-walksheets-549/dex-084__species-doduo__form-00__gender-none__palette-shiny__walk-3x4.png	assets/pokemon-runtime-549/dex-084__species-doduo__form-00__gender-none__palette-shiny__walk-3x4.png	pokemon_medium		f9f36b9d0e0a176c2fc5fba4e27db45198afec4f6e07d6d2b9d78cc67fe507eb	c49c04bef6cce8336ecb904629cd953d00448b13add31baf9dd5a8f0d1c231d7	11	16	03ea4c644428ef2133506213c6328fb855fcf54869b58c24396dcb1fd1328704	25be382bec0caa1f1db4a0422dac8c05e2c72f1aa87c05e78b376e8722b24e40	terrestrial-biped-light-v1
085	Dodrio	00	none	normal	assets/pokemon-walksheets-549/dex-085__species-dodrio__form-00__gender-none__palette-normal__walk-3x4.png	assets/pokemon-runtime-549/dex-085__species-dodrio__form-00__gender-none__palette-normal__walk-3x4.png	pokemon_medium		da91b532a5367544d1dd67066270dcd2967467c4dd366c01a43627c276452543	961d23e655313e44b1dc661ed641c348c094b010b7a388125ce549a66ff86312	14	16	5974dc6f580a241eff1c46a8698de4e2763674c91af1da53c3671d7c23942ff2	25be382bec0caa1f1db4a0422dac8c05e2c72f1aa87c05e78b376e8722b24e40	terrestrial-biped-light-v1
085	Dodrio	00	none	shiny	assets/pokemon-walksheets-549/dex-085__species-dodrio__form-00__gender-none__palette-shiny__walk-3x4.png	assets/pokemon-runtime-549/dex-085__species-dodrio__form-00__gender-none__palette-shiny__walk-3x4.png	pokemon_medium		28459235a59ea1086385064f2deb6dfe245c2d147929f3cb9e7ba24921724a11	6e046efad740f2f716fc04c64f0ec44a6d9c920a87117f9d82cced6d4864033b	14	16	f7e65d33023bf3988705dd824d5e47db8fb437e220e1e24de4991f48af5d342f	25be382bec0caa1f1db4a0422dac8c05e2c72f1aa87c05e78b376e8722b24e40	terrestrial-biped-light-v1
086	Seel	00	none	normal	assets/pokemon-walksheets-549/dex-086__species-seel__form-00__gender-none__palette-normal__walk-3x4.png	assets/pokemon-runtime-549/dex-086__species-seel__form-00__gender-none__palette-normal__walk-3x4.png	pokemon_medium		938bb192ede462a18ccafe9bff950b2c6394907bb54bc0d5d01eb451dc54a32d	fdf6ae0334beacc6b48bc32f410215c315ee6b720af01e604767a1cc1d929633	15	11	aeafb80a05c1e590511ec8792fbfb39bfa0d6e269bf1cc998876941c2cfe1e63	25be382bec0caa1f1db4a0422dac8c05e2c72f1aa87c05e78b376e8722b24e40	aquatic-paddle-bob-v1
086	Seel	00	none	shiny	assets/pokemon-walksheets-549/dex-086__species-seel__form-00__gender-none__palette-shiny__walk-3x4.png	assets/pokemon-runtime-549/dex-086__species-seel__form-00__gender-none__palette-shiny__walk-3x4.png	pokemon_medium		6121c4230f7835aa8628bc0bec4d6d1c49bd3e7598f542cc075389c623d1d74b	b841458f2f3fc1c8352d66f5234495980b3bfb42f8d6fdc15ad11ca61890c60e	15	11	6c236fad9f5c7e33d454cdd8a0577ca5ff61e08b017a1f17fcedddbba9a6a525	25be382bec0caa1f1db4a0422dac8c05e2c72f1aa87c05e78b376e8722b24e40	aquatic-paddle-bob-v1
087	Dewgong	00	none	normal	assets/pokemon-walksheets-549/dex-087__species-dewgong__form-00__gender-none__palette-normal__walk-3x4.png	assets/pokemon-runtime-549/dex-087__species-dewgong__form-00__gender-none__palette-normal__walk-3x4.png	pokemon_medium		007790a0e96fd91289918bf84c47c5c53857dfbc05f609569039b9e2a3453b18	cd011f6b4ee6d5d6228a4299f0207f4d9232202028a90be1fbd139ec84c20463	15	14	5546b75aed0d61cc4fdba43982984006fac0ea05e28a1b9c6ecc8f373187edd0	25be382bec0caa1f1db4a0422dac8c05e2c72f1aa87c05e78b376e8722b24e40	aquatic-paddle-bob-v1
087	Dewgong	00	none	shiny	assets/pokemon-walksheets-549/dex-087__species-dewgong__form-00__gender-none__palette-shiny__walk-3x4.png	assets/pokemon-runtime-549/dex-087__species-dewgong__form-00__gender-none__palette-shiny__walk-3x4.png	pokemon_medium		6303ee0bda926023ffeb35ed3c6f7359bfcf18c503fc833f19c1d5e6a4d70381	c7abb2238d1a2212309acae1d10f831dabd8bc22aa8da33be638b3d5dfc1b9ad	15	14	993ebee3372a3b42a1c3246884560b7ba33746f113909d037de42a5a76b19988	25be382bec0caa1f1db4a0422dac8c05e2c72f1aa87c05e78b376e8722b24e40	aquatic-paddle-bob-v1
088	Grimer	00	none	normal	assets/pokemon-walksheets-549/dex-088__species-grimer__form-00__gender-none__palette-normal__walk-3x4.png	assets/pokemon-runtime-549/dex-088__species-grimer__form-00__gender-none__palette-normal__walk-3x4.png	pokemon_medium		b634ccb7640822705af49c6ea76a4d0fbf11e11509e32686e9f4ac214643bb3d	364e1e9da8a82a5e429dfd82f1d72af93433ee49fab4dba4c94dbbf0b0c19ce6	15	12	51404603b7e63d580f258d451883c607f2bcb6996f4e1c7269fb1e1e3a5fdb42	25be382bec0caa1f1db4a0422dac8c05e2c72f1aa87c05e78b376e8722b24e40	amorphous-ground-sway-v1
088	Grimer	00	none	shiny	assets/pokemon-walksheets-549/dex-088__species-grimer__form-00__gender-none__palette-shiny__walk-3x4.png	assets/pokemon-runtime-549/dex-088__species-grimer__form-00__gender-none__palette-shiny__walk-3x4.png	pokemon_medium		cbaa9044a8d1204e3cc161b09c71e09c13be7ab35b19b219a5bd814ed1fa703e	b1136919d6666f62e3d295dbc7471c9e36cb4f4d3df75eea9bb4ebf7968842ed	15	12	41b76dd2699bb62897bb289e9512df318f4fc174376c4fa4cfed76711e85a133	25be382bec0caa1f1db4a0422dac8c05e2c72f1aa87c05e78b376e8722b24e40	amorphous-ground-sway-v1
089	Muk	00	none	normal	assets/pokemon-walksheets-549/dex-089__species-muk__form-00__gender-none__palette-normal__walk-3x4.png	assets/pokemon-runtime-549/dex-089__species-muk__form-00__gender-none__palette-normal__walk-3x4.png	pokemon_medium		a1b0096b6b1bc7df3bed06ecf1669d42224542aded1558d0a8155d505106af25	c9d04d82918ce112f5c07ac76119ef52504cfd940774d0cbb288adee7a58a8ee	15	12	24fa3530183794970d16d529318b8e130ac71e5a6b9e878bad54abb38e59bd89	25be382bec0caa1f1db4a0422dac8c05e2c72f1aa87c05e78b376e8722b24e40	amorphous-ground-sway-v1
089	Muk	00	none	shiny	assets/pokemon-walksheets-549/dex-089__species-muk__form-00__gender-none__palette-shiny__walk-3x4.png	assets/pokemon-runtime-549/dex-089__species-muk__form-00__gender-none__palette-shiny__walk-3x4.png	pokemon_medium		61fcd11e575c87f1d24011e9bb4d1a1a8c8c59f921f65a5722a82de5e3ab4d8e	ec2cb691883eadf0ee5fbc349d50b0f7cfde96f2633668991450c9a99c019e51	15	12	f762bd17b7ff496cd7d57c61bd9822a86dc612d6a04be0e3d7d48e5cfb4de6d1	25be382bec0caa1f1db4a0422dac8c05e2c72f1aa87c05e78b376e8722b24e40	amorphous-ground-sway-v1
090	Shellder	00	none	normal	assets/pokemon-walksheets-549/dex-090__species-shellder__form-00__gender-none__palette-normal__walk-3x4.png	assets/pokemon-runtime-549/dex-090__species-shellder__form-00__gender-none__palette-normal__walk-3x4.png	pokemon_medium		3960873648c144896ed7df3d71213aa7f4ccb33299b259ee7bbe21f2a4dcc519	7a1aa15a73841064df8ba835ff0f8e68c6ea93abf7fa0f63acd3770d04073e8d	15	11	7183495f39ead8144f842b5ebc8ff96189b2b8b4a03c74cc6180f8d85a90f428	25be382bec0caa1f1db4a0422dac8c05e2c72f1aa87c05e78b376e8722b24e40	ground-hop-bounce-v1
090	Shellder	00	none	shiny	assets/pokemon-walksheets-549/dex-090__species-shellder__form-00__gender-none__palette-shiny__walk-3x4.png	assets/pokemon-runtime-549/dex-090__species-shellder__form-00__gender-none__palette-shiny__walk-3x4.png	pokemon_medium		b87dfbe3a3c75790979e1a35d2b574aa2501f76e7a72524c4fea15f09c18c9ba	f71f5b2ac8613f66cd215250626916261d62de00a433ba76216d825d136eaaf7	15	11	29ddc9a86c3d7789ed09419e4a1b72b587238f3030fbcfd028a17284cb9f59a3	25be382bec0caa1f1db4a0422dac8c05e2c72f1aa87c05e78b376e8722b24e40	ground-hop-bounce-v1
091	Cloyster	00	none	normal	assets/pokemon-walksheets-549/dex-091__species-cloyster__form-00__gender-none__palette-normal__walk-3x4.png	assets/pokemon-runtime-549/dex-091__species-cloyster__form-00__gender-none__palette-normal__walk-3x4.png	pokemon_medium		899edc03f627fd988882bf1697b358d645156151c47841936fc082af80f82228	07360045c28931c473344b3f2474a4f7f8e1bf6adab281599682eb3f25fadb7f	15	14	c0a3e637195708e5315607ca05f49fa82b27aafc3bfeedd696174164f36f2cda	25be382bec0caa1f1db4a0422dac8c05e2c72f1aa87c05e78b376e8722b24e40	ground-hop-bounce-v1
091	Cloyster	00	none	shiny	assets/pokemon-walksheets-549/dex-091__species-cloyster__form-00__gender-none__palette-shiny__walk-3x4.png	assets/pokemon-runtime-549/dex-091__species-cloyster__form-00__gender-none__palette-shiny__walk-3x4.png	pokemon_medium		26462d228f3430f164c9464ee204959beb49a1e734d1d0f1a815e5c02df4db40	8338b00cce10ed77833ce2ba44d6e68c442e893c734cdef1aeb11be544c027b6	15	14	00f9ab94cced6b1a988c5b98ba9442892e2671f5ac2b41229b7f24bc4c6c0764	25be382bec0caa1f1db4a0422dac8c05e2c72f1aa87c05e78b376e8722b24e40	ground-hop-bounce-v1
092	Gastly	00	none	normal	assets/pokemon-walksheets-549/dex-092__species-gastly__form-00__gender-none__palette-normal__walk-3x4.png	assets/pokemon-runtime-549/dex-092__species-gastly__form-00__gender-none__palette-normal__walk-3x4.png	pokemon_medium		951f805eab3c1e7051f588a0a3f89692807cb6e755360f05ad5467c72d79dce3	b6904fc362a1043e679532f530f140f4b2c111bf8bab08ec97d1ef17ca053729	15	15	2de4c72d5a46962a30581d7a26528077124c8b463a34b64a6d2528692f0ea8ad	25be382bec0caa1f1db4a0422dac8c05e2c72f1aa87c05e78b376e8722b24e40	airborne-hover-bob-v1
092	Gastly	00	none	shiny	assets/pokemon-walksheets-549/dex-092__species-gastly__form-00__gender-none__palette-shiny__walk-3x4.png	assets/pokemon-runtime-549/dex-092__species-gastly__form-00__gender-none__palette-shiny__walk-3x4.png	pokemon_medium		ee27f9589c2c7a4e661c9a92bfbf9a1f086d9890528a47346a2cc2fb3f1c29bf	90d99700bc86b344596e9dae2574e5b7f94dae641b62ee7fe3ef7c612294e594	15	15	c3d32b2788df6dbcd69bdb2fe173c710744f3c7ad95f6d31afd69f8eaf871098	25be382bec0caa1f1db4a0422dac8c05e2c72f1aa87c05e78b376e8722b24e40	airborne-hover-bob-v1
093	Haunter	00	none	normal	assets/pokemon-walksheets-549/dex-093__species-haunter__form-00__gender-none__palette-normal__walk-3x4.png	assets/pokemon-runtime-549/dex-093__species-haunter__form-00__gender-none__palette-normal__walk-3x4.png	pokemon_medium		0bbba076c4c36e1078d5cfb3f76d1e67b145bd9f78ac342043cf97ae9d592b4c	50562dac7eb9e9d12ad76141836dbfffce21208c3eea9722953556d6f50893dd	15	15	4985d95863e0c0a90d271822b0cde860b1d7650462bf39a022d284cbe8a529ef	25be382bec0caa1f1db4a0422dac8c05e2c72f1aa87c05e78b376e8722b24e40	airborne-hover-bob-v1
093	Haunter	00	none	shiny	assets/pokemon-walksheets-549/dex-093__species-haunter__form-00__gender-none__palette-shiny__walk-3x4.png	assets/pokemon-runtime-549/dex-093__species-haunter__form-00__gender-none__palette-shiny__walk-3x4.png	pokemon_medium		3b13324013b679573cfd8ea082655db24b978d88deeceb5c073246c227adc1fc	1f4e9cbff873a558ab3521c8d88bccc3fd6b5faa59a6769cd33b192d6af22362	15	15	c16abf2f35927388f7a36dab22e2fa4f510c3ccf82770ad918afab95313387f5	25be382bec0caa1f1db4a0422dac8c05e2c72f1aa87c05e78b376e8722b24e40	airborne-hover-bob-v1
094	Gengar	00	none	normal	assets/pokemon-walksheets-549/dex-094__species-gengar__form-00__gender-none__palette-normal__walk-3x4.png	assets/pokemon-runtime-549/dex-094__species-gengar__form-00__gender-none__palette-normal__walk-3x4.png	pokemon_medium		a4e69635012a3fdd8d5b22c5cc43ec78f4cd9d263c6f3595adadcd66717da42b	5bb3b1422274848f2a9b4d25d8239b9d516dadda30cebc36c5ad684ac90e5daf	15	16	62a554cb6b16ff20340dce4555630b76ed1d3179799c0958cf188f2a070b3b1f	25be382bec0caa1f1db4a0422dac8c05e2c72f1aa87c05e78b376e8722b24e40	terrestrial-biped-light-v1
094	Gengar	00	none	shiny	assets/pokemon-walksheets-549/dex-094__species-gengar__form-00__gender-none__palette-shiny__walk-3x4.png	assets/pokemon-runtime-549/dex-094__species-gengar__form-00__gender-none__palette-shiny__walk-3x4.png	pokemon_medium		d8d808b40d54821124c1dae814acaf554042e2a9c45d4a470657786f3ed49f50	35d814412fbefa319fee12168ab107e66c23bc087d32acbeabf26bbaeb2c3670	15	16	2a85a1f808643cdb687a0df9b60386cd82fbb91557d79b59fe40496e01f8f7a2	25be382bec0caa1f1db4a0422dac8c05e2c72f1aa87c05e78b376e8722b24e40	terrestrial-biped-light-v1
095	Onix	00	none	normal	assets/pokemon-walksheets-549/dex-095__species-onix__form-00__gender-none__palette-normal__walk-3x4.png	assets/pokemon-runtime-549/dex-095__species-onix__form-00__gender-none__palette-normal__walk-3x4.png	pokemon_medium		5a0a9cba59de0328387b3cdd3bc4df2fe1d7d37b6bebbe611895f39eabc1a29d	7fbea9a3fee51d568dc622474290913968385217dca7d83cf7f08f8d1602fd11	15	4	132a2daeac7fdef4fe77f4974e075f72fb08a9382823702a2991e00fe3a1408b	25be382bec0caa1f1db4a0422dac8c05e2c72f1aa87c05e78b376e8722b24e40	terrestrial-serpentine-wave-v1
095	Onix	00	none	shiny	assets/pokemon-walksheets-549/dex-095__species-onix__form-00__gender-none__palette-shiny__walk-3x4.png	assets/pokemon-runtime-549/dex-095__species-onix__form-00__gender-none__palette-shiny__walk-3x4.png	pokemon_medium		ff7e83f2fd83b9150dfd3f575738d622970a790bcb7c6f0d8547b0048755836b	28aa661086e83a7b3d57cbbadd6c1cb0c36c14d313c9383127a5321dfab8d807	15	4	4bf7136f0bb8f2cd9f18b0691eeca1f3191051dfc93544c04328f2ce687b9bad	25be382bec0caa1f1db4a0422dac8c05e2c72f1aa87c05e78b376e8722b24e40	terrestrial-serpentine-wave-v1
096	Drowzee	00	none	normal	assets/pokemon-walksheets-549/dex-096__species-drowzee__form-00__gender-none__palette-normal__walk-3x4.png	assets/pokemon-runtime-549/dex-096__species-drowzee__form-00__gender-none__palette-normal__walk-3x4.png	pokemon_medium		18e9559f8679ec927dd2986be61d7890cd95fc312380ec6d604134ab3f683ca2	bb118cb8136fb8c69d0814b0cbbe9ced1b0e13eb6a9ccc068c966700b931d0b9	15	16	04dc1d06f86e9e8d5a9d155d1b08143b68d90c466cc6ff5265ea1537d974ef3a	25be382bec0caa1f1db4a0422dac8c05e2c72f1aa87c05e78b376e8722b24e40	terrestrial-biped-light-v1
096	Drowzee	00	none	shiny	assets/pokemon-walksheets-549/dex-096__species-drowzee__form-00__gender-none__palette-shiny__walk-3x4.png	assets/pokemon-runtime-549/dex-096__species-drowzee__form-00__gender-none__palette-shiny__walk-3x4.png	pokemon_medium		2ca45ef14c0d2dc0cfe3d03bbb982490b0a804d645e601559e6bb82faedfe675	a66a2a0e914b2138e9b022903200873fbb53ffb885fd3aad88e7b376ae8cc00d	15	16	74a048e4ba0e04b07102b3f2d1e148f23b7a548186cb6740ccb5cd7d1ed3c698	25be382bec0caa1f1db4a0422dac8c05e2c72f1aa87c05e78b376e8722b24e40	terrestrial-biped-light-v1
097	Hypno	00	none	normal	assets/pokemon-walksheets-549/dex-097__species-hypno__form-00__gender-none__palette-normal__walk-3x4.png	assets/pokemon-runtime-549/dex-097__species-hypno__form-00__gender-none__palette-normal__walk-3x4.png	pokemon_medium		526a9e50b93724a455794a0b76045f16b4b5f34a61c06d0cdee9c5343a1735d6	b6fd5e9de98d415bd6462f780153ee582c1b1b5b89ba6696de4580154150e73c	15	16	8548c2e313523f124e41c9b32e66e2fd6003127e74a31fd4732de81f6c9c2c09	25be382bec0caa1f1db4a0422dac8c05e2c72f1aa87c05e78b376e8722b24e40	terrestrial-biped-light-v1
097	Hypno	00	none	shiny	assets/pokemon-walksheets-549/dex-097__species-hypno__form-00__gender-none__palette-shiny__walk-3x4.png	assets/pokemon-runtime-549/dex-097__species-hypno__form-00__gender-none__palette-shiny__walk-3x4.png	pokemon_medium		4b5d6e006edaa9a70acc88b33924e4d5a31ac0b6e4639b54b3b9d654bd4632e6	4abcb9768ae10dbecba9a891f6dbd0463c92c11239068d21e347a9e5a5b9d8b6	15	16	45118ba4352dc94d9bfaa18b6655f1cff06973e0c8aff0048a3ab140d11ba1c4	25be382bec0caa1f1db4a0422dac8c05e2c72f1aa87c05e78b376e8722b24e40	terrestrial-biped-light-v1
098	Krabby	00	none	normal	assets/pokemon-walksheets-549/dex-098__species-krabby__form-00__gender-none__palette-normal__walk-3x4.png	assets/pokemon-runtime-549/dex-098__species-krabby__form-00__gender-none__palette-normal__walk-3x4.png	pokemon_medium		e427ce7b40cd07c3f3a783469e15caf8ca8d1b0dfe9236573b5e5ec68c90b65c	a6c9ed3dc40de6283b8c5f5df476cfdcc2642aab660991e012e532e79712130b	15	13	d948f5d94edbfd7820f5684ab84d4177e159a21c878f4e5d9d10c09280ca4763	25be382bec0caa1f1db4a0422dac8c05e2c72f1aa87c05e78b376e8722b24e40	terrestrial-multiped-crawl-v1
098	Krabby	00	none	shiny	assets/pokemon-walksheets-549/dex-098__species-krabby__form-00__gender-none__palette-shiny__walk-3x4.png	assets/pokemon-runtime-549/dex-098__species-krabby__form-00__gender-none__palette-shiny__walk-3x4.png	pokemon_medium		68c6b7dac6ee3d2c2e68f028ec69f9a49809f5af48e7c5c7f2e84898692b234e	5321ccef88f54e6ab40aa8ebb3760374f28faeeb544e1964518d4943825172ad	15	13	0ed9db33bb3d1baa2e321038716ea53360c7d0cc874cef149d4bee141b817ba0	25be382bec0caa1f1db4a0422dac8c05e2c72f1aa87c05e78b376e8722b24e40	terrestrial-multiped-crawl-v1
099	Kingler	00	none	normal	assets/pokemon-walksheets-549/dex-099__species-kingler__form-00__gender-none__palette-normal__walk-3x4.png	assets/pokemon-runtime-549/dex-099__species-kingler__form-00__gender-none__palette-normal__walk-3x4.png	pokemon_medium		394ec51f0358775aaeabc6538d475bf7dcd6f3b2732194596e71a5ea89dc8b4c	c70726f1767b19644ce50cbdde895177afb65c8715bbf75ccb7427f4e725d726	15	13	dfffad0254657cc7e48fe720d4da32a63022300e10a27d8c621c451c43cc17d6	25be382bec0caa1f1db4a0422dac8c05e2c72f1aa87c05e78b376e8722b24e40	terrestrial-multiped-crawl-v1
099	Kingler	00	none	shiny	assets/pokemon-walksheets-549/dex-099__species-kingler__form-00__gender-none__palette-shiny__walk-3x4.png	assets/pokemon-runtime-549/dex-099__species-kingler__form-00__gender-none__palette-shiny__walk-3x4.png	pokemon_medium		239bb5b2b03b70b6f0e5cba2046ae8f8e7f15b0fb7b5900bb34d2e9fb4bc107e	058b198b4a1d2bbeb504112d74018638f530694ecf6602bb39d55f3224b4f0f9	15	13	57f8cc43f660dd815905cf993a4f7bb35ca482a033a91da02eaef88a976ab6c8	25be382bec0caa1f1db4a0422dac8c05e2c72f1aa87c05e78b376e8722b24e40	terrestrial-multiped-crawl-v1
100	Voltorb	00	none	normal	assets/pokemon-walksheets-549/dex-100__species-voltorb__form-00__gender-none__palette-normal__walk-3x4.png	assets/pokemon-runtime-549/dex-100__species-voltorb__form-00__gender-none__palette-normal__walk-3x4.png	pokemon_medium		8fac2d91d257715821f631d174c67f7a4497c04885697c3f07547040f4effee2	747b87a2299f3dae251b485b877b0edfc6bc73d9c9d6efef948355892002ec48	15	15	df2be9ed940b4b168b42b962f8c659590e2c71fc58acebc04757d2571839032a	25be382bec0caa1f1db4a0422dac8c05e2c72f1aa87c05e78b376e8722b24e40	ground-roll-rock-v1
100	Voltorb	00	none	shiny	assets/pokemon-walksheets-549/dex-100__species-voltorb__form-00__gender-none__palette-shiny__walk-3x4.png	assets/pokemon-runtime-549/dex-100__species-voltorb__form-00__gender-none__palette-shiny__walk-3x4.png	pokemon_medium		c7030b1fc6b7aaa99932f037a48a48166d6ecbef5ccc8fa0ae66424773e6778f	16b52e357d55a2416292e54b2a32e55f016fbfce6e6270e40d56fc58ab081afc	15	15	7f304e74ce346d8f7d6eea0ec3541c659a5ed2a852c70a2a064c727c3c9a6485	25be382bec0caa1f1db4a0422dac8c05e2c72f1aa87c05e78b376e8722b24e40	ground-roll-rock-v1
101	Electrode	00	none	normal	assets/pokemon-walksheets-549/dex-101__species-electrode__form-00__gender-none__palette-normal__walk-3x4.png	assets/pokemon-runtime-549/dex-101__species-electrode__form-00__gender-none__palette-normal__walk-3x4.png	pokemon_medium		0d34649aa57fd4b3a94fe6d388b4d711b40c69028bc646554c168b441a52533b	821b33cde886d4fadb851f1f7d005a60854327dd156cbd61e6645fa9826dfe7e	15	15	d4f4bdc4c8c6d101834bb50d8aba1bf3bd7905d598fab319f4366701036410e6	25be382bec0caa1f1db4a0422dac8c05e2c72f1aa87c05e78b376e8722b24e40	ground-roll-rock-v1
101	Electrode	00	none	shiny	assets/pokemon-walksheets-549/dex-101__species-electrode__form-00__gender-none__palette-shiny__walk-3x4.png	assets/pokemon-runtime-549/dex-101__species-electrode__form-00__gender-none__palette-shiny__walk-3x4.png	pokemon_medium		bd5eba3be6e87c38c165beaa8541222fb3c9f174e0401a287d31e933abed810b	6bb9982fff0662a25574cbdf3ff1b736913762d10d648f541e572ca27fc31ad7	15	15	6d7fe26c0ce2bbfc9b29d83b4393103a995cdba9325e8c3ab0580e8ca836a54c	25be382bec0caa1f1db4a0422dac8c05e2c72f1aa87c05e78b376e8722b24e40	ground-roll-rock-v1
102	Exeggcute	00	none	normal	assets/pokemon-walksheets-549/dex-102__species-exeggcute__form-00__gender-none__palette-normal__walk-3x4.png	assets/pokemon-runtime-549/dex-102__species-exeggcute__form-00__gender-none__palette-normal__walk-3x4.png	pokemon_medium		15970602c8edb1b4e8ff52d8eb1447fc6fa998512754ee23b0de8264b22ebb5c	30ce3550b02ba402ce9c4af5f42ffeacb37f56813ded073a1a823e0ab160235c	15	8	57883c9cb9e841402d68dcbe0c298170eb26e5f69a36b2c9d593eabcf4d079ed	25be382bec0caa1f1db4a0422dac8c05e2c72f1aa87c05e78b376e8722b24e40	ground-roll-rock-v1
102	Exeggcute	00	none	shiny	assets/pokemon-walksheets-549/dex-102__species-exeggcute__form-00__gender-none__palette-shiny__walk-3x4.png	assets/pokemon-runtime-549/dex-102__species-exeggcute__form-00__gender-none__palette-shiny__walk-3x4.png	pokemon_medium		9f9c7c6e2bddaeee2d3b22372f42f0a65c60ee42bceedefc68629e0f504cb310	9da5916a1a274ab55a71ee5dc628165c5a0ed01bf91ea704827f61765c1319a0	15	8	3b04747310b7ab02e545fc52251dbcff72e3f7445b9e03a892a122216b968b52	25be382bec0caa1f1db4a0422dac8c05e2c72f1aa87c05e78b376e8722b24e40	ground-roll-rock-v1
103	Exeggutor	00	none	normal	assets/pokemon-walksheets-549/dex-103__species-exeggutor__form-00__gender-none__palette-normal__walk-3x4.png	assets/pokemon-runtime-549/dex-103__species-exeggutor__form-00__gender-none__palette-normal__walk-3x4.png	pokemon_medium		632c69ef705044a945782a61ad88f26e14b12975378a9f7e81dc6ac71907d079	40c1d388942055e9a1fa70fb3369438df544a8b766d2cca8b732fd1534c64490	15	13	1656af6173209dd8e2fc8e6280a8972bcae8cd4085614b53d3939958a7959481	25be382bec0caa1f1db4a0422dac8c05e2c72f1aa87c05e78b376e8722b24e40	terrestrial-biped-heavy-v1
103	Exeggutor	00	none	shiny	assets/pokemon-walksheets-549/dex-103__species-exeggutor__form-00__gender-none__palette-shiny__walk-3x4.png	assets/pokemon-runtime-549/dex-103__species-exeggutor__form-00__gender-none__palette-shiny__walk-3x4.png	pokemon_medium		713a010f2386bedfe3d737025c178f0ab7456be91692498a02a125aab5825302	39c6dfb748bcc7b0d7635d7f35bfe0b58e0f005d2a912b46524b31d4779f68e2	15	13	61fb1366671ad693ea410d288a56c5213089035d589516ecd1dea880c5e269bc	25be382bec0caa1f1db4a0422dac8c05e2c72f1aa87c05e78b376e8722b24e40	terrestrial-biped-heavy-v1
104	Cubone	00	none	normal	assets/pokemon-walksheets-549/dex-104__species-cubone__form-00__gender-none__palette-normal__walk-3x4.png	assets/pokemon-runtime-549/dex-104__species-cubone__form-00__gender-none__palette-normal__walk-3x4.png	pokemon_medium		10dba11331108269fa1142a1cbc056fecf58a9f9dfc425f5137463d88b190c96	eb21f3f232e90e3a2f45670901b09445753c4a84f5e5ca5d7c7d898e695d6873	14	16	3554383c99389f520c1a18afbd017217c7e59b047eac909e55ee8749107087ce	25be382bec0caa1f1db4a0422dac8c05e2c72f1aa87c05e78b376e8722b24e40	terrestrial-biped-light-v1
104	Cubone	00	none	shiny	assets/pokemon-walksheets-549/dex-104__species-cubone__form-00__gender-none__palette-shiny__walk-3x4.png	assets/pokemon-runtime-549/dex-104__species-cubone__form-00__gender-none__palette-shiny__walk-3x4.png	pokemon_medium		e537eb51d9de4b7999f8ccc24877f2579edaa27c394cce2568f129742a504379	600820902ee101f6e02a1ce1041fee5200832a69144a816a4d74712e519971b8	14	16	0468e636b8b4ff9ec627c90e9da37410159ab60b91adf1665069742b126e8e52	25be382bec0caa1f1db4a0422dac8c05e2c72f1aa87c05e78b376e8722b24e40	terrestrial-biped-light-v1
105	Marowak	00	none	normal	assets/pokemon-walksheets-549/dex-105__species-marowak__form-00__gender-none__palette-normal__walk-3x4.png	assets/pokemon-runtime-549/dex-105__species-marowak__form-00__gender-none__palette-normal__walk-3x4.png	pokemon_medium		2a8b36b61bccd98f726245f331d38a207e31e5356d8b2c93323f1ecaa208a92a	d4c95b37e2f90613a442758c0c54e9aa5b5bf481364cabcc546f6ce2f628d048	14	16	62f7b83da41272ae31429236160cb8132f54085e19850ec85430c629198f3022	25be382bec0caa1f1db4a0422dac8c05e2c72f1aa87c05e78b376e8722b24e40	terrestrial-biped-light-v1
105	Marowak	00	none	shiny	assets/pokemon-walksheets-549/dex-105__species-marowak__form-00__gender-none__palette-shiny__walk-3x4.png	assets/pokemon-runtime-549/dex-105__species-marowak__form-00__gender-none__palette-shiny__walk-3x4.png	pokemon_medium		7881629bb85e2739916e525c61f34fd66e10e134be78ca9b702b6c0dcad4cc9d	2f6fd650a053ef8fc6845c272c5bf7fda475a99b5166332ead1f272fe2b5febe	14	16	6957a372647f362d70829fcf7c85f3e576b99781b90aa1a714dc58b0ff30d781	25be382bec0caa1f1db4a0422dac8c05e2c72f1aa87c05e78b376e8722b24e40	terrestrial-biped-light-v1
106	Hitmonlee	00	none	normal	assets/pokemon-walksheets-549/dex-106__species-hitmonlee__form-00__gender-none__palette-normal__walk-3x4.png	assets/pokemon-runtime-549/dex-106__species-hitmonlee__form-00__gender-none__palette-normal__walk-3x4.png	pokemon_medium		7ea3709c70f20102eab4b15983dc1413295c6112a61c78e8a8fb819b617420b9	eeb3308e3ea7d6f3907c79008caa471671a8a1920870dad64890f03f331db356	14	16	1725f731276e7c165f95111d9744e7b9f49db65d53fde71243a826a46a04fca0	25be382bec0caa1f1db4a0422dac8c05e2c72f1aa87c05e78b376e8722b24e40	terrestrial-biped-light-v1
106	Hitmonlee	00	none	shiny	assets/pokemon-walksheets-549/dex-106__species-hitmonlee__form-00__gender-none__palette-shiny__walk-3x4.png	assets/pokemon-runtime-549/dex-106__species-hitmonlee__form-00__gender-none__palette-shiny__walk-3x4.png	pokemon_medium		0410734e78934bc067e23021f23311544112c56faf5b34cf5b45cc4869ca5af1	edbe7fbd2936889d099ef7981a76c473ecbe65d51323c711bf93886076b6300b	14	16	33df56a7622c3bfad19895f9fd8a4452c4998f112044de66a97c306a53720a79	25be382bec0caa1f1db4a0422dac8c05e2c72f1aa87c05e78b376e8722b24e40	terrestrial-biped-light-v1
107	Hitmonchan	00	none	normal	assets/pokemon-walksheets-549/dex-107__species-hitmonchan__form-00__gender-none__palette-normal__walk-3x4.png	assets/pokemon-runtime-549/dex-107__species-hitmonchan__form-00__gender-none__palette-normal__walk-3x4.png	pokemon_medium		2365823689b607662fb6adfc65cda7ac811fc067c48b1eb997815b186ce240a1	72b848eb63921c135cb471b31860c6bcb38c3a28bfdd4298b0ed0d08d5cd16eb	11	16	a4451e909173fd25952dbe91ee9d00917f87ea9980bcd391bb051cd951a9be06	25be382bec0caa1f1db4a0422dac8c05e2c72f1aa87c05e78b376e8722b24e40	terrestrial-biped-light-v1
107	Hitmonchan	00	none	shiny	assets/pokemon-walksheets-549/dex-107__species-hitmonchan__form-00__gender-none__palette-shiny__walk-3x4.png	assets/pokemon-runtime-549/dex-107__species-hitmonchan__form-00__gender-none__palette-shiny__walk-3x4.png	pokemon_medium		fe8f4c3f4f6aee98c7dbbbaa8ccb9cec03fa5ae3306919ad6b7261cf56dfb3e6	f467c3399d9e78ce84f3e5168649c39bff37ede24e841b475e7e5ba08258d889	11	16	33a93d5b824feba68883ab0e856d51250864b60bffa23b9a574dbe0af0356030	25be382bec0caa1f1db4a0422dac8c05e2c72f1aa87c05e78b376e8722b24e40	terrestrial-biped-light-v1
108	Lickitung	00	none	normal	assets/pokemon-walksheets-549/dex-108__species-lickitung__form-00__gender-none__palette-normal__walk-3x4.png	assets/pokemon-runtime-549/dex-108__species-lickitung__form-00__gender-none__palette-normal__walk-3x4.png	pokemon_medium		58fb1b294e0eb0ebee399ed157382402cb01cb1afee0c8540fe2a988bf59278f	2e0cf7b755221c30b237c4acb94c5a73a6226f68a0a71d3e2b1ac2e240fff4cc	15	15	0ccbd1d156c9d080d2bbca16aa66fc35547319c23ed7a2dde0eb3065f8f6a772	25be382bec0caa1f1db4a0422dac8c05e2c72f1aa87c05e78b376e8722b24e40	terrestrial-biped-heavy-v1
108	Lickitung	00	none	shiny	assets/pokemon-walksheets-549/dex-108__species-lickitung__form-00__gender-none__palette-shiny__walk-3x4.png	assets/pokemon-runtime-549/dex-108__species-lickitung__form-00__gender-none__palette-shiny__walk-3x4.png	pokemon_medium		79a368c10147d3fbd7d4e8b284d221d7d7883e3c7e6800d3ed3775a3fdfc80f3	d46b612477559d1b7328e296d5493088aa6db8d870d4d5bf8b5106fa6040c73e	15	15	047dd6c287ea46cc1d3fe8ad38f61899bf405d523f5d494d4293f97ccc6d4e5e	25be382bec0caa1f1db4a0422dac8c05e2c72f1aa87c05e78b376e8722b24e40	terrestrial-biped-heavy-v1
109	Koffing	00	none	normal	assets/pokemon-walksheets-549/dex-109__species-koffing__form-00__gender-none__palette-normal__walk-3x4.png	assets/pokemon-runtime-549/dex-109__species-koffing__form-00__gender-none__palette-normal__walk-3x4.png	pokemon_medium		1fd05236c1daf1e49bca21cd38ff34f02ed0528a7490c6b2fbe7536ef2a0252b	9961095a8b848546e929a70c900c7bc7ca976beda97f7db1f5ab21136ce2e1ee	15	15	453943fbd7c59fe064447a8ea5ddfeef2f296567f41e1fb36c60428f8385eb91	25be382bec0caa1f1db4a0422dac8c05e2c72f1aa87c05e78b376e8722b24e40	airborne-hover-bob-v1
109	Koffing	00	none	shiny	assets/pokemon-walksheets-549/dex-109__species-koffing__form-00__gender-none__palette-shiny__walk-3x4.png	assets/pokemon-runtime-549/dex-109__species-koffing__form-00__gender-none__palette-shiny__walk-3x4.png	pokemon_medium		ca609731ed40b380ccaa39ef5a3bd869886dd3c90a4a889579bd989c26e1ac25	29cadf33b490a82db1c5bf54ed48a761995dc7aaf0c82f47fa4866bf2ffb9051	15	15	aad6f5613feb74095975f54974a2027f9e5d4386f123b4ad99689d36dece5bcb	25be382bec0caa1f1db4a0422dac8c05e2c72f1aa87c05e78b376e8722b24e40	airborne-hover-bob-v1
110	Weezing	00	none	normal	assets/pokemon-walksheets-549/dex-110__species-weezing__form-00__gender-none__palette-normal__walk-3x4.png	assets/pokemon-runtime-549/dex-110__species-weezing__form-00__gender-none__palette-normal__walk-3x4.png	pokemon_medium		5669a8d42f19ea96fddec69b4f743251bab58b1740bf174605f04ea407bc1fc7	17c017edd337cccbef03dc3662a1077f5609901fa0f60dcf2758f557422ce0c8	15	16	4b57391b7cca46f9300a82ae83b4548311c6536d07f25064395b6e84cee02672	25be382bec0caa1f1db4a0422dac8c05e2c72f1aa87c05e78b376e8722b24e40	airborne-hover-bob-v1
110	Weezing	00	none	shiny	assets/pokemon-walksheets-549/dex-110__species-weezing__form-00__gender-none__palette-shiny__walk-3x4.png	assets/pokemon-runtime-549/dex-110__species-weezing__form-00__gender-none__palette-shiny__walk-3x4.png	pokemon_medium		84eb3865f3d9be194a6bb97379b4c6b7133fcb5f0b5707b03a5290d3c6b4cbaf	042a7d4115913ca03dbd813ee6387d1ac7b704b14f7386f33a13e98c1a1cb412	15	16	5d65a8ce96bba72b7d62454fa445f35132d7dd9062938b3d0f1508b1fa25dc4b	25be382bec0caa1f1db4a0422dac8c05e2c72f1aa87c05e78b376e8722b24e40	airborne-hover-bob-v1
111	Rhyhorn	00	none	normal	assets/pokemon-walksheets-549/dex-111__species-rhyhorn__form-00__gender-none__palette-normal__walk-3x4.png	assets/pokemon-runtime-549/dex-111__species-rhyhorn__form-00__gender-none__palette-normal__walk-3x4.png	pokemon_medium		de63030430aa7718821d0f93d06a6af3db43d60b7cafe4fea146075c57f4c9e1	8f86aec3e6de947a52604b314cd28f71ea2de671ffdd8cfca22761bc5da2fe69	15	15	446b8f2c348fe6379e8603a57d84240debd55363970450c29ecfc7e2be826afd	25be382bec0caa1f1db4a0422dac8c05e2c72f1aa87c05e78b376e8722b24e40	terrestrial-quadruped-heavy-v1
111	Rhyhorn	00	none	shiny	assets/pokemon-walksheets-549/dex-111__species-rhyhorn__form-00__gender-none__palette-shiny__walk-3x4.png	assets/pokemon-runtime-549/dex-111__species-rhyhorn__form-00__gender-none__palette-shiny__walk-3x4.png	pokemon_medium		a1191bf99618fee87a753de93135c4e0a806629df1f6f5939bd484142da9f10c	d8c5f588f12309b4538bf3b23871bb04c49a517183c7f98e5004b9fb2f568615	15	15	2d124c7ca31ce51744e38a0f6bb0784b903d8b6df4e263f66020f988911a9590	25be382bec0caa1f1db4a0422dac8c05e2c72f1aa87c05e78b376e8722b24e40	terrestrial-quadruped-heavy-v1
112	Rhydon	00	none	normal	assets/pokemon-walksheets-549/dex-112__species-rhydon__form-00__gender-none__palette-normal__walk-3x4.png	assets/pokemon-runtime-549/dex-112__species-rhydon__form-00__gender-none__palette-normal__walk-3x4.png	pokemon_medium		bcc438fe2555d68f18c68c6a89562b446d42478f25d1c85410c2fd1ee1646ba0	2c3ab829aafc2ca98d2c856b207dcce5c1a1f8e8d2e2d41b7243344abe2a1cd8	15	16	e85096a0cb7afd42efe3a70b80dc51cc2ddb79657e3a45e1a999b3b9db159d56	25be382bec0caa1f1db4a0422dac8c05e2c72f1aa87c05e78b376e8722b24e40	terrestrial-biped-heavy-v1
112	Rhydon	00	none	shiny	assets/pokemon-walksheets-549/dex-112__species-rhydon__form-00__gender-none__palette-shiny__walk-3x4.png	assets/pokemon-runtime-549/dex-112__species-rhydon__form-00__gender-none__palette-shiny__walk-3x4.png	pokemon_medium		0f91f38789932b2172cdd95689314833ab1731c6cd205186bbaf81480dafebf7	0829d872812ed21e2ec8bd9da659248da58f038e5ed10c8c75103683834b9066	15	16	a39ed79809d4c72f3c352932dd0b75efb8772241042c1305f535721a022ed95a	25be382bec0caa1f1db4a0422dac8c05e2c72f1aa87c05e78b376e8722b24e40	terrestrial-biped-heavy-v1
113	Chansey	00	none	normal	assets/pokemon-walksheets-549/dex-113__species-chansey__form-00__gender-none__palette-normal__walk-3x4.png	assets/pokemon-runtime-549/dex-113__species-chansey__form-00__gender-none__palette-normal__walk-3x4.png	pokemon_medium		0484dad201433aec6cd43d6031dc59c07cd33cc2f5504d3690167007fda3c899	9eafbe4c443a34218dc7cfbda24ab41d20fc50d2af5de419f9185f30d8bfc0ec	15	13	b6f2942961e889ddd28feb5cd7a0ba0f476c025ff16a3df7b7e2bd4ff76d1340	25be382bec0caa1f1db4a0422dac8c05e2c72f1aa87c05e78b376e8722b24e40	terrestrial-biped-heavy-v1
113	Chansey	00	none	shiny	assets/pokemon-walksheets-549/dex-113__species-chansey__form-00__gender-none__palette-shiny__walk-3x4.png	assets/pokemon-runtime-549/dex-113__species-chansey__form-00__gender-none__palette-shiny__walk-3x4.png	pokemon_medium		fa289ad059205299e0ceec7df1275b01bc1bf9113d5d6bf9b944178a4a923c57	0801f44f0474daa2fd0f947a8e334adfdeff3c0d19cf057aa167dd781d182ef4	15	13	3010ab79e3b929ef3a2adce7fed52dd98d4ddf82786c1f7904c6bcd96a2deba4	25be382bec0caa1f1db4a0422dac8c05e2c72f1aa87c05e78b376e8722b24e40	terrestrial-biped-heavy-v1
114	Tangela	00	none	normal	assets/pokemon-walksheets-549/dex-114__species-tangela__form-00__gender-none__palette-normal__walk-3x4.png	assets/pokemon-runtime-549/dex-114__species-tangela__form-00__gender-none__palette-normal__walk-3x4.png	pokemon_medium		52de52ce1cab0e96fc45fda9ef1fd13cc3911468ad83d07eb2c2def579491f4f	0e1cbb42158129c4cf6c9b86a5bf436166f8ad40c5f6a668a92e4675981ab868	15	16	4c4e6a310fbc868d02bdcd6a752a2f76a6efbd7280936509ea8ee65689bf84a4	25be382bec0caa1f1db4a0422dac8c05e2c72f1aa87c05e78b376e8722b24e40	terrestrial-biped-light-v1
114	Tangela	00	none	shiny	assets/pokemon-walksheets-549/dex-114__species-tangela__form-00__gender-none__palette-shiny__walk-3x4.png	assets/pokemon-runtime-549/dex-114__species-tangela__form-00__gender-none__palette-shiny__walk-3x4.png	pokemon_medium		54cfbd221becfb09c289ef2c3a9afaa097642c97576fb373a0ac68b2805d59bf	b5ddbf618f3c85c5af4cecb4029a183d9ff76f86c92423bb0ef56450919acda0	15	16	25801989e37f6ea37464eb9db0cb7e0c5e4d9938b128cb3f56d6927dae63bdd3	25be382bec0caa1f1db4a0422dac8c05e2c72f1aa87c05e78b376e8722b24e40	terrestrial-biped-light-v1
115	Kangaskhan	00	none	normal	assets/pokemon-walksheets-549/dex-115__species-kangaskhan__form-00__gender-none__palette-normal__walk-3x4.png	assets/pokemon-runtime-549/dex-115__species-kangaskhan__form-00__gender-none__palette-normal__walk-3x4.png	pokemon_medium		86abeadbdf63e7d60aaff9b48a25c46c486f1049aab17ffa90c2067ec5546557	82f740433ea295f1b71bd3d3c6540977dc1c40b5f588e7fd160854e46e813ad9	15	15	14eabfe3f9384a6a08ed12b9c2e5acebbc32740952dc519cff172e99d435d5eb	25be382bec0caa1f1db4a0422dac8c05e2c72f1aa87c05e78b376e8722b24e40	terrestrial-biped-heavy-v1
115	Kangaskhan	00	none	shiny	assets/pokemon-walksheets-549/dex-115__species-kangaskhan__form-00__gender-none__palette-shiny__walk-3x4.png	assets/pokemon-runtime-549/dex-115__species-kangaskhan__form-00__gender-none__palette-shiny__walk-3x4.png	pokemon_medium		4a96e291ab2e6956d659baa0c4a74428993495c691d945f014d4079f1cd057d5	29f3eecf1f7d670748bdbe051a1753891a9c2349645526299d1cdae2a8841a21	15	15	b33323771c1f2c8a7c4d3b77aeb0f2002bd363fb478b6b6803640b2b1b46e381	25be382bec0caa1f1db4a0422dac8c05e2c72f1aa87c05e78b376e8722b24e40	terrestrial-biped-heavy-v1
116	Horsea	00	none	normal	assets/pokemon-walksheets-549/dex-116__species-horsea__form-00__gender-none__palette-normal__walk-3x4.png	assets/pokemon-runtime-549/dex-116__species-horsea__form-00__gender-none__palette-normal__walk-3x4.png	pokemon_medium		f3d8c03166f207ba72dc8dad615b2e5c3e02f10ece3d4131c9a38c4010accb2c	694ead79366a101704e2f7e073311f88b970f0de55390322fa10d6226c06d85a	13	16	b1bff77d50692c90cda4e3d4f6c677278a36d86b9d5dded40d0bdfd7257ce246	25be382bec0caa1f1db4a0422dac8c05e2c72f1aa87c05e78b376e8722b24e40	aquatic-fin-swim-v1
116	Horsea	00	none	shiny	assets/pokemon-walksheets-549/dex-116__species-horsea__form-00__gender-none__palette-shiny__walk-3x4.png	assets/pokemon-runtime-549/dex-116__species-horsea__form-00__gender-none__palette-shiny__walk-3x4.png	pokemon_medium		0e1d4afd41da27f3937c6e40933951a25bcb1ec9995032e8d60573bf2fd886f7	ff097dc89506ba13bc9185be5c3be9690df76062fcc1014114015895c5d99ae9	13	16	97b5b0d063914ed45e0afd0d4b996a1d865dd6d9bf0e616f191a787eef5dd842	25be382bec0caa1f1db4a0422dac8c05e2c72f1aa87c05e78b376e8722b24e40	aquatic-fin-swim-v1
117	Seadra	00	none	normal	assets/pokemon-walksheets-549/dex-117__species-seadra__form-00__gender-none__palette-normal__walk-3x4.png	assets/pokemon-runtime-549/dex-117__species-seadra__form-00__gender-none__palette-normal__walk-3x4.png	pokemon_medium		ea04b6c6c9b99e7203193ebcfe31222e1275faf0d6ea12af95a6451af3f93c59	c71408cd2f0a28240b1335e4a5b3ba522e583470b583708d3c7aa724a9c7df01	15	15	de76f0d795d93cebb82300c45874d90e9ed034df9d3e81024375ced36f12467e	25be382bec0caa1f1db4a0422dac8c05e2c72f1aa87c05e78b376e8722b24e40	aquatic-fin-swim-v1
117	Seadra	00	none	shiny	assets/pokemon-walksheets-549/dex-117__species-seadra__form-00__gender-none__palette-shiny__walk-3x4.png	assets/pokemon-runtime-549/dex-117__species-seadra__form-00__gender-none__palette-shiny__walk-3x4.png	pokemon_medium		e2007df91043426aed0c587e1fa4e5cefc28a35b2f457c21a776dc1952bd5b44	25c8ad8584c622204e49bab5e1c17aa5b8af8188a8b6daf9dde46bee3c00052d	15	15	f60325feb7e1ced9ddea1e0e8d54f734f8e61ce90e7cd00e5a73e3a6883b409f	25be382bec0caa1f1db4a0422dac8c05e2c72f1aa87c05e78b376e8722b24e40	aquatic-fin-swim-v1
118	Goldeen	00	none	normal	assets/pokemon-walksheets-549/dex-118__species-goldeen__form-00__gender-none__palette-normal__walk-3x4.png	assets/pokemon-runtime-549/dex-118__species-goldeen__form-00__gender-none__palette-normal__walk-3x4.png	pokemon_medium		c80fa05c77317b1048dce27fb36cd80c8529b46b09e34f350fbac0d6f9701a4a	f98c3111c7929176888d2c51f1454ea3416948c8e14d385639331ffd28c5eeb3	15	9	967a5197bc51024b001ab5e456e821763399a96b6506f5b37523fce9d7ec7101	25be382bec0caa1f1db4a0422dac8c05e2c72f1aa87c05e78b376e8722b24e40	aquatic-fin-swim-v1
118	Goldeen	00	none	shiny	assets/pokemon-walksheets-549/dex-118__species-goldeen__form-00__gender-none__palette-shiny__walk-3x4.png	assets/pokemon-runtime-549/dex-118__species-goldeen__form-00__gender-none__palette-shiny__walk-3x4.png	pokemon_medium		82138872c236a838d3d5de5dbc8df36180c477c961d88e90521d3167c7d76046	23080dc2dcd56afd41056e346c81161e4ef9cc4b61daaf14e69f634f76183acd	15	9	f808913c9115aa1eec0048e6f32c83c7e97796115279d31c4b4d921f199e6eca	25be382bec0caa1f1db4a0422dac8c05e2c72f1aa87c05e78b376e8722b24e40	aquatic-fin-swim-v1
119	Seaking	00	none	normal	assets/pokemon-walksheets-549/dex-119__species-seaking__form-00__gender-none__palette-normal__walk-3x4.png	assets/pokemon-runtime-549/dex-119__species-seaking__form-00__gender-none__palette-normal__walk-3x4.png	pokemon_medium		3f894857d34ad10b72cdeb8c5176110fb59e98c84dfeb055009675e871418e85	aba1c4e0cc7f0a2ebb4f45c2cdea6941666e7684e96e609a8b294d8db40a6dd3	15	14	3654b6e1378a4752318d62eeab802747c02375c2421e84b232afd2a0e5dff376	25be382bec0caa1f1db4a0422dac8c05e2c72f1aa87c05e78b376e8722b24e40	aquatic-fin-swim-v1
119	Seaking	00	none	shiny	assets/pokemon-walksheets-549/dex-119__species-seaking__form-00__gender-none__palette-shiny__walk-3x4.png	assets/pokemon-runtime-549/dex-119__species-seaking__form-00__gender-none__palette-shiny__walk-3x4.png	pokemon_medium		732d7eb70d28384991688177c99bb702c68b580130afd1545680837478b32cd8	8b54c5f96276edafad9b2817c96b518f2f8df20cf0c0430bb5d17e86cf8393e5	15	14	66152891e3a42f304ee042d43875fcb16ac00eeb076c9566635129a2e31f8461	25be382bec0caa1f1db4a0422dac8c05e2c72f1aa87c05e78b376e8722b24e40	aquatic-fin-swim-v1
120	Staryu	00	none	normal	assets/pokemon-walksheets-549/dex-120__species-staryu__form-00__gender-none__palette-normal__walk-3x4.png	assets/pokemon-runtime-549/dex-120__species-staryu__form-00__gender-none__palette-normal__walk-3x4.png	pokemon_medium		ba69af08b811ef217566632f93b424382343a016cf9d9aecc76bb919d686ca3a	70697c0c3470f106b372f819e3faca36cee335d8985b82529fcaba8c64709eb6	15	16	12a2285d33b1741a261b641a501b7cefe6c6938bf573305d6d6ca3a2730912fc	25be382bec0caa1f1db4a0422dac8c05e2c72f1aa87c05e78b376e8722b24e40	aquatic-fin-swim-v1
120	Staryu	00	none	shiny	assets/pokemon-walksheets-549/dex-120__species-staryu__form-00__gender-none__palette-shiny__walk-3x4.png	assets/pokemon-runtime-549/dex-120__species-staryu__form-00__gender-none__palette-shiny__walk-3x4.png	pokemon_medium		e310e73bdd5b2146abcda265fc4481a72ab2101f4561126dbfe44880960d79e7	e8eae50c659886c38ceb545a4d5c92cd65c0daf04eef0455ceaba175c5658f40	15	16	b78ed784c57a25907f4c5654cf59785f3ac4e7e0d4b62d358bf7886206df60ce	25be382bec0caa1f1db4a0422dac8c05e2c72f1aa87c05e78b376e8722b24e40	aquatic-fin-swim-v1
121	Starmie	00	none	normal	assets/pokemon-walksheets-549/dex-121__species-starmie__form-00__gender-none__palette-normal__walk-3x4.png	assets/pokemon-runtime-549/dex-121__species-starmie__form-00__gender-none__palette-normal__walk-3x4.png	pokemon_medium		886dcc8834324234cad823444d569d258b9b314754813e202aa7379439becb2b	bece6d2a11184055a9eb6f2d0a5f65ac5ed1fb5e83ee49472aa9eff7ffe3c550	15	16	06ebaaa36c5666b5175f097e44f772f09f010d53825683d855e9b0ea41b193f0	25be382bec0caa1f1db4a0422dac8c05e2c72f1aa87c05e78b376e8722b24e40	aquatic-fin-swim-v1
121	Starmie	00	none	shiny	assets/pokemon-walksheets-549/dex-121__species-starmie__form-00__gender-none__palette-shiny__walk-3x4.png	assets/pokemon-runtime-549/dex-121__species-starmie__form-00__gender-none__palette-shiny__walk-3x4.png	pokemon_medium		94280963676648ccbf4ebe536c729a6590757a15141dfbe0a340357016e7d917	6b4ab900bc9d4198efa33691a0ecbe2adb587ca7a0c954abefe9cacf065190d9	15	16	c611034d67336111c073bf4b3885ea0a60ffafa77b032b30c3a37411ff9a0f2c	25be382bec0caa1f1db4a0422dac8c05e2c72f1aa87c05e78b376e8722b24e40	aquatic-fin-swim-v1
122	Mr.Mime	00	none	normal	assets/pokemon-walksheets-549/dex-122__species-mrmime__form-00__gender-none__palette-normal__walk-3x4.png	assets/pokemon-runtime-549/dex-122__species-mrmime__form-00__gender-none__palette-normal__walk-3x4.png	pokemon_medium		f1283eee9f84ff6e6050dd3800eaf1d5e431c0cf8f57ab3973efbe499f8b61b0	ba41588ddf952c4f37b9e4978d907b90bc162126807bb4de70c79ae839b58d2c	14	16	58e4a782633200d2500a4c5f60f5c3e3012b5070fe4e65192c6c276139c67884	25be382bec0caa1f1db4a0422dac8c05e2c72f1aa87c05e78b376e8722b24e40	terrestrial-biped-light-v1
122	Mr.Mime	00	none	shiny	assets/pokemon-walksheets-549/dex-122__species-mrmime__form-00__gender-none__palette-shiny__walk-3x4.png	assets/pokemon-runtime-549/dex-122__species-mrmime__form-00__gender-none__palette-shiny__walk-3x4.png	pokemon_medium		72611833f1aa27e29ebf8c0d2e0700a3535c5db7c92b5269792d13deff3d45c0	99f7a1fe63c772ab9afd1f136d2645dc0d39949d589e60397ea6365df157ee29	14	16	cefdd56cba2596308975646e5d1d837ad0cf8a8006313937fc035a372a2b966d	25be382bec0caa1f1db4a0422dac8c05e2c72f1aa87c05e78b376e8722b24e40	terrestrial-biped-light-v1
123	Scyther	00	none	normal	assets/pokemon-walksheets-549/dex-123__species-scyther__form-00__gender-none__palette-normal__walk-3x4.png	assets/pokemon-runtime-549/dex-123__species-scyther__form-00__gender-none__palette-normal__walk-3x4.png	pokemon_medium		6a70ebea56f1fec014cc5d9066fd98817d7ff6ee88b193cec44388071f74749b	877674bc51544d60df2aa8c5eb19b62522d13f83b9f9a29422e74937b4d94bc1	13	16	8a9cb5cef95a364b6cc38d35a655471529957115ceb47fa185abe5096394b652	25be382bec0caa1f1db4a0422dac8c05e2c72f1aa87c05e78b376e8722b24e40	airborne-wing-flap-v1
123	Scyther	00	none	shiny	assets/pokemon-walksheets-549/dex-123__species-scyther__form-00__gender-none__palette-shiny__walk-3x4.png	assets/pokemon-runtime-549/dex-123__species-scyther__form-00__gender-none__palette-shiny__walk-3x4.png	pokemon_medium		a9ae97981d7e0310e7a43e97704a740527e067cfaef51aef987b2e1a1ee25590	96decd269ca39a855e5940b731d5ec5b6df4dfa9821ea23def8fc9b14c6a1c4d	13	16	fedbd60d0e6dfa219f0e532bf39a9035d91acf1f374778f62a2901c86bc338b5	25be382bec0caa1f1db4a0422dac8c05e2c72f1aa87c05e78b376e8722b24e40	airborne-wing-flap-v1
124	Jynx	00	none	normal	assets/pokemon-walksheets-549/dex-124__species-jynx__form-00__gender-none__palette-normal__walk-3x4.png	assets/pokemon-runtime-549/dex-124__species-jynx__form-00__gender-none__palette-normal__walk-3x4.png	pokemon_medium		2759cf8f2875751701ad93a2905ee29762d89ce0846fdffe9911c90873f025f2	c5349fa8102e10c9dcc6e7c8e05b1738bae025ea9786a546f20778ffc61f97ac	15	14	21a877313720936e0262535cd190e282958cc2b8017e6c3ffe3421e7bfa1fd64	25be382bec0caa1f1db4a0422dac8c05e2c72f1aa87c05e78b376e8722b24e40	terrestrial-biped-light-v1
124	Jynx	00	none	shiny	assets/pokemon-walksheets-549/dex-124__species-jynx__form-00__gender-none__palette-shiny__walk-3x4.png	assets/pokemon-runtime-549/dex-124__species-jynx__form-00__gender-none__palette-shiny__walk-3x4.png	pokemon_medium		2a03dcf10b9d26d2525d37fd6240a340ec907790f51436fc07dcaac6a466f464	cd3eee845fe580fab969531861440893ec60d400de6fec09f35e7797bc172218	15	14	d8f2b89c199a14695adf9429e4ed4057c70d5969a1b609aeb783bf70b59093bf	25be382bec0caa1f1db4a0422dac8c05e2c72f1aa87c05e78b376e8722b24e40	terrestrial-biped-light-v1
125	Electabuzz	00	none	normal	assets/pokemon-walksheets-549/dex-125__species-electabuzz__form-00__gender-none__palette-normal__walk-3x4.png	assets/pokemon-runtime-549/dex-125__species-electabuzz__form-00__gender-none__palette-normal__walk-3x4.png	pokemon_medium		a0113ad9a9d4c0a564b0092d64301e68e8d118ba8f0574079610533def10990f	8a57b2efc27ab14946b4cfc7ab6d49cd161f21223619f4d8753e60f501a2ff65	15	16	0d18e1f9587c969d752dfdfb1318c171f68e15d0440d528cc3e9d040a3a06994	25be382bec0caa1f1db4a0422dac8c05e2c72f1aa87c05e78b376e8722b24e40	terrestrial-biped-light-v1
125	Electabuzz	00	none	shiny	assets/pokemon-walksheets-549/dex-125__species-electabuzz__form-00__gender-none__palette-shiny__walk-3x4.png	assets/pokemon-runtime-549/dex-125__species-electabuzz__form-00__gender-none__palette-shiny__walk-3x4.png	pokemon_medium		b9576c5d58088e92de974d2c14217457374402e3cae7f6178646a371197a22d6	eb0d1c5b133bcbea54f5d445506949bf3d0a75fed1f3358f1755e5df329f8461	15	16	fc0d8bc64919457dfdaae4ff3dcebb29957a3e27ac39759cc64820f6d208f8f3	25be382bec0caa1f1db4a0422dac8c05e2c72f1aa87c05e78b376e8722b24e40	terrestrial-biped-light-v1
126	Magmar	00	none	normal	assets/pokemon-walksheets-549/dex-126__species-magmar__form-00__gender-none__palette-normal__walk-3x4.png	assets/pokemon-runtime-549/dex-126__species-magmar__form-00__gender-none__palette-normal__walk-3x4.png	pokemon_medium		7b6a29d93dfaa9718274012c88a324019829fe84edbd293d43703ee8d6e3b486	570c18254cdb061f38ab5810d483cd01a22f588db66142dc5d8493a54286b89b	15	16	9902e5dd3f2e55386a05abbcb7811dba53f757557c5e791a05b8b61616751301	25be382bec0caa1f1db4a0422dac8c05e2c72f1aa87c05e78b376e8722b24e40	terrestrial-biped-heavy-v1
126	Magmar	00	none	shiny	assets/pokemon-walksheets-549/dex-126__species-magmar__form-00__gender-none__palette-shiny__walk-3x4.png	assets/pokemon-runtime-549/dex-126__species-magmar__form-00__gender-none__palette-shiny__walk-3x4.png	pokemon_medium		2cce338eb6689a3c032d6f1cd598c3815ee37818d867c6a629d297ec95dbbf7e	50ad17ee17f7954f6b1145f0a42e0901ad7422d7b23196c5af28d810ee671e64	15	16	a4ebccf3731dc2f2b37d42dd1c73abeab8096f99e92f4724257b1848a2f62f62	25be382bec0caa1f1db4a0422dac8c05e2c72f1aa87c05e78b376e8722b24e40	terrestrial-biped-heavy-v1
127	Pinsir	00	none	normal	assets/pokemon-walksheets-549/dex-127__species-pinsir__form-00__gender-none__palette-normal__walk-3x4.png	assets/pokemon-runtime-549/dex-127__species-pinsir__form-00__gender-none__palette-normal__walk-3x4.png	pokemon_medium		3c257f437e2a3ed045f068da367951b1d06787b8ae84e260057b797213105461	c90663769f9c282308282cc42dfe96328d69cbc76e8eef5a1adb8eb36f3ca67a	15	16	611aa86dbb6ec39d0e9662a7015d4d4dfaafbf574d437ca7bfa49f18d213c3e5	25be382bec0caa1f1db4a0422dac8c05e2c72f1aa87c05e78b376e8722b24e40	terrestrial-biped-heavy-v1
127	Pinsir	00	none	shiny	assets/pokemon-walksheets-549/dex-127__species-pinsir__form-00__gender-none__palette-shiny__walk-3x4.png	assets/pokemon-runtime-549/dex-127__species-pinsir__form-00__gender-none__palette-shiny__walk-3x4.png	pokemon_medium		e14089b50b3c924cf926b4c5b74c935e2abd4e1a4aa75e213b3fe145e4f1418a	121f53e82be0d33944631f05b4042274cc3c54ae16e224f20a5dc33d3962eef3	15	16	1ce22a1f2b124faebb0ce0394613449d4bca270592090410a154345cd11ab1d8	25be382bec0caa1f1db4a0422dac8c05e2c72f1aa87c05e78b376e8722b24e40	terrestrial-biped-heavy-v1
128	Tauros	00	none	normal	assets/pokemon-walksheets-549/dex-128__species-tauros__form-00__gender-none__palette-normal__walk-3x4.png	assets/pokemon-runtime-549/dex-128__species-tauros__form-00__gender-none__palette-normal__walk-3x4.png	pokemon_medium		c3f905618c99eef2589956dee996c648d6af1d5f24c196240b2063a790fdb0a2	8fc4a6f0738ba6bc6d84b27e8299c199343dbddf30fdfb265f9c72e044352c10	15	16	df2961372767be4b2bf172aead72bcd65bc98668860d168790c3d85cd6d23351	25be382bec0caa1f1db4a0422dac8c05e2c72f1aa87c05e78b376e8722b24e40	terrestrial-quadruped-heavy-v1
128	Tauros	00	none	shiny	assets/pokemon-walksheets-549/dex-128__species-tauros__form-00__gender-none__palette-shiny__walk-3x4.png	assets/pokemon-runtime-549/dex-128__species-tauros__form-00__gender-none__palette-shiny__walk-3x4.png	pokemon_medium		a4d81e9892c189cee88c19f639b210ab4c1ead818b893de1ded6cb8bc707669c	dba8913f0bdac3d11f567340af8a73ad6f1d8e22c92afe45c38f91ce2b4f8635	15	16	2d49e87a78683584e8b3b2c77abf097c16332378d4cc261c7da564500ace2bbc	25be382bec0caa1f1db4a0422dac8c05e2c72f1aa87c05e78b376e8722b24e40	terrestrial-quadruped-heavy-v1
129	Magikarp	00	none	normal	assets/pokemon-walksheets-549/dex-129__species-magikarp__form-00__gender-none__palette-normal__walk-3x4.png	assets/pokemon-runtime-549/dex-129__species-magikarp__form-00__gender-none__palette-normal__walk-3x4.png	pokemon_medium		4ff35d85af83a845001a27ad0e1e79b67ddc47213118b1e8f797a6df1d41e077	7ab2420fe7bbde260041873f78de42d1ee1430ee5196dab9e0f87586f169f53f	15	16	23ef637a1a3e1bb990b9e9e447c2b10c19d3baad3da4ad745012d4d2f4bc8c0f	25be382bec0caa1f1db4a0422dac8c05e2c72f1aa87c05e78b376e8722b24e40	aquatic-fin-swim-v1
129	Magikarp	00	none	shiny	assets/pokemon-walksheets-549/dex-129__species-magikarp__form-00__gender-none__palette-shiny__walk-3x4.png	assets/pokemon-runtime-549/dex-129__species-magikarp__form-00__gender-none__palette-shiny__walk-3x4.png	pokemon_medium		700c3db4dfb27e0c1e9f2b51a954984521da264e2614114c0844c4d09eb6b1c0	96d283b2889b14365010f9213bd514999bdeb2e7c7b9e24b656e86ccc6dd083a	15	16	699e8acdac7aeb35a99fbeabb5840ca841a91cd1479f09a37077e4f75b9be49b	25be382bec0caa1f1db4a0422dac8c05e2c72f1aa87c05e78b376e8722b24e40	aquatic-fin-swim-v1
130	Gyarados	00	none	normal	assets/pokemon-walksheets-549/dex-130__species-gyarados__form-00__gender-none__palette-normal__walk-3x4.png	assets/pokemon-runtime-549/dex-130__species-gyarados__form-00__gender-none__palette-normal__walk-3x4.png	pokemon_medium		85ad167c905ef046e4a6114090c06ad5bf592a9b9b55a85158b28025186aeef4	f7394fe9f3acd496d4113b3b5d8274e3a1b9d12cd6b8f6bfc92f20055111dde0	14	16	127d1f97304718f9d56a78d46eaedf62d5b068f5473ead51d95357a9d55729c6	25be382bec0caa1f1db4a0422dac8c05e2c72f1aa87c05e78b376e8722b24e40	aquatic-serpentine-swim-v1
130	Gyarados	00	none	shiny	assets/pokemon-walksheets-549/dex-130__species-gyarados__form-00__gender-none__palette-shiny__walk-3x4.png	assets/pokemon-runtime-549/dex-130__species-gyarados__form-00__gender-none__palette-shiny__walk-3x4.png	pokemon_medium		399c730558c908027cdfcc49a607e48b2f497d4cdf96f1e9a1f3427cc0d675aa	caffb6136fba044bc3d63e7fd671999a900093e3a64d09f588534065fb87b8d3	14	16	51846a2baa87f5855ca5ab6c9c0781f38325eebf1c20b39f677c97fcf1218892	25be382bec0caa1f1db4a0422dac8c05e2c72f1aa87c05e78b376e8722b24e40	aquatic-serpentine-swim-v1
131	Lapras	00	none	normal	assets/pokemon-walksheets-549/dex-131__species-lapras__form-00__gender-none__palette-normal__walk-3x4.png	assets/pokemon-runtime-549/dex-131__species-lapras__form-00__gender-none__palette-normal__walk-3x4.png	pokemon_medium		84ff170d0fc5799644629981096513fd8aa651046ba54ef854f13d4d76b8d8b4	ef1afb9bda5aaf841b6091da8a0f805420727be027cce87ca47ac75bd4d5bd2f	15	13	4ca8ab91884f384b3d018c48eb6561ec58bcd5d3e639bf2a5659e126329a7fc0	25be382bec0caa1f1db4a0422dac8c05e2c72f1aa87c05e78b376e8722b24e40	aquatic-paddle-bob-v1
131	Lapras	00	none	shiny	assets/pokemon-walksheets-549/dex-131__species-lapras__form-00__gender-none__palette-shiny__walk-3x4.png	assets/pokemon-runtime-549/dex-131__species-lapras__form-00__gender-none__palette-shiny__walk-3x4.png	pokemon_medium		d92c8e59ca50bbcbc596471037e0467b5b1b74ac91ff642b6a7cb7b3c4778e4d	7a43aaac835750120370dde31352e14b9db43e26de58558dc582cc6e053cbd64	15	13	d7915fa4424bd25a90a563d0c805fc83dc681ee961a334e4f45fd70961ccc3c7	25be382bec0caa1f1db4a0422dac8c05e2c72f1aa87c05e78b376e8722b24e40	aquatic-paddle-bob-v1
132	Ditto	00	none	normal	assets/pokemon-walksheets-549/dex-132__species-ditto__form-00__gender-none__palette-normal__walk-3x4.png	assets/pokemon-runtime-549/dex-132__species-ditto__form-00__gender-none__palette-normal__walk-3x4.png	pokemon_medium		7989b37ccf5522f861747aa4bf56b38f00118648db29b83353df74214296b13b	eca83fdae6cdb69f733881b74c0db0d0c86684164271dd6eadee0363d1e85de6	15	14	dbf6e562dde43d327ea72c0f8aedbb81500d50d42c605d7502fda1be2e2faa8f	25be382bec0caa1f1db4a0422dac8c05e2c72f1aa87c05e78b376e8722b24e40	amorphous-ground-sway-v1
132	Ditto	00	none	shiny	assets/pokemon-walksheets-549/dex-132__species-ditto__form-00__gender-none__palette-shiny__walk-3x4.png	assets/pokemon-runtime-549/dex-132__species-ditto__form-00__gender-none__palette-shiny__walk-3x4.png	pokemon_medium		2d171fa5a3c6e8d2b9dc1b834c5aa9494049981e02466eafda59bba8a2aa300b	26436a01bba913e81ddf02ea76c6c67ea8a82a8a979638a0d39577519fa25126	15	14	b639bfd04723dff4bb386a1bff1386954cd3216ae36909d1aafc49365358a418	25be382bec0caa1f1db4a0422dac8c05e2c72f1aa87c05e78b376e8722b24e40	amorphous-ground-sway-v1
133	Eevee	00	none	normal	assets/pokemon-walksheets-549/dex-133__species-eevee__form-00__gender-none__palette-normal__walk-3x4.png	assets/pokemon-runtime-549/dex-133__species-eevee__form-00__gender-none__palette-normal__walk-3x4.png	pokemon_medium		7e9c0da790ae4af67e5f53aa8a06a0c62244b3b3ff6f2a7b8b392aedc88f6f1e	e4e391fd8b68cbce009353385f7ee00ecf0b87e4e2862b280fc994f5709bb5b6	15	12	4481d6dda938426164457488d5df30ab076a2cc1ef8e82f98cb3d4ea978524eb	25be382bec0caa1f1db4a0422dac8c05e2c72f1aa87c05e78b376e8722b24e40	terrestrial-quadruped-light-v1
133	Eevee	00	none	shiny	assets/pokemon-walksheets-549/dex-133__species-eevee__form-00__gender-none__palette-shiny__walk-3x4.png	assets/pokemon-runtime-549/dex-133__species-eevee__form-00__gender-none__palette-shiny__walk-3x4.png	pokemon_medium		e2cc77dc030d861e36cf216038be32d427e6feea550fcfcc1e9950940760b8dc	387a15dff8cb51ceab6ddcddb5be637da7b0db5930c4e848a67f06c64b1a2024	15	12	891b76ef43e33a7cc1765a31ca9cfe4607334b372576d024f4e03f8efd034065	25be382bec0caa1f1db4a0422dac8c05e2c72f1aa87c05e78b376e8722b24e40	terrestrial-quadruped-light-v1
134	Vaporeon	00	none	normal	assets/pokemon-walksheets-549/dex-134__species-vaporeon__form-00__gender-none__palette-normal__walk-3x4.png	assets/pokemon-runtime-549/dex-134__species-vaporeon__form-00__gender-none__palette-normal__walk-3x4.png	pokemon_medium		42627cbbf29385c9ea2fc297942a3d1457393a75157aad090ec8f525f4f32792	b1e4a0d2e7e86f48e039cf0a612cfba2eb9c4548ff9a1b55ef8c39f29e715451	15	16	9908b457ad2cc8a2d3c1562547439911029e08f7a713a2f2e4d84b7d93b2ce09	25be382bec0caa1f1db4a0422dac8c05e2c72f1aa87c05e78b376e8722b24e40	terrestrial-quadruped-light-v1
134	Vaporeon	00	none	shiny	assets/pokemon-walksheets-549/dex-134__species-vaporeon__form-00__gender-none__palette-shiny__walk-3x4.png	assets/pokemon-runtime-549/dex-134__species-vaporeon__form-00__gender-none__palette-shiny__walk-3x4.png	pokemon_medium		108bb258e26cfc5e9087335197452d6e56671741d72a656c57e8c781d3941395	eeb499710ea8e624033130a4d3b011892a59c512eb2bc880002fd64bd6ad5a1f	15	16	056f4dda2f887b5169c6c5d7dfced883e7f0a3fbb73c9828cf77ee28aeb9ae40	25be382bec0caa1f1db4a0422dac8c05e2c72f1aa87c05e78b376e8722b24e40	terrestrial-quadruped-light-v1
135	Jolteon	00	none	normal	assets/pokemon-walksheets-549/dex-135__species-jolteon__form-00__gender-none__palette-normal__walk-3x4.png	assets/pokemon-runtime-549/dex-135__species-jolteon__form-00__gender-none__palette-normal__walk-3x4.png	pokemon_medium		d347c27c2193b220afbc5ed578dcc78ab7589271870ddfaee1647ddf73347ab3	ff1afd20d1a41c7497277464588c0452b4a8bd5f2fa1b3a7f755ee6461c9b856	15	16	4de6e464bf2a7fc0eb6a9a02e7e9b397b05cecd95119e08c07e3f65f8b1af02f	25be382bec0caa1f1db4a0422dac8c05e2c72f1aa87c05e78b376e8722b24e40	terrestrial-quadruped-light-v1
135	Jolteon	00	none	shiny	assets/pokemon-walksheets-549/dex-135__species-jolteon__form-00__gender-none__palette-shiny__walk-3x4.png	assets/pokemon-runtime-549/dex-135__species-jolteon__form-00__gender-none__palette-shiny__walk-3x4.png	pokemon_medium		179409eb6764b455a70937f881563d2f2259a89024d495637d1aea8b7f94da54	25c64d1a2e5a8802ec5179c5634b93dd463cd602de0f55654d89347e9c3e5689	15	16	f069f01f3c778d082b1d9308c03fd22745ad3267f4f88904edb1eec0464ce071	25be382bec0caa1f1db4a0422dac8c05e2c72f1aa87c05e78b376e8722b24e40	terrestrial-quadruped-light-v1
136	Flareon	00	none	normal	assets/pokemon-walksheets-549/dex-136__species-flareon__form-00__gender-none__palette-normal__walk-3x4.png	assets/pokemon-runtime-549/dex-136__species-flareon__form-00__gender-none__palette-normal__walk-3x4.png	pokemon_medium		f3cb3aa6970f4ec2518efd4cd729f745411875cb42bd92d465d5d1e7cc732c0f	4e7ef954d6812ce8a09913865d2c8fbdef1c4887288e3a5c520b777a61ecc068	14	16	a7552f4c6029875e6fb220d2a538a4a1463b55bac4b024a859245b6cc3d57eef	25be382bec0caa1f1db4a0422dac8c05e2c72f1aa87c05e78b376e8722b24e40	terrestrial-quadruped-light-v1
136	Flareon	00	none	shiny	assets/pokemon-walksheets-549/dex-136__species-flareon__form-00__gender-none__palette-shiny__walk-3x4.png	assets/pokemon-runtime-549/dex-136__species-flareon__form-00__gender-none__palette-shiny__walk-3x4.png	pokemon_medium		9d8c24a3e8b75939d28019571036dbcd05ebf9aeb7f3413126fffddf6396a84e	719ce954d53f4aacbcbd395c3c80c2c69d52b04ca1481844956da8f7a63bd757	14	16	207d680f248c9d43a06a30e04a6758cdbe0ae74dbf9f7359d86f98f0fdf21de8	25be382bec0caa1f1db4a0422dac8c05e2c72f1aa87c05e78b376e8722b24e40	terrestrial-quadruped-light-v1
137	Porygon	00	none	normal	assets/pokemon-walksheets-549/dex-137__species-porygon__form-00__gender-none__palette-normal__walk-3x4.png	assets/pokemon-runtime-549/dex-137__species-porygon__form-00__gender-none__palette-normal__walk-3x4.png	pokemon_medium		939a386ba08fd8cfcee670e8514d394afd24f85af78d47487dae8f266a6a1603	37f039130e7a292390f276c100bfe633318714c26381bc4ed4543c868b7293d8	15	16	126ab43550e320343b0573e99a9eb650b2192e0c1feb7612e790effb88c5865a	25be382bec0caa1f1db4a0422dac8c05e2c72f1aa87c05e78b376e8722b24e40	airborne-hover-bob-v1
137	Porygon	00	none	shiny	assets/pokemon-walksheets-549/dex-137__species-porygon__form-00__gender-none__palette-shiny__walk-3x4.png	assets/pokemon-runtime-549/dex-137__species-porygon__form-00__gender-none__palette-shiny__walk-3x4.png	pokemon_medium		6f8a8377dad5b3ae605df9cf6d06c1a6dc3361d251514f759cb522436cb02a2b	9596d1dc5acb0936b810f23cbc1ceedaf4700ee9bb3d12f442808e9eaab358b3	15	16	22ef65f7e48651460b692fab4c7a026e29c8c93659389e7fd894ab7734823d46	25be382bec0caa1f1db4a0422dac8c05e2c72f1aa87c05e78b376e8722b24e40	airborne-hover-bob-v1
138	Omanyte	00	none	normal	assets/pokemon-walksheets-549/dex-138__species-omanyte__form-00__gender-none__palette-normal__walk-3x4.png	assets/pokemon-runtime-549/dex-138__species-omanyte__form-00__gender-none__palette-normal__walk-3x4.png	pokemon_medium		ed9a5cc7d0bd4593bde16b191e33571b7a235749f959bcfff68cf715ad7b38e3	43c78867fbf7cf520e7d4fb3f4bb097f88914faa1932ac02942ab406926c2032	15	16	7914b8e4c5ab0bda77ccb615dc947ab30caec0a0f11cfbc9d54bb6b63a11df02	25be382bec0caa1f1db4a0422dac8c05e2c72f1aa87c05e78b376e8722b24e40	aquatic-paddle-bob-v1
138	Omanyte	00	none	shiny	assets/pokemon-walksheets-549/dex-138__species-omanyte__form-00__gender-none__palette-shiny__walk-3x4.png	assets/pokemon-runtime-549/dex-138__species-omanyte__form-00__gender-none__palette-shiny__walk-3x4.png	pokemon_medium		b0987107efb176b8bd6b5b9d1305e21f6ebaae6f13535f0853c617f70f863cb0	fb92c457ff05b4c972f5798fc3c0a59b9c1e3a28911fbd80f01e4344e88fc4c0	15	16	495b355cd8651f7f779b913a9c835fe6fd1a240f1424f4aea1b4b4014b6f3b21	25be382bec0caa1f1db4a0422dac8c05e2c72f1aa87c05e78b376e8722b24e40	aquatic-paddle-bob-v1
139	Omastar	00	none	normal	assets/pokemon-walksheets-549/dex-139__species-omastar__form-00__gender-none__palette-normal__walk-3x4.png	assets/pokemon-runtime-549/dex-139__species-omastar__form-00__gender-none__palette-normal__walk-3x4.png	pokemon_medium		c9ef424266d790cf6d8e48eabd7aa9dc00cab8084539e0cb2411f471547ebf8f	441f4cd0d3aa1425bde264046d9bc95bc274c90939c71e95d4121f1c96150899	15	15	612a6863f1ea4e4900bf721a5f3206cbcacc59723a1771e3a145a041ab2d3f46	25be382bec0caa1f1db4a0422dac8c05e2c72f1aa87c05e78b376e8722b24e40	aquatic-paddle-bob-v1
139	Omastar	00	none	shiny	assets/pokemon-walksheets-549/dex-139__species-omastar__form-00__gender-none__palette-shiny__walk-3x4.png	assets/pokemon-runtime-549/dex-139__species-omastar__form-00__gender-none__palette-shiny__walk-3x4.png	pokemon_medium		dcbe3defe86a5eb91e8e245a51c449003dfc875570ffecf9251756c6d4ec5c7f	fe953faecfec2e061936c7354e07cad9f5cf46f343ebb011a346afea547d11ba	15	15	4fd52222a2a136a3827f91db322c484f5bf1d7d6bd9d9c4c385d87bea6740326	25be382bec0caa1f1db4a0422dac8c05e2c72f1aa87c05e78b376e8722b24e40	aquatic-paddle-bob-v1
140	Kabuto	00	none	normal	assets/pokemon-walksheets-549/dex-140__species-kabuto__form-00__gender-none__palette-normal__walk-3x4.png	assets/pokemon-runtime-549/dex-140__species-kabuto__form-00__gender-none__palette-normal__walk-3x4.png	pokemon_medium		8206bc1774d4b0c0b17692b3f75c293e61d2f3de43b3e3bde8b0f0205b39e35b	7366420b321a17fed042b457723affd246433ffedde48fb9deb13b12db4630f8	15	12	e98c4902b296dcdd623052595f063dd9427f64408677a3fbc04996feef7f244c	25be382bec0caa1f1db4a0422dac8c05e2c72f1aa87c05e78b376e8722b24e40	terrestrial-multiped-crawl-v1
140	Kabuto	00	none	shiny	assets/pokemon-walksheets-549/dex-140__species-kabuto__form-00__gender-none__palette-shiny__walk-3x4.png	assets/pokemon-runtime-549/dex-140__species-kabuto__form-00__gender-none__palette-shiny__walk-3x4.png	pokemon_medium		af9ce45da0046fbd22585573a03b7a20c38648fccb852d4e637021a6fc2bdc47	d02c6e192ddb50166ba960289220bea67258d6f254246a68a89664738518f4b1	15	12	1a6ab5ded939aeac28723d9d60237ac5c584011d5ebae9eb02fcbaeb452979ad	25be382bec0caa1f1db4a0422dac8c05e2c72f1aa87c05e78b376e8722b24e40	terrestrial-multiped-crawl-v1
141	Kabutops	00	none	normal	assets/pokemon-walksheets-549/dex-141__species-kabutops__form-00__gender-none__palette-normal__walk-3x4.png	assets/pokemon-runtime-549/dex-141__species-kabutops__form-00__gender-none__palette-normal__walk-3x4.png	pokemon_medium		12be1fbba6104a0dd21bed308727067a3a91714cd8d96441e8854dcd6d0fecf1	6eddc7cdc9cd1a4faed6bd079aec24ef4de8ce9c140e9acf27ddfcd5e3c2603b	14	16	b85893193e8fcf2e0c8c7ae3387ed2b374b74ba2fb9273367c12a24655780c09	25be382bec0caa1f1db4a0422dac8c05e2c72f1aa87c05e78b376e8722b24e40	terrestrial-biped-light-v1
141	Kabutops	00	none	shiny	assets/pokemon-walksheets-549/dex-141__species-kabutops__form-00__gender-none__palette-shiny__walk-3x4.png	assets/pokemon-runtime-549/dex-141__species-kabutops__form-00__gender-none__palette-shiny__walk-3x4.png	pokemon_medium		fc0ee20cbfb6016fe770fd30b3c4ccd72f00daeec415981948ff177263fb6f42	36eca4e845df89ce005b90450ae394d556899369b5ef72cd47584cd50881cbf2	14	16	44f22ff62b03288022cdbc4edb8abc8e443dc9156e8cd34dbbb803c08497d822	25be382bec0caa1f1db4a0422dac8c05e2c72f1aa87c05e78b376e8722b24e40	terrestrial-biped-light-v1
142	Aerodactyl	00	none	normal	assets/pokemon-walksheets-549/dex-142__species-aerodactyl__form-00__gender-none__palette-normal__walk-3x4.png	assets/pokemon-runtime-549/dex-142__species-aerodactyl__form-00__gender-none__palette-normal__walk-3x4.png	pokemon_medium		0607e7d5ee71a6b2043266b25e916b461d7f152c01d03bddde9bbc2e860883d0	5ada6c9c8891ff629fa77187052122986f7ccd6f6823f0d95c93b31925c2f0e7	15	14	e071f4b2dae9f2a95968ae2b8b1abbdba0d017f04bdbccb51c26b2ee66aa36b3	25be382bec0caa1f1db4a0422dac8c05e2c72f1aa87c05e78b376e8722b24e40	airborne-wing-flap-v1
142	Aerodactyl	00	none	shiny	assets/pokemon-walksheets-549/dex-142__species-aerodactyl__form-00__gender-none__palette-shiny__walk-3x4.png	assets/pokemon-runtime-549/dex-142__species-aerodactyl__form-00__gender-none__palette-shiny__walk-3x4.png	pokemon_medium		c6ac03b37c79ecf3a6f617a1077176f2aa4e5570ca6b87508bef76a98f7d873d	dc40425a9bf83fea9584fc36ba1af67a5f389ca3ab378f58607f5cfc0382a070	15	14	76ac72c9b24aefc6b9e0ee828c90e9b88aa2cbc009338b256e489029ea3d21d7	25be382bec0caa1f1db4a0422dac8c05e2c72f1aa87c05e78b376e8722b24e40	airborne-wing-flap-v1
143	Snorlax	00	none	normal	assets/pokemon-walksheets-549/dex-143__species-snorlax__form-00__gender-none__palette-normal__walk-3x4.png	assets/pokemon-runtime-549/dex-143__species-snorlax__form-00__gender-none__palette-normal__walk-3x4.png	pokemon_medium		e410aae6645872ed8676290b8ed3d5379a05cd71c0e74f27cbedc2f3868b8280	8a49a40c5a95ad054df21fefda4deef23d94b966717e62d26fe8c0be5e9505d0	15	16	0a4190635e18fe72cf79a48e5d73801931f86e1e223869f1f70434e143c29275	25be382bec0caa1f1db4a0422dac8c05e2c72f1aa87c05e78b376e8722b24e40	terrestrial-biped-heavy-v1
143	Snorlax	00	none	shiny	assets/pokemon-walksheets-549/dex-143__species-snorlax__form-00__gender-none__palette-shiny__walk-3x4.png	assets/pokemon-runtime-549/dex-143__species-snorlax__form-00__gender-none__palette-shiny__walk-3x4.png	pokemon_medium		7ada91b06771747d906c6d5b4451edd8e749dc812d71630cf23740dd3e4f254d	aa81e919c287cceb7fb321e10bbc6711c4890c5b4d0fa44f8c8e3900a83651c8	15	16	e668baf5547b3d4b6b892c15264a9fb4bf2c551853351a9f80d94d6922bddd18	25be382bec0caa1f1db4a0422dac8c05e2c72f1aa87c05e78b376e8722b24e40	terrestrial-biped-heavy-v1
144	Articuno	00	none	normal	assets/pokemon-walksheets-549/dex-144__species-articuno__form-00__gender-none__palette-normal__walk-3x4.png	assets/pokemon-runtime-549/dex-144__species-articuno__form-00__gender-none__palette-normal__walk-3x4.png	pokemon_medium		dd2340a735c231f619bef5b7581df15f6200fbbbb742f38d805e3ffa59790d14	0e861f8a90a90fd0ce82681243d0e7e8f77e178885fcc10ee9db890465c5a5fe	15	16	8a8e14789f9c463ef978b09ab2c7f6d04e6ea5dcf1440eacdde13c7242c284d3	25be382bec0caa1f1db4a0422dac8c05e2c72f1aa87c05e78b376e8722b24e40	airborne-wing-flap-v1
144	Articuno	00	none	shiny	assets/pokemon-walksheets-549/dex-144__species-articuno__form-00__gender-none__palette-shiny__walk-3x4.png	assets/pokemon-runtime-549/dex-144__species-articuno__form-00__gender-none__palette-shiny__walk-3x4.png	pokemon_medium		7a5e4e8b99d766cd68bb7c2d9150b9ea1b6607089045d207ef1ed4fdd04ad108	a67c33501693f26960037627b6641874c411bcb8d94e78fdc779b023513f06e2	15	16	4a1d63d26d4493d4d367abdeefb894267b74c7fe93f080df13d878572bb854ff	25be382bec0caa1f1db4a0422dac8c05e2c72f1aa87c05e78b376e8722b24e40	airborne-wing-flap-v1
145	Zapdos	00	none	normal	assets/pokemon-walksheets-549/dex-145__species-zapdos__form-00__gender-none__palette-normal__walk-3x4.png	assets/pokemon-runtime-549/dex-145__species-zapdos__form-00__gender-none__palette-normal__walk-3x4.png	pokemon_medium		6995b9def01c97975d9591d98a7420d62eb8d4ff272253c813c09ea8e3764d58	d21e4ab03bb17c3a2cf0ac1b584109d47ca6e6b6441ac35ba14279f441f6dffa	15	16	6ea9a32dbd027623b42e1ca03d8062b0c4a73b2b998449edb81f36da93c94588	25be382bec0caa1f1db4a0422dac8c05e2c72f1aa87c05e78b376e8722b24e40	airborne-wing-flap-v1
145	Zapdos	00	none	shiny	assets/pokemon-walksheets-549/dex-145__species-zapdos__form-00__gender-none__palette-shiny__walk-3x4.png	assets/pokemon-runtime-549/dex-145__species-zapdos__form-00__gender-none__palette-shiny__walk-3x4.png	pokemon_medium		edeef403229a6f046d631e4c64e0535762bbe4893f96b8678b53781eb630ff31	910f06a447d91989ae69d25d19572d689cc1fca6e2648fe74d238a46ab692c56	15	16	435b19c98534674da3d2d225ff21d67e3064c0396360177c3db8a23a9a16f63d	25be382bec0caa1f1db4a0422dac8c05e2c72f1aa87c05e78b376e8722b24e40	airborne-wing-flap-v1
146	Moltres	00	none	normal	assets/pokemon-walksheets-549/dex-146__species-moltres__form-00__gender-none__palette-normal__walk-3x4.png	assets/pokemon-runtime-549/dex-146__species-moltres__form-00__gender-none__palette-normal__walk-3x4.png	pokemon_medium		545fba417b8f725ebe61684392c167a403fce8f9e1bef674fa0d9477e792ec9c	4af3dbdf2076b13fbb54f540f877ae51738c293b19a57e99acfc9cc7e4886828	15	16	d58ac552f9f99029fb0c3187fcccaa2fca70c2c6684be956529150afb1cfe03c	25be382bec0caa1f1db4a0422dac8c05e2c72f1aa87c05e78b376e8722b24e40	airborne-wing-flap-v1
146	Moltres	00	none	shiny	assets/pokemon-walksheets-549/dex-146__species-moltres__form-00__gender-none__palette-shiny__walk-3x4.png	assets/pokemon-runtime-549/dex-146__species-moltres__form-00__gender-none__palette-shiny__walk-3x4.png	pokemon_medium		834bbc41409b2fb8e7adc635ab3a794b53ebe4761974621951243365aa2c543b	ab0885fca712ed20a8fc587a01a6d696b2b5f271fc4b70e4c19f60863e54f6ba	15	16	76050d73a2af845108155caa896f352b0880840951af3a7da88ac6225fdebb65	25be382bec0caa1f1db4a0422dac8c05e2c72f1aa87c05e78b376e8722b24e40	airborne-wing-flap-v1
147	Dratini	00	none	normal	assets/pokemon-walksheets-549/dex-147__species-dratini__form-00__gender-none__palette-normal__walk-3x4.png	assets/pokemon-runtime-549/dex-147__species-dratini__form-00__gender-none__palette-normal__walk-3x4.png	pokemon_medium		8b09bec08e157332cf7c77a8d3b01c96d966726375761b6f5ec7a42162b3cb97	ea1f3222aa9984fa5b3d9ff88ec6f531c1e1e5d48544c13b9753140a67ff6b4c	15	16	a819146b6a36c3e52e817350165e8e9e3a19e0754905044d7883fb37b8387b8b	25be382bec0caa1f1db4a0422dac8c05e2c72f1aa87c05e78b376e8722b24e40	airborne-serpentine-wave-v1
147	Dratini	00	none	shiny	assets/pokemon-walksheets-549/dex-147__species-dratini__form-00__gender-none__palette-shiny__walk-3x4.png	assets/pokemon-runtime-549/dex-147__species-dratini__form-00__gender-none__palette-shiny__walk-3x4.png	pokemon_medium		7b82984e70d39cf0f2818ea950dc16cb3b51fb4ce4b5dee7558c6492e95961f5	590e41446937a6072e7b0e13050325813fa5c045e23de23defdc401fb4e3a3c4	15	16	3e1033f47e17493da7a0f0fe8a2cd809b524b34a455d5e4159b54d106f2f0fce	25be382bec0caa1f1db4a0422dac8c05e2c72f1aa87c05e78b376e8722b24e40	airborne-serpentine-wave-v1
148	Dragonair	00	none	normal	assets/pokemon-walksheets-549/dex-148__species-dragonair__form-00__gender-none__palette-normal__walk-3x4.png	assets/pokemon-runtime-549/dex-148__species-dragonair__form-00__gender-none__palette-normal__walk-3x4.png	pokemon_medium		a44feb7e3fd9764faab4c0a6a0d140aa4b76d8226ea35ef94ce13ac748e5d259	ef795b4856483239836cf99cbb140a80e589c25d78965a01617b9a58ab82cc57	15	16	4a447183e2be5651a32d062154e74b914389bcea1d75fef77561da30c92e06d7	25be382bec0caa1f1db4a0422dac8c05e2c72f1aa87c05e78b376e8722b24e40	airborne-serpentine-wave-v1
148	Dragonair	00	none	shiny	assets/pokemon-walksheets-549/dex-148__species-dragonair__form-00__gender-none__palette-shiny__walk-3x4.png	assets/pokemon-runtime-549/dex-148__species-dragonair__form-00__gender-none__palette-shiny__walk-3x4.png	pokemon_medium		dedb61713081beb4cc23edcee958c6f8531e506e1d2cd0da982d78741e902849	5753b5a412858a4b813089a0312cd3d260245ff020fd268332f09ec3b971786d	15	16	46923379e5db62a6b8b546270abf7b7264a183c102fa77c511fc1d40dda830b9	25be382bec0caa1f1db4a0422dac8c05e2c72f1aa87c05e78b376e8722b24e40	airborne-serpentine-wave-v1
149	Dragonite	00	none	normal	assets/pokemon-walksheets-549/dex-149__species-dragonite__form-00__gender-none__palette-normal__walk-3x4.png	assets/pokemon-runtime-549/dex-149__species-dragonite__form-00__gender-none__palette-normal__walk-3x4.png	pokemon_medium		ecc6f338fcc8ce8fc12cf99f9bfae14b0e18de507877cb60340d3e5ad654e18a	af2e7ef5d785ba40c62b9a0889ca0d6107cd980d92362f3938405263e79e3c8f	15	16	63812f6e72734db8ee90091c4db1af4bb54c2c3361b49db47ccb6b7c704a3d9e	25be382bec0caa1f1db4a0422dac8c05e2c72f1aa87c05e78b376e8722b24e40	airborne-wing-flap-v1
149	Dragonite	00	none	shiny	assets/pokemon-walksheets-549/dex-149__species-dragonite__form-00__gender-none__palette-shiny__walk-3x4.png	assets/pokemon-runtime-549/dex-149__species-dragonite__form-00__gender-none__palette-shiny__walk-3x4.png	pokemon_medium		d465555e073819fb2bb819fda518c71013495a18332f7138899a489c9d9c7ecc	b6e434bc693e55934011f4299b94c88df95efff75e9467381a4fa838d3ba6575	15	16	c572e646dcd4d2a86c25c391ae7c8fb29a3fcfda73a3d28a4aa947cffcc1589f	25be382bec0caa1f1db4a0422dac8c05e2c72f1aa87c05e78b376e8722b24e40	airborne-wing-flap-v1
150	Mewtwo	00	none	normal	assets/pokemon-walksheets-549/dex-150__species-mewtwo__form-00__gender-none__palette-normal__walk-3x4.png	assets/pokemon-runtime-549/dex-150__species-mewtwo__form-00__gender-none__palette-normal__walk-3x4.png	pokemon_medium		43a3609fda250a743a4041186ebe7e17b3efe82a3fa2ad88218933ad2e977e83	917169bcc5bb87f19c83d6b8d0e4846df2a86a4e0e9ecc29aece3333e2193604	15	16	1efbcc03f7421b3909060f5c9752015072e11b3b9e1b050ed486ed6630e44773	25be382bec0caa1f1db4a0422dac8c05e2c72f1aa87c05e78b376e8722b24e40	terrestrial-biped-light-v1
150	Mewtwo	00	none	shiny	assets/pokemon-walksheets-549/dex-150__species-mewtwo__form-00__gender-none__palette-shiny__walk-3x4.png	assets/pokemon-runtime-549/dex-150__species-mewtwo__form-00__gender-none__palette-shiny__walk-3x4.png	pokemon_medium		44936b84edf2db38287470f59b73582237e7a8a49d141e616558a7c4eeac8360	bed7f852bc67d7c699bb3a54b8b3446e50e0446f00e4711c14856e1f208abe0f	15	16	27eb9c5701b1d22f74deea96aa61746541ef71824cd28c94ac03085754fcf9ce	25be382bec0caa1f1db4a0422dac8c05e2c72f1aa87c05e78b376e8722b24e40	terrestrial-biped-light-v1
151	Mew	00	none	normal	assets/pokemon-walksheets-549/dex-151__species-mew__form-00__gender-none__palette-normal__walk-3x4.png	assets/pokemon-runtime-549/dex-151__species-mew__form-00__gender-none__palette-normal__walk-3x4.png	pokemon_medium		53d5ec50b35ff3501ca45bb8885800965800a60a073cd525c73766f9e7c48e99	42efe3ba64b7ef365a55a54fdb33bcec653c7de5c48a492a2d691f50d421509e	14	16	0a4e108ca49efbd7dac6abf18636e6417eaf9e4f13d6ca39fb278af0c8aa91d1	25be382bec0caa1f1db4a0422dac8c05e2c72f1aa87c05e78b376e8722b24e40	airborne-hover-bob-v1
151	Mew	00	none	shiny	assets/pokemon-walksheets-549/dex-151__species-mew__form-00__gender-none__palette-shiny__walk-3x4.png	assets/pokemon-runtime-549/dex-151__species-mew__form-00__gender-none__palette-shiny__walk-3x4.png	pokemon_medium		0b0b0084005b854d006408bc131b9b24e2d2e5fff31773ccf82dd0771bbc55e3	77fa14baf6719b144238d1121f4b00984d384c73df755043af466d4f39ebd46c	14	16	b7fe4be3773bc3f57c1c4844630553075737cffb95a4030987d8ab3a8b3e195a	25be382bec0caa1f1db4a0422dac8c05e2c72f1aa87c05e78b376e8722b24e40	airborne-hover-bob-v1
152	Chikorita	00	none	shiny	assets/pokemon-walksheets-549/dex-152__species-chikorita__form-00__gender-none__palette-shiny__walk-3x4.png	assets/pokemon-runtime-549/dex-152__species-chikorita__form-00__gender-none__palette-shiny__walk-3x4.png	pokemon_medium		33d5ac3d322a59380fc2b137f7656f5f745c0d87f6c3604be7e5bf58eed0c53f	0869a72682980e4f677caa4f1f6fa0910c4a28258f23ae5a88ecb832cee3b3d4	15	16	6c8e35e194bb59e5c26d9d427edf92160f02492588a41735afe710e6af46d8c0	25be382bec0caa1f1db4a0422dac8c05e2c72f1aa87c05e78b376e8722b24e40	terrestrial-quadruped-light-v1
153	Bayleef	00	none	shiny	assets/pokemon-walksheets-549/dex-153__species-bayleef__form-00__gender-none__palette-shiny__walk-3x4.png	assets/pokemon-runtime-549/dex-153__species-bayleef__form-00__gender-none__palette-shiny__walk-3x4.png	pokemon_medium		48f3fd92b110e48cc24e5d2c0ab420b763f2398d919e33981ba61269ed8881f3	b52ecf6b6b0b58759942f7d423d8f4629509df784968c636ad9722ed1fa91c5f	14	16	0ae75b0efb0d841bdf7ec531c0aaebcc1b137cdbbc595cc84c9810ab97e2454d	25be382bec0caa1f1db4a0422dac8c05e2c72f1aa87c05e78b376e8722b24e40	terrestrial-quadruped-light-v1
154	Meganium	00	none	shiny	assets/pokemon-walksheets-549/dex-154__species-meganium__form-00__gender-none__palette-shiny__walk-3x4.png	assets/pokemon-runtime-549/dex-154__species-meganium__form-00__gender-none__palette-shiny__walk-3x4.png	pokemon_medium		d6f31ff7c8bf0755385e23e3cd4260d44a3b619b8e857487fb3e205457dd8422	4cd38e606a36cfb5d39caec94a779d998127a7d17f486c4bcf14f018c571f194	15	16	671e34a4c49d29cdea51e136a242a36ffc0aa692630c4e3661bf304c207501f3	25be382bec0caa1f1db4a0422dac8c05e2c72f1aa87c05e78b376e8722b24e40	terrestrial-quadruped-heavy-v1
155	Cyndaquil	00	none	shiny	assets/pokemon-walksheets-549/dex-155__species-cyndaquil__form-00__gender-none__palette-shiny__walk-3x4.png	assets/pokemon-runtime-549/dex-155__species-cyndaquil__form-00__gender-none__palette-shiny__walk-3x4.png	pokemon_medium		83fc1d1997f17f12c7c388c4bd705502f08da0de3ab2b47e52a55db6d6d92862	14bb9ce2876baf4477acabcac8e14754e048983c3c60f4f8f6e6dbc69f9dda45	15	16	d7dee0c540a398cd381fde9b39152b7cf8de1664e4f1ca0b981c42645fd13ad5	25be382bec0caa1f1db4a0422dac8c05e2c72f1aa87c05e78b376e8722b24e40	terrestrial-quadruped-light-v1
156	Quilava	00	none	shiny	assets/pokemon-walksheets-549/dex-156__species-quilava__form-00__gender-none__palette-shiny__walk-3x4.png	assets/pokemon-runtime-549/dex-156__species-quilava__form-00__gender-none__palette-shiny__walk-3x4.png	pokemon_medium		af307b2646f56acc4356be5adb6bbb34d83d07eb91121186913884d7f3e20904	cdbc2eb8ec1071104d9a1284efa01b0c9e7cff4858d71dba83c0debc54d7b7f3	15	16	8aa9a41c5130cea5445c3a0a17edefe8da9a6155d0c8fdc12ae012ed472c80bd	25be382bec0caa1f1db4a0422dac8c05e2c72f1aa87c05e78b376e8722b24e40	terrestrial-quadruped-light-v1
157	Typhlosion	00	none	shiny	assets/pokemon-walksheets-549/dex-157__species-typhlosion__form-00__gender-none__palette-shiny__walk-3x4.png	assets/pokemon-runtime-549/dex-157__species-typhlosion__form-00__gender-none__palette-shiny__walk-3x4.png	pokemon_medium		8c588be048c42c17e462273eba950b32c555b424fce245a9f2c93d9992e7deee	fd6153a1927f14a88db5c794e719b89b972153cf12aa7006aeead633814f604b	15	16	74f27dd707fa50d9afe990b725db2b39f16961d2945bf81c5ed8d572740e58d3	25be382bec0caa1f1db4a0422dac8c05e2c72f1aa87c05e78b376e8722b24e40	terrestrial-biped-heavy-v1
158	Totodile	00	none	shiny	assets/pokemon-walksheets-549/dex-158__species-totodile__form-00__gender-none__palette-shiny__walk-3x4.png	assets/pokemon-runtime-549/dex-158__species-totodile__form-00__gender-none__palette-shiny__walk-3x4.png	pokemon_medium		2bfb73765cb5a0942d710f3f6966ba0280a8912e064fc8e109080a44d71aa2cd	24c28193e87876590ee70e4d532d41c9a9c35e7079edd671a785e60fca505be0	15	16	e13cf358cebcca176cb1b99867ddfb2ef34c95233d5dd25d607ef9bd398e2a8a	25be382bec0caa1f1db4a0422dac8c05e2c72f1aa87c05e78b376e8722b24e40	terrestrial-biped-light-v1
159	Croconaw	00	none	shiny	assets/pokemon-walksheets-549/dex-159__species-croconaw__form-00__gender-none__palette-shiny__walk-3x4.png	assets/pokemon-runtime-549/dex-159__species-croconaw__form-00__gender-none__palette-shiny__walk-3x4.png	pokemon_medium		1d9c86d463dfbe8248047d02f33bdbd17918603fd867ab2909f030f49ab7cb9d	156eee472a748ed3c01dbdeb61dd5e7e904919b1dd17bed6dcf89fcde8ab8831	13	16	dffc61302fddf5b1361a202fe97fd1ef0e1a54a4b48cd0fceb4c781af38e9017	25be382bec0caa1f1db4a0422dac8c05e2c72f1aa87c05e78b376e8722b24e40	terrestrial-biped-light-v1
160	Feraligatr	00	none	shiny	assets/pokemon-walksheets-549/dex-160__species-feraligatr__form-00__gender-none__palette-shiny__walk-3x4.png	assets/pokemon-runtime-549/dex-160__species-feraligatr__form-00__gender-none__palette-shiny__walk-3x4.png	pokemon_medium		2591028336cc5000e49d7478e97f1a34b0c28b4d35cb81e92ead2c8df3355601	a10ad647a655a934e4fe67bc4dae6e72ccfc13619052e225aedecfbf22a87a18	15	16	eafc5de68e1be2010b6115c27bad8464bd0bc594f44113ea9d75b62f4f1bdf2b	25be382bec0caa1f1db4a0422dac8c05e2c72f1aa87c05e78b376e8722b24e40	terrestrial-biped-heavy-v1
161	Sentret	00	none	shiny	assets/pokemon-walksheets-549/dex-161__species-sentret__form-00__gender-none__palette-shiny__walk-3x4.png	assets/pokemon-runtime-549/dex-161__species-sentret__form-00__gender-none__palette-shiny__walk-3x4.png	pokemon_medium		ceae36c6c0897ba9d48a30be8a2fa85e3b38abcce48672b1d6ec48911b58dc39	9846f9cdabcf842ba0734992fe986ece12b33a5ca90700bfd7b7c48c41695ce0	15	16	8fe92429a394d43031ec598ee88074a5af9fac1331be3e4c86bd562c564d7ea3	25be382bec0caa1f1db4a0422dac8c05e2c72f1aa87c05e78b376e8722b24e40	terrestrial-biped-light-v1
162	Furret	00	none	shiny	assets/pokemon-walksheets-549/dex-162__species-furret__form-00__gender-none__palette-shiny__walk-3x4.png	assets/pokemon-runtime-549/dex-162__species-furret__form-00__gender-none__palette-shiny__walk-3x4.png	pokemon_medium		527706b6758717e44838e6fad4f66640d6455be4697f6b0b6afb92849b22304c	5c6d73420a1b8323d24b28172ade16df6cefa68a8651092b2737aa2d86f93354	15	16	a60775566c7bcf38cd8a95def0c519c525f50546e058dc069f53af6a50aa40e1	25be382bec0caa1f1db4a0422dac8c05e2c72f1aa87c05e78b376e8722b24e40	terrestrial-quadruped-light-v1
163	Hoothoot	00	none	shiny	assets/pokemon-walksheets-549/dex-163__species-hoothoot__form-00__gender-none__palette-shiny__walk-3x4.png	assets/pokemon-runtime-549/dex-163__species-hoothoot__form-00__gender-none__palette-shiny__walk-3x4.png	pokemon_medium		71e3df0ed3899a9f3fedc09f566b239bf9016e1789b1bcb576d9425f463f3d04	499e2a75b2388d23b49d8c6ccbc97937208044dd717b7d9d5838e7e5b8f68a43	14	16	8817853246ede5047b7cf6957e3c00e474cf5d928d7d268d45dabb087f9a4aab	25be382bec0caa1f1db4a0422dac8c05e2c72f1aa87c05e78b376e8722b24e40	airborne-wing-flap-v1
164	Noctowl	00	none	shiny	assets/pokemon-walksheets-549/dex-164__species-noctowl__form-00__gender-none__palette-shiny__walk-3x4.png	assets/pokemon-runtime-549/dex-164__species-noctowl__form-00__gender-none__palette-shiny__walk-3x4.png	pokemon_medium		9507f4f8bf44d4da9078d3a49acf99f8c5cbeeee3795d56811a307e4db7f6172	cb1c9fa3693604016aff799daf8e651302000695de9d8806302a69c4d10b8469	15	16	dafbab3fa62493dffe382965f6a414b9bd0a3fff5e62eca51b556de2cff96445	25be382bec0caa1f1db4a0422dac8c05e2c72f1aa87c05e78b376e8722b24e40	airborne-wing-flap-v1
167	Spinarak	00	none	shiny	assets/pokemon-walksheets-549/dex-167__species-spinarak__form-00__gender-none__palette-shiny__walk-3x4.png	assets/pokemon-runtime-549/dex-167__species-spinarak__form-00__gender-none__palette-shiny__walk-3x4.png	pokemon_medium		4dab2ef03da7443912c978cd9ab5cb2fbbf16d79baa7c559ca8c1aa1737a09a9	aafc6427bb988bba8bed01d552645cf295aeb2787f4fe1c2098c32a53c7ea8e9	15	8	81da0ce40d61dbccadcfe36862ec515da7ff2e9b88f2b0241232e35f5e597a38	25be382bec0caa1f1db4a0422dac8c05e2c72f1aa87c05e78b376e8722b24e40	terrestrial-multiped-crawl-v1
168	Ariados	00	none	shiny	assets/pokemon-walksheets-549/dex-168__species-ariados__form-00__gender-none__palette-shiny__walk-3x4.png	assets/pokemon-runtime-549/dex-168__species-ariados__form-00__gender-none__palette-shiny__walk-3x4.png	pokemon_medium		21e83320c19f367eac9ca54374cfc81cab453cd833ec1990280bac3d1a706d91	1962c86f79ba89f4bc3bebdac9199c90f8f3aac1a6e38cc829c8118bc0cb3561	15	13	4969cc2301a406ee79c7600bca7a24cdcbf4a5495b099a4ab932c18eabc66883	25be382bec0caa1f1db4a0422dac8c05e2c72f1aa87c05e78b376e8722b24e40	terrestrial-multiped-crawl-v1
169	Crobat	00	none	shiny	assets/pokemon-walksheets-549/dex-169__species-crobat__form-00__gender-none__palette-shiny__walk-3x4.png	assets/pokemon-runtime-549/dex-169__species-crobat__form-00__gender-none__palette-shiny__walk-3x4.png	pokemon_medium		51ad692b257c1e71ea90900b908dbeea5142f54cb34d8446508ec7c22d963d52	d63f9e3de24eb118126a2e36bd6b7909281f72fa46b3630ed1ad598360daddd6	11	16	bbd5bf96070ba01a2650fa7579333134aeabc3f4c3f9bbf59338ff566b8ad5fd	25be382bec0caa1f1db4a0422dac8c05e2c72f1aa87c05e78b376e8722b24e40	airborne-wing-flap-v1
170	Chinchou	00	none	shiny	assets/pokemon-walksheets-549/dex-170__species-chinchou__form-00__gender-none__palette-shiny__walk-3x4.png	assets/pokemon-runtime-549/dex-170__species-chinchou__form-00__gender-none__palette-shiny__walk-3x4.png	pokemon_medium		3ebfb1445e6ab9f1026f11eae161bcd9564e6e2933bd22464b621aeac66adc45	25b5754b3a815a93a24ca8df2e4fb4bc329226974321403b1b563a993d42c142	15	13	4fe0eba7d6c08fb8fcbed6da4dda5f1096acd9416d52451f1fab453aa041db30	25be382bec0caa1f1db4a0422dac8c05e2c72f1aa87c05e78b376e8722b24e40	aquatic-fin-swim-v1
171	Lanturn	00	none	shiny	assets/pokemon-walksheets-549/dex-171__species-lanturn__form-00__gender-none__palette-shiny__walk-3x4.png	assets/pokemon-runtime-549/dex-171__species-lanturn__form-00__gender-none__palette-shiny__walk-3x4.png	pokemon_medium		73da77a979a0451e863eb028d5d5588a6413b27d55c5f5438f3ba38de4e1ea21	63740bbaa0db5f213eac3f51743721427a3ee79d8c868cb4a6f88e753e07721b	15	16	16fca100d29758b40ee0f752354339e96093134c0e668160be4391e9bad0b756	25be382bec0caa1f1db4a0422dac8c05e2c72f1aa87c05e78b376e8722b24e40	aquatic-fin-swim-v1
173	Cleffa	00	none	shiny	assets/pokemon-walksheets-549/dex-173__species-cleffa__form-00__gender-none__palette-shiny__walk-3x4.png	assets/pokemon-runtime-549/dex-173__species-cleffa__form-00__gender-none__palette-shiny__walk-3x4.png	pokemon_medium		7468cc9a3287fea41519fedcece2ad2abc279ca2c4e02356886f3d055f4c8479	7c7ac7d4de98e62bd01a5e9f7723d8c6575364bd7844416499d21c2ea7afa58c	15	14	92a89508cfec18557b4162ac0dd4978c91dc18a2162ce877c3ff6461911231b1	25be382bec0caa1f1db4a0422dac8c05e2c72f1aa87c05e78b376e8722b24e40	terrestrial-biped-light-v1
174	Igglybuff	00	none	shiny	assets/pokemon-walksheets-549/dex-174__species-igglybuff__form-00__gender-none__palette-shiny__walk-3x4.png	assets/pokemon-runtime-549/dex-174__species-igglybuff__form-00__gender-none__palette-shiny__walk-3x4.png	pokemon_medium		c8b9136505acb975b2141e258563d5a9b49a714bb4923b1f87e8af788bf79deb	1194e75b216872af611aecc3293289181f593113e7b3d0869444717ec695ca1f	13	16	17f1445dcb26fa1ab5d6135e0960dbce143eee3365368186baf41d12f8cb75cc	25be382bec0caa1f1db4a0422dac8c05e2c72f1aa87c05e78b376e8722b24e40	terrestrial-biped-light-v1
175	Togepi	00	none	shiny	assets/pokemon-walksheets-549/dex-175__species-togepi__form-00__gender-none__palette-shiny__walk-3x4.png	assets/pokemon-runtime-549/dex-175__species-togepi__form-00__gender-none__palette-shiny__walk-3x4.png	pokemon_medium		dd2f01454c372c285694a085e771839f22f9a041e1d114481e4ecd1fa7fe1d31	736afa3d6e3855ba49f71f6cca4ce9be76d7dc4fc999a2178509105805f0ff7b	15	16	571288de6d33f3b109612ac0d8db060aae95c5f2e6a655e1c4161c001e6ec9eb	25be382bec0caa1f1db4a0422dac8c05e2c72f1aa87c05e78b376e8722b24e40	terrestrial-biped-light-v1
176	Togetic	00	none	shiny	assets/pokemon-walksheets-549/dex-176__species-togetic__form-00__gender-none__palette-shiny__walk-3x4.png	assets/pokemon-runtime-549/dex-176__species-togetic__form-00__gender-none__palette-shiny__walk-3x4.png	pokemon_medium		a8d4e1830467eabc12517619c7696cf856e16c12d0265be899694fc254ff5cba	4f5a642bba895aa2dba234887a3fae888cbb626e0ea475d1a5e8fe9ce571cf56	13	16	4ab15c57f37e8c4590a06d5948fbfb68942f94cae89444ae90bf944f636da598	25be382bec0caa1f1db4a0422dac8c05e2c72f1aa87c05e78b376e8722b24e40	airborne-wing-flap-v1
177	Natu	00	none	shiny	assets/pokemon-walksheets-549/dex-177__species-natu__form-00__gender-none__palette-shiny__walk-3x4.png	assets/pokemon-runtime-549/dex-177__species-natu__form-00__gender-none__palette-shiny__walk-3x4.png	pokemon_medium		2736e45b0081673f83f6e4539f782afcd3b6f5586533e853d870f57b4d487389	49605ea8aac213a1f182764ba526c0444f9bc9515cfe0f29381ec322483c701c	15	15	6623978f506b8dce8fd333eed039321d64999e2a9530386eab1e204da2024f30	25be382bec0caa1f1db4a0422dac8c05e2c72f1aa87c05e78b376e8722b24e40	ground-hop-bounce-v1
178	Xatu	00	none	shiny	assets/pokemon-walksheets-549/dex-178__species-xatu__form-00__gender-none__palette-shiny__walk-3x4.png	assets/pokemon-runtime-549/dex-178__species-xatu__form-00__gender-none__palette-shiny__walk-3x4.png	pokemon_medium		9fe6c46537cdcdc3986854b3db70c0e4bc2b2b313d9a4bc02899f9a0516ce1d6	c25c38f53299fd7b7a670fef022c04a883121d482c805b6234ecc5552398b8c6	15	11	7e5dd5af609307bc654c1168c496ca8766085f36d55f3c0e66aa6fc9888e5e95	25be382bec0caa1f1db4a0422dac8c05e2c72f1aa87c05e78b376e8722b24e40	airborne-wing-flap-v1
179	Mareep	00	none	shiny	assets/pokemon-walksheets-549/dex-179__species-mareep__form-00__gender-none__palette-shiny__walk-3x4.png	assets/pokemon-runtime-549/dex-179__species-mareep__form-00__gender-none__palette-shiny__walk-3x4.png	pokemon_medium		329663e57806f9cff17b40546abf3a35eb9fe53b776185941daf183033445e44	457509f343b5b998fb0c192fec7afa8ad2df16ba5e5adc48525e625cea6bb324	15	16	94c19b43ca5f187a84514afc1c8e56f04fe7621c31c0fff06cd493e322efff39	25be382bec0caa1f1db4a0422dac8c05e2c72f1aa87c05e78b376e8722b24e40	terrestrial-quadruped-light-v1
180	Flaaffy	00	none	shiny	assets/pokemon-walksheets-549/dex-180__species-flaaffy__form-00__gender-none__palette-shiny__walk-3x4.png	assets/pokemon-runtime-549/dex-180__species-flaaffy__form-00__gender-none__palette-shiny__walk-3x4.png	pokemon_medium		74d93952581309026a6a58c48aa608b0a670d7ce9d925e19d63e35400437655f	f19c357bee70831c04d66e28bce4c657fafa7931ecd2875238e98523df43040f	15	16	afaee5967642012045e478cc2b35f0dec23c166cf479956ef2a35964858c86d6	25be382bec0caa1f1db4a0422dac8c05e2c72f1aa87c05e78b376e8722b24e40	terrestrial-biped-light-v1
181	Ampharos	00	none	shiny	assets/pokemon-walksheets-549/dex-181__species-ampharos__form-00__gender-none__palette-shiny__walk-3x4.png	assets/pokemon-runtime-549/dex-181__species-ampharos__form-00__gender-none__palette-shiny__walk-3x4.png	pokemon_medium		ebfd5693513f77464337378ff69cfe527bf171c1acf201cefd6cdab1f5cf2001	3cc9ddecccede6e4ccc7eb26e14db2b6c228528ed3294fc77ed6893891b3231f	12	16	ae26cb0f34dbc7116cc01cbe83249ec46cc1ee25a1b334d73832ae12ea883e7f	25be382bec0caa1f1db4a0422dac8c05e2c72f1aa87c05e78b376e8722b24e40	terrestrial-biped-light-v1
182	Bellossom	00	none	shiny	assets/pokemon-walksheets-549/dex-182__species-bellossom__form-00__gender-none__palette-shiny__walk-3x4.png	assets/pokemon-runtime-549/dex-182__species-bellossom__form-00__gender-none__palette-shiny__walk-3x4.png	pokemon_medium		56713782807c1d441020dde308a176aa4a9017ce6677d5f6b074e3212f0a7480	e9a3f235c0a19e5f25154d3c382016c7e5bd7c864e97e849051970f92b6c1f56	14	16	a87762809b5dd5c776a3e9403156bd1b3a06ea0ac5181fbf950f0101b777559d	25be382bec0caa1f1db4a0422dac8c05e2c72f1aa87c05e78b376e8722b24e40	terrestrial-biped-light-v1
183	Marill	00	none	shiny	assets/pokemon-walksheets-549/dex-183__species-marill__form-00__gender-none__palette-shiny__walk-3x4.png	assets/pokemon-runtime-549/dex-183__species-marill__form-00__gender-none__palette-shiny__walk-3x4.png	pokemon_medium		9b88af48790db76bac45451ce266d1df1b91571b4a0bdf979c03deeba23d2246	c04eb9bf5295fbdbe053ad24ba87c55f48d17f0a49cb60500c61bbc8ca80144e	15	16	d3fe046fca3916a340ab00c58e6fee7c985c21f91f074822bbc0255b69b30e09	25be382bec0caa1f1db4a0422dac8c05e2c72f1aa87c05e78b376e8722b24e40	terrestrial-biped-light-v1
184	Azumarill	00	none	shiny	assets/pokemon-walksheets-549/dex-184__species-azumarill__form-00__gender-none__palette-shiny__walk-3x4.png	assets/pokemon-runtime-549/dex-184__species-azumarill__form-00__gender-none__palette-shiny__walk-3x4.png	pokemon_medium		606655fce04491f6d4d07e39072d421df9190dd5c9e9433260dcb09c81795334	0d2c0a8f8f7fc240a41241917a349082c92479b9eeaf2c4bdc8dcae505bf8f54	15	15	66b964b050a8fb2aa291d863ecd569122daae3175765daf58902f396aeea0d1e	25be382bec0caa1f1db4a0422dac8c05e2c72f1aa87c05e78b376e8722b24e40	terrestrial-biped-light-v1
185	Sudowoodo	00	none	shiny	assets/pokemon-walksheets-549/dex-185__species-sudowoodo__form-00__gender-none__palette-shiny__walk-3x4.png	assets/pokemon-runtime-549/dex-185__species-sudowoodo__form-00__gender-none__palette-shiny__walk-3x4.png	pokemon_medium		1eaf12a79dd88d736b3dc84ef93a9185359401ebb365e39c48c9dd65b69f97e3	e7bf924420e3778bad52fd2997478488bf332444992437fa6206207e4b25832e	12	13	177c046ec854d8bca89a2101921988fd131396b419e9754325c7fef045017e44	25be382bec0caa1f1db4a0422dac8c05e2c72f1aa87c05e78b376e8722b24e40	terrestrial-biped-light-v1
186	Politoed	00	none	shiny	assets/pokemon-walksheets-549/dex-186__species-politoed__form-00__gender-none__palette-shiny__walk-3x4.png	assets/pokemon-runtime-549/dex-186__species-politoed__form-00__gender-none__palette-shiny__walk-3x4.png	pokemon_medium		6ec713e6c600e22eeb9e2f2d0acaf635edcef0c70f669f7b47a432ee84da0e83	637040edcbcf677dfbc4c2088ea0c51ca676a4bb8228047335607dd0b201d801	15	16	b75e3a659b830fd0520ec12082fcc908b2d18256efe678ecebca942135d98cf8	25be382bec0caa1f1db4a0422dac8c05e2c72f1aa87c05e78b376e8722b24e40	terrestrial-biped-light-v1
187	Hoppip	00	none	shiny	assets/pokemon-walksheets-549/dex-187__species-hoppip__form-00__gender-none__palette-shiny__walk-3x4.png	assets/pokemon-runtime-549/dex-187__species-hoppip__form-00__gender-none__palette-shiny__walk-3x4.png	pokemon_medium		62ffb8cb65a26be6ad0cc91b0f5d444b0a4616643e2fedd9598d674108c48a47	556d7fd6743dc0a43e7c675de7992d07455c279ca527a8c399956b5af5b55a95	15	16	76c4ae43d852efd16d3bd04be6cfbe4000b017ff403be7e8656f7b80e0ab0033	25be382bec0caa1f1db4a0422dac8c05e2c72f1aa87c05e78b376e8722b24e40	airborne-hover-bob-v1
188	Skiploom	00	none	shiny	assets/pokemon-walksheets-549/dex-188__species-skiploom__form-00__gender-none__palette-shiny__walk-3x4.png	assets/pokemon-runtime-549/dex-188__species-skiploom__form-00__gender-none__palette-shiny__walk-3x4.png	pokemon_medium		5daa529d4061bb27c1ac65c684f90a7473abfc3dce9e14bb1ada65a22cac12e9	ef422a27b07f08a7685e111f5af287be286d7414b140d9f6b0399fb60436c8ad	15	14	2b0cecf1abef6c727412c12c70643fa32cd1f8760884355a8c8fd995013be87b	25be382bec0caa1f1db4a0422dac8c05e2c72f1aa87c05e78b376e8722b24e40	airborne-hover-bob-v1
189	Jumpluff	00	none	shiny	assets/pokemon-walksheets-549/dex-189__species-jumpluff__form-00__gender-none__palette-shiny__walk-3x4.png	assets/pokemon-runtime-549/dex-189__species-jumpluff__form-00__gender-none__palette-shiny__walk-3x4.png	pokemon_medium		61725eb85a01e4130503ec44620f6b18d141acab406c7341de3f6baeb3e54a4a	d60f1aad3673cc647dd3d7bd3215544a8db43fa03cf90d41dd2c7c3fc2137555	15	16	df2e676bdc18bcc6e65e4a3cd7caefa34b6f4d0a22d35130c7f7008898108e69	25be382bec0caa1f1db4a0422dac8c05e2c72f1aa87c05e78b376e8722b24e40	airborne-hover-bob-v1
190	Aipom	00	none	shiny	assets/pokemon-walksheets-549/dex-190__species-aipom__form-00__gender-none__palette-shiny__walk-3x4.png	assets/pokemon-runtime-549/dex-190__species-aipom__form-00__gender-none__palette-shiny__walk-3x4.png	pokemon_medium		e523a6f64a077b13fcd4965e8d0fe5006f418237522f0bbfe9ef1b9a31c13c06	d1f559791aeb731066f19c12f2116858fe36644f755b97a7b7abfa88fa9114df	15	16	7e4cea7025dcf0088da251b8e4a9caff53ba3a7a01633a2d636cd9d7a4e03406	25be382bec0caa1f1db4a0422dac8c05e2c72f1aa87c05e78b376e8722b24e40	terrestrial-biped-light-v1
191	Sunkern	00	none	shiny	assets/pokemon-walksheets-549/dex-191__species-sunkern__form-00__gender-none__palette-shiny__walk-3x4.png	assets/pokemon-runtime-549/dex-191__species-sunkern__form-00__gender-none__palette-shiny__walk-3x4.png	pokemon_medium		120812e9b8c09b5cf61b2288a8e9c1bac65cbcf6f40cd9c500d835d1f2644566	3951e99caca210f571bd6bb1afa0fe203577d135a639db68fd63b81871403249	13	16	01800bf0b47f948c47bdac43efcf046043ea4be982f10352c358972025e651f4	25be382bec0caa1f1db4a0422dac8c05e2c72f1aa87c05e78b376e8722b24e40	ground-hop-bounce-v1
192	Sunflora	00	none	shiny	assets/pokemon-walksheets-549/dex-192__species-sunflora__form-00__gender-none__palette-shiny__walk-3x4.png	assets/pokemon-runtime-549/dex-192__species-sunflora__form-00__gender-none__palette-shiny__walk-3x4.png	pokemon_medium		5edc93682e173a6e867ceb85b54622687f06b7a882009f5f24e751a9c1af44a9	7364138295128faa5e451b06d49a34ca4d950e15b7f245352c84e1c6096ca2ef	15	16	43f10408fa205129cb3ce124bd555c6f4a1d1c00ab477497884317d94959b4eb	25be382bec0caa1f1db4a0422dac8c05e2c72f1aa87c05e78b376e8722b24e40	terrestrial-biped-light-v1
193	Yanma	00	none	shiny	assets/pokemon-walksheets-549/dex-193__species-yanma__form-00__gender-none__palette-shiny__walk-3x4.png	assets/pokemon-runtime-549/dex-193__species-yanma__form-00__gender-none__palette-shiny__walk-3x4.png	pokemon_medium		810dcf3fc446f8d2429153d63d64ad41d031a03af233bcced6fa6c932086cce0	2a507ebc272ec8c7ddbf4ba5b16987ee05cae77a368d329e6607128c23462c4a	15	14	e03274625dcbde893277ad0a24878ced7aeacecb3ac88255fafabb78d619901d	25be382bec0caa1f1db4a0422dac8c05e2c72f1aa87c05e78b376e8722b24e40	airborne-wing-flap-v1
194	Wooper	00	none	shiny	assets/pokemon-walksheets-549/dex-194__species-wooper__form-00__gender-none__palette-shiny__walk-3x4.png	assets/pokemon-runtime-549/dex-194__species-wooper__form-00__gender-none__palette-shiny__walk-3x4.png	pokemon_medium		8cacb1aa40096e651830d3f4fce94c6840fa4f1eeafaf30cb168c8d0412ae491	4efa5819e117b3ecffb56bfa2b00ac66820bcb015424a105cfc71f59920c73dc	15	16	03972acc8232f6ef5bc71ff10e123234ef7126b74634ee510bec4d281ee45c6b	25be382bec0caa1f1db4a0422dac8c05e2c72f1aa87c05e78b376e8722b24e40	terrestrial-quadruped-light-v1
195	Quagsire	00	none	shiny	assets/pokemon-walksheets-549/dex-195__species-quagsire__form-00__gender-none__palette-shiny__walk-3x4.png	assets/pokemon-runtime-549/dex-195__species-quagsire__form-00__gender-none__palette-shiny__walk-3x4.png	pokemon_medium		b871fd3023509b6da8217ab74a640edb338c36775b1979cf3d264f2b6a648552	8d6ed035e84f16bfecfd8186ffea8dcd0dad5c526ac09366fb9518878ace7f54	15	16	86ac34668ef8d6dcff95965f93e8ba20bfab5ef7aeeff3c7a75876abf4d6e8e8	25be382bec0caa1f1db4a0422dac8c05e2c72f1aa87c05e78b376e8722b24e40	terrestrial-biped-heavy-v1
197	Umbreon	00	none	shiny	assets/pokemon-walksheets-549/dex-197__species-umbreon__form-00__gender-none__palette-shiny__walk-3x4.png	assets/pokemon-runtime-549/dex-197__species-umbreon__form-00__gender-none__palette-shiny__walk-3x4.png	pokemon_medium		89978020438f9430e6776731c8e40a7684899642d9dec8d4fdebee186fa796ba	363c0ca9a86aa2f16e971f4b284e69751c3143b1fb4371ab130414ed0f0deb95	15	16	938502d6a5d2ca81c69559c344dd25bb01b92b207bc4712a94c5f5e2e963e878	25be382bec0caa1f1db4a0422dac8c05e2c72f1aa87c05e78b376e8722b24e40	terrestrial-quadruped-light-v1
199	Slowking	00	none	shiny	assets/pokemon-walksheets-549/dex-199__species-slowking__form-00__gender-none__palette-shiny__walk-3x4.png	assets/pokemon-runtime-549/dex-199__species-slowking__form-00__gender-none__palette-shiny__walk-3x4.png	pokemon_medium		628d928da7ec3a801a4ab04aba614e2196b79d4785c6eb5d96f6321712e5675a	88da9070c0666254bf53b6547fa326c67fc5b61679ec425c99e8cb71c3a70ed6	13	16	b7b3c7928f04aba299e19756119860eff20bc35129db61e2a61943993785ee08	25be382bec0caa1f1db4a0422dac8c05e2c72f1aa87c05e78b376e8722b24e40	terrestrial-biped-heavy-v1
200	Misdreavus	00	none	shiny	assets/pokemon-walksheets-549/dex-200__species-misdreavus__form-00__gender-none__palette-shiny__walk-3x4.png	assets/pokemon-runtime-549/dex-200__species-misdreavus__form-00__gender-none__palette-shiny__walk-3x4.png	pokemon_medium		46607216bd712f554ac79c54c4e0c3a456ae4a36ea1e23f744b3d199c5bae505	5aed701b3859c69442e0c4efb59ba580c40a6c118cdcb063641ccf409885d7c6	15	16	b6e2925faaa6a5c2c1b2fd299081b3750e19f21ae2c2724d7bfc873174c09559	25be382bec0caa1f1db4a0422dac8c05e2c72f1aa87c05e78b376e8722b24e40	airborne-hover-bob-v1
201	Unown	11	none	shiny	assets/pokemon-walksheets-549/dex-201__species-unown__form-11__gender-none__palette-shiny__walk-3x4.png	assets/pokemon-runtime-549/dex-201__species-unown__form-11__gender-none__palette-shiny__walk-3x4.png	pokemon_medium		793b083e25755a129d6478e199243b625a5b563338e0f4b18a61b64d6f804dd2	6a546f15530c37edd4ea0267199c0fc9e79e20662ca28b899f1cb43805b44b66	9	16	147068640407bfb18c0ea3df3c9af9b0e5966e712084af6eb46a9b34618bacf5	25be382bec0caa1f1db4a0422dac8c05e2c72f1aa87c05e78b376e8722b24e40	airborne-hover-bob-v1
202	Wobbuffet	00	none	shiny	assets/pokemon-walksheets-549/dex-202__species-wobbuffet__form-00__gender-none__palette-shiny__walk-3x4.png	assets/pokemon-runtime-549/dex-202__species-wobbuffet__form-00__gender-none__palette-shiny__walk-3x4.png	pokemon_medium		e7d3bc5dd3436846a868d94a49d4671d846ba0bf646979612d75abcd996b9578	0fcc79e5986e46c1517c69a8604b6f56823c1bc7c0688ce3f02874f58ed4b6ab	13	16	543e0d8f12c01cf4997bc36a05da5832c57772bc613067d7d79b432c8f9330fe	25be382bec0caa1f1db4a0422dac8c05e2c72f1aa87c05e78b376e8722b24e40	amorphous-ground-sway-v1
203	Girafarig	00	none	shiny	assets/pokemon-walksheets-549/dex-203__species-girafarig__form-00__gender-none__palette-shiny__walk-3x4.png	assets/pokemon-runtime-549/dex-203__species-girafarig__form-00__gender-none__palette-shiny__walk-3x4.png	pokemon_medium		b0703ac981a7ff93e1ac319ef24e0ef3e9601b8b4d43ec7f9e547cae278508bc	8d861adae7719ff7fbe4066d49b0b9da6eb0f2e2c90cd01f475378811df6ad7d	15	16	de813f0def265635ed0639905120d48287250caf1eb5de966272e456ef3fe401	25be382bec0caa1f1db4a0422dac8c05e2c72f1aa87c05e78b376e8722b24e40	terrestrial-quadruped-light-v1
204	Pineco	00	none	shiny	assets/pokemon-walksheets-549/dex-204__species-pineco__form-00__gender-none__palette-shiny__walk-3x4.png	assets/pokemon-runtime-549/dex-204__species-pineco__form-00__gender-none__palette-shiny__walk-3x4.png	pokemon_medium		6147679b29f60e14c357c613316eef7635507505846c78480e66e833f188851f	a9dea568155a95d0e15545eebe638487f54ccba546778406119a3a401e26a9de	15	16	334fef5daacd903812e59b55e9d5108d03c6fbdd1290f3ce18e64e5d7870a3e9	25be382bec0caa1f1db4a0422dac8c05e2c72f1aa87c05e78b376e8722b24e40	rooted-or-cocoon-sway-v1
205	Forretress	00	none	shiny	assets/pokemon-walksheets-549/dex-205__species-forretress__form-00__gender-none__palette-shiny__walk-3x4.png	assets/pokemon-runtime-549/dex-205__species-forretress__form-00__gender-none__palette-shiny__walk-3x4.png	pokemon_medium		958f8386c60401afef7a4f87767f5fcaff078c4a60e8001ed7222e8877af2590	a1f0486aa47b88c0d56e11ff4eadb39a185d07c7835734191bc85211125e5b65	15	15	48904c32878c698cbf62628ee31e4de0d593d54ae94fbf95b7f19cefdbc8d363	25be382bec0caa1f1db4a0422dac8c05e2c72f1aa87c05e78b376e8722b24e40	rooted-or-cocoon-sway-v1
206	Dunsparce	00	none	shiny	assets/pokemon-walksheets-549/dex-206__species-dunsparce__form-00__gender-none__palette-shiny__walk-3x4.png	assets/pokemon-runtime-549/dex-206__species-dunsparce__form-00__gender-none__palette-shiny__walk-3x4.png	pokemon_medium		4d3e181741142aa8fb9b37b978b3c13e1b032bf00a237065c985d622a93737a5	c49b7175168ab8d46d2d63666596bfb9e64f29e8903fa0b2f6a63a38394f5468	15	9	1c03ce9678c441f637e13b1a6dc0e7bb05f768e51e96993ff9690134cdeb3251	25be382bec0caa1f1db4a0422dac8c05e2c72f1aa87c05e78b376e8722b24e40	terrestrial-serpentine-wave-v1
207	Gligar	00	none	shiny	assets/pokemon-walksheets-549/dex-207__species-gligar__form-00__gender-none__palette-shiny__walk-3x4.png	assets/pokemon-runtime-549/dex-207__species-gligar__form-00__gender-none__palette-shiny__walk-3x4.png	pokemon_medium		2194ceaf7a361b53dd42b4c4097732f569e65a0661ab44f94a99683d30f1f1f1	a82b3fc7ff5eb3d89c0ae6768f1a6450c44316f7c66354445998e6e6d76f647b	15	16	e7186f49299c087ea36337bc5a9f70ffd447c93a9ccddfca1b900b155ebfd7fa	25be382bec0caa1f1db4a0422dac8c05e2c72f1aa87c05e78b376e8722b24e40	airborne-wing-flap-v1
208	Steelix	00	none	shiny	assets/pokemon-walksheets-549/dex-208__species-steelix__form-00__gender-none__palette-shiny__walk-3x4.png	assets/pokemon-runtime-549/dex-208__species-steelix__form-00__gender-none__palette-shiny__walk-3x4.png	pokemon_medium		62db274f5e350c16b675eb83e9d43af31f8fe7307b0554d1cc8d23f0ed6bebc6	eab2532427e4ed6d3dfc59e571099a2572c251827ff0e08f6b0f3d2eefb4bce5	15	15	e9fdbba21dc22b471c5caba559e39462927e5046b7df4b18cfec87a36d654132	25be382bec0caa1f1db4a0422dac8c05e2c72f1aa87c05e78b376e8722b24e40	terrestrial-serpentine-wave-v1
209	Snubbull	00	none	shiny	assets/pokemon-walksheets-549/dex-209__species-snubbull__form-00__gender-none__palette-shiny__walk-3x4.png	assets/pokemon-runtime-549/dex-209__species-snubbull__form-00__gender-none__palette-shiny__walk-3x4.png	pokemon_medium		15f8270ef1b4602a87711581a628c3b126ff3bd4c96f9a6c5287b0bd4f93081f	222a956b9908b96d1ff0a56b0b846798997f7e64f12a8dc847440dd90d59a37a	15	16	0efe14e3ce765660fcd60d818b207a57c01b962039f2fc3c044da0aec73816a5	25be382bec0caa1f1db4a0422dac8c05e2c72f1aa87c05e78b376e8722b24e40	terrestrial-biped-light-v1
210	Granbull	00	none	shiny	assets/pokemon-walksheets-549/dex-210__species-granbull__form-00__gender-none__palette-shiny__walk-3x4.png	assets/pokemon-runtime-549/dex-210__species-granbull__form-00__gender-none__palette-shiny__walk-3x4.png	pokemon_medium		5a81f4b281d7ee9fbdae8f99ca65b9c2a4aba1134a929dd6b6779c914b3030d8	3355dfbc9071c9c9da81084b6e963e1af1b653b81e0614e1435a773071a9c134	11	16	6adb9ff5335389a1aff1dba6db8ddf25977d41808cc31756ebad9b3e88120d20	25be382bec0caa1f1db4a0422dac8c05e2c72f1aa87c05e78b376e8722b24e40	terrestrial-biped-light-v1
211	Qwilfish	00	none	shiny	assets/pokemon-walksheets-549/dex-211__species-qwilfish__form-00__gender-none__palette-shiny__walk-3x4.png	assets/pokemon-runtime-549/dex-211__species-qwilfish__form-00__gender-none__palette-shiny__walk-3x4.png	pokemon_medium		9035a3af7d37191365f55364d2f2354399893c0ca5fde68a1d65ada3c145a67d	4596077c19298b9ad67a7eaeeda6e8c0f79eaaaf98a0b69a6d58cecdf8fa2288	15	14	389973cea49716ea678b8595caf70ee101bc122fc25dac56bcda86fa14087aad	25be382bec0caa1f1db4a0422dac8c05e2c72f1aa87c05e78b376e8722b24e40	aquatic-fin-swim-v1
212	Scizor	00	none	shiny	assets/pokemon-walksheets-549/dex-212__species-scizor__form-00__gender-none__palette-shiny__walk-3x4.png	assets/pokemon-runtime-549/dex-212__species-scizor__form-00__gender-none__palette-shiny__walk-3x4.png	pokemon_medium		8262a7f602858918dbae68a392b95d4db3ca8e0d45dddd9a308871d4b8d60c8e	7e5fb5aec858928801ebf9973170c309f9704bb47f4542be6b3877e940fd232c	12	16	01a6a07dbf3d8901896f43ac928940b895dcf9f0e27faea13e3942d08dd0cf61	25be382bec0caa1f1db4a0422dac8c05e2c72f1aa87c05e78b376e8722b24e40	terrestrial-biped-light-v1
213	Shuckle	00	none	shiny	assets/pokemon-walksheets-549/dex-213__species-shuckle__form-00__gender-none__palette-shiny__walk-3x4.png	assets/pokemon-runtime-549/dex-213__species-shuckle__form-00__gender-none__palette-shiny__walk-3x4.png	pokemon_medium		d748aa986d9e9d462839e6cf9134906ae8ba0d18b53b8534c77c30a9be2db401	4a2b64accd09ad61c182b0265e583357fd9bcb3799048f1638ce1c34962b5fb2	15	14	c37b04fbfaa87e759455ee5ab689b15ab0b0efd0b21cbbb5e3c5dd968ff78684	25be382bec0caa1f1db4a0422dac8c05e2c72f1aa87c05e78b376e8722b24e40	terrestrial-multiped-crawl-v1
214	Heracross	00	none	shiny	assets/pokemon-walksheets-549/dex-214__species-heracross__form-00__gender-none__palette-shiny__walk-3x4.png	assets/pokemon-runtime-549/dex-214__species-heracross__form-00__gender-none__palette-shiny__walk-3x4.png	pokemon_medium		2cb916cf6eec2f7b53f00d09b62c6f3e0ca1a8cc1f73e56bf61744ef9eebffa4	976b7309f8a659a9859df2379e37dc121d6763529f9459ee55e26eadeea26263	15	16	a4fa2b33e62346ee5e1f8e98443009fef60bea142fb4808626320acebdf2d775	25be382bec0caa1f1db4a0422dac8c05e2c72f1aa87c05e78b376e8722b24e40	terrestrial-biped-light-v1
215	Sneasel	00	none	shiny	assets/pokemon-walksheets-549/dex-215__species-sneasel__form-00__gender-none__palette-shiny__walk-3x4.png	assets/pokemon-runtime-549/dex-215__species-sneasel__form-00__gender-none__palette-shiny__walk-3x4.png	pokemon_medium		7145d40e673d2407fc4713d37f55b0b04a7d7a727b03707b81edb75496390f27	01b7032a6933b171f4443d07f085ae29e9e5c4c525a3e4eb32ac7f6987484b16	12	16	46ada041580e5ecdf3b7f96555b93c742125f306f48923fc176432e381509d26	25be382bec0caa1f1db4a0422dac8c05e2c72f1aa87c05e78b376e8722b24e40	terrestrial-biped-light-v1
216	Teddiursa	00	none	shiny	assets/pokemon-walksheets-549/dex-216__species-teddiursa__form-00__gender-none__palette-shiny__walk-3x4.png	assets/pokemon-runtime-549/dex-216__species-teddiursa__form-00__gender-none__palette-shiny__walk-3x4.png	pokemon_medium		6aace4957ede3058dd4c2cc769c788f4bee0c58a985660f9f5358828bda0549a	5657213ba4efb3e119136b094668267c7acc579b28b172b810bd286738a5c60e	13	16	ff2580b8a8fb3204ee62cc69315750c379814e59bd9ec1646701a1a9926a448a	25be382bec0caa1f1db4a0422dac8c05e2c72f1aa87c05e78b376e8722b24e40	terrestrial-biped-light-v1
217	Ursaring	00	none	shiny	assets/pokemon-walksheets-549/dex-217__species-ursaring__form-00__gender-none__palette-shiny__walk-3x4.png	assets/pokemon-runtime-549/dex-217__species-ursaring__form-00__gender-none__palette-shiny__walk-3x4.png	pokemon_medium		3321083f982b7f045eced2705ce36700a9ae78e647e469683c48b44af7e6f42e	0d029de30e260f4f9d2b10d80c4dcc388c79d6afafa120f68790ccde1edc9054	15	16	91af04eb2d6f42486986cc2ec1728e798dbfe77877b432223088248240cee354	25be382bec0caa1f1db4a0422dac8c05e2c72f1aa87c05e78b376e8722b24e40	terrestrial-biped-heavy-v1
218	Slugma	00	none	shiny	assets/pokemon-walksheets-549/dex-218__species-slugma__form-00__gender-none__palette-shiny__walk-3x4.png	assets/pokemon-runtime-549/dex-218__species-slugma__form-00__gender-none__palette-shiny__walk-3x4.png	pokemon_medium		192cd4ba33412ce1e84d240c24f392ad9505dbf6af9c47a96d601e433bb7698e	5f682ad80ed372976437fc7e2607d688d3aeea367e6873a3bdf6d2e1f1309afe	15	16	61653aa6378659f9f49097a210102d5191282ecd844d7d7d5e13b6534b28aa17	25be382bec0caa1f1db4a0422dac8c05e2c72f1aa87c05e78b376e8722b24e40	terrestrial-serpentine-wave-v1
219	Magcargo	00	none	shiny	assets/pokemon-walksheets-549/dex-219__species-magcargo__form-00__gender-none__palette-shiny__walk-3x4.png	assets/pokemon-runtime-549/dex-219__species-magcargo__form-00__gender-none__palette-shiny__walk-3x4.png	pokemon_medium		344e4c164f76c4800a23edcae3dc69b485e79a431fe7e16a014c5a4654d8c7c8	a417ed4a6ce7b3594034cddffb84a869e5afaab98c80809ed289106b538437a6	14	16	5d5ce65ac3edfe70b1e76c2dad1c6c8fadee7ce63572e3ec6cc210d9f415d4e6	25be382bec0caa1f1db4a0422dac8c05e2c72f1aa87c05e78b376e8722b24e40	terrestrial-serpentine-wave-v1
220	Swinub	00	none	shiny	assets/pokemon-walksheets-549/dex-220__species-swinub__form-00__gender-none__palette-shiny__walk-3x4.png	assets/pokemon-runtime-549/dex-220__species-swinub__form-00__gender-none__palette-shiny__walk-3x4.png	pokemon_medium		2e20a7bd5d7a97e51db21d0852730262790727894aaede4406252cbdd6a2758e	4a72cb1e70e697bf8ec1d6d5827aa6e8f5aec829c0766e08d5cf4b22a1f302ab	15	11	8bce95d110119d3b6e4ef6ec532d989d4b249c899406690f37286c96ece9907e	25be382bec0caa1f1db4a0422dac8c05e2c72f1aa87c05e78b376e8722b24e40	terrestrial-quadruped-light-v1
221	Piloswine	00	none	shiny	assets/pokemon-walksheets-549/dex-221__species-piloswine__form-00__gender-none__palette-shiny__walk-3x4.png	assets/pokemon-runtime-549/dex-221__species-piloswine__form-00__gender-none__palette-shiny__walk-3x4.png	pokemon_medium		5116811bed55e5d731058f930c3400a1e0c2ce29bd4c8c5767faadc783c7c2a8	a6b23893937cdc41a5269b37335936f2f2666b39ccc184fde80bb3f53300a6c9	15	16	a434e5131329f81d7b809e211406c68342c03eee6c127891e29eb7716f87aa17	25be382bec0caa1f1db4a0422dac8c05e2c72f1aa87c05e78b376e8722b24e40	terrestrial-quadruped-heavy-v1
222	Corsola	00	none	shiny	assets/pokemon-walksheets-549/dex-222__species-corsola__form-00__gender-none__palette-shiny__walk-3x4.png	assets/pokemon-runtime-549/dex-222__species-corsola__form-00__gender-none__palette-shiny__walk-3x4.png	pokemon_medium		872baeb3276f9d108b1e65de6981f0b9916cbc639b739cc8b0453f11cb3282cd	dfd3f6900fe2775080b2b4aabc7f1feb176fd6ee517b629e632f24b8a1a32c10	15	16	dc8c4be9a531d94d4df3a22de1f5b4b0b577801ccffeab2d3600c2f46b38705e	25be382bec0caa1f1db4a0422dac8c05e2c72f1aa87c05e78b376e8722b24e40	rooted-or-cocoon-sway-v1
223	Remoraid	00	none	shiny	assets/pokemon-walksheets-549/dex-223__species-remoraid__form-00__gender-none__palette-shiny__walk-3x4.png	assets/pokemon-runtime-549/dex-223__species-remoraid__form-00__gender-none__palette-shiny__walk-3x4.png	pokemon_medium		8a9b47f88a28bc2cdac459162496ba4f6a9bdb41bb7c1102d600455cddab7525	bf0b1622b64611e02447788e4f216ed5abc9cf452d4f8e1289471ea9f38e6631	15	16	8a22460d2d79e2448a172002795cdf5f1f83a745a9c10ac6f6e45442b8ff4fc6	25be382bec0caa1f1db4a0422dac8c05e2c72f1aa87c05e78b376e8722b24e40	aquatic-fin-swim-v1
224	Octillery	00	none	shiny	assets/pokemon-walksheets-549/dex-224__species-octillery__form-00__gender-none__palette-shiny__walk-3x4.png	assets/pokemon-runtime-549/dex-224__species-octillery__form-00__gender-none__palette-shiny__walk-3x4.png	pokemon_medium		7682e89281e902e093e3a3c17731b7683c51956a56e7fd3317759ac04002725e	9591c3f5239e86be472eaaf1a132ddfcb3f8f8fcef8ab15a8a64d46b415addbf	15	12	c15d7a34e05ec737e2c24b1de6a0b2786fce036ba84f4a47740403bf382b0d1f	25be382bec0caa1f1db4a0422dac8c05e2c72f1aa87c05e78b376e8722b24e40	aquatic-paddle-bob-v1
225	Delibird	00	none	shiny	assets/pokemon-walksheets-549/dex-225__species-delibird__form-00__gender-none__palette-shiny__walk-3x4.png	assets/pokemon-runtime-549/dex-225__species-delibird__form-00__gender-none__palette-shiny__walk-3x4.png	pokemon_medium		9119bd1bf6e4c3c25af46aba6fb7fcd260d8650cc0ead38c8d29f6fbba5e3667	7b8e2f2ce5701aaca68d5c407364eb6f935bc6bdf3c042f16b8f7694da967005	14	16	62ec68cabfdd4914b62b9e614af2b2f85152cfad9ef19e7adc18805e9abd2545	25be382bec0caa1f1db4a0422dac8c05e2c72f1aa87c05e78b376e8722b24e40	terrestrial-biped-light-v1
226	Mantine	00	none	shiny	assets/pokemon-walksheets-549/dex-226__species-mantine__form-00__gender-none__palette-shiny__walk-3x4.png	assets/pokemon-runtime-549/dex-226__species-mantine__form-00__gender-none__palette-shiny__walk-3x4.png	pokemon_medium		2b2f63c676d9ca1db357173a77e40790d2ac86c76ac77734749ae9338b0f417f	8ee4104b2e79a086742997733189391277373b9f8a7b8a7598b2d2bcb64cf0ee	15	6	902eb8fa562cf8ae73d0746ea00c54acdae1dca2666e3ea39f6dfaaaad2b687d	25be382bec0caa1f1db4a0422dac8c05e2c72f1aa87c05e78b376e8722b24e40	aquatic-fin-swim-v1
227	Skarmory	00	none	shiny	assets/pokemon-walksheets-549/dex-227__species-skarmory__form-00__gender-none__palette-shiny__walk-3x4.png	assets/pokemon-runtime-549/dex-227__species-skarmory__form-00__gender-none__palette-shiny__walk-3x4.png	pokemon_medium		da32a6d36bd7aac6361645b8ee02998a2315037de4729cc33f0f143ee3df65c4	43d4fef99a03350ebd0c029c9ecae483de62f455ac4008c01024318275a439a2	15	10	8f4760825b6e43d58c6edc4e54dc2d999ce558713e36844daa6fd51301647bd6	25be382bec0caa1f1db4a0422dac8c05e2c72f1aa87c05e78b376e8722b24e40	airborne-wing-flap-v1
228	Houndour	00	none	shiny	assets/pokemon-walksheets-549/dex-228__species-houndour__form-00__gender-none__palette-shiny__walk-3x4.png	assets/pokemon-runtime-549/dex-228__species-houndour__form-00__gender-none__palette-shiny__walk-3x4.png	pokemon_medium		ea63a1e966d42e40439513ecc696752485e35dbf3af5a5c527bd8e3ad2d11f65	99463191141687e3c948339386957f96ec9175692dd8199c3e33e32fbd520503	15	16	b7d6771c22587ca16e2b5e31488f310b50e9917c23dbbcf80b182d59755140b1	25be382bec0caa1f1db4a0422dac8c05e2c72f1aa87c05e78b376e8722b24e40	terrestrial-quadruped-light-v1
229	Houndoom	00	none	shiny	assets/pokemon-walksheets-549/dex-229__species-houndoom__form-00__gender-none__palette-shiny__walk-3x4.png	assets/pokemon-runtime-549/dex-229__species-houndoom__form-00__gender-none__palette-shiny__walk-3x4.png	pokemon_medium		4dbee8e6f75957695f7c3807a6345f65716b83601a42463bcea43de0d76fd1ac	d80ccece6c33e4427a84d471f8d33df1cc4fb415bab0f27d2a825ae7181b745d	15	16	4b7d5c2d81489b0704bd38c05877806ac90e9bb20daa30612c7651d91f0704ba	25be382bec0caa1f1db4a0422dac8c05e2c72f1aa87c05e78b376e8722b24e40	terrestrial-quadruped-light-v1
230	Kingdra	00	none	shiny	assets/pokemon-walksheets-549/dex-230__species-kingdra__form-00__gender-none__palette-shiny__walk-3x4.png	assets/pokemon-runtime-549/dex-230__species-kingdra__form-00__gender-none__palette-shiny__walk-3x4.png	pokemon_medium		4b351c5456f4f5f1bde227bf7d9f89e96d473ea3eba36c265e7186719831befa	066117c6464feb954e0253b0dcf3dc54196fd24d76c013670ef4914ed8b543a9	14	16	6929b030fbf467510012da931d2d99c537319a3e9160e72bc423876933e1ec56	25be382bec0caa1f1db4a0422dac8c05e2c72f1aa87c05e78b376e8722b24e40	aquatic-serpentine-swim-v1
231	Phanpy	00	none	shiny	assets/pokemon-walksheets-549/dex-231__species-phanpy__form-00__gender-none__palette-shiny__walk-3x4.png	assets/pokemon-runtime-549/dex-231__species-phanpy__form-00__gender-none__palette-shiny__walk-3x4.png	pokemon_medium		150196e91088f0837897fda769569c0579e4cee1069aeb971ebb71b42a28953f	80e567eee1b02d7d8668908a435dd153bf459550265caf5d8fb81c01c138c66d	15	13	bf9841691ef0f6932b3e79b99322c2fe037b2c063661e343da09b6a35ea9dbf2	25be382bec0caa1f1db4a0422dac8c05e2c72f1aa87c05e78b376e8722b24e40	terrestrial-quadruped-light-v1
232	Donphan	00	none	shiny	assets/pokemon-walksheets-549/dex-232__species-donphan__form-00__gender-none__palette-shiny__walk-3x4.png	assets/pokemon-runtime-549/dex-232__species-donphan__form-00__gender-none__palette-shiny__walk-3x4.png	pokemon_medium		7f9df8219c48ebe2802253616faabc63b26416eb15aa6968e02a046fa0a67696	0df259ac1a94452e2e0712063a18534604661f5af71c3d406d36d7f898a31814	15	9	c9aa0e5b15e505fcda729b55769791f297cea6bef5462894dfa360def8250b59	25be382bec0caa1f1db4a0422dac8c05e2c72f1aa87c05e78b376e8722b24e40	terrestrial-quadruped-heavy-v1
233	Porygon2	00	none	shiny	assets/pokemon-walksheets-549/dex-233__species-porygon2__form-00__gender-none__palette-shiny__walk-3x4.png	assets/pokemon-runtime-549/dex-233__species-porygon2__form-00__gender-none__palette-shiny__walk-3x4.png	pokemon_medium		178d963de9adba4ef7368832cc98aad8a90d36a66845778db5b4da4da9db5123	abf8d63dc9569bc8623f420d75b1b2248d6b37fc41db435e1f32c6abdab72575	15	16	39166a3442c476668127b12a135d4391a9064496dedeee7339c9c9a40d2d7363	25be382bec0caa1f1db4a0422dac8c05e2c72f1aa87c05e78b376e8722b24e40	airborne-hover-bob-v1
234	Stantler	00	none	shiny	assets/pokemon-walksheets-549/dex-234__species-stantler__form-00__gender-none__palette-shiny__walk-3x4.png	assets/pokemon-runtime-549/dex-234__species-stantler__form-00__gender-none__palette-shiny__walk-3x4.png	pokemon_medium		b72d1824371da4961b61ffaecc3017b97f4db72cea26146b18b234ee7db5adcf	6ac79058cd5cbe2d8622ad6c45a4a95a87bb3f6fe1d8887f477b5f0ecb95323f	13	16	e09c50da6787fd65bf0ecd2b213f401d575e0f91a66c0bea5680773a230875cb	25be382bec0caa1f1db4a0422dac8c05e2c72f1aa87c05e78b376e8722b24e40	terrestrial-quadruped-light-v1
235	Smeargle	00	none	shiny	assets/pokemon-walksheets-549/dex-235__species-smeargle__form-00__gender-none__palette-shiny__walk-3x4.png	assets/pokemon-runtime-549/dex-235__species-smeargle__form-00__gender-none__palette-shiny__walk-3x4.png	pokemon_medium		51c4acd337fc7932597e1ae308ddcec5f70a960917704bc1817d2ead4b722087	386da27549ccc694d9fd7c9ba6c54cafd4c980f75985bca48ab03dda2e375a7f	13	16	436f5d7ddf981d97c6adcafe88d513a9b8acdff0ca20a63b5b35dae8dee7c317	25be382bec0caa1f1db4a0422dac8c05e2c72f1aa87c05e78b376e8722b24e40	terrestrial-biped-light-v1
236	Tyrogue	00	none	shiny	assets/pokemon-walksheets-549/dex-236__species-tyrogue__form-00__gender-none__palette-shiny__walk-3x4.png	assets/pokemon-runtime-549/dex-236__species-tyrogue__form-00__gender-none__palette-shiny__walk-3x4.png	pokemon_medium		7530269005c28d1cf29b20f45b40b029330db1af5f920034d25c773322fc4c1a	c30b36411e90cb5206947a658a5d35f715c80f4ca02d72837017baa634db1f5c	11	16	8b15cd8b5e718480bf7b0ab4041e5fce5015df82f4ab1c5111c89bbcac73d3a1	25be382bec0caa1f1db4a0422dac8c05e2c72f1aa87c05e78b376e8722b24e40	terrestrial-biped-light-v1
238	Smoochum	00	none	shiny	assets/pokemon-walksheets-549/dex-238__species-smoochum__form-00__gender-none__palette-shiny__walk-3x4.png	assets/pokemon-runtime-549/dex-238__species-smoochum__form-00__gender-none__palette-shiny__walk-3x4.png	pokemon_medium		a10a4eaeb3fc3a4f907d3a8596148dec8f534f0760ec061d26d592003b43ccb8	9695ca45dfa680ead7d1955dd94e408eae1443796a9467d1142d63230e9642ec	12	16	d36b36ba4662e43c9d7f3ccdfb2169a2cb88a6cbf921cc0da06bee99e622530a	25be382bec0caa1f1db4a0422dac8c05e2c72f1aa87c05e78b376e8722b24e40	terrestrial-biped-light-v1
240	Magby	00	none	shiny	assets/pokemon-walksheets-549/dex-240__species-magby__form-00__gender-none__palette-shiny__walk-3x4.png	assets/pokemon-runtime-549/dex-240__species-magby__form-00__gender-none__palette-shiny__walk-3x4.png	pokemon_medium		45dfcf6cc035593ef4e8c34e3bfcb125da16093794155ddc2a0b15c9020b9827	695fbc6f7a984d635b9c70dad07027a651df0c7db7659bc334dd68d2871e24e5	12	16	f2cecac27cf81c0590b15120a33e6b143b9d3dc472d05cbb0dd7f34a19d14231	25be382bec0caa1f1db4a0422dac8c05e2c72f1aa87c05e78b376e8722b24e40	terrestrial-biped-light-v1
241	Miltank	00	none	shiny	assets/pokemon-walksheets-549/dex-241__species-miltank__form-00__gender-none__palette-shiny__walk-3x4.png	assets/pokemon-runtime-549/dex-241__species-miltank__form-00__gender-none__palette-shiny__walk-3x4.png	pokemon_medium		3984b67ac0aec384c4794e9aa449435a151735811faa04435549d38b053193f2	9385459d25fea833626e5c51e56b96f1fbaf49f11329b443f78c0493d27bdd51	15	16	93b690241107b578f6b2b205501f9d63698f97bd36d2d8177eb3407b1273be30	25be382bec0caa1f1db4a0422dac8c05e2c72f1aa87c05e78b376e8722b24e40	terrestrial-biped-heavy-v1
242	Blissey	00	none	shiny	assets/pokemon-walksheets-549/dex-242__species-blissey__form-00__gender-none__palette-shiny__walk-3x4.png	assets/pokemon-runtime-549/dex-242__species-blissey__form-00__gender-none__palette-shiny__walk-3x4.png	pokemon_medium		9a9c58a43c91a606182ec33986999de1d408432019b27bc0f710406f73cb17bd	abf759a69d0725ea66924249faf0150404aadbefc3170c8eb2c42bb5dfa96db6	15	16	d2ff96f1317ffa9ff1b3a60ebcc2bdd74a7da0482bb13d17e138c530b72c92ea	25be382bec0caa1f1db4a0422dac8c05e2c72f1aa87c05e78b376e8722b24e40	terrestrial-biped-heavy-v1
243	Raikou	00	none	shiny	assets/pokemon-walksheets-549/dex-243__species-raikou__form-00__gender-none__palette-shiny__walk-3x4.png	assets/pokemon-runtime-549/dex-243__species-raikou__form-00__gender-none__palette-shiny__walk-3x4.png	pokemon_medium		f41c1d151872482452bf16dc0f6cf83c911f92466e3c0414e4abc8e62858f362	bb768162a7d8b0737dbd65e89b5a9063eb7ba9562294d394dc3359d817c63f47	15	16	de98c16864930cc5fe688c61686e513a297978b91983932002858eda77889b5d	25be382bec0caa1f1db4a0422dac8c05e2c72f1aa87c05e78b376e8722b24e40	terrestrial-quadruped-heavy-v1
244	Entei	00	none	shiny	assets/pokemon-walksheets-549/dex-244__species-entei__form-00__gender-none__palette-shiny__walk-3x4.png	assets/pokemon-runtime-549/dex-244__species-entei__form-00__gender-none__palette-shiny__walk-3x4.png	pokemon_medium		5e9478b3d3376f9f11190bab8aca91f833a159f140a7912277cbf04f70addb7d	b64db3dc4b1bf4e34d44032de247ea56731f10d508df38d2d1e48dfc52e5182f	15	16	31407b86935230a67df18e4e0cf382e28e56b710168167c4723df63425774212	25be382bec0caa1f1db4a0422dac8c05e2c72f1aa87c05e78b376e8722b24e40	terrestrial-quadruped-heavy-v1
245	Suicune	00	none	shiny	assets/pokemon-walksheets-549/dex-245__species-suicune__form-00__gender-none__palette-shiny__walk-3x4.png	assets/pokemon-runtime-549/dex-245__species-suicune__form-00__gender-none__palette-shiny__walk-3x4.png	pokemon_medium		118c160a5805d5e05b422d8e66bf43c75b9df569a4e6e389c54e0940ea9cd12c	b22cd570bf25a56adba5aac9c3edd760f9da1fb610f5043bf333975666d2a743	15	16	66b1d723bdee84698bba113bf7f58b9e57a47fe093a9a2fb081049ad7ea52a82	25be382bec0caa1f1db4a0422dac8c05e2c72f1aa87c05e78b376e8722b24e40	terrestrial-quadruped-heavy-v1
246	Larvitar	00	none	shiny	assets/pokemon-walksheets-549/dex-246__species-larvitar__form-00__gender-none__palette-shiny__walk-3x4.png	assets/pokemon-runtime-549/dex-246__species-larvitar__form-00__gender-none__palette-shiny__walk-3x4.png	pokemon_medium		25314c18a8357e43415aa0053f97429f35571ea713c59216d40429ebda5401e5	0d5a0b5e16ef7d74d125285747128c6419cf0adcf682cdf8bf82f06f277ff055	12	16	16efc36d8c28811d6051387c7782bc0b751e597e7bce10d914f6db4ac61e6389	25be382bec0caa1f1db4a0422dac8c05e2c72f1aa87c05e78b376e8722b24e40	terrestrial-biped-light-v1
247	Pupitar	00	none	shiny	assets/pokemon-walksheets-549/dex-247__species-pupitar__form-00__gender-none__palette-shiny__walk-3x4.png	assets/pokemon-runtime-549/dex-247__species-pupitar__form-00__gender-none__palette-shiny__walk-3x4.png	pokemon_medium		91e7261cf503433c16b5a2932928c6a2dafc9231deb1f4f15ad8387ad4959724	212acc1d39604b9625b5193a45208b7f3c9b0a7c7985162947fd6525f658541f	13	16	bf22dc0d72afc9065ae16735aea29db7c0c52b791aab7ef4718305accf5b01d0	25be382bec0caa1f1db4a0422dac8c05e2c72f1aa87c05e78b376e8722b24e40	ground-hop-bounce-v1
248	Tyranitar	00	none	shiny	assets/pokemon-walksheets-549/dex-248__species-tyranitar__form-00__gender-none__palette-shiny__walk-3x4.png	assets/pokemon-runtime-549/dex-248__species-tyranitar__form-00__gender-none__palette-shiny__walk-3x4.png	pokemon_medium		e424f41e6e2edfe749f00b930b8b74f669eef3c279a68022eb9e8377fb138159	c0aee09ae71279fc3eb6cca1cef271dad86d390602753bef22a6d6e29b40910e	15	16	6e669fbcc66a666e04b74cef142548613817c5c1e8bcd4f7e4197076e6edcb92	25be382bec0caa1f1db4a0422dac8c05e2c72f1aa87c05e78b376e8722b24e40	terrestrial-biped-heavy-v1
250	Ho-Oh	00	none	shiny	assets/pokemon-walksheets-549/dex-250__species-hooh__form-00__gender-none__palette-shiny__walk-3x4.png	assets/pokemon-runtime-549/dex-250__species-hooh__form-00__gender-none__palette-shiny__walk-3x4.png	pokemon_medium		f23d9b466170b546308b558b20b6e21f48850a77f9e4ac9ace63d02f3b74a0ce	81045bbd89e9e8890c46b52ccb99f962105f63d2e4fce1572a66f8a237b7aa0e	13	16	673a9f3c2e3d2a443e0892f7a4cfc4d8ac6ca8e41dd3aea6052c70137d78b654	25be382bec0caa1f1db4a0422dac8c05e2c72f1aa87c05e78b376e8722b24e40	airborne-wing-flap-v1
251	Celebi	00	none	shiny	assets/pokemon-walksheets-549/dex-251__species-celebi__form-00__gender-none__palette-shiny__walk-3x4.png	assets/pokemon-runtime-549/dex-251__species-celebi__form-00__gender-none__palette-shiny__walk-3x4.png	pokemon_medium		8226d347c5968d04450fcaabf9670ff55aeddbba05c1ebfaefca34c92aa1cccb	715a6bf2b1d81740a93b873ec7605085128edbc9415c5a59540bc1314bbd3a43	15	16	8b8867fa8bbd2ddd292ea8d549601c3eaac08efe8d608cd980f4731fe12ee8ed	25be382bec0caa1f1db4a0422dac8c05e2c72f1aa87c05e78b376e8722b24e40	airborne-wing-flap-v1
252	Treecko	00	none	normal	assets/pokemon-walksheets-549/dex-252__species-treecko__form-00__gender-none__palette-normal__walk-3x4.png	assets/pokemon-runtime-549/dex-252__species-treecko__form-00__gender-none__palette-normal__walk-3x4.png	pokemon_medium		be8a0c4adc54c17781f61e75cf2f05c53b120a799b5b5f815085a67121615727	a42c40eba049f8eba7e5c015d46b61adc5e7fc3aba996ad814bed5ce759fbd8f	13	16	0ad49780db3b4b0f177d890f67cc93742782264a0fe757d989cf733286782bc3	25be382bec0caa1f1db4a0422dac8c05e2c72f1aa87c05e78b376e8722b24e40	terrestrial-biped-light-v1
252	Treecko	00	none	shiny	assets/pokemon-walksheets-549/dex-252__species-treecko__form-00__gender-none__palette-shiny__walk-3x4.png	assets/pokemon-runtime-549/dex-252__species-treecko__form-00__gender-none__palette-shiny__walk-3x4.png	pokemon_medium		173ee94bf8e5813cd634f45e85f164123c3dba76178dd7d426f7e3918bb0a7be	9220679af48585ddee2e795034e59083492ac2bd4b0c2599a571b4c3ddea2b5d	13	16	218dd756c893f96b68da53aab4fc2d3e4ef494ddcd9c3e397d62b7c0dfcf72c0	25be382bec0caa1f1db4a0422dac8c05e2c72f1aa87c05e78b376e8722b24e40	terrestrial-biped-light-v1
253	Grovyle	00	none	normal	assets/pokemon-walksheets-549/dex-253__species-grovyle__form-00__gender-none__palette-normal__walk-3x4.png	assets/pokemon-runtime-549/dex-253__species-grovyle__form-00__gender-none__palette-normal__walk-3x4.png	pokemon_medium		97da1b775041c1b3c2fb44c3fb077463cc4339a8f18c7cfbcba37c4d00e5231d	930bcf2b8c8ab2838ac1f2a3a79590634b0df188cc44cec2cc7771ed5f22f53b	15	16	27bbe768231124c5ecc59b9c7275e4f3d263222ada5da85fb8cab948e8ef5e1c	25be382bec0caa1f1db4a0422dac8c05e2c72f1aa87c05e78b376e8722b24e40	terrestrial-biped-light-v1
253	Grovyle	00	none	shiny	assets/pokemon-walksheets-549/dex-253__species-grovyle__form-00__gender-none__palette-shiny__walk-3x4.png	assets/pokemon-runtime-549/dex-253__species-grovyle__form-00__gender-none__palette-shiny__walk-3x4.png	pokemon_medium		a0f01b54e9eda93796e2f9b4214e6c62c371d582baff54dc53dddbda9c7d5d92	394f2f3b207262362231ee6c2ef40559842021c01dccd5b296fc747593d99417	15	16	6f1d83924a68ac836c2af8f2a7c1b44f6405a8dde73bf980618685594b0c8793	25be382bec0caa1f1db4a0422dac8c05e2c72f1aa87c05e78b376e8722b24e40	terrestrial-biped-light-v1
254	Sceptile	00	none	normal	assets/pokemon-walksheets-549/dex-254__species-sceptile__form-00__gender-none__palette-normal__walk-3x4.png	assets/pokemon-runtime-549/dex-254__species-sceptile__form-00__gender-none__palette-normal__walk-3x4.png	pokemon_medium		a35a4ef9f45d0bf987a96648b35f2b9263cebf053b9bd53a2345914df2c8341f	cd112699f67c080773fb91af073c1ecdd15efaeae65697f77df6fe44237aa073	15	16	5faae97c352504fe1ba451581630cf170f6596a26beb7c7797e9343868ee90c5	25be382bec0caa1f1db4a0422dac8c05e2c72f1aa87c05e78b376e8722b24e40	terrestrial-biped-light-v1
254	Sceptile	00	none	shiny	assets/pokemon-walksheets-549/dex-254__species-sceptile__form-00__gender-none__palette-shiny__walk-3x4.png	assets/pokemon-runtime-549/dex-254__species-sceptile__form-00__gender-none__palette-shiny__walk-3x4.png	pokemon_medium		90b94f8e778cfa95a565481ba39e94530d608932aa6c0ba4e5caa91b1b20440f	be8688bc69eccae24ca9d378250dd4346fa6420346524da8bf8334fdeb601161	15	16	cee98b6f68cf52fd32e63cc182590f1fdb715b8e510809fe91126297983eb235	25be382bec0caa1f1db4a0422dac8c05e2c72f1aa87c05e78b376e8722b24e40	terrestrial-biped-light-v1
255	Torchic	00	none	normal	assets/pokemon-walksheets-549/dex-255__species-torchic__form-00__gender-none__palette-normal__walk-3x4.png	assets/pokemon-runtime-549/dex-255__species-torchic__form-00__gender-none__palette-normal__walk-3x4.png	pokemon_medium		c50e45f5bff7b28c50c1481f69eabd7171fffb87706945ca4eb092329920eeb4	72ac0542d74f3393cf3af28cb06632006ef6e3bac9a954b368a79ba8ef77dd54	9	16	dc463110d2bf3b26fb480330dcb99cf9be141425806300b3bde116fb986e706d	25be382bec0caa1f1db4a0422dac8c05e2c72f1aa87c05e78b376e8722b24e40	terrestrial-biped-light-v1
255	Torchic	00	none	shiny	assets/pokemon-walksheets-549/dex-255__species-torchic__form-00__gender-none__palette-shiny__walk-3x4.png	assets/pokemon-runtime-549/dex-255__species-torchic__form-00__gender-none__palette-shiny__walk-3x4.png	pokemon_medium		499f17a37e60422d4e7f17a8bdbcc62e6cee85aa63117ea79c32e8063951e00c	f250b3d2e74b940eb3ecb02ddd1a869a0b18b306496bf414cf39da655e654075	9	16	570bfae307c74df8b4100a5cdac7f69820e684dedcf6ee2a530c248e6262099f	25be382bec0caa1f1db4a0422dac8c05e2c72f1aa87c05e78b376e8722b24e40	terrestrial-biped-light-v1
256	Combusken	00	none	normal	assets/pokemon-walksheets-549/dex-256__species-combusken__form-00__gender-none__palette-normal__walk-3x4.png	assets/pokemon-runtime-549/dex-256__species-combusken__form-00__gender-none__palette-normal__walk-3x4.png	pokemon_medium		28bc489cddb475e2bf9fcf366bf6ebd598294a9652ee32620ffb504f55a1a0a9	f294afe46e6f4c8d3782b31473a07a138da7bcdd9936f2a93fc7deedf36bbda0	12	16	fb75c18f34b5dd13fdf817885e29a5837ae6111ab969ce8e4f746886c503c08b	25be382bec0caa1f1db4a0422dac8c05e2c72f1aa87c05e78b376e8722b24e40	terrestrial-biped-light-v1
256	Combusken	00	none	shiny	assets/pokemon-walksheets-549/dex-256__species-combusken__form-00__gender-none__palette-shiny__walk-3x4.png	assets/pokemon-runtime-549/dex-256__species-combusken__form-00__gender-none__palette-shiny__walk-3x4.png	pokemon_medium		3c42bb86f854b8926c5d8aa737526075207faeb5cb948c16f6e43898691abc29	71612f787bef226e491bdc1a250a75234d4ed909e05ebde3b7361dc2bbce4e5c	12	16	15426800c5337111872e2b3e39d8b219d1b5077bb2f72e49afd330be9186ed03	25be382bec0caa1f1db4a0422dac8c05e2c72f1aa87c05e78b376e8722b24e40	terrestrial-biped-light-v1
257	Blaziken	00	none	normal	assets/pokemon-walksheets-549/dex-257__species-blaziken__form-00__gender-none__palette-normal__walk-3x4.png	assets/pokemon-runtime-549/dex-257__species-blaziken__form-00__gender-none__palette-normal__walk-3x4.png	pokemon_medium		edb0a053719e6f153befa05fc6381f2bfb84baaaa7318828727af77d2f6a16b5	fd1b78b5fb6c41c4a9bf71d00867d4f62ef2ca112c56e121f967c45ff41c64a4	11	16	63c7146d26ed636ee4ff0896c2a686bf95058e3749e92db77d7ab5f6f1fc74af	25be382bec0caa1f1db4a0422dac8c05e2c72f1aa87c05e78b376e8722b24e40	terrestrial-biped-heavy-v1
257	Blaziken	00	none	shiny	assets/pokemon-walksheets-549/dex-257__species-blaziken__form-00__gender-none__palette-shiny__walk-3x4.png	assets/pokemon-runtime-549/dex-257__species-blaziken__form-00__gender-none__palette-shiny__walk-3x4.png	pokemon_medium		86996ac5255e5203489f1a4d4a3cb47ecce8814f0abb7904c36b68759002b42c	0178d97ed5a831078396b3a0908567d4f0498c922dee89ee5411997a2b75ac15	11	16	7b110fbb832c87382532ff106ab011774dbe89c461972b95a7aebd740550959a	25be382bec0caa1f1db4a0422dac8c05e2c72f1aa87c05e78b376e8722b24e40	terrestrial-biped-heavy-v1
258	Mudkip	00	none	normal	assets/pokemon-walksheets-549/dex-258__species-mudkip__form-00__gender-none__palette-normal__walk-3x4.png	assets/pokemon-runtime-549/dex-258__species-mudkip__form-00__gender-none__palette-normal__walk-3x4.png	pokemon_medium		5444a9378c695e5ba23305567dd29c0f082ed561fdd3b08cf546a58eaff90a84	a7d6db6a6e209fc482bb889587c2b3c919499b4f39f414b149914f538d5a774d	15	16	6a9cb6d6a849aac3b0a76c9b2c39e3158d9d9c1b219fb87f43e769915f812013	25be382bec0caa1f1db4a0422dac8c05e2c72f1aa87c05e78b376e8722b24e40	terrestrial-quadruped-light-v1
258	Mudkip	00	none	shiny	assets/pokemon-walksheets-549/dex-258__species-mudkip__form-00__gender-none__palette-shiny__walk-3x4.png	assets/pokemon-runtime-549/dex-258__species-mudkip__form-00__gender-none__palette-shiny__walk-3x4.png	pokemon_medium		de08df96cda6a344b5ecc8a0759475c20cdd351822a138254cbbdd0d4b87f1b0	33d34eccc6f9abf605033d2db5394e94227e8f88bce54de82654b83b501dc5b5	15	16	a41db3caf52f6b0f03f482c0e03d0409fa68551ccbaf1566ab79a4f0ee813987	25be382bec0caa1f1db4a0422dac8c05e2c72f1aa87c05e78b376e8722b24e40	terrestrial-quadruped-light-v1
259	Marshtomp	00	none	normal	assets/pokemon-walksheets-549/dex-259__species-marshtomp__form-00__gender-none__palette-normal__walk-3x4.png	assets/pokemon-runtime-549/dex-259__species-marshtomp__form-00__gender-none__palette-normal__walk-3x4.png	pokemon_medium		fad733e82e97f63abb6ef895b870616c16d72dd4a0c0f45d05a0b54532d5d83a	b8403f77deff3a7e94e286525d2928431424a7a45ba0c0428fe534342fa51251	12	16	20312c7f43af2da6dc108543924b637dfdbf8409c63cd244afb87738e1fa1d73	25be382bec0caa1f1db4a0422dac8c05e2c72f1aa87c05e78b376e8722b24e40	terrestrial-biped-light-v1
259	Marshtomp	00	none	shiny	assets/pokemon-walksheets-549/dex-259__species-marshtomp__form-00__gender-none__palette-shiny__walk-3x4.png	assets/pokemon-runtime-549/dex-259__species-marshtomp__form-00__gender-none__palette-shiny__walk-3x4.png	pokemon_medium		424978cb26a82b8d267e3fbcc07a2b605d13fc1a60608ab5dd09b64a393cf0cc	616fe0654491efde5faefa0a7a1efe9ef56d4eb10711e066a03d75916077cef4	12	16	6f1918286cd073f181a29017a48dff1b0dc0da22a631f5bfd6da476086798c12	25be382bec0caa1f1db4a0422dac8c05e2c72f1aa87c05e78b376e8722b24e40	terrestrial-biped-light-v1
260	Swampert	00	none	normal	assets/pokemon-walksheets-549/dex-260__species-swampert__form-00__gender-none__palette-normal__walk-3x4.png	assets/pokemon-runtime-549/dex-260__species-swampert__form-00__gender-none__palette-normal__walk-3x4.png	pokemon_medium		e46e97c78b5167a8dbcb4762dce3080422140a3c683013c3f9914acca01c447e	164889eb0444f59f633fae7f8c476e12b3238af2a05c88b191a6d58ff8f51a13	15	16	1014e8ce11250c9a292dfdf34866ed8de90354c0d55954bf2bd45c9a6084ca1b	25be382bec0caa1f1db4a0422dac8c05e2c72f1aa87c05e78b376e8722b24e40	terrestrial-quadruped-heavy-v1
260	Swampert	00	none	shiny	assets/pokemon-walksheets-549/dex-260__species-swampert__form-00__gender-none__palette-shiny__walk-3x4.png	assets/pokemon-runtime-549/dex-260__species-swampert__form-00__gender-none__palette-shiny__walk-3x4.png	pokemon_medium		167fc9e5b9809d2f6e082d53511c5fb6d911ddd3653888794249b30ecfbdb815	073e1add4c76f23b98e201c8c1576b52c8840201d1233da14fe6075e3e6f90e1	15	16	28adeb3aa00c5c26dae0726c5b635d18cda7d3733bd747013fbfb3820b405754	25be382bec0caa1f1db4a0422dac8c05e2c72f1aa87c05e78b376e8722b24e40	terrestrial-quadruped-heavy-v1
261	Poochyena	00	none	normal	assets/pokemon-walksheets-549/dex-261__species-poochyena__form-00__gender-none__palette-normal__walk-3x4.png	assets/pokemon-runtime-549/dex-261__species-poochyena__form-00__gender-none__palette-normal__walk-3x4.png	pokemon_medium		aed0384978f821d23a6889cc6f9af0f7deae7c5ddcea4d7a22f65e8d075e9c77	ef1988787773f3cba4053e44f0aed9eca802ea1f50b3856fbfb536be6658325f	15	16	611a47c7161325804ba9e1d2827e24b6ebe35bdfe933a44ca5a57b13228fdfb6	25be382bec0caa1f1db4a0422dac8c05e2c72f1aa87c05e78b376e8722b24e40	terrestrial-quadruped-light-v1
261	Poochyena	00	none	shiny	assets/pokemon-walksheets-549/dex-261__species-poochyena__form-00__gender-none__palette-shiny__walk-3x4.png	assets/pokemon-runtime-549/dex-261__species-poochyena__form-00__gender-none__palette-shiny__walk-3x4.png	pokemon_medium		b1ecb4c5e935b1a85003913d794b134f1994273cd715d3c02135a163f1475dfe	d9a22b34197e2f9b6f83fef08e505df6d82665919fc84018195a9659662fcd2f	15	16	b451c6b187b45e45461b21d44858abf4864bcaae4ced730200450598574046d0	25be382bec0caa1f1db4a0422dac8c05e2c72f1aa87c05e78b376e8722b24e40	terrestrial-quadruped-light-v1
262	Mightyena	00	none	normal	assets/pokemon-walksheets-549/dex-262__species-mightyena__form-00__gender-none__palette-normal__walk-3x4.png	assets/pokemon-runtime-549/dex-262__species-mightyena__form-00__gender-none__palette-normal__walk-3x4.png	pokemon_medium		df45451b6c641884c30fa0a8ddf434e3be5728ed37cf9a6a30f64878658c22b6	dc225e115fd23f50e1bc1718f0f3db0a4ccd5cc47c58233416f136d11c837df4	15	16	ec2eeaa83202bec7b6e7f09e112f1b93bb822d92616f8d25d9bcba26723b95c4	25be382bec0caa1f1db4a0422dac8c05e2c72f1aa87c05e78b376e8722b24e40	terrestrial-quadruped-light-v1
262	Mightyena	00	none	shiny	assets/pokemon-walksheets-549/dex-262__species-mightyena__form-00__gender-none__palette-shiny__walk-3x4.png	assets/pokemon-runtime-549/dex-262__species-mightyena__form-00__gender-none__palette-shiny__walk-3x4.png	pokemon_medium		fdd3b61973be2386d99dc027431426c46cc9abe313a1266ad25a6a83f0b59c62	bfbd80a7563511a7648dfb4c7bc9db4ab6f1b78bf51f06fc02adf532f35783bf	15	16	323fbdd6084da4ed85e51ac4d4068d895ea6449269cd21a2d6ab1fc4eabdb420	25be382bec0caa1f1db4a0422dac8c05e2c72f1aa87c05e78b376e8722b24e40	terrestrial-quadruped-light-v1
263	Zigzagoon	00	none	normal	assets/pokemon-walksheets-549/dex-263__species-zigzagoon__form-00__gender-none__palette-normal__walk-3x4.png	assets/pokemon-runtime-549/dex-263__species-zigzagoon__form-00__gender-none__palette-normal__walk-3x4.png	pokemon_medium		42b52fb05005559b7477f14df062005c7ccc4a8cee360cfc4fad7243ebd51ef3	8c8c15ed677fdc41e55a5346d423a58918e3972b506c5948d226dea40157561c	15	16	8bf98c20cc33320059b9ad12be8a4cee20af29a45b7eb38ef0881c689d83f141	25be382bec0caa1f1db4a0422dac8c05e2c72f1aa87c05e78b376e8722b24e40	terrestrial-quadruped-light-v1
263	Zigzagoon	00	none	shiny	assets/pokemon-walksheets-549/dex-263__species-zigzagoon__form-00__gender-none__palette-shiny__walk-3x4.png	assets/pokemon-runtime-549/dex-263__species-zigzagoon__form-00__gender-none__palette-shiny__walk-3x4.png	pokemon_medium		71435c5d96ab5eecb3b8b532a4e33ca8f3af1247a53ba2197d89f83f858da7c8	0cb7a345aed2f40ea60199b08fc4025109e1205d80cc84bf4c879f228b7aad69	15	16	c804885335c253f8b04b868043fac0abb0ec14cf90cb26637e9013e1a747084d	25be382bec0caa1f1db4a0422dac8c05e2c72f1aa87c05e78b376e8722b24e40	terrestrial-quadruped-light-v1
264	Linoone	00	none	normal	assets/pokemon-walksheets-549/dex-264__species-linoone__form-00__gender-none__palette-normal__walk-3x4.png	assets/pokemon-runtime-549/dex-264__species-linoone__form-00__gender-none__palette-normal__walk-3x4.png	pokemon_medium		b6594bfcb5ca0e50ff2d32a8cdc122ddbe52b8c7d3ae78b935e14e639186efcd	2f79e05db723f2646914eeeb95d652542446817322b6930894d607cfafae6fc5	15	15	ee0575dee5b0f62e2c4b01b2756bbccfbc0fd32209f3f29a5cdc839d4ebf5fea	25be382bec0caa1f1db4a0422dac8c05e2c72f1aa87c05e78b376e8722b24e40	terrestrial-quadruped-light-v1
264	Linoone	00	none	shiny	assets/pokemon-walksheets-549/dex-264__species-linoone__form-00__gender-none__palette-shiny__walk-3x4.png	assets/pokemon-runtime-549/dex-264__species-linoone__form-00__gender-none__palette-shiny__walk-3x4.png	pokemon_medium		810eadec726446c571e196d066af021a2a7608ec9fb47d4e3d6dc2bcef131540	182a7f00d39f201cb4a908bdfe794fb4b4a269cac9e4ae6e6bef239125318e72	15	15	59ce491b8dd5c4c1cdace8932744346c69588fe8ca4be4e09c21a9eda166c312	25be382bec0caa1f1db4a0422dac8c05e2c72f1aa87c05e78b376e8722b24e40	terrestrial-quadruped-light-v1
265	Wurmple	00	none	normal	assets/pokemon-walksheets-549/dex-265__species-wurmple__form-00__gender-none__palette-normal__walk-3x4.png	assets/pokemon-runtime-549/dex-265__species-wurmple__form-00__gender-none__palette-normal__walk-3x4.png	pokemon_medium		3da38bffbcb0161c876fdf73fa6be01da550f5fb1ad9f01fe454a59cf6461365	20f746f66e344c93c73aee52e208d1766911428c05ced5b52c8952e355be15bc	13	16	70f9b56497288a3f0d96e3b30d5f709066b27dcdc3c367e376ca0db8be38206c	25be382bec0caa1f1db4a0422dac8c05e2c72f1aa87c05e78b376e8722b24e40	larval-inchworm-v1
265	Wurmple	00	none	shiny	assets/pokemon-walksheets-549/dex-265__species-wurmple__form-00__gender-none__palette-shiny__walk-3x4.png	assets/pokemon-runtime-549/dex-265__species-wurmple__form-00__gender-none__palette-shiny__walk-3x4.png	pokemon_medium		8eff4c57179f1dd8a4800670cad00333043521a6a67db19c4eb75bed353f3bd8	14d42e0ee7426ad7f4b5975c768afa84ffbaf03dfeb3dbbd21c59313e93e98c6	13	16	64d00edb868d6f3b8959cc034fe1e9e4c9226c9d8ff8c8fe6a4d6e6784aad48a	25be382bec0caa1f1db4a0422dac8c05e2c72f1aa87c05e78b376e8722b24e40	larval-inchworm-v1
266	Silcoon	00	none	normal	assets/pokemon-walksheets-549/dex-266__species-silcoon__form-00__gender-none__palette-normal__walk-3x4.png	assets/pokemon-runtime-549/dex-266__species-silcoon__form-00__gender-none__palette-normal__walk-3x4.png	pokemon_medium		a83952be2481f4f91cfddc242c5915809fe4aa892fd92ee9ef3572dcf31090ca	44648845bd6a83bd618bcb6bbda6a04e7ee0fa03b4dc7fa7e71004e4685848b2	15	13	4b7fbce35bdb5fd1d7e08817ce2824abbf207ea1d2fcd653ddae8d935fc3b287	25be382bec0caa1f1db4a0422dac8c05e2c72f1aa87c05e78b376e8722b24e40	ground-hop-bounce-v1
266	Silcoon	00	none	shiny	assets/pokemon-walksheets-549/dex-266__species-silcoon__form-00__gender-none__palette-shiny__walk-3x4.png	assets/pokemon-runtime-549/dex-266__species-silcoon__form-00__gender-none__palette-shiny__walk-3x4.png	pokemon_medium		7f6e2821bcfa2419ce154c4fe963783c51bf37aef714bd7e0b68ba34fa496e7c	1376cbac4f8df6a8931c6bcebca23cb4cfccf729c55a212103fff7c7fe1d4802	15	13	48e46dcc29c0d671de7fc3d3fbd68932e42017f00ef785ef306bcee398bc3cef	25be382bec0caa1f1db4a0422dac8c05e2c72f1aa87c05e78b376e8722b24e40	ground-hop-bounce-v1
267	Beautifly	00	none	normal	assets/pokemon-walksheets-549/dex-267__species-beautifly__form-00__gender-none__palette-normal__walk-3x4.png	assets/pokemon-runtime-549/dex-267__species-beautifly__form-00__gender-none__palette-normal__walk-3x4.png	pokemon_medium		0a9fec374aeadaca3d50cd041a9ae9a187a31cd50db10a7e7c3a52e433138499	3382fe891757a6ec19a7a5e2e594e2293eb74a3ab260ea5b4f78657b3a588d8d	15	16	35accd322349ab8454ac28512e7b6a2ade0244db112c0e65616255af0622e442	25be382bec0caa1f1db4a0422dac8c05e2c72f1aa87c05e78b376e8722b24e40	airborne-wing-flap-v1
267	Beautifly	00	none	shiny	assets/pokemon-walksheets-549/dex-267__species-beautifly__form-00__gender-none__palette-shiny__walk-3x4.png	assets/pokemon-runtime-549/dex-267__species-beautifly__form-00__gender-none__palette-shiny__walk-3x4.png	pokemon_medium		e9285e6d27d4944ea4eb02861dd5c53d61fa3117d98aef673c06bcce2bc864d8	9fb1ff2a35cb0d77585347043ad2b3c07329fc68f264779b5d25a39f1d7273fc	15	16	b4ddca7bad489113c031945b13a9103d36b645ba4f29f649810a7af4656f474a	25be382bec0caa1f1db4a0422dac8c05e2c72f1aa87c05e78b376e8722b24e40	airborne-wing-flap-v1
268	Cascoon	00	none	normal	assets/pokemon-walksheets-549/dex-268__species-cascoon__form-00__gender-none__palette-normal__walk-3x4.png	assets/pokemon-runtime-549/dex-268__species-cascoon__form-00__gender-none__palette-normal__walk-3x4.png	pokemon_medium		1057cfb0966f4f767fa21dfdeabb7af98ed9b7374c89f5a3f5af4e8fa8d34f8d	7bc5fee3152bd49a64b92829ea5776ffe4bb402ed7cfe508833118e98756451a	15	13	99563b5750f4f4345e6ccbada475ad00ebcc36ff4e2b3ac80e2d1485fbb42417	25be382bec0caa1f1db4a0422dac8c05e2c72f1aa87c05e78b376e8722b24e40	ground-hop-bounce-v1
268	Cascoon	00	none	shiny	assets/pokemon-walksheets-549/dex-268__species-cascoon__form-00__gender-none__palette-shiny__walk-3x4.png	assets/pokemon-runtime-549/dex-268__species-cascoon__form-00__gender-none__palette-shiny__walk-3x4.png	pokemon_medium		f468baa665b244a05be2f22eb23c5d87f252b7cdd7f4b99c77b89a1d68b412ee	690a9fe883b018b089eba80f7fcdf52676d3e5bd9956c0f85bc8aaebbe8ec30e	15	13	0bf395ca5e5e70a37c825ebe7ed1bfdeb7ef8c5d50b9c84768ae2298b7d1b015	25be382bec0caa1f1db4a0422dac8c05e2c72f1aa87c05e78b376e8722b24e40	ground-hop-bounce-v1
269	Dustox	00	none	normal	assets/pokemon-walksheets-549/dex-269__species-dustox__form-00__gender-none__palette-normal__walk-3x4.png	assets/pokemon-runtime-549/dex-269__species-dustox__form-00__gender-none__palette-normal__walk-3x4.png	pokemon_medium		65087ca333d6a39de2293e6b963cbdd3b9afb5116cf7bb10a3e0f8d325c888e1	4b89d3639640577f82ddef00be9b0b1be406b0e3495d91b45e818f5a3038b297	15	13	e1f9de59b378eadd29786f57f73859302c03e71eb6e96ed157a9a71c57cecbde	25be382bec0caa1f1db4a0422dac8c05e2c72f1aa87c05e78b376e8722b24e40	airborne-wing-flap-v1
269	Dustox	00	none	shiny	assets/pokemon-walksheets-549/dex-269__species-dustox__form-00__gender-none__palette-shiny__walk-3x4.png	assets/pokemon-runtime-549/dex-269__species-dustox__form-00__gender-none__palette-shiny__walk-3x4.png	pokemon_medium		42d180c15fd71e1fbb661da9cffe191633c9e028708de427e8f6f97e20433e2d	b3db300a28d7496e805bb659e4f9372c9748fab84c03ed9df9e091f97e899c60	15	13	1b2aabce25f26eb11777fc24125d42105abdd66e887e630912c4c98d6a545c12	25be382bec0caa1f1db4a0422dac8c05e2c72f1aa87c05e78b376e8722b24e40	airborne-wing-flap-v1
270	Lotad	00	none	normal	assets/pokemon-walksheets-549/dex-270__species-lotad__form-00__gender-none__palette-normal__walk-3x4.png	assets/pokemon-runtime-549/dex-270__species-lotad__form-00__gender-none__palette-normal__walk-3x4.png	pokemon_medium		264461203e824ee0a21fde156b319f30331fbfdf5d4001083972b913ec1135f6	8e12ed59353d76ee32923581dff127ba4bf43a04e374237c5ea4524caa26bfa7	15	9	a4747255e9158e9078ac850c4ee91ee2f9fbccc708219ef499b4087954c627a2	25be382bec0caa1f1db4a0422dac8c05e2c72f1aa87c05e78b376e8722b24e40	terrestrial-quadruped-light-v1
270	Lotad	00	none	shiny	assets/pokemon-walksheets-549/dex-270__species-lotad__form-00__gender-none__palette-shiny__walk-3x4.png	assets/pokemon-runtime-549/dex-270__species-lotad__form-00__gender-none__palette-shiny__walk-3x4.png	pokemon_medium		28cbc2c35d611f8a43e5eef5a6b343c65b783a5e39211c4a682a3be2d17a1610	03875d11dcdd7a9c95a8627ac419f44de07e899f68933ca545a7e653d37efe5c	15	9	0cb5e5da24179d9f8d8045d902c75784f25204d0b3e3e96e0e0f824fcb52c72e	25be382bec0caa1f1db4a0422dac8c05e2c72f1aa87c05e78b376e8722b24e40	terrestrial-quadruped-light-v1
271	Lombre	00	none	normal	assets/pokemon-walksheets-549/dex-271__species-lombre__form-00__gender-none__palette-normal__walk-3x4.png	assets/pokemon-runtime-549/dex-271__species-lombre__form-00__gender-none__palette-normal__walk-3x4.png	pokemon_medium		c0cbd87da22f11bd709bac0cfcd55acaceb7fc3a74ac145a852f5b96aaed07b9	ae01f2630c12afcdef9d8f7055624a0bab77e234d39146630840f4a89d28e221	15	16	e38c3d9fab065daaa380c223b5325435b517f0762b9be7184cec7ed236e0c26c	25be382bec0caa1f1db4a0422dac8c05e2c72f1aa87c05e78b376e8722b24e40	terrestrial-biped-light-v1
271	Lombre	00	none	shiny	assets/pokemon-walksheets-549/dex-271__species-lombre__form-00__gender-none__palette-shiny__walk-3x4.png	assets/pokemon-runtime-549/dex-271__species-lombre__form-00__gender-none__palette-shiny__walk-3x4.png	pokemon_medium		02bc9b6343667321242d2748858b2b1cc89628b3e71add902ac610cd6bf45721	22e24da92fd5e4919af8c4fa7843ad8f60afec1448a0bdfa704ea3bb83b2c1d8	15	16	1893331a071dc6fd997b88a1e1b900daed33c0a722be6e888ba99be1500fb2f9	25be382bec0caa1f1db4a0422dac8c05e2c72f1aa87c05e78b376e8722b24e40	terrestrial-biped-light-v1
272	Ludicolo	00	none	normal	assets/pokemon-walksheets-549/dex-272__species-ludicolo__form-00__gender-none__palette-normal__walk-3x4.png	assets/pokemon-runtime-549/dex-272__species-ludicolo__form-00__gender-none__palette-normal__walk-3x4.png	pokemon_medium		af2ac02292ea52d7a4b6bf61cee1d2469313ec8de80a0486fec18345b8eb8951	2a161bd21072bed155c277c8373c0be6fa7b8bdb72ca728330f0996e20933c4f	15	16	be430dbc787ef05c3f96ede6c238c7702266ad62a54b41b769b9aaf3aee26bea	25be382bec0caa1f1db4a0422dac8c05e2c72f1aa87c05e78b376e8722b24e40	terrestrial-biped-light-v1
272	Ludicolo	00	none	shiny	assets/pokemon-walksheets-549/dex-272__species-ludicolo__form-00__gender-none__palette-shiny__walk-3x4.png	assets/pokemon-runtime-549/dex-272__species-ludicolo__form-00__gender-none__palette-shiny__walk-3x4.png	pokemon_medium		ca09b1b02c87742adaa0a224c7c4cd8d9ddb0612b523dbc087dd359494e0650a	a73c8bcd22ec79abf7a9d02b3cac305e116ab1297fc416a47085a9f0f5b83bf3	15	16	2776fa333223289911119a40297faac2b5f2df3e9ea2ca4f6db7d7e4f4ecddd2	25be382bec0caa1f1db4a0422dac8c05e2c72f1aa87c05e78b376e8722b24e40	terrestrial-biped-light-v1
273	Seedot	00	none	normal	assets/pokemon-walksheets-549/dex-273__species-seedot__form-00__gender-none__palette-normal__walk-3x4.png	assets/pokemon-runtime-549/dex-273__species-seedot__form-00__gender-none__palette-normal__walk-3x4.png	pokemon_medium		0a608fd5111bbbe4b050bc37f8bb8b5676bee270631363695d97fe7c94602a20	953661fb19b0260ba8632a7b4919d469b8c0bb596d1cc332af7872e52d8a6bdf	12	16	9400be9e8e91da4b5d2252272b1021fa678ef76c0a03372ce5f2a2a2c99a5536	25be382bec0caa1f1db4a0422dac8c05e2c72f1aa87c05e78b376e8722b24e40	ground-hop-bounce-v1
273	Seedot	00	none	shiny	assets/pokemon-walksheets-549/dex-273__species-seedot__form-00__gender-none__palette-shiny__walk-3x4.png	assets/pokemon-runtime-549/dex-273__species-seedot__form-00__gender-none__palette-shiny__walk-3x4.png	pokemon_medium		8fae6b7ae5f808117ff1a27da24f300d825e0ea58ea91e84b9f533111c5dd569	b49b89f26d0d54a27d40003dcf5653107a82bfbfb8d97dd7882e8f650ddf2be3	12	16	08a4ca4e223ce7ece9e6f24c486adf1d5233784e4ac0158d3146c102181b05d3	25be382bec0caa1f1db4a0422dac8c05e2c72f1aa87c05e78b376e8722b24e40	ground-hop-bounce-v1
274	Nuzleaf	00	none	normal	assets/pokemon-walksheets-549/dex-274__species-nuzleaf__form-00__gender-none__palette-normal__walk-3x4.png	assets/pokemon-runtime-549/dex-274__species-nuzleaf__form-00__gender-none__palette-normal__walk-3x4.png	pokemon_medium		31c2465f8dda75c14e0911a1ca401ab48d8018fad1bf202d0d12baede8cb8a2f	49d23df3ba9797f85f3c6a933113bf46d0cdddca2293da11d5a08adf7686246c	15	16	4a1c547d081a240df87b3e6528d8000f6863110f438ca560b744e1359a39fbb2	25be382bec0caa1f1db4a0422dac8c05e2c72f1aa87c05e78b376e8722b24e40	terrestrial-biped-light-v1
274	Nuzleaf	00	none	shiny	assets/pokemon-walksheets-549/dex-274__species-nuzleaf__form-00__gender-none__palette-shiny__walk-3x4.png	assets/pokemon-runtime-549/dex-274__species-nuzleaf__form-00__gender-none__palette-shiny__walk-3x4.png	pokemon_medium		dae1f6db089dffe5c73e86ad90534b095d5661c0a22bf128d87cb213d011f791	4597f3fb96357e54e4649f98063752b75ddaa53a9d4c3bbb2cb0818cece28995	15	16	d33e961d628fa56f9a1359f63d0c4b1444df3a767580136ed619854f36d9a7f5	25be382bec0caa1f1db4a0422dac8c05e2c72f1aa87c05e78b376e8722b24e40	terrestrial-biped-light-v1
275	Shiftry	00	none	normal	assets/pokemon-walksheets-549/dex-275__species-shiftry__form-00__gender-none__palette-normal__walk-3x4.png	assets/pokemon-runtime-549/dex-275__species-shiftry__form-00__gender-none__palette-normal__walk-3x4.png	pokemon_medium		85f3ec4199d171bb82e3438d1c88494546a6307cfb385d7b93352d973d81d9a1	cafd790ef043cc781c450f2a8b3b686e2410b988ab26c57fcbec5e7d59de2afb	15	12	ad55b2a28bd09d4332c6a07aefcfb308215c19ef9c01249e14aaa1908a3b6c06	25be382bec0caa1f1db4a0422dac8c05e2c72f1aa87c05e78b376e8722b24e40	terrestrial-biped-light-v1
275	Shiftry	00	none	shiny	assets/pokemon-walksheets-549/dex-275__species-shiftry__form-00__gender-none__palette-shiny__walk-3x4.png	assets/pokemon-runtime-549/dex-275__species-shiftry__form-00__gender-none__palette-shiny__walk-3x4.png	pokemon_medium		b333c24fd988b54b6974f9a45b33f5c264ead3561add0e37283f8da9be73d7fa	0d0f43f8faae101f6817ac2399937e21d43ca367aa8cf1610851db79bc3ffd6a	15	12	4d65a398625f0b584eb770ef979cf03803cd9c56b4bb27fd2a124219c6af9fed	25be382bec0caa1f1db4a0422dac8c05e2c72f1aa87c05e78b376e8722b24e40	terrestrial-biped-light-v1
276	Taillow	00	none	normal	assets/pokemon-walksheets-549/dex-276__species-taillow__form-00__gender-none__palette-normal__walk-3x4.png	assets/pokemon-runtime-549/dex-276__species-taillow__form-00__gender-none__palette-normal__walk-3x4.png	pokemon_medium		1aa27406c61722e553866aa431a283934ee7c2520ec9f205d73894a59e9432ee	ec63df60c040cb2d21a335ad21a1cf1e149ad2b9e7bea6f5f2d64222e9075d47	15	7	c694fd28ad6bcfa909691f9938cb523104a08571b9da783c6b84daff66eef788	25be382bec0caa1f1db4a0422dac8c05e2c72f1aa87c05e78b376e8722b24e40	airborne-wing-flap-v1
276	Taillow	00	none	shiny	assets/pokemon-walksheets-549/dex-276__species-taillow__form-00__gender-none__palette-shiny__walk-3x4.png	assets/pokemon-runtime-549/dex-276__species-taillow__form-00__gender-none__palette-shiny__walk-3x4.png	pokemon_medium		1fe2b0ff3e744a7ebc33912f2603d4241b40f4d7dd953931e02c51357425ed77	4d6f1f655cfe71abf49d9fb175a69d12886984b871964f740de7ab404630e6b7	15	7	9888c5f385235eaa42a3c6bd58e119bf15d835998e0dafe5366084774060941c	25be382bec0caa1f1db4a0422dac8c05e2c72f1aa87c05e78b376e8722b24e40	airborne-wing-flap-v1
277	Swellow	00	none	normal	assets/pokemon-walksheets-549/dex-277__species-swellow__form-00__gender-none__palette-normal__walk-3x4.png	assets/pokemon-runtime-549/dex-277__species-swellow__form-00__gender-none__palette-normal__walk-3x4.png	pokemon_medium		6e1675319018d763f7c17f97b2eca66794a95446897ad76b4fd31302f6d4335f	6e54f65a1a6abe56c3ea1cebdba2efb2741f9a6b15f5f88358b59a9f2e297b4f	15	6	6a3b1c11736103add57c09ff71dc501cea655fc33ac80b9c4b4ef02296a215bf	25be382bec0caa1f1db4a0422dac8c05e2c72f1aa87c05e78b376e8722b24e40	airborne-wing-flap-v1
277	Swellow	00	none	shiny	assets/pokemon-walksheets-549/dex-277__species-swellow__form-00__gender-none__palette-shiny__walk-3x4.png	assets/pokemon-runtime-549/dex-277__species-swellow__form-00__gender-none__palette-shiny__walk-3x4.png	pokemon_medium		9c73bd8d5eb0c77963cdb9bedd6c07449bddb548c155977360ea0e07d06790b7	390c638b6f5208e78dde4291fcda16544abbd34bd3252305aa7d36e1ba7cd5bf	15	6	2bfc0018b8a8679e98bc9f714c6a70d10a22b4f28f785846cd3f2b072f81d57e	25be382bec0caa1f1db4a0422dac8c05e2c72f1aa87c05e78b376e8722b24e40	airborne-wing-flap-v1
278	Wingull	00	none	normal	assets/pokemon-walksheets-549/dex-278__species-wingull__form-00__gender-none__palette-normal__walk-3x4.png	assets/pokemon-runtime-549/dex-278__species-wingull__form-00__gender-none__palette-normal__walk-3x4.png	pokemon_medium		7930635791e7784fd18bcb5e63c204ba485dcd753103c8ebf1ae2306e262d5a6	5289339171a8f1ed1f5acc61b0c1846b6cde478055d8b417f47f151f6586ac63	15	10	e8eb9deb37d2fb4edc6ce874f1321e69d1da2e802fec1f00f2883b3eb91cdcb3	25be382bec0caa1f1db4a0422dac8c05e2c72f1aa87c05e78b376e8722b24e40	airborne-wing-flap-v1
278	Wingull	00	none	shiny	assets/pokemon-walksheets-549/dex-278__species-wingull__form-00__gender-none__palette-shiny__walk-3x4.png	assets/pokemon-runtime-549/dex-278__species-wingull__form-00__gender-none__palette-shiny__walk-3x4.png	pokemon_medium		8f0bb11785bfaf0388a939843098b40aca84035d5086c7a11ec8f926eb4f20ba	7cdbc1a28e2cbc75ebaa85bfee7013aae667903b0bbdf8a42a5f21305139f0cd	15	10	fcaeeffb3f052d2ef1420dc0f38b3023bec9d23ea78754792472587c321392a2	25be382bec0caa1f1db4a0422dac8c05e2c72f1aa87c05e78b376e8722b24e40	airborne-wing-flap-v1
279	Pelipper	00	none	normal	assets/pokemon-walksheets-549/dex-279__species-pelipper__form-00__gender-none__palette-normal__walk-3x4.png	assets/pokemon-runtime-549/dex-279__species-pelipper__form-00__gender-none__palette-normal__walk-3x4.png	pokemon_medium		edbf86f6984d16c8316412daddd10722b3b510fd75490a80d65474e725870c96	e754012d96b453ceda3e0c21433d13db4db24894ec1956ce47c7e2a2c2a42a2f	15	14	1bd9bf1f295f9be736f88fc3057fe65c7e734341d0e951db5a07f1b1aa6c48d5	25be382bec0caa1f1db4a0422dac8c05e2c72f1aa87c05e78b376e8722b24e40	airborne-wing-flap-v1
279	Pelipper	00	none	shiny	assets/pokemon-walksheets-549/dex-279__species-pelipper__form-00__gender-none__palette-shiny__walk-3x4.png	assets/pokemon-runtime-549/dex-279__species-pelipper__form-00__gender-none__palette-shiny__walk-3x4.png	pokemon_medium		2ceca1eedb9fff88f82691d5671f404e7ead5b0bf6a01a508a8430004ead45a8	1cf21b6f9d2351267ac4cc010ede36ab96f7c80cc8e21612e70f3aef7a9e43f4	15	14	cca41720066537b109fbb9b90d78b7216ee7624e912e3ace585fee780da6e42a	25be382bec0caa1f1db4a0422dac8c05e2c72f1aa87c05e78b376e8722b24e40	airborne-wing-flap-v1
280	Ralts	00	none	normal	assets/pokemon-walksheets-549/dex-280__species-ralts__form-00__gender-none__palette-normal__walk-3x4.png	assets/pokemon-runtime-549/dex-280__species-ralts__form-00__gender-none__palette-normal__walk-3x4.png	pokemon_medium		09d1c811cc5281fb15577cd8638cd4d3b707e2fe93a2682aee978c48e92e8207	8f09d477257b5147100ffdc2f45bde74df0bd912908593872f87ad44e9e22256	13	16	0289eb7731ca8435bafc5d79025202fb2c8d9e060f7686cb6bebacc7032aeeea	25be382bec0caa1f1db4a0422dac8c05e2c72f1aa87c05e78b376e8722b24e40	terrestrial-biped-light-v1
280	Ralts	00	none	shiny	assets/pokemon-walksheets-549/dex-280__species-ralts__form-00__gender-none__palette-shiny__walk-3x4.png	assets/pokemon-runtime-549/dex-280__species-ralts__form-00__gender-none__palette-shiny__walk-3x4.png	pokemon_medium		72aafb22bd3c7980304768e1a321aed0c6af3394961582915b5468d7b19e4d3c	3745c8951cd2cdd5d998238faf62e62cb4f70ed1100d9a213edc3d143a5862f6	13	16	e6db1345fc339da6820933a8b134330aecdcf1b36f3e9193cf73ce3ce93d19af	25be382bec0caa1f1db4a0422dac8c05e2c72f1aa87c05e78b376e8722b24e40	terrestrial-biped-light-v1
281	Kirlia	00	none	normal	assets/pokemon-walksheets-549/dex-281__species-kirlia__form-00__gender-none__palette-normal__walk-3x4.png	assets/pokemon-runtime-549/dex-281__species-kirlia__form-00__gender-none__palette-normal__walk-3x4.png	pokemon_medium		7debd40145edc20c0a0c637fd6927f44f1b95941a98009380c7d3c31233f4397	538dc70b5d8d95502e0f4e488c041efd0c71a48e83106850115beb8adc8e08df	10	16	f3af065f6c81e5ca529d86cf51f442c0674d503cc67dc827242dccb8166b758a	25be382bec0caa1f1db4a0422dac8c05e2c72f1aa87c05e78b376e8722b24e40	terrestrial-biped-light-v1
281	Kirlia	00	none	shiny	assets/pokemon-walksheets-549/dex-281__species-kirlia__form-00__gender-none__palette-shiny__walk-3x4.png	assets/pokemon-runtime-549/dex-281__species-kirlia__form-00__gender-none__palette-shiny__walk-3x4.png	pokemon_medium		c1ca1e323af2b8ec28e6688bfc41f218360e1cc57c13cb33d34016ad45329064	ec082ca9eca3a536f105ba87a7920fc02f781276401dd96df288c89102ea6d1e	10	16	6ec0a586347274206488584ab70d6c8fa0c175bec45efee496de8d618ec22d02	25be382bec0caa1f1db4a0422dac8c05e2c72f1aa87c05e78b376e8722b24e40	terrestrial-biped-light-v1
282	Gardevoir	00	none	normal	assets/pokemon-walksheets-549/dex-282__species-gardevoir__form-00__gender-none__palette-normal__walk-3x4.png	assets/pokemon-runtime-549/dex-282__species-gardevoir__form-00__gender-none__palette-normal__walk-3x4.png	pokemon_medium		106f16936097ea57107017b7d6ad3938e7544cb71887154f563b40d5719946a4	966ec2e75a3d64a624bddc0ca7d9fd983708b26b45916fe711de8c51aa268ca4	14	16	c21d688efed683023b89dba1c50e35e41eda07fa976a2ca69b6356d3bd58aad0	25be382bec0caa1f1db4a0422dac8c05e2c72f1aa87c05e78b376e8722b24e40	terrestrial-biped-light-v1
282	Gardevoir	00	none	shiny	assets/pokemon-walksheets-549/dex-282__species-gardevoir__form-00__gender-none__palette-shiny__walk-3x4.png	assets/pokemon-runtime-549/dex-282__species-gardevoir__form-00__gender-none__palette-shiny__walk-3x4.png	pokemon_medium		12fc7438b861ae70ac6ab77b1cbe63c616e7ed430425234b941af3d2a426e284	644fa9586b5a83a420e638e5712392779624ed12b1520e99a9a4fbadb1fbdce0	14	16	ff622f322fabc6d7b015d396e0989162937add5d081d7f6a13e5c8b7b3c1407c	25be382bec0caa1f1db4a0422dac8c05e2c72f1aa87c05e78b376e8722b24e40	terrestrial-biped-light-v1
283	Surskit	00	none	normal	assets/pokemon-walksheets-549/dex-283__species-surskit__form-00__gender-none__palette-normal__walk-3x4.png	assets/pokemon-runtime-549/dex-283__species-surskit__form-00__gender-none__palette-normal__walk-3x4.png	pokemon_medium		eb14415a5fa4dea951dc1e81ff28aab15a6399d72ca2e6b032989af712c7034a	62d763ad9485c79fb560d357f0562b7182cd07756184c24c1f2445dec7b72ea4	15	15	90a19d0a21c25a547f5d5ddd307044dc8bc46b82c9c0a41133c96c5f6f8f3400	25be382bec0caa1f1db4a0422dac8c05e2c72f1aa87c05e78b376e8722b24e40	terrestrial-multiped-crawl-v1
283	Surskit	00	none	shiny	assets/pokemon-walksheets-549/dex-283__species-surskit__form-00__gender-none__palette-shiny__walk-3x4.png	assets/pokemon-runtime-549/dex-283__species-surskit__form-00__gender-none__palette-shiny__walk-3x4.png	pokemon_medium		ca833242c46b535c0a60db82de869f7486e9dcf220f814b1704f6a0afbf3227d	34064278fd5ad3ee238c6a802c8175bd55ed2edd7a574608093518fd3477d25d	15	15	576710a02f6a6364d857043f6361391ec0118653acf6720971a144a82352cd36	25be382bec0caa1f1db4a0422dac8c05e2c72f1aa87c05e78b376e8722b24e40	terrestrial-multiped-crawl-v1
284	Masquerain	00	none	normal	assets/pokemon-walksheets-549/dex-284__species-masquerain__form-00__gender-none__palette-normal__walk-3x4.png	assets/pokemon-runtime-549/dex-284__species-masquerain__form-00__gender-none__palette-normal__walk-3x4.png	pokemon_medium		2950f8f683f5c1e2fc8871faa203ea0ea8326982d3696b83295b46dfada1439d	7a6e66bd438c0490d92a84368aee0484f5789ba995a0725b90a10cfd57e096b5	15	16	55fa2f6625ad8e005226e9d5e64f94aab23a0ca138046f51a7e41bf73db5ebcf	25be382bec0caa1f1db4a0422dac8c05e2c72f1aa87c05e78b376e8722b24e40	airborne-wing-flap-v1
284	Masquerain	00	none	shiny	assets/pokemon-walksheets-549/dex-284__species-masquerain__form-00__gender-none__palette-shiny__walk-3x4.png	assets/pokemon-runtime-549/dex-284__species-masquerain__form-00__gender-none__palette-shiny__walk-3x4.png	pokemon_medium		bd34f10b9c410628b727918ae9786d94993080741a56d24e0dfac40f6d58407e	a62d9c2e952b31cb674d392c236020d4b89b4cc32a6bb434f948b6dfbc6ba850	15	16	ecfa5fee4d81840dba20266ea27aa9053d8b0c15ea81079bd9a5003c3d5cfe2b	25be382bec0caa1f1db4a0422dac8c05e2c72f1aa87c05e78b376e8722b24e40	airborne-wing-flap-v1
285	Shroomish	00	none	normal	assets/pokemon-walksheets-549/dex-285__species-shroomish__form-00__gender-none__palette-normal__walk-3x4.png	assets/pokemon-runtime-549/dex-285__species-shroomish__form-00__gender-none__palette-normal__walk-3x4.png	pokemon_medium		bdbc6aec0ac28c1a0b4a4ad8234d725f1b6b718d260ceadd5ccbf22ef78383e8	389c23e97438eb93ff411d8c67ec86a192f3aa65deef3203c70e06361260b80b	15	12	194568ea559aecda0862fb029390800a66f16363e419ecb0d604500330145566	25be382bec0caa1f1db4a0422dac8c05e2c72f1aa87c05e78b376e8722b24e40	ground-hop-bounce-v1
285	Shroomish	00	none	shiny	assets/pokemon-walksheets-549/dex-285__species-shroomish__form-00__gender-none__palette-shiny__walk-3x4.png	assets/pokemon-runtime-549/dex-285__species-shroomish__form-00__gender-none__palette-shiny__walk-3x4.png	pokemon_medium		de05da4bcfde5840e12d2ed6324f420f4cd20c5580ed3dca79edd466d92818ff	288f9ae1ee86b12b3ac451cdfaaa090158f560259df1c8e8574b39d340278ada	15	12	ea025718f64821373dbf2f2ece6ff4c5d4abab99b4efb494dc29f336bb273b41	25be382bec0caa1f1db4a0422dac8c05e2c72f1aa87c05e78b376e8722b24e40	ground-hop-bounce-v1
286	Breloom	00	none	normal	assets/pokemon-walksheets-549/dex-286__species-breloom__form-00__gender-none__palette-normal__walk-3x4.png	assets/pokemon-runtime-549/dex-286__species-breloom__form-00__gender-none__palette-normal__walk-3x4.png	pokemon_medium		c2156bbf8a538bae37b7ecbd21e0153694ced31d6b59b8126b493563b7ea0ffb	2b2371b0adec3046a5ec2608542b651ba643d7dbdacc3c3533102d10198e532a	15	16	7043b998efde1e888a034aeeedebe1e9e94a389c290f7dc5fa8b92090ae31128	25be382bec0caa1f1db4a0422dac8c05e2c72f1aa87c05e78b376e8722b24e40	terrestrial-biped-light-v1
286	Breloom	00	none	shiny	assets/pokemon-walksheets-549/dex-286__species-breloom__form-00__gender-none__palette-shiny__walk-3x4.png	assets/pokemon-runtime-549/dex-286__species-breloom__form-00__gender-none__palette-shiny__walk-3x4.png	pokemon_medium		46a97c16e7bb704b4ee0942993229c6b8a268e5cb0d2f9565f43dcc27a663376	ca60b0eb361a920b275e4df281bde35a1730ba90dbf9e823f143851fdb4e0d7f	15	16	99d3980ddcab2e868bfc5cf21b22df95a5053cde5a2b13d85a3a67f36b244b57	25be382bec0caa1f1db4a0422dac8c05e2c72f1aa87c05e78b376e8722b24e40	terrestrial-biped-light-v1
287	Slakoth	00	none	normal	assets/pokemon-walksheets-549/dex-287__species-slakoth__form-00__gender-none__palette-normal__walk-3x4.png	assets/pokemon-runtime-549/dex-287__species-slakoth__form-00__gender-none__palette-normal__walk-3x4.png	pokemon_medium		8c341dacc9a08e3839faf8c590238814b1006296dec33e44058ad97ad324e500	979a97e5c10f50f914ec8542a70f3ddecac733b4f9be9884643504c2d6ceb63c	15	9	e6a34d5919fd61a257e0b6bd722d8a453f8b0549125368fd1a95d25c17918846	25be382bec0caa1f1db4a0422dac8c05e2c72f1aa87c05e78b376e8722b24e40	terrestrial-quadruped-light-v1
287	Slakoth	00	none	shiny	assets/pokemon-walksheets-549/dex-287__species-slakoth__form-00__gender-none__palette-shiny__walk-3x4.png	assets/pokemon-runtime-549/dex-287__species-slakoth__form-00__gender-none__palette-shiny__walk-3x4.png	pokemon_medium		caa2635001d41b19805e5c75e3274941a929c9c7fb46943cf57d5ccf489822b0	41a9741acbc18bca1ee1cba01df79aea09350adbdd65da189ccf45f13557c748	15	9	8b8798fde7ed2b23402c12caf719222e9d4ccd6e12291a101384694eb7e48141	25be382bec0caa1f1db4a0422dac8c05e2c72f1aa87c05e78b376e8722b24e40	terrestrial-quadruped-light-v1
288	Vigoroth	00	none	normal	assets/pokemon-walksheets-549/dex-288__species-vigoroth__form-00__gender-none__palette-normal__walk-3x4.png	assets/pokemon-runtime-549/dex-288__species-vigoroth__form-00__gender-none__palette-normal__walk-3x4.png	pokemon_medium		0b7a564e591508cbc18da8e26ef6b06d882d326bafeb3297dc91acad693a4288	164b0532e9540dc779b5de3eabed0fc633968beb386556725a385252f5205fa3	15	16	3fbbbb7569fd2e4026bd358b0450e03ac30b11bf2cb586fa5463b7c4341ad4e3	25be382bec0caa1f1db4a0422dac8c05e2c72f1aa87c05e78b376e8722b24e40	terrestrial-biped-light-v1
288	Vigoroth	00	none	shiny	assets/pokemon-walksheets-549/dex-288__species-vigoroth__form-00__gender-none__palette-shiny__walk-3x4.png	assets/pokemon-runtime-549/dex-288__species-vigoroth__form-00__gender-none__palette-shiny__walk-3x4.png	pokemon_medium		0b6ae614bf56ffba48977a3cea9e623be6142bbc800d41358934f81b3c23a7f7	7cea0a66368e7a6718edf505ced56125bd84b5c1bedf85487b7b55e572e52fb2	15	16	b7bb4242250719b4856694faa2efb8eca3075185d45a3321ffecd0fc77c45215	25be382bec0caa1f1db4a0422dac8c05e2c72f1aa87c05e78b376e8722b24e40	terrestrial-biped-light-v1
289	Slaking	00	none	normal	assets/pokemon-walksheets-549/dex-289__species-slaking__form-00__gender-none__palette-normal__walk-3x4.png	assets/pokemon-runtime-549/dex-289__species-slaking__form-00__gender-none__palette-normal__walk-3x4.png	pokemon_medium		d9f71c7243d534e540cdbfdf378785afc746e140e9041dfc46632835864e3fe4	a7eac0ca0f5e9a79b555e5bf6ab52141afb9980d063b1359252cc201c347b034	15	15	2f83d28a78867d79e5c8b7612cdc47ed98d70fce0acc123424c4548c5705dc1b	25be382bec0caa1f1db4a0422dac8c05e2c72f1aa87c05e78b376e8722b24e40	terrestrial-biped-heavy-v1
289	Slaking	00	none	shiny	assets/pokemon-walksheets-549/dex-289__species-slaking__form-00__gender-none__palette-shiny__walk-3x4.png	assets/pokemon-runtime-549/dex-289__species-slaking__form-00__gender-none__palette-shiny__walk-3x4.png	pokemon_medium		9218f728373d43db3242625a162697bdd8fddb702352901f99ec06b4aec71c9f	dafdbcd49d17c7ff175df9b288c523e2367aca81409229367383e0dd2d2258e7	15	15	763212146c42bd83c6f59592332b5a6dea10b2fe31a0e153525a0beec6f348d2	25be382bec0caa1f1db4a0422dac8c05e2c72f1aa87c05e78b376e8722b24e40	terrestrial-biped-heavy-v1
290	Nincada	00	none	normal	assets/pokemon-walksheets-549/dex-290__species-nincada__form-00__gender-none__palette-normal__walk-3x4.png	assets/pokemon-runtime-549/dex-290__species-nincada__form-00__gender-none__palette-normal__walk-3x4.png	pokemon_medium		f669d2220e6bde553a56fffd332c86dad529d14521d352f74b9fa5185944badf	1f424329f2c647e97280cac673d21e2fef7cfa136d0f1941217f06a52bdc25d1	15	10	1967c88699bef7f020bad34680575972ad30b4e45443fa0a4a7601d3cf67fb67	25be382bec0caa1f1db4a0422dac8c05e2c72f1aa87c05e78b376e8722b24e40	terrestrial-multiped-crawl-v1
290	Nincada	00	none	shiny	assets/pokemon-walksheets-549/dex-290__species-nincada__form-00__gender-none__palette-shiny__walk-3x4.png	assets/pokemon-runtime-549/dex-290__species-nincada__form-00__gender-none__palette-shiny__walk-3x4.png	pokemon_medium		273834faf501689e045af1c50b1f62fe65c4ec787cc6677ff196582d7bf7235b	da4bea4e772ea4e46792fa6ac8538986aa64dfe9474473d43e55ca3a09f4604f	15	10	8ad164af4e8a15faaa485c82054266164cdd49d71781bed910030cb90333c06e	25be382bec0caa1f1db4a0422dac8c05e2c72f1aa87c05e78b376e8722b24e40	terrestrial-multiped-crawl-v1
291	Ninjask	00	none	normal	assets/pokemon-walksheets-549/dex-291__species-ninjask__form-00__gender-none__palette-normal__walk-3x4.png	assets/pokemon-runtime-549/dex-291__species-ninjask__form-00__gender-none__palette-normal__walk-3x4.png	pokemon_medium		d4304096657b0b19cc7793864431b8624b0a34d364860e4ec820416d86318527	c5aa8ba21dad5f38288ad1eb213d1877cf626971caea38551c38bab049bc6f6e	15	16	c0f8ccddb36642aaf2c44668f98e3ab6f1f1704f2402c0b2e52c433f6f2c2b81	25be382bec0caa1f1db4a0422dac8c05e2c72f1aa87c05e78b376e8722b24e40	airborne-wing-flap-v1
291	Ninjask	00	none	shiny	assets/pokemon-walksheets-549/dex-291__species-ninjask__form-00__gender-none__palette-shiny__walk-3x4.png	assets/pokemon-runtime-549/dex-291__species-ninjask__form-00__gender-none__palette-shiny__walk-3x4.png	pokemon_medium		59be80301a23a4883e758062d6e85cb4c8e8f6a9bf0d406acb100ce774a10e14	e4338a6b1f5c08baf1d3895ed11c4aaec038ad4dc81edd97bbf2e6ff81174cc9	15	16	66e0f3342ecdd26b0f6ebdd08f049b820a4096331b5e535fd0d9cee30f02cb87	25be382bec0caa1f1db4a0422dac8c05e2c72f1aa87c05e78b376e8722b24e40	airborne-wing-flap-v1
292	Shedinja	00	none	normal	assets/pokemon-walksheets-549/dex-292__species-shedinja__form-00__gender-none__palette-normal__walk-3x4.png	assets/pokemon-runtime-549/dex-292__species-shedinja__form-00__gender-none__palette-normal__walk-3x4.png	pokemon_medium		ae06f8ad6677afe7f5a46cbdb5c235df410618caf29e8daf334a430ea92dc46c	6e1f352977a743f21eede30ee3ed1416901ec8f0508c9ff8757c406d4433a572	15	16	1fa39f95f501941a0f9e61f710ce4bef7ce78eb300f0d353ab9474e5d1f906a2	25be382bec0caa1f1db4a0422dac8c05e2c72f1aa87c05e78b376e8722b24e40	airborne-hover-bob-v1
292	Shedinja	00	none	shiny	assets/pokemon-walksheets-549/dex-292__species-shedinja__form-00__gender-none__palette-shiny__walk-3x4.png	assets/pokemon-runtime-549/dex-292__species-shedinja__form-00__gender-none__palette-shiny__walk-3x4.png	pokemon_medium		104a62446003f180b6b8fcbc7e73554b36db5d38551dab251a80e0768326452c	a98459a03853a60d4651070c7c02443362ed9dee4df9691a330e894a0dde6bdb	15	16	be6d90cfb9d18c8c42556ac39149dab7b6316bdd1c63f7ca99e95a9ea0716bd7	25be382bec0caa1f1db4a0422dac8c05e2c72f1aa87c05e78b376e8722b24e40	airborne-hover-bob-v1
293	Whismur	00	none	normal	assets/pokemon-walksheets-549/dex-293__species-whismur__form-00__gender-none__palette-normal__walk-3x4.png	assets/pokemon-runtime-549/dex-293__species-whismur__form-00__gender-none__palette-normal__walk-3x4.png	pokemon_medium		b82b927dd5bd5eaa492abd801e9b21c9114c7687abbe81f30cc4b18ea9f0d6ea	5e94e0dcf39300e6f36fbc52b8596715db07466cf76ce832dcee00c890c6ddc5	15	16	35ed79beb094a475ef19e1406483c5ee5119fe2203d8b751520756b1c3fd4462	25be382bec0caa1f1db4a0422dac8c05e2c72f1aa87c05e78b376e8722b24e40	terrestrial-biped-light-v1
293	Whismur	00	none	shiny	assets/pokemon-walksheets-549/dex-293__species-whismur__form-00__gender-none__palette-shiny__walk-3x4.png	assets/pokemon-runtime-549/dex-293__species-whismur__form-00__gender-none__palette-shiny__walk-3x4.png	pokemon_medium		d5fa7a602366186b6e3c1db142f2686cd9bb23b5e861c4ad413b4fc6218d3b02	c13e38878d9dde857f494d56e501dd2e95a5d2f96f49498b59f709977ed55ddc	15	16	10fa88743b55cc101572253e000e1581d372b8dfb223e52297d9ac47ef4aa30d	25be382bec0caa1f1db4a0422dac8c05e2c72f1aa87c05e78b376e8722b24e40	terrestrial-biped-light-v1
294	Loudred	00	none	normal	assets/pokemon-walksheets-549/dex-294__species-loudred__form-00__gender-none__palette-normal__walk-3x4.png	assets/pokemon-runtime-549/dex-294__species-loudred__form-00__gender-none__palette-normal__walk-3x4.png	pokemon_medium		e3cf1d508720c9f377684fc6f33266e93790b99c05147be54cecabdfdf9e91ae	0d7a5fcdc66d9887dc362a2710d669845bbd6bdd8b82bc5bfee0306c70d8a754	15	16	bdf9ad35d7849239ef4a8d48cdd8b39c3e9f5c3d78b559b92661191cbbb1935c	25be382bec0caa1f1db4a0422dac8c05e2c72f1aa87c05e78b376e8722b24e40	terrestrial-biped-heavy-v1
294	Loudred	00	none	shiny	assets/pokemon-walksheets-549/dex-294__species-loudred__form-00__gender-none__palette-shiny__walk-3x4.png	assets/pokemon-runtime-549/dex-294__species-loudred__form-00__gender-none__palette-shiny__walk-3x4.png	pokemon_medium		0b00787cb5e0fc0414c09766319df9ed86decbe78dbacac0087c39774751547b	69708e71858a92c7908030bf43af01f19e9d787712086cc844d8e3c9ab95721d	15	16	af1dabe21588fc715235602c341164c146ee6e81db087f4cf94a6abe61c76ac0	25be382bec0caa1f1db4a0422dac8c05e2c72f1aa87c05e78b376e8722b24e40	terrestrial-biped-heavy-v1
295	Exploud	00	none	normal	assets/pokemon-walksheets-549/dex-295__species-exploud__form-00__gender-none__palette-normal__walk-3x4.png	assets/pokemon-runtime-549/dex-295__species-exploud__form-00__gender-none__palette-normal__walk-3x4.png	pokemon_medium		1031e328c110f640692e387cdd4d2cc3fb08c1fdd749f5f21e494926861a4716	1761ba025e372f808776a6846b0e67559618985067eaecc3ae1c2bd00a6720fa	15	13	6aebacee59f3ee795216cfbd0cb71f6cfdace157945698ab897249e0f12472ac	25be382bec0caa1f1db4a0422dac8c05e2c72f1aa87c05e78b376e8722b24e40	terrestrial-biped-heavy-v1
295	Exploud	00	none	shiny	assets/pokemon-walksheets-549/dex-295__species-exploud__form-00__gender-none__palette-shiny__walk-3x4.png	assets/pokemon-runtime-549/dex-295__species-exploud__form-00__gender-none__palette-shiny__walk-3x4.png	pokemon_medium		905107e557d11feb985fdbf546cb46f0abd011d47df96d168837b2d2e110e04c	f20f4948206d4e7677b6277d2adff3e6b3f99b852fe8ca77583c46f90b26da3c	15	13	9c5bda1081653421eb1d657ef627aef558dd44ba7e24c0e558f709859258f083	25be382bec0caa1f1db4a0422dac8c05e2c72f1aa87c05e78b376e8722b24e40	terrestrial-biped-heavy-v1
296	Makuhita	00	none	normal	assets/pokemon-walksheets-549/dex-296__species-makuhita__form-00__gender-none__palette-normal__walk-3x4.png	assets/pokemon-runtime-549/dex-296__species-makuhita__form-00__gender-none__palette-normal__walk-3x4.png	pokemon_medium		b1bcbd8a7a69c6b9e7610cda2d1e4481b2168ebbb324d6f0785f1b28daf92af1	cad17b35df65634c3a7e8783e2d3f97a227ea4623be1276610156827972653e1	15	16	c6e0f267b724e06e714a46483685cc8be6674932a8ba78892ce1352038b5880a	25be382bec0caa1f1db4a0422dac8c05e2c72f1aa87c05e78b376e8722b24e40	terrestrial-biped-heavy-v1
296	Makuhita	00	none	shiny	assets/pokemon-walksheets-549/dex-296__species-makuhita__form-00__gender-none__palette-shiny__walk-3x4.png	assets/pokemon-runtime-549/dex-296__species-makuhita__form-00__gender-none__palette-shiny__walk-3x4.png	pokemon_medium		9badd0deee530e9e3bd8abfca29030c2f2f6c410e0babfe46ab3c879c5747637	4ae85bbe324bb780fcc64113f11372316601e86a87f12f522467275f9e3f5e09	15	16	9a4ba5415e269961bb4cf1feee87ec4a8e110e8b0c66098674f4aa77c5310b32	25be382bec0caa1f1db4a0422dac8c05e2c72f1aa87c05e78b376e8722b24e40	terrestrial-biped-heavy-v1
297	Hariyama	00	none	normal	assets/pokemon-walksheets-549/dex-297__species-hariyama__form-00__gender-none__palette-normal__walk-3x4.png	assets/pokemon-runtime-549/dex-297__species-hariyama__form-00__gender-none__palette-normal__walk-3x4.png	pokemon_medium		a542b14fe9e91419b4a3f0f78d1336df4c66d270ccf761d6262ad6f71b1f07a4	4de26695b6a8439a6e21c513440d2cc25ef17062cc2392b6011a06af84505db5	15	16	99626ba02e0cc97239da8cbf853d1f5e7ea854ce2ee718280d9de9f4da648d3c	25be382bec0caa1f1db4a0422dac8c05e2c72f1aa87c05e78b376e8722b24e40	terrestrial-biped-heavy-v1
297	Hariyama	00	none	shiny	assets/pokemon-walksheets-549/dex-297__species-hariyama__form-00__gender-none__palette-shiny__walk-3x4.png	assets/pokemon-runtime-549/dex-297__species-hariyama__form-00__gender-none__palette-shiny__walk-3x4.png	pokemon_medium		7a32cd78648e8a7b219f6bdcd46ca1a7ef4c9b33dbec805123ba52c05963f399	03e23b5c5c7f3b064c04c9e7c23c49dcb2c8d57d649bca5c2508a79a524084e3	15	16	076b7f3feea890ba73e2b3afa98290c2d0063a587e10c5d3e1cdcf0e91911874	25be382bec0caa1f1db4a0422dac8c05e2c72f1aa87c05e78b376e8722b24e40	terrestrial-biped-heavy-v1
298	Azurill	00	none	normal	assets/pokemon-walksheets-549/dex-298__species-azurill__form-00__gender-none__palette-normal__walk-3x4.png	assets/pokemon-runtime-549/dex-298__species-azurill__form-00__gender-none__palette-normal__walk-3x4.png	pokemon_medium		faf142e0628a80db4d976bb02e4c5f21ee2016101e1ee864e59ffd7ec8e0958b	fcfe233112d92cd54eb2873ffd36288056ea1b2ef2f25e20b7825efbc77e3ec4	9	16	812058b9bf5928aac522e7594e8317f6246ea52ad1844dea33faf25d9827ea98	25be382bec0caa1f1db4a0422dac8c05e2c72f1aa87c05e78b376e8722b24e40	ground-hop-bounce-v1
298	Azurill	00	none	shiny	assets/pokemon-walksheets-549/dex-298__species-azurill__form-00__gender-none__palette-shiny__walk-3x4.png	assets/pokemon-runtime-549/dex-298__species-azurill__form-00__gender-none__palette-shiny__walk-3x4.png	pokemon_medium		fe7df938dd88f6216a436e5d43fe211a4e2f8301c568d6e73f966731ce6bd189	879d4443e05860431ee231263482dca8895249b30eba8e78922eaad878471b1b	9	16	8cd1fed8b9342f1c228e0e943e9f5fdd2cfc02c343945a854203dc93d0e05dcc	25be382bec0caa1f1db4a0422dac8c05e2c72f1aa87c05e78b376e8722b24e40	ground-hop-bounce-v1
299	Nosepass	00	none	normal	assets/pokemon-walksheets-549/dex-299__species-nosepass__form-00__gender-none__palette-normal__walk-3x4.png	assets/pokemon-runtime-549/dex-299__species-nosepass__form-00__gender-none__palette-normal__walk-3x4.png	pokemon_medium		f4d73064a0d220be9ddc1cf67fe58021ec5d5e16621c258ece2c8c7a120ced05	b136f78646389d00b2068337d1234c71d3d67cfb30ebf41ad22c3fe7d10632d8	15	15	85850320174a75bd24f09164570d37519dce8b69a762c1b2d8e01634879ff5fe	25be382bec0caa1f1db4a0422dac8c05e2c72f1aa87c05e78b376e8722b24e40	rooted-or-cocoon-sway-v1
299	Nosepass	00	none	shiny	assets/pokemon-walksheets-549/dex-299__species-nosepass__form-00__gender-none__palette-shiny__walk-3x4.png	assets/pokemon-runtime-549/dex-299__species-nosepass__form-00__gender-none__palette-shiny__walk-3x4.png	pokemon_medium		260981e3f43a51aad33d0ffb55a365ee31a8aebdb9113b3655486560a83e1ef6	1d193b4d1e25c4fefbc706f7491df04d50461275f735d68486cd666360372c5c	15	15	df8cf02c24f3496c63bbd2471c89389b7df04ebac408571810d3ca2094a1eab2	25be382bec0caa1f1db4a0422dac8c05e2c72f1aa87c05e78b376e8722b24e40	rooted-or-cocoon-sway-v1
300	Skitty	00	none	normal	assets/pokemon-walksheets-549/dex-300__species-skitty__form-00__gender-none__palette-normal__walk-3x4.png	assets/pokemon-runtime-549/dex-300__species-skitty__form-00__gender-none__palette-normal__walk-3x4.png	pokemon_medium		97ab610ff1a2193d6c182010f241917ceae5d5ffc4ee0a15a461c5bd9a022950	df1583bd7b09c6ceb8527fe62303ba7bf5588fd230613ebdea10d1900a0ebbbd	15	16	ab60d53f02b19a11e280cac3f99abb22eae30728fd49afddee752fc724f7308c	25be382bec0caa1f1db4a0422dac8c05e2c72f1aa87c05e78b376e8722b24e40	terrestrial-quadruped-light-v1
300	Skitty	00	none	shiny	assets/pokemon-walksheets-549/dex-300__species-skitty__form-00__gender-none__palette-shiny__walk-3x4.png	assets/pokemon-runtime-549/dex-300__species-skitty__form-00__gender-none__palette-shiny__walk-3x4.png	pokemon_medium		847e8e2d84176726f4d7cf20a357a0976f7d134d76aec8a347ea9691930fa2dc	c23fd24bb8ae6c2e1d54eced0aaa9f4532c971c8d21afbe8bd0d220712d1a591	15	16	3bea52153edd58e9ffe838f95cafc2a929c2429ac1199a18af07b3ac4329275b	25be382bec0caa1f1db4a0422dac8c05e2c72f1aa87c05e78b376e8722b24e40	terrestrial-quadruped-light-v1
301	Delcatty	00	none	normal	assets/pokemon-walksheets-549/dex-301__species-delcatty__form-00__gender-none__palette-normal__walk-3x4.png	assets/pokemon-runtime-549/dex-301__species-delcatty__form-00__gender-none__palette-normal__walk-3x4.png	pokemon_medium		3112a7fc95eb66f1d50aa7a62c183ad5080c27318c9fb4488295662eec41e7d8	285734c532e01eaa8ce1e44780197b53d8b6f3af99b4ac57e0b477f2014686c0	15	16	7b1145bb308c98d305c32231964cb289906fb28b1f8ba7874e8d93dd531c6013	25be382bec0caa1f1db4a0422dac8c05e2c72f1aa87c05e78b376e8722b24e40	terrestrial-quadruped-light-v1
301	Delcatty	00	none	shiny	assets/pokemon-walksheets-549/dex-301__species-delcatty__form-00__gender-none__palette-shiny__walk-3x4.png	assets/pokemon-runtime-549/dex-301__species-delcatty__form-00__gender-none__palette-shiny__walk-3x4.png	pokemon_medium		6deea1515fea8ede239b3d5779df846ac4731837ab969110f8d0c2a06bc84e5d	1d3b61bc79f59db87f545c7f2bb52476730cf6db72735871d32e6a6489558010	15	16	74394f8ebd2e06b0939fcf05169c44743cc5417b6e109bdfa9672bccdab7906c	25be382bec0caa1f1db4a0422dac8c05e2c72f1aa87c05e78b376e8722b24e40	terrestrial-quadruped-light-v1
302	Sableye	00	none	normal	assets/pokemon-walksheets-549/dex-302__species-sableye__form-00__gender-none__palette-normal__walk-3x4.png	assets/pokemon-runtime-549/dex-302__species-sableye__form-00__gender-none__palette-normal__walk-3x4.png	pokemon_medium		09307fe66133e84ddd12a42ee392f416bf0c847c5a1d5a6e81c85bad31d4e09d	161003fc1f0187065a588cb417f90ce7d18d02552ab9e1023a2b9c444f142433	12	16	53c2c717471fe0c2b63ef3f98c1d910f8b4d6c8d144a0d4c9bfdafd24301fe37	25be382bec0caa1f1db4a0422dac8c05e2c72f1aa87c05e78b376e8722b24e40	terrestrial-biped-light-v1
302	Sableye	00	none	shiny	assets/pokemon-walksheets-549/dex-302__species-sableye__form-00__gender-none__palette-shiny__walk-3x4.png	assets/pokemon-runtime-549/dex-302__species-sableye__form-00__gender-none__palette-shiny__walk-3x4.png	pokemon_medium		0c95ce3a27667607f1f3f6d9fe9a1a84569f064416a8a60176d37b2ffb1c61d3	1ad007f5de71d0bfbe32753323e5b7d4fc6eb09b1a90fa0ee9e2e12258dba8ae	12	16	12d6bd0ca81d1b69238634542b0fd98d4e1d665ea3e4e97907678965eb4b68f6	25be382bec0caa1f1db4a0422dac8c05e2c72f1aa87c05e78b376e8722b24e40	terrestrial-biped-light-v1
303	Mawile	00	none	normal	assets/pokemon-walksheets-549/dex-303__species-mawile__form-00__gender-none__palette-normal__walk-3x4.png	assets/pokemon-runtime-549/dex-303__species-mawile__form-00__gender-none__palette-normal__walk-3x4.png	pokemon_medium		3c1f7fc7ad795f1e9bc506c3e4cef932cab7be27ef090ac79a5c42173154e7da	790fcd146d307b3505b1776463d9499e5ef1f8784413792309516d4149a546fd	15	12	076ac042ee9afbe56126321cd08c8ab6d06e63090ba28265c63f23bad5a33645	25be382bec0caa1f1db4a0422dac8c05e2c72f1aa87c05e78b376e8722b24e40	terrestrial-biped-light-v1
303	Mawile	00	none	shiny	assets/pokemon-walksheets-549/dex-303__species-mawile__form-00__gender-none__palette-shiny__walk-3x4.png	assets/pokemon-runtime-549/dex-303__species-mawile__form-00__gender-none__palette-shiny__walk-3x4.png	pokemon_medium		7047346c503d17e19e302788684f497ef53b569fe2a6d138cbf681ce372359d7	a42f94824b418d16baa13c70bb0bff61467c05015426ee1899b1b1ce48e417a2	15	12	4f65bd8ab8e6fc86c00c0ddacddb681db4d68def537a015188cfad63b8fce6ee	25be382bec0caa1f1db4a0422dac8c05e2c72f1aa87c05e78b376e8722b24e40	terrestrial-biped-light-v1
304	Aron	00	none	normal	assets/pokemon-walksheets-549/dex-304__species-aron__form-00__gender-none__palette-normal__walk-3x4.png	assets/pokemon-runtime-549/dex-304__species-aron__form-00__gender-none__palette-normal__walk-3x4.png	pokemon_medium		b6f0296774c858132881be5f9992ce716669580e280e4c46851e1075df5b760f	1d71dde00b5b808f00ebdcd426f7207e8745ec628a9d38f126e9c81fef1fc4ca	15	16	893364d641aecdb64226ccf93564b19d00c113a5b683eed040e02dbaed640f85	25be382bec0caa1f1db4a0422dac8c05e2c72f1aa87c05e78b376e8722b24e40	terrestrial-quadruped-light-v1
304	Aron	00	none	shiny	assets/pokemon-walksheets-549/dex-304__species-aron__form-00__gender-none__palette-shiny__walk-3x4.png	assets/pokemon-runtime-549/dex-304__species-aron__form-00__gender-none__palette-shiny__walk-3x4.png	pokemon_medium		a3fd81649b608adc59257f2e6a38b5b1cb9de4fc302f18a9d6dfd8e8e53a5e9f	4234241c80e709f305d309e723c9a5bd8c18e9b9648012cca67656b56527768e	15	16	69838cc77610b14f46a45d7da4b2eef103128f01038e3672bcb0cee9b80103d5	25be382bec0caa1f1db4a0422dac8c05e2c72f1aa87c05e78b376e8722b24e40	terrestrial-quadruped-light-v1
305	Lairon	00	none	normal	assets/pokemon-walksheets-549/dex-305__species-lairon__form-00__gender-none__palette-normal__walk-3x4.png	assets/pokemon-runtime-549/dex-305__species-lairon__form-00__gender-none__palette-normal__walk-3x4.png	pokemon_medium		7abb9baaef0c8a6674842dbd2762882d61b10b5a93856d23a95cfdf6d1f79771	0a1f1bd3eeec545f538575645feed5f161da95f81745378004872e07dcac4bee	15	12	9666f227c222189e1d7c5538baf88590b615ff79bc3d495251acb909f8fc1644	25be382bec0caa1f1db4a0422dac8c05e2c72f1aa87c05e78b376e8722b24e40	terrestrial-quadruped-light-v1
305	Lairon	00	none	shiny	assets/pokemon-walksheets-549/dex-305__species-lairon__form-00__gender-none__palette-shiny__walk-3x4.png	assets/pokemon-runtime-549/dex-305__species-lairon__form-00__gender-none__palette-shiny__walk-3x4.png	pokemon_medium		c3986474ddf6433417a10e5d0c9a2c06e8f6e57f153f3c6e3f7ca599ee0b2ace	6c7da4221c65d1bd40ce6cc54a4b1bdb4550bfcd795bda555f322edddfb8d8ef	15	12	287e4f98f2bfe81ed4ad2e9b2245616ce19d555b3cbc27f2f470f19807feeb08	25be382bec0caa1f1db4a0422dac8c05e2c72f1aa87c05e78b376e8722b24e40	terrestrial-quadruped-light-v1
306	Aggron	00	none	normal	assets/pokemon-walksheets-549/dex-306__species-aggron__form-00__gender-none__palette-normal__walk-3x4.png	assets/pokemon-runtime-549/dex-306__species-aggron__form-00__gender-none__palette-normal__walk-3x4.png	pokemon_medium		01b3c376e31da7e4b74fe9ed408657d90b6c872c5d10f72b79af8d6eb2ede8e6	b9548cae23636fd3f84b11c2cc1a9cf8dda632b157d3744092b977fff0a44f90	15	16	e8e80770c06691acbfe122e42c4c79cf3232fec15de1d554fc9a09a9a29a72a4	25be382bec0caa1f1db4a0422dac8c05e2c72f1aa87c05e78b376e8722b24e40	terrestrial-biped-heavy-v1
306	Aggron	00	none	shiny	assets/pokemon-walksheets-549/dex-306__species-aggron__form-00__gender-none__palette-shiny__walk-3x4.png	assets/pokemon-runtime-549/dex-306__species-aggron__form-00__gender-none__palette-shiny__walk-3x4.png	pokemon_medium		a754313c70daf6c09257ba95eb670101b11d02bfa4c4c72fa26f96c2e53c2ba1	d2bb5c5b4a9e3a9ed4c2bc8323fb526b8ef8b837f2df7e48a2249d7148bb56b5	15	16	e7fb8d4b0632444bd99f911b36eef55e95ce33990dc332886d0152e95a5c0fc6	25be382bec0caa1f1db4a0422dac8c05e2c72f1aa87c05e78b376e8722b24e40	terrestrial-biped-heavy-v1
307	Meditite	00	none	normal	assets/pokemon-walksheets-549/dex-307__species-meditite__form-00__gender-none__palette-normal__walk-3x4.png	assets/pokemon-runtime-549/dex-307__species-meditite__form-00__gender-none__palette-normal__walk-3x4.png	pokemon_medium		ad7e64e4dbe98a4e67bdb64822177033fee5314e30cea1f06b62ea31702618a6	7c9cca7d09f5aa79193d6598038604b015ac1cc2e6ed4cd8df0df45579298893	15	16	27cdf1e14c61a827542d4867b16962db82f1d142e095bcd1ba2f37396e2d5222	25be382bec0caa1f1db4a0422dac8c05e2c72f1aa87c05e78b376e8722b24e40	terrestrial-biped-light-v1
307	Meditite	00	none	shiny	assets/pokemon-walksheets-549/dex-307__species-meditite__form-00__gender-none__palette-shiny__walk-3x4.png	assets/pokemon-runtime-549/dex-307__species-meditite__form-00__gender-none__palette-shiny__walk-3x4.png	pokemon_medium		b53687d13ce3cc349dd2cc568732564464e9e689413567a3e2efc22054cae9e6	af32a653ca8bba764c19879789fd5c19a858372697bd03ac63d444c3f371671b	15	16	6904221720822fb33095dfcfc13cb0176f6c268c65471fcc06796132c13935d7	25be382bec0caa1f1db4a0422dac8c05e2c72f1aa87c05e78b376e8722b24e40	terrestrial-biped-light-v1
308	Medicham	00	none	normal	assets/pokemon-walksheets-549/dex-308__species-medicham__form-00__gender-none__palette-normal__walk-3x4.png	assets/pokemon-runtime-549/dex-308__species-medicham__form-00__gender-none__palette-normal__walk-3x4.png	pokemon_medium		ee7b3aaef131bbce14fa7667fcdace9f9ebb730e9ca1433b3ebdaf76dd100d01	4eeccc8d35f17b2338aa81a23bbba904c11b11a37a83ee980fd8d8bc701f97d9	11	16	fc52238ab6507ee4f7aa9277363ba1fe65954c0fb13038c5ef96997a4af51025	25be382bec0caa1f1db4a0422dac8c05e2c72f1aa87c05e78b376e8722b24e40	terrestrial-biped-light-v1
308	Medicham	00	none	shiny	assets/pokemon-walksheets-549/dex-308__species-medicham__form-00__gender-none__palette-shiny__walk-3x4.png	assets/pokemon-runtime-549/dex-308__species-medicham__form-00__gender-none__palette-shiny__walk-3x4.png	pokemon_medium		2e6f10a68b834a3479c0c357d3beb20cafe30beffd98d98c0c73c254dd5699b1	000b5f08c6eaeeac63185a73800cd7ac66a67bfbe98e1659844a7e63674842e8	11	16	2dff6e3bdca6bf5043e508627a505a12847aac2a396350274d814356b2628d45	25be382bec0caa1f1db4a0422dac8c05e2c72f1aa87c05e78b376e8722b24e40	terrestrial-biped-light-v1
309	Electrike	00	none	normal	assets/pokemon-walksheets-549/dex-309__species-electrike__form-00__gender-none__palette-normal__walk-3x4.png	assets/pokemon-runtime-549/dex-309__species-electrike__form-00__gender-none__palette-normal__walk-3x4.png	pokemon_medium		2faa23cd0fcf0aa9ccd6a8c2888854901e8c392d29fa85bfbea220eb570536ca	a383c166b7a89fb606a6c196838fa1a6c6189bf10a3b1d404f0a88fb8a7e1037	15	16	b16b2dd49d8bcd72c75ed8b05c06248bfa03d82112d5219b1cb0b70cff6b5dfc	25be382bec0caa1f1db4a0422dac8c05e2c72f1aa87c05e78b376e8722b24e40	terrestrial-quadruped-light-v1
309	Electrike	00	none	shiny	assets/pokemon-walksheets-549/dex-309__species-electrike__form-00__gender-none__palette-shiny__walk-3x4.png	assets/pokemon-runtime-549/dex-309__species-electrike__form-00__gender-none__palette-shiny__walk-3x4.png	pokemon_medium		fc73662700f7ddccf048c79a87d85607b9ab03454fd0205b4c2cdd4f44bc4f08	03326df3d8dad893afd582b165924e3c8a6fa6b9f27d1d7b8051def4242f274d	15	16	d96e88893e6deae59e17803f538e5349fc31171ba0a7eacd44e0c7bb5461a347	25be382bec0caa1f1db4a0422dac8c05e2c72f1aa87c05e78b376e8722b24e40	terrestrial-quadruped-light-v1
310	Manectric	00	none	normal	assets/pokemon-walksheets-549/dex-310__species-manectric__form-00__gender-none__palette-normal__walk-3x4.png	assets/pokemon-runtime-549/dex-310__species-manectric__form-00__gender-none__palette-normal__walk-3x4.png	pokemon_medium		40c965a447b2a4cc9367980d69f736479a49fe1c4503ef19ae8ff3cd97d08282	4f2195b88ddc1f17bbb32bdf2a7f10ece956822bf1ed42347308b4108d836254	14	16	30849f3e97ebac7d9066264d7494591fdc5b8c9e44a695c5a44f05b16a71f082	25be382bec0caa1f1db4a0422dac8c05e2c72f1aa87c05e78b376e8722b24e40	terrestrial-quadruped-light-v1
310	Manectric	00	none	shiny	assets/pokemon-walksheets-549/dex-310__species-manectric__form-00__gender-none__palette-shiny__walk-3x4.png	assets/pokemon-runtime-549/dex-310__species-manectric__form-00__gender-none__palette-shiny__walk-3x4.png	pokemon_medium		24dfbc2c35db34c62f37bb49732875af642678d0bf4572120c1c15dd38e05fd7	b482978b79f8b4d20552d87df282fe489a6d3d3929c5c6f2d5b92807d057cd3a	14	16	f5cf094aee5d32af3df2c299085a12c984a924c314330ea8741842090d97ab30	25be382bec0caa1f1db4a0422dac8c05e2c72f1aa87c05e78b376e8722b24e40	terrestrial-quadruped-light-v1
311	Plusle	00	none	normal	assets/pokemon-walksheets-549/dex-311__species-plusle__form-00__gender-none__palette-normal__walk-3x4.png	assets/pokemon-runtime-549/dex-311__species-plusle__form-00__gender-none__palette-normal__walk-3x4.png	pokemon_medium		8d6330ee401252309b9e481e819a351ee9e38865d32ac1a2535fd2863db71900	155a79be916b606638fafc3f0861429562c541d2585a83325d1390fb4940cc43	14	16	8bccc047ceb4f93c3020158ff82d4bb7f17b9ae04daa795d975b072dbca5a85c	25be382bec0caa1f1db4a0422dac8c05e2c72f1aa87c05e78b376e8722b24e40	terrestrial-biped-light-v1
311	Plusle	00	none	shiny	assets/pokemon-walksheets-549/dex-311__species-plusle__form-00__gender-none__palette-shiny__walk-3x4.png	assets/pokemon-runtime-549/dex-311__species-plusle__form-00__gender-none__palette-shiny__walk-3x4.png	pokemon_medium		6a9d3e239f29dd711090fc5ec010f4261b402aadb02f9af0b10e52f14cf1475e	8458aa2d66db2a1170d3d3713993c719becf7c08f21b5e9ff71986da96b00146	14	16	eee7ebe40cfaf172c620b257fd6024886a513383472d30360858ea48d0a25a41	25be382bec0caa1f1db4a0422dac8c05e2c72f1aa87c05e78b376e8722b24e40	terrestrial-biped-light-v1
312	Minun	00	none	normal	assets/pokemon-walksheets-549/dex-312__species-minun__form-00__gender-none__palette-normal__walk-3x4.png	assets/pokemon-runtime-549/dex-312__species-minun__form-00__gender-none__palette-normal__walk-3x4.png	pokemon_medium		f552f078b085672bd3dc649a792392737b97d3c0523d138c7dd615e68cc981fb	e74503eeb3104fe8a1097431ae5b71f3e10cf6385af19865a5168916c8dff7dd	14	16	c932f67f04e9f8f9dd80d055189e5cc5ff905e485d1f0d6534cf6c5f0b9f3535	25be382bec0caa1f1db4a0422dac8c05e2c72f1aa87c05e78b376e8722b24e40	terrestrial-biped-light-v1
312	Minun	00	none	shiny	assets/pokemon-walksheets-549/dex-312__species-minun__form-00__gender-none__palette-shiny__walk-3x4.png	assets/pokemon-runtime-549/dex-312__species-minun__form-00__gender-none__palette-shiny__walk-3x4.png	pokemon_medium		6402cdfd6ebd618dd5c5751c5bb42ce4bf6366375c026bfb5b1f142c101bb1de	88a168796955b3911a3998c17ca14a0fce587d67afa991dd00ae45f4d201ba11	14	16	870e08a0d0571a9249feffb833c5619ec771c245e2b3e747a528414a7a2b0319	25be382bec0caa1f1db4a0422dac8c05e2c72f1aa87c05e78b376e8722b24e40	terrestrial-biped-light-v1
313	Volbeat	00	none	normal	assets/pokemon-walksheets-549/dex-313__species-volbeat__form-00__gender-none__palette-normal__walk-3x4.png	assets/pokemon-runtime-549/dex-313__species-volbeat__form-00__gender-none__palette-normal__walk-3x4.png	pokemon_medium		12bf3d7a98e1770b4500021ae5af609ded9cc39602563e5a81f3de9ebe9ef853	ab1ac28b74b4938d454714f4586e3bb2fce8ee61b946e8da68b7672ed0cd4108	13	16	7c2b38a89e7ffcbde96a8e48b44e27891b35a8a62bbdb965838f9bf975d797ad	25be382bec0caa1f1db4a0422dac8c05e2c72f1aa87c05e78b376e8722b24e40	airborne-wing-flap-v1
313	Volbeat	00	none	shiny	assets/pokemon-walksheets-549/dex-313__species-volbeat__form-00__gender-none__palette-shiny__walk-3x4.png	assets/pokemon-runtime-549/dex-313__species-volbeat__form-00__gender-none__palette-shiny__walk-3x4.png	pokemon_medium		3a1ff0a5ad83fa42bfc5967058acf8769a33dbefd74a5b96986e5e4fb4eb626f	988ba190fbf9055eeefa8371750ae87af275246b4e8437bb6a57eecc61a258da	13	16	b7f582a267843a73e2a64ee09090e76f0cd3af8f6a9ab0caf4493461b823b497	25be382bec0caa1f1db4a0422dac8c05e2c72f1aa87c05e78b376e8722b24e40	airborne-wing-flap-v1
314	Illumise	00	none	normal	assets/pokemon-walksheets-549/dex-314__species-illumise__form-00__gender-none__palette-normal__walk-3x4.png	assets/pokemon-runtime-549/dex-314__species-illumise__form-00__gender-none__palette-normal__walk-3x4.png	pokemon_medium		7229d0ff753b194d87a39b15e4dfc48d192e8449ab3a323d597e18edf429811f	5e13f30b743c10eaedfc7603206554c158bbbd411266643ff65213f0f2574120	13	16	1446e3a2677021ebd7bada92065d4688a8db093154757647c88fdad182b3c296	25be382bec0caa1f1db4a0422dac8c05e2c72f1aa87c05e78b376e8722b24e40	airborne-wing-flap-v1
314	Illumise	00	none	shiny	assets/pokemon-walksheets-549/dex-314__species-illumise__form-00__gender-none__palette-shiny__walk-3x4.png	assets/pokemon-runtime-549/dex-314__species-illumise__form-00__gender-none__palette-shiny__walk-3x4.png	pokemon_medium		86eaed890578152f79c02788e5be068745a65fec96124acbca144e0ec738a6bc	ff80a774eb8bfd758d5b1256b28db68fce66ccd5393c4a50600f95ac27998a3b	13	16	ee3611df806d07490c9d2b52d43f6f3416f170605ece7d45d6e3a54a20abbae1	25be382bec0caa1f1db4a0422dac8c05e2c72f1aa87c05e78b376e8722b24e40	airborne-wing-flap-v1
315	Roselia	00	none	normal	assets/pokemon-walksheets-549/dex-315__species-roselia__form-00__gender-none__palette-normal__walk-3x4.png	assets/pokemon-runtime-549/dex-315__species-roselia__form-00__gender-none__palette-normal__walk-3x4.png	pokemon_medium		9af215195db3bfd631b19c7fd661e00133e19169762d20bb20dcbadab0a3b0ce	50792dac82ee52573d409abbac7a6d5ccd7a449a0f6c46983825399a22cb6de2	15	16	606a8835af477fa7984ee73c366519d35c00f4d0496ae5e68a587a9a0337af18	25be382bec0caa1f1db4a0422dac8c05e2c72f1aa87c05e78b376e8722b24e40	terrestrial-biped-light-v1
315	Roselia	00	none	shiny	assets/pokemon-walksheets-549/dex-315__species-roselia__form-00__gender-none__palette-shiny__walk-3x4.png	assets/pokemon-runtime-549/dex-315__species-roselia__form-00__gender-none__palette-shiny__walk-3x4.png	pokemon_medium		8f2fe1ba8e39bb6629ffce9112662340ed96fd36344245c5058e52844d0dda94	531a8d49130af2e2df5f66134d6bdf61e93ae0522d6e6e91adcf49ff9331ab47	15	16	9895dd741d15de15a80c79c5e41f1427faec0d7ead6def3244d01dcc726a4144	25be382bec0caa1f1db4a0422dac8c05e2c72f1aa87c05e78b376e8722b24e40	terrestrial-biped-light-v1
316	Gulpin	00	none	normal	assets/pokemon-walksheets-549/dex-316__species-gulpin__form-00__gender-none__palette-normal__walk-3x4.png	assets/pokemon-runtime-549/dex-316__species-gulpin__form-00__gender-none__palette-normal__walk-3x4.png	pokemon_medium		0cdaea0135ede2569ec12f604df6d44ffeb27f9fe02b77278684fc8b7208ed36	3fcb5a7ae1fa4149b9c1e044b6bff85453ff5f02420e156563e780acfea52912	15	15	92c5fc0db5f5208e66a806c621ff909847b171329ee09f4b558497a6065acbc2	25be382bec0caa1f1db4a0422dac8c05e2c72f1aa87c05e78b376e8722b24e40	amorphous-ground-sway-v1
316	Gulpin	00	none	shiny	assets/pokemon-walksheets-549/dex-316__species-gulpin__form-00__gender-none__palette-shiny__walk-3x4.png	assets/pokemon-runtime-549/dex-316__species-gulpin__form-00__gender-none__palette-shiny__walk-3x4.png	pokemon_medium		139cb05553cdd9eba95648da52a90bb3bbe5ec37d71a4013a6748afb4e00f04d	3aad0c46537d60f61c3bef00e84d88e7720dc5a67fd32f9a58a7f386aeb37c7e	15	15	1babf2aa6b759877ebf7621b634809c58ea1ee64492c77b05817003d197df979	25be382bec0caa1f1db4a0422dac8c05e2c72f1aa87c05e78b376e8722b24e40	amorphous-ground-sway-v1
317	Swalot	00	none	normal	assets/pokemon-walksheets-549/dex-317__species-swalot__form-00__gender-none__palette-normal__walk-3x4.png	assets/pokemon-runtime-549/dex-317__species-swalot__form-00__gender-none__palette-normal__walk-3x4.png	pokemon_medium		dbb2d4b17572a72adea901ff72a22116c02a08be2c5ffed7197e9a011339146b	b4c617bdcc9a76507a4c4c654e9038e28ff9416229211d670de6e7736519a7f3	15	14	b56f3194ac9cb917545bb80a5f7a173da47df2acf02c23d78de4dc5b4876d114	25be382bec0caa1f1db4a0422dac8c05e2c72f1aa87c05e78b376e8722b24e40	amorphous-ground-sway-v1
317	Swalot	00	none	shiny	assets/pokemon-walksheets-549/dex-317__species-swalot__form-00__gender-none__palette-shiny__walk-3x4.png	assets/pokemon-runtime-549/dex-317__species-swalot__form-00__gender-none__palette-shiny__walk-3x4.png	pokemon_medium		6e316f697700dcf548e9e1a7e05b2a539bb3086b4b391a55a297303780f44f4c	b4845a52ee8ed5e86581b6e48695e9c63ee123313afe23fc1a9d137bbe46cafe	15	14	313415779a0d33b4a3afe49cc4183a9e9329e3c4a3203d9f5614e0e37c64d489	25be382bec0caa1f1db4a0422dac8c05e2c72f1aa87c05e78b376e8722b24e40	amorphous-ground-sway-v1
318	Carvanha	00	none	normal	assets/pokemon-walksheets-549/dex-318__species-carvanha__form-00__gender-none__palette-normal__walk-3x4.png	assets/pokemon-runtime-549/dex-318__species-carvanha__form-00__gender-none__palette-normal__walk-3x4.png	pokemon_medium		ec934dbd2fd886ebec62e1c24115d668946812d7a7e7c2dfc1f32c50fd37c072	5089ae24dce484544d37ceeed063593bf8511349f27070845b6f13ac4aa1d2d4	15	16	91c5626a43919607acb51cb1809e24de18b680ff09da07c6642ee25b75e59c86	25be382bec0caa1f1db4a0422dac8c05e2c72f1aa87c05e78b376e8722b24e40	aquatic-fin-swim-v1
318	Carvanha	00	none	shiny	assets/pokemon-walksheets-549/dex-318__species-carvanha__form-00__gender-none__palette-shiny__walk-3x4.png	assets/pokemon-runtime-549/dex-318__species-carvanha__form-00__gender-none__palette-shiny__walk-3x4.png	pokemon_medium		4c2f245c596cb1fe070a0fda511b3f1a69ac6bf9099c9d764093ef221f4942ea	663bc9e14622c9895e406c4781de7df93db6cb8135fc938c805eb12d84074be0	15	16	044f6090ea893fd91337b60bab3be78279a6b7771027b309c14bdf3cb4e9dddb	25be382bec0caa1f1db4a0422dac8c05e2c72f1aa87c05e78b376e8722b24e40	aquatic-fin-swim-v1
319	Sharpedo	00	none	normal	assets/pokemon-walksheets-549/dex-319__species-sharpedo__form-00__gender-none__palette-normal__walk-3x4.png	assets/pokemon-runtime-549/dex-319__species-sharpedo__form-00__gender-none__palette-normal__walk-3x4.png	pokemon_medium		e6b48e3e0588c3f751afade729d39bf0de2dd4b740ae95e87df215be082c2842	2c63a5da3203083530c77c7c3b35bdd0af3478105c137ce6875a14a0d8314959	15	16	161049ebf10e40548e8e0c2f87c61730197ee8e335dc99ccbd9b7f24fd0b707c	25be382bec0caa1f1db4a0422dac8c05e2c72f1aa87c05e78b376e8722b24e40	aquatic-fin-swim-v1
319	Sharpedo	00	none	shiny	assets/pokemon-walksheets-549/dex-319__species-sharpedo__form-00__gender-none__palette-shiny__walk-3x4.png	assets/pokemon-runtime-549/dex-319__species-sharpedo__form-00__gender-none__palette-shiny__walk-3x4.png	pokemon_medium		d2fdf90fd174979c5853cf435ff8a1c17a29dd1ca4459218b51ee2112752804f	46c518ba28d62d6f4ad942884f5470a2b8248bd123dbdbcb79739708288337ce	15	16	2a0dc81bd1ad72fc8df4bd91a8616430062f32998ddf836133c6b6c04b7cc9a8	25be382bec0caa1f1db4a0422dac8c05e2c72f1aa87c05e78b376e8722b24e40	aquatic-fin-swim-v1
320	Wailmer	00	none	normal	assets/pokemon-walksheets-549/dex-320__species-wailmer__form-00__gender-none__palette-normal__walk-3x4.png	assets/pokemon-runtime-549/dex-320__species-wailmer__form-00__gender-none__palette-normal__walk-3x4.png	pokemon_medium		e250e14fadc53d5a4b629d88a2c49e43cb14a34a1619e3a6628c51bcbf916c85	06e0b01539d32efb511a1c131a9f12686f2dc75ea726d36c58043585a647516f	15	12	6cfd01ff3fcccf82439c30ac939fee52e36abb817dfdc26f68c21093f10373dd	25be382bec0caa1f1db4a0422dac8c05e2c72f1aa87c05e78b376e8722b24e40	aquatic-fin-swim-v1
320	Wailmer	00	none	shiny	assets/pokemon-walksheets-549/dex-320__species-wailmer__form-00__gender-none__palette-shiny__walk-3x4.png	assets/pokemon-runtime-549/dex-320__species-wailmer__form-00__gender-none__palette-shiny__walk-3x4.png	pokemon_medium		f2c65d101e24a0ea09a8c71edfe11284c92b32edcecbc12f5379f6f4dc4252b5	a27f03b8578db13686a980cff1e1b38594fc41be709c10a3c7e9ea6903bf3c0b	15	12	9533e12f37f0b1c30399effa0aa4640b314dd8bafd8358c92a4defaac5e9331f	25be382bec0caa1f1db4a0422dac8c05e2c72f1aa87c05e78b376e8722b24e40	aquatic-fin-swim-v1
321	Wailord	00	none	normal	assets/pokemon-walksheets-549/dex-321__species-wailord__form-00__gender-none__palette-normal__walk-3x4.png	assets/pokemon-runtime-549/dex-321__species-wailord__form-00__gender-none__palette-normal__walk-3x4.png	pokemon_medium		e27a491db569a5317b2082ba7b33097172aad9555ed1bf78c2c8a3427c3f984c	60c933c9ff9f8ebe4f61887d03bf9dbe4d7759e7389e8cf10e641d3ed9b2c669	15	11	19299a9239f6fb014b434bfaca4e9ac5fd81269e9fd5393bc3fbbb95f2364912	25be382bec0caa1f1db4a0422dac8c05e2c72f1aa87c05e78b376e8722b24e40	aquatic-fin-swim-v1
321	Wailord	00	none	shiny	assets/pokemon-walksheets-549/dex-321__species-wailord__form-00__gender-none__palette-shiny__walk-3x4.png	assets/pokemon-runtime-549/dex-321__species-wailord__form-00__gender-none__palette-shiny__walk-3x4.png	pokemon_medium		211f67ea7c108f1f182cae7eaf47a43332b17a47bbcda70d2051086ee375fdb5	7665a13c938d9488252424bc0349ffabb36aedaea2164ccd9331029b9117a31a	15	10	c79e5035c4b06e5c7f88f1804c9245e4e364b928ac50f167d65b235f52cd56b9	25be382bec0caa1f1db4a0422dac8c05e2c72f1aa87c05e78b376e8722b24e40	aquatic-fin-swim-v1
322	Numel	00	none	normal	assets/pokemon-walksheets-549/dex-322__species-numel__form-00__gender-none__palette-normal__walk-3x4.png	assets/pokemon-runtime-549/dex-322__species-numel__form-00__gender-none__palette-normal__walk-3x4.png	pokemon_medium		37cd5f9ce16dd5daf744d71bc34deac028faf99853fc7d1c76dea7781cbb4f75	0b77ece6bee0b562e1cba431cfa6081f34738275e711c87818036a043c58695a	15	16	5cee504780a65d1a500ae62e33eb211f029504680cdd9436d37bffeb1f556037	25be382bec0caa1f1db4a0422dac8c05e2c72f1aa87c05e78b376e8722b24e40	terrestrial-quadruped-light-v1
322	Numel	00	none	shiny	assets/pokemon-walksheets-549/dex-322__species-numel__form-00__gender-none__palette-shiny__walk-3x4.png	assets/pokemon-runtime-549/dex-322__species-numel__form-00__gender-none__palette-shiny__walk-3x4.png	pokemon_medium		5d89bcd2861b61e466482191e0eefb1257fb32199ea5ae57c06400f0e9b560af	7baf1a7e2b863e14589bfea883e1325b0ba7faca99dd826f38719700fd67416c	15	16	2215e2b6512a41a57163c70cc91990a6d7ecfe6b8a5851103337a2686bb3b5b0	25be382bec0caa1f1db4a0422dac8c05e2c72f1aa87c05e78b376e8722b24e40	terrestrial-quadruped-light-v1
323	Camerupt	00	none	normal	assets/pokemon-walksheets-549/dex-323__species-camerupt__form-00__gender-none__palette-normal__walk-3x4.png	assets/pokemon-runtime-549/dex-323__species-camerupt__form-00__gender-none__palette-normal__walk-3x4.png	pokemon_medium		220d6b85fa2972b2fef39d47813c487fdbd9761fccf453da8f24814916f4eed9	1fe037392bd157f20282c3b587cc0bbd64c1275a8d3d53f04a800fbf402b7460	15	16	7ffe8f665f0f4cd179a4f79496070d29fc542e16fad6022afe8a1f47be461d1a	25be382bec0caa1f1db4a0422dac8c05e2c72f1aa87c05e78b376e8722b24e40	terrestrial-quadruped-heavy-v1
323	Camerupt	00	none	shiny	assets/pokemon-walksheets-549/dex-323__species-camerupt__form-00__gender-none__palette-shiny__walk-3x4.png	assets/pokemon-runtime-549/dex-323__species-camerupt__form-00__gender-none__palette-shiny__walk-3x4.png	pokemon_medium		d96e89a9790b56f1de01acbb96c580acad8c1fb0e187fc5efb29effd34d4fc7d	54d7c8cfb6e4338a3a39ed62e63e580329cf0f7a1e01b445dde613f519b15f62	15	16	450ad5841eeb70b57c106d27df17b1cef0d52027181ddb2273bba90061f6f90e	25be382bec0caa1f1db4a0422dac8c05e2c72f1aa87c05e78b376e8722b24e40	terrestrial-quadruped-heavy-v1
324	Torkoal	00	none	normal	assets/pokemon-walksheets-549/dex-324__species-torkoal__form-00__gender-none__palette-normal__walk-3x4.png	assets/pokemon-runtime-549/dex-324__species-torkoal__form-00__gender-none__palette-normal__walk-3x4.png	pokemon_medium		4dd88006918da5827ed0fad3abf593a788fbf94c92337c9ab6a2a6e5a9cbc517	52f99ca760e3fdcc0e671650adac70dea8d61cb1298f834a214149aacb2922a4	15	16	5d9aba2044c13426387a29338f2eff4a9c76dbba4311cf5eda619f1ec2ce68c7	25be382bec0caa1f1db4a0422dac8c05e2c72f1aa87c05e78b376e8722b24e40	terrestrial-quadruped-light-v1
324	Torkoal	00	none	shiny	assets/pokemon-walksheets-549/dex-324__species-torkoal__form-00__gender-none__palette-shiny__walk-3x4.png	assets/pokemon-runtime-549/dex-324__species-torkoal__form-00__gender-none__palette-shiny__walk-3x4.png	pokemon_medium		5ea27197f6f89c2aa45658926c04ccc6c2bea78ab2155e1d57cfc6ca39612c99	9607bbb9a94cc9fb43b808998d81e481eb4a60a3554bd42162886c4674325123	15	16	edc39e7c1ee866f4361f8e9008025a37f01ec4d404381effed23e6cd2349aa25	25be382bec0caa1f1db4a0422dac8c05e2c72f1aa87c05e78b376e8722b24e40	terrestrial-quadruped-light-v1
325	Spoink	00	none	normal	assets/pokemon-walksheets-549/dex-325__species-spoink__form-00__gender-none__palette-normal__walk-3x4.png	assets/pokemon-runtime-549/dex-325__species-spoink__form-00__gender-none__palette-normal__walk-3x4.png	pokemon_medium		40c2bd4baa3fde5b05e8725a13d57d6d810ec34b5a85e5141543cf7683f1dc82	096f244e413df58f0b2b5b7c7c6c7ffee1018a618af5099d0b0eb383454ed7d7	10	16	16a7100c9a82c75cb80298384389506fa8b82563b024db5ad56505c51e058258	25be382bec0caa1f1db4a0422dac8c05e2c72f1aa87c05e78b376e8722b24e40	ground-hop-bounce-v1
325	Spoink	00	none	shiny	assets/pokemon-walksheets-549/dex-325__species-spoink__form-00__gender-none__palette-shiny__walk-3x4.png	assets/pokemon-runtime-549/dex-325__species-spoink__form-00__gender-none__palette-shiny__walk-3x4.png	pokemon_medium		5043921c8c78b405d78ee9e4524b0cb627eaf9226f481f29c4d5518cf29c0fa9	7cdc305cd305906b407a653ace418faf988e607ecaeb7baee342e84b8a892a5d	10	16	56259a2dad10ac177dcd6854c349f81bfc82e9dcc7356f175fd318f73ba7773d	25be382bec0caa1f1db4a0422dac8c05e2c72f1aa87c05e78b376e8722b24e40	ground-hop-bounce-v1
326	Grumpig	00	none	normal	assets/pokemon-walksheets-549/dex-326__species-grumpig__form-00__gender-none__palette-normal__walk-3x4.png	assets/pokemon-runtime-549/dex-326__species-grumpig__form-00__gender-none__palette-normal__walk-3x4.png	pokemon_medium		c16512bc3f5327d20ce3b9a25fab3eb9d5d94055b25dc7c0d75adfd114155ce4	3ffa3913b281227322b86301c77613a9e120016e9b1bf6d2c1f618457c322be5	15	16	d0ebb424f5f6a0514b4188c6e32c32f8d7060fec6803d71a8663c04c1c043435	25be382bec0caa1f1db4a0422dac8c05e2c72f1aa87c05e78b376e8722b24e40	terrestrial-biped-light-v1
326	Grumpig	00	none	shiny	assets/pokemon-walksheets-549/dex-326__species-grumpig__form-00__gender-none__palette-shiny__walk-3x4.png	assets/pokemon-runtime-549/dex-326__species-grumpig__form-00__gender-none__palette-shiny__walk-3x4.png	pokemon_medium		21ec0835ab1ab2f4cc73c98b08e61d1933c957fb71869f07866eea4ac70ef318	b88529ac9ad0913253e0ee00a9c813c376a31a950ad9e75d395d73f4b5e8b134	15	16	f15152e011b161b72524f64e9cf37856276ccf078e83b128b15880849d2b88d1	25be382bec0caa1f1db4a0422dac8c05e2c72f1aa87c05e78b376e8722b24e40	terrestrial-biped-light-v1
327	Spinda	00	none	normal	assets/pokemon-walksheets-549/dex-327__species-spinda__form-00__gender-none__palette-normal__walk-3x4.png	assets/pokemon-runtime-549/dex-327__species-spinda__form-00__gender-none__palette-normal__walk-3x4.png	pokemon_medium		6ea585fece1269fa0888b1b3fb99fc585c04822188cedae58016d317c7e8e01a	4de4d34083f4ea9dbe6054c2201d3b01bb9cddd7f566622b0627c9d521573262	14	16	0878bd35213880879f7578e242076f48741523c5158d927220ef6abfba3a68d1	25be382bec0caa1f1db4a0422dac8c05e2c72f1aa87c05e78b376e8722b24e40	terrestrial-biped-light-v1
327	Spinda	00	none	shiny	assets/pokemon-walksheets-549/dex-327__species-spinda__form-00__gender-none__palette-shiny__walk-3x4.png	assets/pokemon-runtime-549/dex-327__species-spinda__form-00__gender-none__palette-shiny__walk-3x4.png	pokemon_medium		72f081a331ce7c3b74d5595058c71e97585c42a31aa53e4a540029c76271cd00	edd34d446c7226cbb71724409804628630f95aed1dd56d2d0a50b777e1ef8fe1	14	16	6e120cb1f920afb723953049ccb614a979a3972e0cb02101750aa469c7b0ca9d	25be382bec0caa1f1db4a0422dac8c05e2c72f1aa87c05e78b376e8722b24e40	terrestrial-biped-light-v1
328	Trapinch	00	none	normal	assets/pokemon-walksheets-549/dex-328__species-trapinch__form-00__gender-none__palette-normal__walk-3x4.png	assets/pokemon-runtime-549/dex-328__species-trapinch__form-00__gender-none__palette-normal__walk-3x4.png	pokemon_medium		9a3cec73a6b6e9e5f2256af7d79f9ddb5e7851a3a606698bc9a9bc865594f1ce	6cd205a5bb2560cfa2455db07684fecfa4709dae64fcbe46b512c6b902147f44	15	16	a5fdf068e88e1bbde236e553b7a346fa62073a4693d921e09f4ca9e17df1bb5a	25be382bec0caa1f1db4a0422dac8c05e2c72f1aa87c05e78b376e8722b24e40	terrestrial-multiped-crawl-v1
328	Trapinch	00	none	shiny	assets/pokemon-walksheets-549/dex-328__species-trapinch__form-00__gender-none__palette-shiny__walk-3x4.png	assets/pokemon-runtime-549/dex-328__species-trapinch__form-00__gender-none__palette-shiny__walk-3x4.png	pokemon_medium		0c52cd17381192e5d7da4752113d23937ef95b7dcf944d6ab0b3712a8b5ec5bf	6ee90d6018a19221e99818e80bc3e560d8acaeb2ab3b758fab33f62b40cb2aa7	15	16	2e41e6505c5f3d88833a044166eee2f5de0a4df3a1c243f20bdc355b49fbef12	25be382bec0caa1f1db4a0422dac8c05e2c72f1aa87c05e78b376e8722b24e40	terrestrial-multiped-crawl-v1
329	Vibrava	00	none	normal	assets/pokemon-walksheets-549/dex-329__species-vibrava__form-00__gender-none__palette-normal__walk-3x4.png	assets/pokemon-runtime-549/dex-329__species-vibrava__form-00__gender-none__palette-normal__walk-3x4.png	pokemon_medium		cc3e882fc8e2e1c7447583dfadf845794b56610eb2e6015692736a15062dd29e	a3405b92da817a25345a4c7cc303a16ec4a4bd86ce4e3cb1ba0182be08bafd65	15	8	aaf91afb0cebe8f7dd96bf7445438c497b962a068605abd6af9215132ec4dd5a	25be382bec0caa1f1db4a0422dac8c05e2c72f1aa87c05e78b376e8722b24e40	airborne-wing-flap-v1
329	Vibrava	00	none	shiny	assets/pokemon-walksheets-549/dex-329__species-vibrava__form-00__gender-none__palette-shiny__walk-3x4.png	assets/pokemon-runtime-549/dex-329__species-vibrava__form-00__gender-none__palette-shiny__walk-3x4.png	pokemon_medium		03e064c3872f51f24ddb3cc058c83a67e81d409de6c6a3fbb489e2ac21c3501d	643144a98a38aa0377290326afd207aa4a998359319e0aa5a47e7442cd84f7b9	15	8	2fd5567df220e40ccd49fde4bfb4682e7b6fb111f3503c190f696c915b05cf86	25be382bec0caa1f1db4a0422dac8c05e2c72f1aa87c05e78b376e8722b24e40	airborne-wing-flap-v1
330	Flygon	00	none	normal	assets/pokemon-walksheets-549/dex-330__species-flygon__form-00__gender-none__palette-normal__walk-3x4.png	assets/pokemon-runtime-549/dex-330__species-flygon__form-00__gender-none__palette-normal__walk-3x4.png	pokemon_medium		a3be68eeddeecd5708e58a5e5d55afb1b7c8a64f25be7e55d1720406c0ea7223	9b5522b7bd5de730531e39ae59ba77dee09a93033924d94fd98442a6fc2acd75	15	11	826c21a8c88b2729f8d78810cee9adc696aa5941bac28c39a970809bb98d4918	25be382bec0caa1f1db4a0422dac8c05e2c72f1aa87c05e78b376e8722b24e40	airborne-wing-flap-v1
330	Flygon	00	none	shiny	assets/pokemon-walksheets-549/dex-330__species-flygon__form-00__gender-none__palette-shiny__walk-3x4.png	assets/pokemon-runtime-549/dex-330__species-flygon__form-00__gender-none__palette-shiny__walk-3x4.png	pokemon_medium		1de2c7aa39a7a3163bfe3563c8c58172e8a488e70a0bce1518bb42d650c517f7	8c7d7cf4b0bf8591886aadf0486a74820b00b5621a9695529ceced388a01a937	15	11	40e3ccb77d577394f6f90c88a0667c99611e95baa6d0fc9cdaff32747f4d7846	25be382bec0caa1f1db4a0422dac8c05e2c72f1aa87c05e78b376e8722b24e40	airborne-wing-flap-v1
331	Cacnea	00	none	normal	assets/pokemon-walksheets-549/dex-331__species-cacnea__form-00__gender-none__palette-normal__walk-3x4.png	assets/pokemon-runtime-549/dex-331__species-cacnea__form-00__gender-none__palette-normal__walk-3x4.png	pokemon_medium		96c8765a000d6177916a482945ca9b07a4a7bdfa5cd92e42f30321fdf703ca6e	d75c58b512481ab8dbd1e1efd2d62cc49371e436fc419200de683118aca6e00b	15	12	8b003725b633693a5f78c3763a406be25f58e6a698af8be5fb76574b879abe3f	25be382bec0caa1f1db4a0422dac8c05e2c72f1aa87c05e78b376e8722b24e40	terrestrial-biped-light-v1
331	Cacnea	00	none	shiny	assets/pokemon-walksheets-549/dex-331__species-cacnea__form-00__gender-none__palette-shiny__walk-3x4.png	assets/pokemon-runtime-549/dex-331__species-cacnea__form-00__gender-none__palette-shiny__walk-3x4.png	pokemon_medium		85597cf8695424a4f41d267068f90515c7aa23401b2c224a6fff4ba446b46d9e	78d205fccd328c553fd6c97433d57e5568a260f874111e14f6cf69787a21c1ec	15	12	c99f09506a98de5127a25189a3e13fed737b00d6ab722f05f0a53283e0051716	25be382bec0caa1f1db4a0422dac8c05e2c72f1aa87c05e78b376e8722b24e40	terrestrial-biped-light-v1
332	Cacturne	00	none	normal	assets/pokemon-walksheets-549/dex-332__species-cacturne__form-00__gender-none__palette-normal__walk-3x4.png	assets/pokemon-runtime-549/dex-332__species-cacturne__form-00__gender-none__palette-normal__walk-3x4.png	pokemon_medium		e2e4c9541a6fb9fc8164087f4e0b39ef2b76fd8b3b350f2c383adc31c3d7ee82	1cb9c9256e868ccad0b87982a3a1e121046ad8f6cb1a5bfc35aa440e2ff88ed3	14	16	b07ab0c702f13179cceebb7c89b54a7c28542d92536246c7045eac292421ab8e	25be382bec0caa1f1db4a0422dac8c05e2c72f1aa87c05e78b376e8722b24e40	terrestrial-biped-light-v1
332	Cacturne	00	none	shiny	assets/pokemon-walksheets-549/dex-332__species-cacturne__form-00__gender-none__palette-shiny__walk-3x4.png	assets/pokemon-runtime-549/dex-332__species-cacturne__form-00__gender-none__palette-shiny__walk-3x4.png	pokemon_medium		216a27b58199f4f56bdd66646f8ad4df7e878dc7dc45f541f41eb126474560c7	4138610efdfa88e95be154b74665ecb18bd105b01ba9cce010b1711749bb37e0	14	16	01b9d145253368f12c9852e09a37707d160e33f577cb8a4d13e817eda7aa81b7	25be382bec0caa1f1db4a0422dac8c05e2c72f1aa87c05e78b376e8722b24e40	terrestrial-biped-light-v1
333	Swablu	00	none	normal	assets/pokemon-walksheets-549/dex-333__species-swablu__form-00__gender-none__palette-normal__walk-3x4.png	assets/pokemon-runtime-549/dex-333__species-swablu__form-00__gender-none__palette-normal__walk-3x4.png	pokemon_medium		728c8c30a14ebc590f487d8ee6862d8bb3ac368b5836dd9deccccafb44049a31	68962ef0847c53a47a92530fcb037b9ffc8b40291ea32a6a1240c51b459a01e4	15	16	005f5c809a3f0a085156c723719b59ebdb3bdcbfb3a5cacd15eb29c7921e3d61	25be382bec0caa1f1db4a0422dac8c05e2c72f1aa87c05e78b376e8722b24e40	airborne-wing-flap-v1
333	Swablu	00	none	shiny	assets/pokemon-walksheets-549/dex-333__species-swablu__form-00__gender-none__palette-shiny__walk-3x4.png	assets/pokemon-runtime-549/dex-333__species-swablu__form-00__gender-none__palette-shiny__walk-3x4.png	pokemon_medium		0957d30aa0d96c1ed12a5f1431d234212b4de40d511e96eb1bda9f5b836c54c2	d8660f95b82a631672f89936037c45beee65c4b0b22538c881410ab51d3d7e97	15	16	abd3ed903716472051953c19191f2b463b47d57b905187d3286889531531db8c	25be382bec0caa1f1db4a0422dac8c05e2c72f1aa87c05e78b376e8722b24e40	airborne-wing-flap-v1
334	Altaria	00	none	normal	assets/pokemon-walksheets-549/dex-334__species-altaria__form-00__gender-none__palette-normal__walk-3x4.png	assets/pokemon-runtime-549/dex-334__species-altaria__form-00__gender-none__palette-normal__walk-3x4.png	pokemon_medium		c9e4c726469ff15849743313e3dbc3b92bd9e10894856c17582cea12c0e1d6d8	c9931054a0a0b98c2a0e69307b518fde9bcb1a99182076795d27a77d34cbf9a0	15	13	f8cbd2edae9c70333b2eb5c43a618862f3525e055991c8d07db9d812fc7b71ec	25be382bec0caa1f1db4a0422dac8c05e2c72f1aa87c05e78b376e8722b24e40	airborne-wing-flap-v1
334	Altaria	00	none	shiny	assets/pokemon-walksheets-549/dex-334__species-altaria__form-00__gender-none__palette-shiny__walk-3x4.png	assets/pokemon-runtime-549/dex-334__species-altaria__form-00__gender-none__palette-shiny__walk-3x4.png	pokemon_medium		65173e36e2ab7e75526b6f17d353b5240a8f9e82aced5bf380cabb38864ee28e	2c349751aed71a0921bf15c6869a3305846c04dfe0d9477b78b83b52f7e8f401	15	13	6d644155e06c1546aec6a0b029551f3b176d926d2e2901df4e5d9afca7580347	25be382bec0caa1f1db4a0422dac8c05e2c72f1aa87c05e78b376e8722b24e40	airborne-wing-flap-v1
335	Zangoose	00	none	normal	assets/pokemon-walksheets-549/dex-335__species-zangoose__form-00__gender-none__palette-normal__walk-3x4.png	assets/pokemon-runtime-549/dex-335__species-zangoose__form-00__gender-none__palette-normal__walk-3x4.png	pokemon_medium		725629c26478aa544a4674510612664e1b66a42b51c775f67b70d5c7e7f9afea	8347bc041261d4ca50684f3c1e9e66ed199ab504feaae9dac1dec74c934adbfd	15	16	864f383fb795131b27fcfe2afe116e39aa279cf3768b2e1e14beb652de2e1d38	25be382bec0caa1f1db4a0422dac8c05e2c72f1aa87c05e78b376e8722b24e40	terrestrial-biped-light-v1
335	Zangoose	00	none	shiny	assets/pokemon-walksheets-549/dex-335__species-zangoose__form-00__gender-none__palette-shiny__walk-3x4.png	assets/pokemon-runtime-549/dex-335__species-zangoose__form-00__gender-none__palette-shiny__walk-3x4.png	pokemon_medium		fc5d076612ce663570004c5e9c8e08fa9698267a2b47ccc54734f0b94e729eb4	901668b9f815896ef17ece20a9ef871f482226f5db78d168c90be2a05a9a422a	15	16	60800a51aa0eb36aa88dab3ee7b80215a6e1b1bdeebe03a79ab91b86ead407c8	25be382bec0caa1f1db4a0422dac8c05e2c72f1aa87c05e78b376e8722b24e40	terrestrial-biped-light-v1
336	Seviper	00	none	normal	assets/pokemon-walksheets-549/dex-336__species-seviper__form-00__gender-none__palette-normal__walk-3x4.png	assets/pokemon-runtime-549/dex-336__species-seviper__form-00__gender-none__palette-normal__walk-3x4.png	pokemon_medium		e80d2f031cb047eae900d7ea70220f7873a44c9665410437f6b0d91bc20858dd	4f9418983c36a23e2d2621a1af9d3a0564baa2bb40efa88d56966f46699862ed	10	16	d306998e9ce0f08867d0e17f995439292026f5a389d7bb8c2d3fae3eef32ba8d	25be382bec0caa1f1db4a0422dac8c05e2c72f1aa87c05e78b376e8722b24e40	terrestrial-serpentine-wave-v1
336	Seviper	00	none	shiny	assets/pokemon-walksheets-549/dex-336__species-seviper__form-00__gender-none__palette-shiny__walk-3x4.png	assets/pokemon-runtime-549/dex-336__species-seviper__form-00__gender-none__palette-shiny__walk-3x4.png	pokemon_medium		85670c97e5707dc0ddf6be6c63149f265584c99703fbcab89fac93cfcf31b9ef	a6c70fedda977bc7bcec320835d3225fef59373773669f4574a58592cb59c45a	10	16	bd41e5a5b8e6637620c4eef20b8c96ee102bf3e3ea891834c41906b47821cbe0	25be382bec0caa1f1db4a0422dac8c05e2c72f1aa87c05e78b376e8722b24e40	terrestrial-serpentine-wave-v1
337	Lunatone	00	none	normal	assets/pokemon-walksheets-549/dex-337__species-lunatone__form-00__gender-none__palette-normal__walk-3x4.png	assets/pokemon-runtime-549/dex-337__species-lunatone__form-00__gender-none__palette-normal__walk-3x4.png	pokemon_medium		391158946d973885165ef3c8f44bc3d2649a13419c57b3b79e8a0d907a6e8d47	4951136bcef1bd70c2d155c5f20f68e2f502135e704ccd4d31c45d91ed18399c	15	16	cccb2cf405e2b7e16716661c095d12b965fab57d72897f1e88dbecfe3ff1ef91	25be382bec0caa1f1db4a0422dac8c05e2c72f1aa87c05e78b376e8722b24e40	airborne-hover-bob-v1
337	Lunatone	00	none	shiny	assets/pokemon-walksheets-549/dex-337__species-lunatone__form-00__gender-none__palette-shiny__walk-3x4.png	assets/pokemon-runtime-549/dex-337__species-lunatone__form-00__gender-none__palette-shiny__walk-3x4.png	pokemon_medium		c7b3a75f099b5af46304eb3f89145604e6f88dc3f91eaf1682e22ee4eadd5ab6	6d3d0d86e6468873bfae679721b0918e9d97143e0de9581d86af31b97956b359	15	16	51951be6a0b0cfa10868fa9ab331db22401ed23153e2efcc20fec57dab9ec733	25be382bec0caa1f1db4a0422dac8c05e2c72f1aa87c05e78b376e8722b24e40	airborne-hover-bob-v1
338	Solrock	00	none	normal	assets/pokemon-walksheets-549/dex-338__species-solrock__form-00__gender-none__palette-normal__walk-3x4.png	assets/pokemon-runtime-549/dex-338__species-solrock__form-00__gender-none__palette-normal__walk-3x4.png	pokemon_medium		5dac952771ff4f116d2440582300dba2f1aab3b6eb6049e54ed02c77a44ee2d9	906d20da499d7161a5ddaa2795afa5bc9da33633cc932128efb390e32743c5af	15	16	3a1010e21fce4b2c424b3411bd3149198559142c00ffc6ffbf59b08021ad76f3	25be382bec0caa1f1db4a0422dac8c05e2c72f1aa87c05e78b376e8722b24e40	airborne-hover-bob-v1
338	Solrock	00	none	shiny	assets/pokemon-walksheets-549/dex-338__species-solrock__form-00__gender-none__palette-shiny__walk-3x4.png	assets/pokemon-runtime-549/dex-338__species-solrock__form-00__gender-none__palette-shiny__walk-3x4.png	pokemon_medium		864a7ae722208bd7290196c59b727126ca8c4d24785d9a571e6fdd212b6179d8	f1584f1d64fd6195176a9154e2452f981a4252803dfcf3935f8e59cd138f548e	15	16	f3c54d47f5bf7b6f032d086faa8bc377be45cb9f6aaa0edd20aa01300b50326d	25be382bec0caa1f1db4a0422dac8c05e2c72f1aa87c05e78b376e8722b24e40	airborne-hover-bob-v1
339	Barboach	00	none	normal	assets/pokemon-walksheets-549/dex-339__species-barboach__form-00__gender-none__palette-normal__walk-3x4.png	assets/pokemon-runtime-549/dex-339__species-barboach__form-00__gender-none__palette-normal__walk-3x4.png	pokemon_medium		144b728a839cc740dfdb2d63c3d19c98607a70cc8d5f2963c5eed0b0dea84258	0dbdabcd9a724194a3cb8f0e70614ceaf4398e179b177595c4ce8c76ec36994f	15	16	16a0ddcb1fac61b5328ee7622f16bbbb06fdc3de0a8d4e31311768f7c86ed57b	25be382bec0caa1f1db4a0422dac8c05e2c72f1aa87c05e78b376e8722b24e40	aquatic-fin-swim-v1
339	Barboach	00	none	shiny	assets/pokemon-walksheets-549/dex-339__species-barboach__form-00__gender-none__palette-shiny__walk-3x4.png	assets/pokemon-runtime-549/dex-339__species-barboach__form-00__gender-none__palette-shiny__walk-3x4.png	pokemon_medium		c4769e822a0af01a5121fc696920c9d8dc2105733aed737044b3d81c50805aff	db5009d2f864ed62049a7541acea49657baf8d0546edddd29694d86d9a7b723e	15	16	e5fabe67eb747712c4acbcd357418b94a0fa482d138788ea2f1e702a8447c8cc	25be382bec0caa1f1db4a0422dac8c05e2c72f1aa87c05e78b376e8722b24e40	aquatic-fin-swim-v1
340	Whiscash	00	none	normal	assets/pokemon-walksheets-549/dex-340__species-whiscash__form-00__gender-none__palette-normal__walk-3x4.png	assets/pokemon-runtime-549/dex-340__species-whiscash__form-00__gender-none__palette-normal__walk-3x4.png	pokemon_medium		1b828797699e2f3376d9fc64c08181795fcc4afc4128d13e07b6a53238af136b	5c5bfb55de3ee7df62df1999d16bafd97ff4e5b46e37d97260116d204561e19b	15	10	8455010bda4a533676959e3c40c83425721d304a7af895a69c2706bee104dee0	25be382bec0caa1f1db4a0422dac8c05e2c72f1aa87c05e78b376e8722b24e40	aquatic-fin-swim-v1
340	Whiscash	00	none	shiny	assets/pokemon-walksheets-549/dex-340__species-whiscash__form-00__gender-none__palette-shiny__walk-3x4.png	assets/pokemon-runtime-549/dex-340__species-whiscash__form-00__gender-none__palette-shiny__walk-3x4.png	pokemon_medium		a8c26b7763190cd5ffda8665b15ce86ac79f8221d86454e5d5bafc87cfffbf4d	12865d95358fa2ff96c71aea536e37b67ec6c8ebfeb226892483dc3122754dd4	15	10	60e86b5df5c95cef8ff5fa1cf0e32dc3cbdfd8a4e61b197ee1aee5b4045ea3d3	25be382bec0caa1f1db4a0422dac8c05e2c72f1aa87c05e78b376e8722b24e40	aquatic-fin-swim-v1
341	Corphish	00	none	normal	assets/pokemon-walksheets-549/dex-341__species-corphish__form-00__gender-none__palette-normal__walk-3x4.png	assets/pokemon-runtime-549/dex-341__species-corphish__form-00__gender-none__palette-normal__walk-3x4.png	pokemon_medium		51558f435528683de92d4dd55ddf2f2b90cbe5d034baddecff5f534019b4325e	acefec0d73466edff1072396af32d4c5cabedb0d11a15d845932bfb951d4b990	15	13	c2c3d882a7c3cc8a60ed1b31c05f9ed312eabf2ffba121eef24b49dea0059a20	25be382bec0caa1f1db4a0422dac8c05e2c72f1aa87c05e78b376e8722b24e40	terrestrial-multiped-crawl-v1
341	Corphish	00	none	shiny	assets/pokemon-walksheets-549/dex-341__species-corphish__form-00__gender-none__palette-shiny__walk-3x4.png	assets/pokemon-runtime-549/dex-341__species-corphish__form-00__gender-none__palette-shiny__walk-3x4.png	pokemon_medium		8838b6211f9a1ed15882e47917d487221e54772d8c2362456a4bd0edab2b9463	8a9166429bbf08293c0b9d49602110c2c8ec9ab06ebea304e2e583a13c122331	15	13	4c733714f3133157bc0f6bff3e4d00d73315a95a9c188f361013664e190bc5e4	25be382bec0caa1f1db4a0422dac8c05e2c72f1aa87c05e78b376e8722b24e40	terrestrial-multiped-crawl-v1
342	Crawdaunt	00	none	normal	assets/pokemon-walksheets-549/dex-342__species-crawdaunt__form-00__gender-none__palette-normal__walk-3x4.png	assets/pokemon-runtime-549/dex-342__species-crawdaunt__form-00__gender-none__palette-normal__walk-3x4.png	pokemon_medium		4468364c9d9b7c9ca5b8c2de8f8d8e3f273a3e213c47127959dd3257a393b8a5	37e90c2484a251a2546c2ffc7fb9e9164531280267fb013d19f3d26d5b08677d	15	12	33f2e77d84892ab5eed68fcab9aec7b3e17eb8f7bdd7886b1279d5f208a559c7	25be382bec0caa1f1db4a0422dac8c05e2c72f1aa87c05e78b376e8722b24e40	terrestrial-multiped-crawl-v1
342	Crawdaunt	00	none	shiny	assets/pokemon-walksheets-549/dex-342__species-crawdaunt__form-00__gender-none__palette-shiny__walk-3x4.png	assets/pokemon-runtime-549/dex-342__species-crawdaunt__form-00__gender-none__palette-shiny__walk-3x4.png	pokemon_medium		f8ddc42d5b4c3ed396f8c8873000ae2613228bdc6a2340c5efc36e98a65d368c	573659e4d6636ec97379f344bbb2d399ed29a5fafb94d63e46d9ce794dbdfe28	15	12	9b11ee644807ec7d32e648048672a4877f53cf5a492cc8b70c4e386e0b919f14	25be382bec0caa1f1db4a0422dac8c05e2c72f1aa87c05e78b376e8722b24e40	terrestrial-multiped-crawl-v1
343	Baltoy	00	none	normal	assets/pokemon-walksheets-549/dex-343__species-baltoy__form-00__gender-none__palette-normal__walk-3x4.png	assets/pokemon-runtime-549/dex-343__species-baltoy__form-00__gender-none__palette-normal__walk-3x4.png	pokemon_medium		0f48994755192c6db8200dbd771f4f5508461e5605685d9f45fd0560480aa97e	2a0706036339a70cd8cf62059fd8827a5df612556c92bdf86cf85ca803cd2379	15	16	ecf696ab42230b21e1efbcd9e414307eece5e51ac37d0223ef360418648d4e27	25be382bec0caa1f1db4a0422dac8c05e2c72f1aa87c05e78b376e8722b24e40	airborne-hover-bob-v1
343	Baltoy	00	none	shiny	assets/pokemon-walksheets-549/dex-343__species-baltoy__form-00__gender-none__palette-shiny__walk-3x4.png	assets/pokemon-runtime-549/dex-343__species-baltoy__form-00__gender-none__palette-shiny__walk-3x4.png	pokemon_medium		1f74c56ed5291200e98eea7b8db1b753d04db926409f24be1a385510009739c2	a94af35a4cce331d7a2b1dbc56e7c5f640be12830c0c473b779737e183078316	15	16	c3885a7a88d36cc65c1a1f89a8f05cba6ae7971d074a77ad56ade0369c274c3b	25be382bec0caa1f1db4a0422dac8c05e2c72f1aa87c05e78b376e8722b24e40	airborne-hover-bob-v1
344	Claydol	00	none	normal	assets/pokemon-walksheets-549/dex-344__species-claydol__form-00__gender-none__palette-normal__walk-3x4.png	assets/pokemon-runtime-549/dex-344__species-claydol__form-00__gender-none__palette-normal__walk-3x4.png	pokemon_medium		5f965560e6315f8c8da6ae1c1ab7c79992a0f0d2905f6ccf184ae30f28e6b1a4	54a1e4c0d6c898dbc0b2f83e7ada40928ddbd1a10d83b68d09c41c45d632dd35	15	16	c1d819e7c6d49d6a5913f0d241fc927ed1648c1af31f7adbd5686c56e81a65de	25be382bec0caa1f1db4a0422dac8c05e2c72f1aa87c05e78b376e8722b24e40	airborne-hover-bob-v1
344	Claydol	00	none	shiny	assets/pokemon-walksheets-549/dex-344__species-claydol__form-00__gender-none__palette-shiny__walk-3x4.png	assets/pokemon-runtime-549/dex-344__species-claydol__form-00__gender-none__palette-shiny__walk-3x4.png	pokemon_medium		1265ad6b3b4d8a2d24582c0e8ef1cec650a40015b7debadd798f9866877000a2	35eacce932964c7a325d0fe1917de132866f2d8d461b2c29257d586803c700c5	15	16	be6b2627423307ff9c9448f573828eb7cec7c599d6d521b83dc030cd26712e52	25be382bec0caa1f1db4a0422dac8c05e2c72f1aa87c05e78b376e8722b24e40	airborne-hover-bob-v1
345	Lileep	00	none	normal	assets/pokemon-walksheets-549/dex-345__species-lileep__form-00__gender-none__palette-normal__walk-3x4.png	assets/pokemon-runtime-549/dex-345__species-lileep__form-00__gender-none__palette-normal__walk-3x4.png	pokemon_medium		0f0d42808875fa52bfd7b3bdefae40c3ee27b5c3a402477090befe318ee08b7e	d0d3b2d8a7531ecde609e20f20a98145be906c4d1ab7409d11948da7edb9a929	15	16	1f7c6762c07b739fa9b719f6b1b2f4a3a7e342b857dbd2c33770311003c28d1f	25be382bec0caa1f1db4a0422dac8c05e2c72f1aa87c05e78b376e8722b24e40	rooted-or-cocoon-sway-v1
345	Lileep	00	none	shiny	assets/pokemon-walksheets-549/dex-345__species-lileep__form-00__gender-none__palette-shiny__walk-3x4.png	assets/pokemon-runtime-549/dex-345__species-lileep__form-00__gender-none__palette-shiny__walk-3x4.png	pokemon_medium		b6efa446a9383cf33afc9904bc6885b41d9fa8f8abaf1783e5cca3362ac81087	70a83f16ec64b7f03be56180a64f9122ac2e5d2b961df19aab10de791a84dd72	15	16	ceb6a0b559542dc87027ea372b4e5b387a723ed010d2b02439d9113b20f7a4df	25be382bec0caa1f1db4a0422dac8c05e2c72f1aa87c05e78b376e8722b24e40	rooted-or-cocoon-sway-v1
346	Cradily	00	none	normal	assets/pokemon-walksheets-549/dex-346__species-cradily__form-00__gender-none__palette-normal__walk-3x4.png	assets/pokemon-runtime-549/dex-346__species-cradily__form-00__gender-none__palette-normal__walk-3x4.png	pokemon_medium		0e46651c874daa202f3af1a1bec8613150147b5f36c0c9b1162875a090d2da17	2e6e96e573eb28ddba73921a9b0376ad64e4318a3f06e38078578e8c39eb2d23	13	16	66f8409fc854c8e0a6b0e235831ff7fe47242c1b8279b928949b126ca5d1b200	25be382bec0caa1f1db4a0422dac8c05e2c72f1aa87c05e78b376e8722b24e40	rooted-or-cocoon-sway-v1
346	Cradily	00	none	shiny	assets/pokemon-walksheets-549/dex-346__species-cradily__form-00__gender-none__palette-shiny__walk-3x4.png	assets/pokemon-runtime-549/dex-346__species-cradily__form-00__gender-none__palette-shiny__walk-3x4.png	pokemon_medium		3fc77db6ccdf3a4f5df2e7e89553ca8aa568781d82e6a388971d5f1120b289ac	1b11b24c7a062c2c02eb9810aa7478a4994455c993d52dbb1824b3d9e5f845fd	13	16	1289524d68da3657fb8c0a20e599512de47d90070c54d8d13a3c6b4cf00105f2	25be382bec0caa1f1db4a0422dac8c05e2c72f1aa87c05e78b376e8722b24e40	rooted-or-cocoon-sway-v1
347	Anorith	00	none	normal	assets/pokemon-walksheets-549/dex-347__species-anorith__form-00__gender-none__palette-normal__walk-3x4.png	assets/pokemon-runtime-549/dex-347__species-anorith__form-00__gender-none__palette-normal__walk-3x4.png	pokemon_medium		0cf184e91561bad214d21cbb1e594e8489b747546ef88ce83e3847908969b9c5	5ef34262d806ea7eeee44f48bc57e87fe17b32bbf34f1761f7103ad761d6b5d2	15	9	7f67f250d0739b45070fd5a4150c60480a2b9ca75362b1c6fe536e0dfe3af01c	25be382bec0caa1f1db4a0422dac8c05e2c72f1aa87c05e78b376e8722b24e40	terrestrial-multiped-crawl-v1
347	Anorith	00	none	shiny	assets/pokemon-walksheets-549/dex-347__species-anorith__form-00__gender-none__palette-shiny__walk-3x4.png	assets/pokemon-runtime-549/dex-347__species-anorith__form-00__gender-none__palette-shiny__walk-3x4.png	pokemon_medium		edce301a1dfba3f612e56abd8c501bd43a9779f68daea5f876ecffd98ac3bb4a	a2aa7573e1ca8636ea25c77a206f913ab29eb8ddc4286ddb155c996405330268	15	9	52f18ee17b025d4812b4518e8804b7b99ace51693f4cebee709cfc5e6eb53b90	25be382bec0caa1f1db4a0422dac8c05e2c72f1aa87c05e78b376e8722b24e40	terrestrial-multiped-crawl-v1
348	Armaldo	00	none	normal	assets/pokemon-walksheets-549/dex-348__species-armaldo__form-00__gender-none__palette-normal__walk-3x4.png	assets/pokemon-runtime-549/dex-348__species-armaldo__form-00__gender-none__palette-normal__walk-3x4.png	pokemon_medium		36b26d5ca4b317814624bcfd130bb30aa6613c0b033d4275c9dd7f7fa4d7bde8	b1aa7d0cac064af88a4c529a5e0308cb21c62d0d709530f307e98a879ed86087	15	16	81639148993afe8d521a34aa2c171ddb8932f0804dba21e0935d7d34ac4c0c2e	25be382bec0caa1f1db4a0422dac8c05e2c72f1aa87c05e78b376e8722b24e40	terrestrial-biped-heavy-v1
348	Armaldo	00	none	shiny	assets/pokemon-walksheets-549/dex-348__species-armaldo__form-00__gender-none__palette-shiny__walk-3x4.png	assets/pokemon-runtime-549/dex-348__species-armaldo__form-00__gender-none__palette-shiny__walk-3x4.png	pokemon_medium		c554f4d2fcc0cb487bfd144abfffac5f86f00333f4e0d93d6dc6541a1daa2329	ee24bc234fd805381fb99e50342dcc097e723f8e2dbcd9b406c12a98d2c6d4f7	15	16	cc2052dfd7c831b841c3a4e5a000e01de2532c08ef330888c7f64a7d793dbdff	25be382bec0caa1f1db4a0422dac8c05e2c72f1aa87c05e78b376e8722b24e40	terrestrial-biped-heavy-v1
349	Feebas	00	none	normal	assets/pokemon-walksheets-549/dex-349__species-feebas__form-00__gender-none__palette-normal__walk-3x4.png	assets/pokemon-runtime-549/dex-349__species-feebas__form-00__gender-none__palette-normal__walk-3x4.png	pokemon_medium		f1effe8d5d3a72923058707b5ddc705d5d25473fbff3b372a83e0b317eb42001	569ed5d115f538e4df753e6bab1332e80717e2776ab71789e4418caab0c9e26e	15	16	e1800ea706b3f115feed2bbf308a615213e99bf92e7e803075db1802ed434cc4	25be382bec0caa1f1db4a0422dac8c05e2c72f1aa87c05e78b376e8722b24e40	aquatic-fin-swim-v1
349	Feebas	00	none	shiny	assets/pokemon-walksheets-549/dex-349__species-feebas__form-00__gender-none__palette-shiny__walk-3x4.png	assets/pokemon-runtime-549/dex-349__species-feebas__form-00__gender-none__palette-shiny__walk-3x4.png	pokemon_medium		91d62664f0d7a13c8ab9ac136a2f0f4212a348844fcb81750819e4d0d54dada1	5179d1d0380caeea4675cc1bc9e703170893d201f89d4acf28ba6700a4fed46b	15	16	e37df9fcafe5f1863d670373c62ae2b286343a4f1327bd99c04f6cd41f40cd67	25be382bec0caa1f1db4a0422dac8c05e2c72f1aa87c05e78b376e8722b24e40	aquatic-fin-swim-v1
350	Milotic	00	none	normal	assets/pokemon-walksheets-549/dex-350__species-milotic__form-00__gender-none__palette-normal__walk-3x4.png	assets/pokemon-runtime-549/dex-350__species-milotic__form-00__gender-none__palette-normal__walk-3x4.png	pokemon_medium		06f6ba8b81f395975e7111fea27ec4721e4e4feb7a2bbd15e1150e72ae399c38	82effbd5e3d76d287fa44c721dcd558f682282458b0036602df2e09b3dc67c6a	15	16	bd75d894400be0ae1e62f9488461fa3a3d55a9233909331d313ae557cf324ce9	25be382bec0caa1f1db4a0422dac8c05e2c72f1aa87c05e78b376e8722b24e40	aquatic-serpentine-swim-v1
350	Milotic	00	none	shiny	assets/pokemon-walksheets-549/dex-350__species-milotic__form-00__gender-none__palette-shiny__walk-3x4.png	assets/pokemon-runtime-549/dex-350__species-milotic__form-00__gender-none__palette-shiny__walk-3x4.png	pokemon_medium		1c79fba6a87a365de9db59a18c585df744c6f34c91487caeb4c080a9204236ce	aba3f5ba05424552e1219535c3fbb55e7aec0fb5e09a044884661ba56a2823e5	15	16	d376461ed24072a309f612293c9d0c7be99f574cde97a54a7cc0237e0563e1bf	25be382bec0caa1f1db4a0422dac8c05e2c72f1aa87c05e78b376e8722b24e40	aquatic-serpentine-swim-v1
351	Castform	11-normal	none	normal	assets/pokemon-walksheets-549/dex-351__species-castform__form-11-normal__gender-none__palette-normal__walk-3x4.png	assets/pokemon-runtime-549/dex-351__species-castform__form-11-normal__gender-none__palette-normal__walk-3x4.png	pokemon_medium		fc5f876fbff109ada26b2ea557724d1779c8a14f67c0fb037e2df1946ced9922	61f5e1c7d123bd19508ba6b1c0d978416c5b216163c49a0f1f789838cef8baa3	10	16	a4c173a46f630dca9dca0240da5a64b31cf7e5e1b40d31722f1ede139dff17c3	25be382bec0caa1f1db4a0422dac8c05e2c72f1aa87c05e78b376e8722b24e40	airborne-hover-bob-v1
351	Castform	11-normal	none	shiny	assets/pokemon-walksheets-549/dex-351__species-castform__form-11-normal__gender-none__palette-shiny__walk-3x4.png	assets/pokemon-runtime-549/dex-351__species-castform__form-11-normal__gender-none__palette-shiny__walk-3x4.png	pokemon_medium		4a353a051a62ef86ce9c55b20e923d460b0e80c6d6da4f218f55a3953c5245d3	42cdefcee9647e066e2baa9595c63951d06364507e44038ffb4f17712f8ce2e9	10	16	15ef9abe2ff7a989918f1ba77989999075535dd8e9d6197170907cb46b2e96f3	25be382bec0caa1f1db4a0422dac8c05e2c72f1aa87c05e78b376e8722b24e40	airborne-hover-bob-v1
352	Kecleon	00	none	normal	assets/pokemon-walksheets-549/dex-352__species-kecleon__form-00__gender-none__palette-normal__walk-3x4.png	assets/pokemon-runtime-549/dex-352__species-kecleon__form-00__gender-none__palette-normal__walk-3x4.png	pokemon_medium		27506110b9bf0b5d75e6eb968435ef69a8ab5d81ad6514de6596d6dab51e0c7e	513062e198dcf10429a7ecf5546c9a40bc41cfd12397d0d9e3c9d5d304759178	15	16	20a838c358f234e85c63797ef8ec7fe9494e82f15dc41f983d5d9083add8d9e7	25be382bec0caa1f1db4a0422dac8c05e2c72f1aa87c05e78b376e8722b24e40	terrestrial-biped-light-v1
352	Kecleon	00	none	shiny	assets/pokemon-walksheets-549/dex-352__species-kecleon__form-00__gender-none__palette-shiny__walk-3x4.png	assets/pokemon-runtime-549/dex-352__species-kecleon__form-00__gender-none__palette-shiny__walk-3x4.png	pokemon_medium		a93e181a757dab38e166c89a9c30189a83e69c682f46b6ece6a8cf328bed941a	5f216b3dbbee610392b2552cc28b7725781fbaa955d844802ce33e52e527c875	15	16	34827b5223873b001887fd4d8005eae998e52d85fbd07c850c42d16bef256dfa	25be382bec0caa1f1db4a0422dac8c05e2c72f1aa87c05e78b376e8722b24e40	terrestrial-biped-light-v1
353	Shuppet	00	none	normal	assets/pokemon-walksheets-549/dex-353__species-shuppet__form-00__gender-none__palette-normal__walk-3x4.png	assets/pokemon-runtime-549/dex-353__species-shuppet__form-00__gender-none__palette-normal__walk-3x4.png	pokemon_medium		7408428689382c4d6f36d01cfe31c4ea447bdff5b18fee185bbe66ca9cc3493f	e31bfaf47e0cc56318577ca8cb00cedbcec292390ce0d76f2aaa45c0bf446974	11	16	5d53c102b14ef05196eed02cbbc19da346e1f7dfdbf0613cd3fff88d3dca426c	25be382bec0caa1f1db4a0422dac8c05e2c72f1aa87c05e78b376e8722b24e40	airborne-hover-bob-v1
353	Shuppet	00	none	shiny	assets/pokemon-walksheets-549/dex-353__species-shuppet__form-00__gender-none__palette-shiny__walk-3x4.png	assets/pokemon-runtime-549/dex-353__species-shuppet__form-00__gender-none__palette-shiny__walk-3x4.png	pokemon_medium		f03c0f135d131477f774e9f5cd58cf228901c8ac592da8a825d51c5bb933fc12	bb66c730da4b08118e5ce50c0fe7366be8fb80cd7547d907863bd06579c719fa	11	16	8fedcbd7f24dbaacd2dfc3bb3d8ce57cdfb6258a1f1b421d9230e9b20b82ccce	25be382bec0caa1f1db4a0422dac8c05e2c72f1aa87c05e78b376e8722b24e40	airborne-hover-bob-v1
354	Banette	00	none	normal	assets/pokemon-walksheets-549/dex-354__species-banette__form-00__gender-none__palette-normal__walk-3x4.png	assets/pokemon-runtime-549/dex-354__species-banette__form-00__gender-none__palette-normal__walk-3x4.png	pokemon_medium		335c0436a8219b4a5ceb665702fcd5950fcb8e8e49e3ac7864e7c897c5cc3df4	8d79d28c1401e595cb4e3483ac3702a3db123a72694b07d3e371c10d3e28228c	15	16	e1b12958a5c672b985e30fd885253ff051cce398ad59d907aa28b2b9261745dd	25be382bec0caa1f1db4a0422dac8c05e2c72f1aa87c05e78b376e8722b24e40	terrestrial-biped-light-v1
354	Banette	00	none	shiny	assets/pokemon-walksheets-549/dex-354__species-banette__form-00__gender-none__palette-shiny__walk-3x4.png	assets/pokemon-runtime-549/dex-354__species-banette__form-00__gender-none__palette-shiny__walk-3x4.png	pokemon_medium		373fb557eab576dcf824606a1cf902931cbc18ac92bfe857c72f768b96625038	a13e2fc76f360055310715cbe49b87067042829d90c8513cce558951c99591f6	15	16	9650acbb8953529c4c5e795677641ac5627ad240cf996671e0c167016746282a	25be382bec0caa1f1db4a0422dac8c05e2c72f1aa87c05e78b376e8722b24e40	terrestrial-biped-light-v1
355	Duskull	00	none	normal	assets/pokemon-walksheets-549/dex-355__species-duskull__form-00__gender-none__palette-normal__walk-3x4.png	assets/pokemon-runtime-549/dex-355__species-duskull__form-00__gender-none__palette-normal__walk-3x4.png	pokemon_medium		04b5f3a546c99d7f4273414216ee0b0f6be205134cd9e35ef23788ddefd631c2	911bcf157271a0f6dc39758ad3f036efe2425a0ea2ba5939dc5f8d247d5414d4	14	16	8d771ba878a913d111b044fa6f8224d103650a29b176a0414bc9e3306a58c6ea	25be382bec0caa1f1db4a0422dac8c05e2c72f1aa87c05e78b376e8722b24e40	airborne-hover-bob-v1
355	Duskull	00	none	shiny	assets/pokemon-walksheets-549/dex-355__species-duskull__form-00__gender-none__palette-shiny__walk-3x4.png	assets/pokemon-runtime-549/dex-355__species-duskull__form-00__gender-none__palette-shiny__walk-3x4.png	pokemon_medium		3bc7f4f1e2597ef3041b879295de684af8122ff2061c56b89de45662becbef02	5ea3988f71341846de16440657c358d0697a46fb952142a368eea852ce9ad47a	14	16	298a9f814fcbe5708c6d80ec899073397a5d230fa98e1a74a684703e60c35abc	25be382bec0caa1f1db4a0422dac8c05e2c72f1aa87c05e78b376e8722b24e40	airborne-hover-bob-v1
356	Dusclops	00	none	normal	assets/pokemon-walksheets-549/dex-356__species-dusclops__form-00__gender-none__palette-normal__walk-3x4.png	assets/pokemon-runtime-549/dex-356__species-dusclops__form-00__gender-none__palette-normal__walk-3x4.png	pokemon_medium		1142e1940472909a5165d8a1a45714b3471b2254a61fe889785e87e9ac0c498f	9c54cf56d3dc02a039c850824faf92665205638647066749170e7b2638f17a33	15	14	504922fd101468b135ca670e37bfef98bc66898d2b03d74d129f4c1dbf1e4124	25be382bec0caa1f1db4a0422dac8c05e2c72f1aa87c05e78b376e8722b24e40	terrestrial-biped-heavy-v1
356	Dusclops	00	none	shiny	assets/pokemon-walksheets-549/dex-356__species-dusclops__form-00__gender-none__palette-shiny__walk-3x4.png	assets/pokemon-runtime-549/dex-356__species-dusclops__form-00__gender-none__palette-shiny__walk-3x4.png	pokemon_medium		7dbc7fedadf88521686a5f12b6ca1e8679a7106743678e35b2690bfb8d2ed0a8	ddd7c67c194de0bd1197df2f85b17828be61e4a8b5a018a09707a28e2502dba7	15	14	ea6df52be4cb9111ecdf183880c15b2b961a160c09c4a73ecaf0046ad598bb26	25be382bec0caa1f1db4a0422dac8c05e2c72f1aa87c05e78b376e8722b24e40	terrestrial-biped-heavy-v1
357	Tropius	00	none	normal	assets/pokemon-walksheets-549/dex-357__species-tropius__form-00__gender-none__palette-normal__walk-3x4.png	assets/pokemon-runtime-549/dex-357__species-tropius__form-00__gender-none__palette-normal__walk-3x4.png	pokemon_medium		38771b81de054505bdf8eaa2a3fb8182826eb7e78fbf4d3f986da54f2bca5a0d	78d5350e7e4d27c5d7c7b34b89b8ef992ba01664415a3c80c6e407d2a8e0407d	15	8	61a7744f1060c3b161c4a36c7e132299b5408b04c54f810cf46d3931d1c11c9c	25be382bec0caa1f1db4a0422dac8c05e2c72f1aa87c05e78b376e8722b24e40	airborne-wing-flap-v1
357	Tropius	00	none	shiny	assets/pokemon-walksheets-549/dex-357__species-tropius__form-00__gender-none__palette-shiny__walk-3x4.png	assets/pokemon-runtime-549/dex-357__species-tropius__form-00__gender-none__palette-shiny__walk-3x4.png	pokemon_medium		5a4a5d25f247b3c32a7a712d199bea7f27ee2ba65758e9ab6c0337f8bd1e4cdf	dbda2dbb29b0d58cf354b950ca6c22196901ce6ff9998f811371aab02d54123b	15	8	4bdfb2147851ffdb7a8c694c75e5b24ef71bfce5d51f44baefd6beedee649581	25be382bec0caa1f1db4a0422dac8c05e2c72f1aa87c05e78b376e8722b24e40	airborne-wing-flap-v1
358	Chimecho	00	none	normal	assets/pokemon-walksheets-549/dex-358__species-chimecho__form-00__gender-none__palette-normal__walk-3x4.png	assets/pokemon-runtime-549/dex-358__species-chimecho__form-00__gender-none__palette-normal__walk-3x4.png	pokemon_medium		0a53be8e84463825d7b74f862280227d2f9b00e6c38ac151698c08b03cab7c54	d50d70346df80f29a1f5bd77d711de14b7564640504472744a8a167d92524a20	9	16	05bc895816eb6c5051c2bdbf1bdd362d997632fc64f5e89b053686af2c838587	25be382bec0caa1f1db4a0422dac8c05e2c72f1aa87c05e78b376e8722b24e40	airborne-hover-bob-v1
358	Chimecho	00	none	shiny	assets/pokemon-walksheets-549/dex-358__species-chimecho__form-00__gender-none__palette-shiny__walk-3x4.png	assets/pokemon-runtime-549/dex-358__species-chimecho__form-00__gender-none__palette-shiny__walk-3x4.png	pokemon_medium		9154a2091b71d7aec7804b41cde6c23f23ea08607f96fff1a50db36f11ecfed9	13cea45bcfd45113944ea66cea26bac4208fb5ea23f39cf474d89fcb0749bcb2	9	16	9e7437fe8712d8457d0e1b486badfd22be5564842d55c00b07610b47127b1c2d	25be382bec0caa1f1db4a0422dac8c05e2c72f1aa87c05e78b376e8722b24e40	airborne-hover-bob-v1
359	Absol	00	none	normal	assets/pokemon-walksheets-549/dex-359__species-absol__form-00__gender-none__palette-normal__walk-3x4.png	assets/pokemon-runtime-549/dex-359__species-absol__form-00__gender-none__palette-normal__walk-3x4.png	pokemon_medium		01187060e64493190094836b50122bc420e4c2929e46f3462b9eb78444d7cfbc	dce8b26c8d6cccf94c013baaf97abd09c4f8f2560be0b997ee6fe06b779d487f	15	16	af6b193c0a8a9176205ffb9a56d896002534b2b3bdf37aecaa2caad24c8a4f26	25be382bec0caa1f1db4a0422dac8c05e2c72f1aa87c05e78b376e8722b24e40	terrestrial-quadruped-light-v1
359	Absol	00	none	shiny	assets/pokemon-walksheets-549/dex-359__species-absol__form-00__gender-none__palette-shiny__walk-3x4.png	assets/pokemon-runtime-549/dex-359__species-absol__form-00__gender-none__palette-shiny__walk-3x4.png	pokemon_medium		4c49cfc4553df6f52c6ec78aa0cf5401690b0dc2a9a1b1ff9998ac9f9bd0c763	c4324bbd9c8afc6a4fc3d7bdf9f24dd26694624eb67a4300b903bf778d5410c7	15	16	6257b0a06246063b4cbbf89d7099822dd3340477c0582615ce333699c14ddab5	25be382bec0caa1f1db4a0422dac8c05e2c72f1aa87c05e78b376e8722b24e40	terrestrial-quadruped-light-v1
360	Wynaut	00	none	normal	assets/pokemon-walksheets-549/dex-360__species-wynaut__form-00__gender-none__palette-normal__walk-3x4.png	assets/pokemon-runtime-549/dex-360__species-wynaut__form-00__gender-none__palette-normal__walk-3x4.png	pokemon_medium		3528e18cbe543811c46ff57182773db81f357d5e1030a84939252806a9fbb631	bfd69d6c30750457e5ddb944c8075d45f5f9e9a8ad595ae392e889bc0f295f74	15	16	bcbf7e5b17bcae0888fc4b6b7f8a4e284d6172ed9965000d6d620d040e375955	25be382bec0caa1f1db4a0422dac8c05e2c72f1aa87c05e78b376e8722b24e40	terrestrial-biped-light-v1
360	Wynaut	00	none	shiny	assets/pokemon-walksheets-549/dex-360__species-wynaut__form-00__gender-none__palette-shiny__walk-3x4.png	assets/pokemon-runtime-549/dex-360__species-wynaut__form-00__gender-none__palette-shiny__walk-3x4.png	pokemon_medium		391349ae7fd1e9baecae31730054d7500f2377a8b388ec2b74b068e580197bc4	63f23edb32a8be3b219d75b949b5aadb91844fcb8354ae270dbf89a2b801b50a	15	16	6b8a0795bd01a45e07f73bcc6322bd463180738b6177cd1a9d6dd89e21da72d4	25be382bec0caa1f1db4a0422dac8c05e2c72f1aa87c05e78b376e8722b24e40	terrestrial-biped-light-v1
361	Snorunt	00	none	normal	assets/pokemon-walksheets-549/dex-361__species-snorunt__form-00__gender-none__palette-normal__walk-3x4.png	assets/pokemon-runtime-549/dex-361__species-snorunt__form-00__gender-none__palette-normal__walk-3x4.png	pokemon_medium		244b9f052560a8be52a61a906eda541b2642f1cf89dc54f00f2d6b9909566a81	0971ec6fca66d450f79241b420aea2de2bdfc55809e8a9a6e582ddb6f1edefa4	15	16	5e4d813fa5959f66e09cdf4534a4cea2779eced461fd159c6badb9925e36dde9	25be382bec0caa1f1db4a0422dac8c05e2c72f1aa87c05e78b376e8722b24e40	terrestrial-biped-light-v1
361	Snorunt	00	none	shiny	assets/pokemon-walksheets-549/dex-361__species-snorunt__form-00__gender-none__palette-shiny__walk-3x4.png	assets/pokemon-runtime-549/dex-361__species-snorunt__form-00__gender-none__palette-shiny__walk-3x4.png	pokemon_medium		84d2fec5a5742b2c733f5984bbb27e750d05bb5aefe096833c267849123994dc	6956361cdcbbbaf62e122d6184f57072ff05c807ba73d5b4be4e3bea16b265ef	15	16	694c2273bf4656c0ee6b953b3e90ee4e5da0f7c80c8696a3eb813f1489ae8cbc	25be382bec0caa1f1db4a0422dac8c05e2c72f1aa87c05e78b376e8722b24e40	terrestrial-biped-light-v1
362	Glalie	00	none	normal	assets/pokemon-walksheets-549/dex-362__species-glalie__form-00__gender-none__palette-normal__walk-3x4.png	assets/pokemon-runtime-549/dex-362__species-glalie__form-00__gender-none__palette-normal__walk-3x4.png	pokemon_medium		6008687c46b732bbad2b5468a75ae9769a5cba77f1d8769b606ad5799209e4ca	34eec7085e8c6caf3c2a385d56ad5216d6d81db35e5909a605543972b252d117	15	16	5fb121fbe9988e941db67c702d11eec471a71794cd38dae296b21a44ab371118	25be382bec0caa1f1db4a0422dac8c05e2c72f1aa87c05e78b376e8722b24e40	airborne-hover-bob-v1
362	Glalie	00	none	shiny	assets/pokemon-walksheets-549/dex-362__species-glalie__form-00__gender-none__palette-shiny__walk-3x4.png	assets/pokemon-runtime-549/dex-362__species-glalie__form-00__gender-none__palette-shiny__walk-3x4.png	pokemon_medium		1f408316922024f457eacbb63c67d88afb7e839d089af3a96d50eadd6c00b0e8	658332abfe902a26a43e9b87e6793056eded6c7bca2029e835e61b8ede7b3e16	15	16	7684012450fdfeb33734b7bea4d9a74c24b4b880721c36d76428c1e813c83baa	25be382bec0caa1f1db4a0422dac8c05e2c72f1aa87c05e78b376e8722b24e40	airborne-hover-bob-v1
363	Spheal	00	none	normal	assets/pokemon-walksheets-549/dex-363__species-spheal__form-00__gender-none__palette-normal__walk-3x4.png	assets/pokemon-runtime-549/dex-363__species-spheal__form-00__gender-none__palette-normal__walk-3x4.png	pokemon_medium		5dc7bfb2ee77a1ff33cf65f32cae9c88d5e60fa95ae7a856eac382facd8c8fb5	e0ff6cea618558a0a799343867bf47c37f68f5f79f203b799ba4c9b03a7df828	15	16	24595e566f3166b7e7c8be7a8202058f74538e13810efb87d28bb6df78923671	25be382bec0caa1f1db4a0422dac8c05e2c72f1aa87c05e78b376e8722b24e40	ground-roll-rock-v1
363	Spheal	00	none	shiny	assets/pokemon-walksheets-549/dex-363__species-spheal__form-00__gender-none__palette-shiny__walk-3x4.png	assets/pokemon-runtime-549/dex-363__species-spheal__form-00__gender-none__palette-shiny__walk-3x4.png	pokemon_medium		f3f14388417153d3c280f37a07a51727f46bc1fb59e785250a1dd3434b4988ec	0bc0e1234a6e6546a95dca6a40f20b947a9f47264a8d08e4fda2b9643a5c3c18	15	15	9380466a1efe507802bcc44674b091d9a883ccc82c2ff38c13f6b25873d8e1b7	25be382bec0caa1f1db4a0422dac8c05e2c72f1aa87c05e78b376e8722b24e40	ground-roll-rock-v1
364	Sealeo	00	none	normal	assets/pokemon-walksheets-549/dex-364__species-sealeo__form-00__gender-none__palette-normal__walk-3x4.png	assets/pokemon-runtime-549/dex-364__species-sealeo__form-00__gender-none__palette-normal__walk-3x4.png	pokemon_medium		9fe0f682b952accffcaa70e4264980444ad88508885100eaa31976b601e01bcd	0a5439cfc68abeeb7f2f7263e48e742402e2262c6bffafb5432f48588d0c6ccd	15	10	2c234b14aa1403aa8b88b2f9c69c79819ba81f77122bfc4f595f562a8a26a82c	25be382bec0caa1f1db4a0422dac8c05e2c72f1aa87c05e78b376e8722b24e40	aquatic-paddle-bob-v1
364	Sealeo	00	none	shiny	assets/pokemon-walksheets-549/dex-364__species-sealeo__form-00__gender-none__palette-shiny__walk-3x4.png	assets/pokemon-runtime-549/dex-364__species-sealeo__form-00__gender-none__palette-shiny__walk-3x4.png	pokemon_medium		ccd8f9479e88618f762b589450655d12c5ff0aef35b9d241e423047b5be595a9	006bfdd38cef96920e6a965ac504838d2cb8568e757215f8c153fb8ef01dae85	15	10	c16b036c1f06392ffa4a4ac52bc0d3eddda7d6d3b0079404a512d73ebc596164	25be382bec0caa1f1db4a0422dac8c05e2c72f1aa87c05e78b376e8722b24e40	aquatic-paddle-bob-v1
365	Walrein	00	none	normal	assets/pokemon-walksheets-549/dex-365__species-walrein__form-00__gender-none__palette-normal__walk-3x4.png	assets/pokemon-runtime-549/dex-365__species-walrein__form-00__gender-none__palette-normal__walk-3x4.png	pokemon_medium		f277a7c11abf444bc96ad3cabed096624675429813a742b93b71445c9e65976b	aafa1031c8017f5b42106d8e64f82e8142ccfdf805eee491fedd513a5b70eed7	15	11	1809c37c6562cf7a7e7107c56c3be78c8c142d1bb574c767ed6ad514e3de5a28	25be382bec0caa1f1db4a0422dac8c05e2c72f1aa87c05e78b376e8722b24e40	aquatic-paddle-bob-v1
365	Walrein	00	none	shiny	assets/pokemon-walksheets-549/dex-365__species-walrein__form-00__gender-none__palette-shiny__walk-3x4.png	assets/pokemon-runtime-549/dex-365__species-walrein__form-00__gender-none__palette-shiny__walk-3x4.png	pokemon_medium		8385ce5aea8c599a9b91d879399560cc6096875e147f4f08ab6498f23dd8d8bc	6e6b24e1de0e326c80c495af4609fbcaba257220003759fb893649e417ab5d2d	15	11	b4a5dd8868560d51a3123b59bfc456615e166bdd98745fc1bef4c06340b96c48	25be382bec0caa1f1db4a0422dac8c05e2c72f1aa87c05e78b376e8722b24e40	aquatic-paddle-bob-v1
366	Clamperl	00	none	normal	assets/pokemon-walksheets-549/dex-366__species-clamperl__form-00__gender-none__palette-normal__walk-3x4.png	assets/pokemon-runtime-549/dex-366__species-clamperl__form-00__gender-none__palette-normal__walk-3x4.png	pokemon_medium		c5ce9c5649b6a7bea7d0eff4f35e8e68bdf0c0796449e2dab601b1e7be66eaec	9698349b016d10c4c234b74ff7f334824ab9b13f1e80869a28fe8595e05714ca	15	15	d384de34fff0143ad095f42b8419ee47b22d868386638d0fbd250c3bc96df853	25be382bec0caa1f1db4a0422dac8c05e2c72f1aa87c05e78b376e8722b24e40	rooted-or-cocoon-sway-v1
366	Clamperl	00	none	shiny	assets/pokemon-walksheets-549/dex-366__species-clamperl__form-00__gender-none__palette-shiny__walk-3x4.png	assets/pokemon-runtime-549/dex-366__species-clamperl__form-00__gender-none__palette-shiny__walk-3x4.png	pokemon_medium		0ceca8faf219683a9b78b2512abe353a861fb214cfb6646bc1f51ae014936b54	4856d4e228d80f4f62bc3b097ec398de9b5772d6e8b312800ab7b090ba35a210	15	15	dec6eb788583aca3e470ed4df26829d17ccf45974f407729b147e35d3d6691f5	25be382bec0caa1f1db4a0422dac8c05e2c72f1aa87c05e78b376e8722b24e40	rooted-or-cocoon-sway-v1
367	Huntail	00	none	normal	assets/pokemon-walksheets-549/dex-367__species-huntail__form-00__gender-none__palette-normal__walk-3x4.png	assets/pokemon-runtime-549/dex-367__species-huntail__form-00__gender-none__palette-normal__walk-3x4.png	pokemon_medium		113367746c78331b12000d39a219a65bb8ef75177e604fe9bb78a9ac7261ab64	b1a29d3129c4f1c36c845021645e44b39347fb5a8210800dfa806426e9052f37	15	16	1f4134994d64542764447d533460426ea73fac287217f47faded80c010901715	25be382bec0caa1f1db4a0422dac8c05e2c72f1aa87c05e78b376e8722b24e40	aquatic-serpentine-swim-v1
367	Huntail	00	none	shiny	assets/pokemon-walksheets-549/dex-367__species-huntail__form-00__gender-none__palette-shiny__walk-3x4.png	assets/pokemon-runtime-549/dex-367__species-huntail__form-00__gender-none__palette-shiny__walk-3x4.png	pokemon_medium		8e693b44a3ae309f52179136a7a69eaabc1b20325d5662f264ef799a410e95e2	8cadba3388666109ab904d0e2ed999afbea008a2f8d6494e4286964d8fb2eef3	15	16	66eff515e22753e7f56c777e7423e8d6c8c87ac6c2a0b6d1f2774d8ab8bd6092	25be382bec0caa1f1db4a0422dac8c05e2c72f1aa87c05e78b376e8722b24e40	aquatic-serpentine-swim-v1
368	Gorebyss	00	none	normal	assets/pokemon-walksheets-549/dex-368__species-gorebyss__form-00__gender-none__palette-normal__walk-3x4.png	assets/pokemon-runtime-549/dex-368__species-gorebyss__form-00__gender-none__palette-normal__walk-3x4.png	pokemon_medium		71205cb4d82978769e69cc81c75361dfdd8cf54183b5d56aac5c544eea0fdf55	e856e187aa56c30fa97b638bbb239003d697e7799d096961e77d3578b5d14bb7	15	16	ef2a11710a8056896c17bb37291a15e925bf24206aa6605cf0aedca97607d7ed	25be382bec0caa1f1db4a0422dac8c05e2c72f1aa87c05e78b376e8722b24e40	aquatic-serpentine-swim-v1
368	Gorebyss	00	none	shiny	assets/pokemon-walksheets-549/dex-368__species-gorebyss__form-00__gender-none__palette-shiny__walk-3x4.png	assets/pokemon-runtime-549/dex-368__species-gorebyss__form-00__gender-none__palette-shiny__walk-3x4.png	pokemon_medium		060e783e04b2b76a196dea75801e73ed523c3a2f94d38d9cc6cb786ed87e04df	1dcd1aa48fb1f87bb0618f3cecf11f140e054f80557b518159e113e52d9bd1af	15	16	044c288196abb9577a08739c86501bccee53ea6143925c75b59ae6f6439e5cc9	25be382bec0caa1f1db4a0422dac8c05e2c72f1aa87c05e78b376e8722b24e40	aquatic-serpentine-swim-v1
369	Relicanth	00	none	normal	assets/pokemon-walksheets-549/dex-369__species-relicanth__form-00__gender-none__palette-normal__walk-3x4.png	assets/pokemon-runtime-549/dex-369__species-relicanth__form-00__gender-none__palette-normal__walk-3x4.png	pokemon_medium		1f4f93fde11500b2611aad7ddfa52dc2327f7738dc5bdf914f17bc1f518ee516	2232a5114af2389360c3fb5b6781dec21d8cab61767def08ddcf84d2b7236fa9	15	16	b1acadcb51dc9e86465c879be07086b6e23fec1d9aa0880c0e196afb0b8f86da	25be382bec0caa1f1db4a0422dac8c05e2c72f1aa87c05e78b376e8722b24e40	aquatic-fin-swim-v1
369	Relicanth	00	none	shiny	assets/pokemon-walksheets-549/dex-369__species-relicanth__form-00__gender-none__palette-shiny__walk-3x4.png	assets/pokemon-runtime-549/dex-369__species-relicanth__form-00__gender-none__palette-shiny__walk-3x4.png	pokemon_medium		72bf21c6eb26c4d4827b0a286184b9eee1028a8397e9b97a4e715c71a4a7da0e	42d8d517916ef5ed78fd80791cb20a11d06450247a057f7da08dbe8481a24225	15	16	d5e0b5a501562c69284eedbf97917b646b5d2be961d43b028d6130a951860547	25be382bec0caa1f1db4a0422dac8c05e2c72f1aa87c05e78b376e8722b24e40	aquatic-fin-swim-v1
370	Luvdisc	00	none	normal	assets/pokemon-walksheets-549/dex-370__species-luvdisc__form-00__gender-none__palette-normal__walk-3x4.png	assets/pokemon-runtime-549/dex-370__species-luvdisc__form-00__gender-none__palette-normal__walk-3x4.png	pokemon_medium		98d9ee868407891f2f5240c2ab20e6c682476e903cbcf35ccedd3b4489192390	eec5e41730d42b8f0e06b34fd7ee3f6e7126dd4d664fdfa4be7796b01e304b6f	15	16	3bde4e3fea87822afd65e0e8948543f3c6e3684ad77c67ffaf39c16e2378c4dd	25be382bec0caa1f1db4a0422dac8c05e2c72f1aa87c05e78b376e8722b24e40	aquatic-fin-swim-v1
370	Luvdisc	00	none	shiny	assets/pokemon-walksheets-549/dex-370__species-luvdisc__form-00__gender-none__palette-shiny__walk-3x4.png	assets/pokemon-runtime-549/dex-370__species-luvdisc__form-00__gender-none__palette-shiny__walk-3x4.png	pokemon_medium		7e12a123e30c0ed8495355da714dda6a5dd16732a38c50653cd6b20b4293ee45	08a078f9ed7c8e6bac8c78df57a22fb8ce3dbcb60318200be1919604ebf2c6ab	15	16	dd605c7fadb3f81a54d2717a59b6374fcd41dd57ce26b3b7da3270a7ffe4d017	25be382bec0caa1f1db4a0422dac8c05e2c72f1aa87c05e78b376e8722b24e40	aquatic-fin-swim-v1
371	Bagon	00	none	normal	assets/pokemon-walksheets-549/dex-371__species-bagon__form-00__gender-none__palette-normal__walk-3x4.png	assets/pokemon-runtime-549/dex-371__species-bagon__form-00__gender-none__palette-normal__walk-3x4.png	pokemon_medium		139538b5e278acba869bde32c25ac673f841142eeb3b1bd27933a340e224d819	71e3094c773c3deccb626a04062c552feb977fd60b44a56054311af906d7e052	12	16	ba229f74f95fc5f0509096b53006c7b330df697cbe5f1996cba8b36b8130c8d6	25be382bec0caa1f1db4a0422dac8c05e2c72f1aa87c05e78b376e8722b24e40	terrestrial-biped-light-v1
371	Bagon	00	none	shiny	assets/pokemon-walksheets-549/dex-371__species-bagon__form-00__gender-none__palette-shiny__walk-3x4.png	assets/pokemon-runtime-549/dex-371__species-bagon__form-00__gender-none__palette-shiny__walk-3x4.png	pokemon_medium		a7e9248c269af7af6c670c2d9440c8636596fefceb44e28cdf53692dca4a87e6	5f4ad5042482a5cc97d562c9ad4a3cfd18f5ee92984ccde01911f3006accb100	12	16	99b019e14b62141ef7421413a7f9ddedd16a950502d80ffe65857fd733a24581	25be382bec0caa1f1db4a0422dac8c05e2c72f1aa87c05e78b376e8722b24e40	terrestrial-biped-light-v1
372	Shelgon	00	none	normal	assets/pokemon-walksheets-549/dex-372__species-shelgon__form-00__gender-none__palette-normal__walk-3x4.png	assets/pokemon-runtime-549/dex-372__species-shelgon__form-00__gender-none__palette-normal__walk-3x4.png	pokemon_medium		296d9565e14db51d42faf950c3498f6ac2b02675cc00f708b8f300adc9b78756	9556e1fd27f9ddc764d3692bb022591f1c3fd8a7b635e794ffa2fa3c877dcbfc	15	16	e68f35317781131e4c30e1b727f7a582432fc9191ab4e6bb1464f027448640bf	25be382bec0caa1f1db4a0422dac8c05e2c72f1aa87c05e78b376e8722b24e40	rooted-or-cocoon-sway-v1
372	Shelgon	00	none	shiny	assets/pokemon-walksheets-549/dex-372__species-shelgon__form-00__gender-none__palette-shiny__walk-3x4.png	assets/pokemon-runtime-549/dex-372__species-shelgon__form-00__gender-none__palette-shiny__walk-3x4.png	pokemon_medium		084e0bae77807b532037bc3d1f739e389eb479c58c33bf9959b9fe87e2066ae5	1ba0b7961e2934f2b46ec365457000c71b7ef02eb64f23f071041cd5e9c5eb97	15	16	6a8c083c4d43126e710692fa40f922868c0512ea1ef270604c61a77baafc25b6	25be382bec0caa1f1db4a0422dac8c05e2c72f1aa87c05e78b376e8722b24e40	rooted-or-cocoon-sway-v1
373	Salamence	00	none	normal	assets/pokemon-walksheets-549/dex-373__species-salamence__form-00__gender-none__palette-normal__walk-3x4.png	assets/pokemon-runtime-549/dex-373__species-salamence__form-00__gender-none__palette-normal__walk-3x4.png	pokemon_medium		12884bd85dca8451a78d17d1118bccbc97502c5a19328fc40c6535cb1da197ce	f23ad9b6397e19530a7bfe7304e8634dd6758f4536ff9273df4233b6164b882a	15	9	e0eefcaf0bbfeed45c3ab1723829f9422687bf9a71f3a18aa66f8b6c86df714c	25be382bec0caa1f1db4a0422dac8c05e2c72f1aa87c05e78b376e8722b24e40	airborne-wing-flap-v1
373	Salamence	00	none	shiny	assets/pokemon-walksheets-549/dex-373__species-salamence__form-00__gender-none__palette-shiny__walk-3x4.png	assets/pokemon-runtime-549/dex-373__species-salamence__form-00__gender-none__palette-shiny__walk-3x4.png	pokemon_medium		796bed8fe2daaa447251b7337d1e1e58e987b128fb43021aa3a5fd02f5d84cc2	8cacc7ccba7950ac110e56bd3ffa678b6d0e684e91287f2442dcbb5ec27a18a5	15	9	fdad72d49aba898013feeb963084f3cd1849423818088182e7082bbad9868a9c	25be382bec0caa1f1db4a0422dac8c05e2c72f1aa87c05e78b376e8722b24e40	airborne-wing-flap-v1
374	Beldum	00	none	normal	assets/pokemon-walksheets-549/dex-374__species-beldum__form-00__gender-none__palette-normal__walk-3x4.png	assets/pokemon-runtime-549/dex-374__species-beldum__form-00__gender-none__palette-normal__walk-3x4.png	pokemon_medium		bbbf1cfebc9e59ec9105196d87529f7d7f18dce222aceabd4a49c85d42c125e1	86bf3538df8ff3e430d7bc7bd7b05e96df019ce89405d63e94c4b51b9e1ad344	15	16	50f83dd3ae412a666ab2c14bf5057bba4961b4e628e0d5d7462ff2719842cc6c	25be382bec0caa1f1db4a0422dac8c05e2c72f1aa87c05e78b376e8722b24e40	airborne-hover-bob-v1
374	Beldum	00	none	shiny	assets/pokemon-walksheets-549/dex-374__species-beldum__form-00__gender-none__palette-shiny__walk-3x4.png	assets/pokemon-runtime-549/dex-374__species-beldum__form-00__gender-none__palette-shiny__walk-3x4.png	pokemon_medium		6a139c614d70d498d148c3889371c15ef28d0cf9fa8182d681e48529a60f1ee9	d1d4fe7230ffc3e8450ac7c77fad9931d8f39c1601526a4fc23ee2295c29328e	15	16	6a6c46369a117f11aae7686281ed22c33dc0276d273854028e95dda3389e46a9	25be382bec0caa1f1db4a0422dac8c05e2c72f1aa87c05e78b376e8722b24e40	airborne-hover-bob-v1
375	Metang	00	none	normal	assets/pokemon-walksheets-549/dex-375__species-metang__form-00__gender-none__palette-normal__walk-3x4.png	assets/pokemon-runtime-549/dex-375__species-metang__form-00__gender-none__palette-normal__walk-3x4.png	pokemon_medium		ea99a32e1e1e9c1091492aa74edff8ff592a8b87bf0f5c3873dcb086f3a3d6ca	394bbcfbf48c66c3485d0b203ea0f369775462acf7fba0357eabddb1ffa2f45a	15	14	98123dbdecd4818c5ead36626b675bf8a0cfd6464362fb82502217ee7a6cd657	25be382bec0caa1f1db4a0422dac8c05e2c72f1aa87c05e78b376e8722b24e40	airborne-hover-bob-v1
375	Metang	00	none	shiny	assets/pokemon-walksheets-549/dex-375__species-metang__form-00__gender-none__palette-shiny__walk-3x4.png	assets/pokemon-runtime-549/dex-375__species-metang__form-00__gender-none__palette-shiny__walk-3x4.png	pokemon_medium		a4f242f06a2d2d42315507722a9925c1dd7bfee7303767888c0dc1089ffce733	94072ed369ae6c6e8ae79d67888b93e2211dfd9d3defe59737483e4cccd36197	15	14	b9a91e12c69e07b730955ffd429cac79928b7e311e20e015b6be992434a95ffe	25be382bec0caa1f1db4a0422dac8c05e2c72f1aa87c05e78b376e8722b24e40	airborne-hover-bob-v1
376	Metagross	00	none	normal	assets/pokemon-walksheets-549/dex-376__species-metagross__form-00__gender-none__palette-normal__walk-3x4.png	assets/pokemon-runtime-549/dex-376__species-metagross__form-00__gender-none__palette-normal__walk-3x4.png	pokemon_medium		bc29bcce1e1f17b1b2b091fbea5d1920b844597136bafc7c49e5edfb4907311e	d7a48a92303d738ffe753475924ac695c34dacc2136147fa0839e2fc01a426e4	15	11	2b605e5bd41900ddf496d08d232487d870b11ff1690fb7f857beafe299dd3824	25be382bec0caa1f1db4a0422dac8c05e2c72f1aa87c05e78b376e8722b24e40	terrestrial-quadruped-heavy-v1
376	Metagross	00	none	shiny	assets/pokemon-walksheets-549/dex-376__species-metagross__form-00__gender-none__palette-shiny__walk-3x4.png	assets/pokemon-runtime-549/dex-376__species-metagross__form-00__gender-none__palette-shiny__walk-3x4.png	pokemon_medium		549c76b11ec4aa1abe1ee8f59857a5ec68e0426a6f48fa344d8b405c46b30113	6f18961316e0484b374a44c1a2c4b95420dd881a887cedd2c779bf12ce464b83	15	11	b00ad1a76cbd24a99e8a8c3ba80969e36fe907726eefadcce4f8155a5c2bd27e	25be382bec0caa1f1db4a0422dac8c05e2c72f1aa87c05e78b376e8722b24e40	terrestrial-quadruped-heavy-v1
377	Regirock	00	none	normal	assets/pokemon-walksheets-549/dex-377__species-regirock__form-00__gender-none__palette-normal__walk-3x4.png	assets/pokemon-runtime-549/dex-377__species-regirock__form-00__gender-none__palette-normal__walk-3x4.png	pokemon_medium		2a091479f3016c33c5c5b8cc7e8f33db2c17744058b3ed1d7fb536f0783ae71b	f87969a31a64df081c98d4e7ece4a0225f7f36fc942647be568909d5d1287133	15	16	0515895c4f967e4aa93a5353ca61df25817f8b9161eabddbc059a3746eda7074	25be382bec0caa1f1db4a0422dac8c05e2c72f1aa87c05e78b376e8722b24e40	terrestrial-biped-heavy-v1
377	Regirock	00	none	shiny	assets/pokemon-walksheets-549/dex-377__species-regirock__form-00__gender-none__palette-shiny__walk-3x4.png	assets/pokemon-runtime-549/dex-377__species-regirock__form-00__gender-none__palette-shiny__walk-3x4.png	pokemon_medium		2fc3872ad6e2838542a3c8c6ea2aedce67c161e688108304c4ad97ddc4fffc7c	a88c031cd2bfc22466cbeb25670bfd7ff899a04a85eb476169437424fb4d190f	15	16	05d1815a196c951a0c116b60fadbe53d5db1526497cfd08cd564dab0a963c616	25be382bec0caa1f1db4a0422dac8c05e2c72f1aa87c05e78b376e8722b24e40	terrestrial-biped-heavy-v1
378	Regice	00	none	normal	assets/pokemon-walksheets-549/dex-378__species-regice__form-00__gender-none__palette-normal__walk-3x4.png	assets/pokemon-runtime-549/dex-378__species-regice__form-00__gender-none__palette-normal__walk-3x4.png	pokemon_medium		b1ab1e18d663333a644b09d8e3588f56021b9e3731fcebdeb6a8b7da073fcff0	327db4ea238e143b5f91967e4bb430b0bb616de87e5e815555d068d4c5da9df1	15	16	c13ee052d217fd7a236957bccd87a7f56aca622e3d02dc85b7535c53e2e9ad0a	25be382bec0caa1f1db4a0422dac8c05e2c72f1aa87c05e78b376e8722b24e40	airborne-hover-bob-v1
378	Regice	00	none	shiny	assets/pokemon-walksheets-549/dex-378__species-regice__form-00__gender-none__palette-shiny__walk-3x4.png	assets/pokemon-runtime-549/dex-378__species-regice__form-00__gender-none__palette-shiny__walk-3x4.png	pokemon_medium		e78f3a8c39bfe7a7c5752ebf4351c457b08ed4fafc5caaedfb981d5b5b970077	ce0f3884727fa26baacc8d48c8e0d01bd7b888732838d7cc7ca6698fc30ea1df	15	16	7244834801ce6b1edc19dc7041d2f94daddc7ec4aed8642c54c94ca658e4619a	25be382bec0caa1f1db4a0422dac8c05e2c72f1aa87c05e78b376e8722b24e40	airborne-hover-bob-v1
379	Registeel	00	none	normal	assets/pokemon-walksheets-549/dex-379__species-registeel__form-00__gender-none__palette-normal__walk-3x4.png	assets/pokemon-runtime-549/dex-379__species-registeel__form-00__gender-none__palette-normal__walk-3x4.png	pokemon_medium		6d3f27a486676d0e099a333bf0e25348f93c3ea14117eca6dc9959fe730b6613	dd9add21fff95ff991ee569acc0279b1760b8a1ef6ebe8c0398150930903500c	15	16	b93e678076320805e09c112f837d2aa54698e2095e31378ab2e8a662f870a9e1	25be382bec0caa1f1db4a0422dac8c05e2c72f1aa87c05e78b376e8722b24e40	terrestrial-biped-heavy-v1
379	Registeel	00	none	shiny	assets/pokemon-walksheets-549/dex-379__species-registeel__form-00__gender-none__palette-shiny__walk-3x4.png	assets/pokemon-runtime-549/dex-379__species-registeel__form-00__gender-none__palette-shiny__walk-3x4.png	pokemon_medium		7ea7f8ffa6c22fc6a47b56b52948e460cfc3e33754828ae4da80028f47e80e87	369aa1c50cc8971b860e24c0cf5e029e74233c4cb72004e2717d01202d2366c6	15	16	0e7606d87eaa404e8dcb9ce53a0c3eb3dda16d0a625d52faefcb03a98cde22c9	25be382bec0caa1f1db4a0422dac8c05e2c72f1aa87c05e78b376e8722b24e40	terrestrial-biped-heavy-v1
380	Latias	00	none	normal	assets/pokemon-walksheets-549/dex-380__species-latias__form-00__gender-none__palette-normal__walk-3x4.png	assets/pokemon-runtime-549/dex-380__species-latias__form-00__gender-none__palette-normal__walk-3x4.png	pokemon_medium		ca9aad3e1ecc6fa0febf8b116c15724778a97cff9b71a327feb99b9f8f82e147	65991053b7d09fd72b4102cc9a10533bfb45527715ff3024f6ca78efa353d414	15	12	d9da03acaf6cca7abf585af3a4bc9e2990e9e95c8d4ccad8593fc3b416a194ce	25be382bec0caa1f1db4a0422dac8c05e2c72f1aa87c05e78b376e8722b24e40	airborne-hover-bob-v1
380	Latias	00	none	shiny	assets/pokemon-walksheets-549/dex-380__species-latias__form-00__gender-none__palette-shiny__walk-3x4.png	assets/pokemon-runtime-549/dex-380__species-latias__form-00__gender-none__palette-shiny__walk-3x4.png	pokemon_medium		820422498d178ee9428913999cbc59c9b49994b0e373d2e14f6105602d473359	c8b2cd17c254094b21921aba00efdaebfb18981633229e5059211e322f0c3ee1	15	12	aef7082bcc9029291612cdf04a31f7b2bfb4d3ee8ba3f2177514fa9e5d17811b	25be382bec0caa1f1db4a0422dac8c05e2c72f1aa87c05e78b376e8722b24e40	airborne-hover-bob-v1
381	Latios	00	none	normal	assets/pokemon-walksheets-549/dex-381__species-latios__form-00__gender-none__palette-normal__walk-3x4.png	assets/pokemon-runtime-549/dex-381__species-latios__form-00__gender-none__palette-normal__walk-3x4.png	pokemon_medium		e4406658ddd486d68695dff0877d1d08e93ee75b4993516e4abd872bed628eb3	aead1bb5a9b757aa8d8d3c52435d8578cd2391a22aa7bbe18b5c0a255103e9d5	15	12	c8f17016f5fe3d1947a6c6fcd4b4fdd27315cfdcb39b862b3daab41f24d1778e	25be382bec0caa1f1db4a0422dac8c05e2c72f1aa87c05e78b376e8722b24e40	airborne-hover-bob-v1
381	Latios	00	none	shiny	assets/pokemon-walksheets-549/dex-381__species-latios__form-00__gender-none__palette-shiny__walk-3x4.png	assets/pokemon-runtime-549/dex-381__species-latios__form-00__gender-none__palette-shiny__walk-3x4.png	pokemon_medium		81a69e9e2f198eaf592a49496d7be6ca30db66edd35dae2daf1f221cccc5f9bc	2af40cb23ace87728551ca4e1b7831e5b6e1412ccef6095b09162174135f8d68	15	12	8ee8866609533b1a3977f03acf16d07606606e22b1a56e373db5c4aca9ee567f	25be382bec0caa1f1db4a0422dac8c05e2c72f1aa87c05e78b376e8722b24e40	airborne-hover-bob-v1
382	Kyogre	00	none	normal	assets/pokemon-walksheets-549/dex-382__species-kyogre__form-00__gender-none__palette-normal__walk-3x4.png	assets/pokemon-runtime-549/dex-382__species-kyogre__form-00__gender-none__palette-normal__walk-3x4.png	pokemon_medium		419ff3b5757345ae57c453293926811fb9601615e52cac06fbc6630e788e0079	dde66b368e57257406f7e725dc25bece44ba17df232d1f40b3ab97e1f7b0319f	15	4	77d217e8cab2f90a786410cc5c675efbc09365319ea940e4f4b655985cc4ced4	25be382bec0caa1f1db4a0422dac8c05e2c72f1aa87c05e78b376e8722b24e40	aquatic-paddle-bob-v1
382	Kyogre	00	none	shiny	assets/pokemon-walksheets-549/dex-382__species-kyogre__form-00__gender-none__palette-shiny__walk-3x4.png	assets/pokemon-runtime-549/dex-382__species-kyogre__form-00__gender-none__palette-shiny__walk-3x4.png	pokemon_medium		0a20f5bee8a06f68e5ba034887b63978353d3c36ced34951a98c87adaf550069	15aa51c7ad981c5c9eebf3b496c46b5df209c6bcf53490230cb12df60d9d1421	15	4	b738fd9a27245d96145d1a09c935be6c512e54e42e25a210516f5fab6ecc2e36	25be382bec0caa1f1db4a0422dac8c05e2c72f1aa87c05e78b376e8722b24e40	aquatic-paddle-bob-v1
383	Groudon	00	none	normal	assets/pokemon-walksheets-549/dex-383__species-groudon__form-00__gender-none__palette-normal__walk-3x4.png	assets/pokemon-runtime-549/dex-383__species-groudon__form-00__gender-none__palette-normal__walk-3x4.png	pokemon_medium		2396224fd37f21a2638951fa1206ba84f54d920a7231f830b4ea49beaac4be06	afd3141b582218a0c6e50db1706b8f9eea9a2fe5ee50ffe6e1e32634a1912e0b	15	16	414aa6ed355755f40958bc59cbfd3371a7e52c2004d5578b05cc58cf311d8623	25be382bec0caa1f1db4a0422dac8c05e2c72f1aa87c05e78b376e8722b24e40	terrestrial-biped-heavy-v1
383	Groudon	00	none	shiny	assets/pokemon-walksheets-549/dex-383__species-groudon__form-00__gender-none__palette-shiny__walk-3x4.png	assets/pokemon-runtime-549/dex-383__species-groudon__form-00__gender-none__palette-shiny__walk-3x4.png	pokemon_medium		4822935c4d4d3a8bc48462e577423ffb3a818e7a370471c70ab980aa1bc193d8	9388fee12df366bedbe8778de1532b94397494992c38316c4a66df3470c08440	15	16	5ef610f06da39c7bdb900b15952ae4b3df1c8644ccb9ac7029047214a4cfd8a9	25be382bec0caa1f1db4a0422dac8c05e2c72f1aa87c05e78b376e8722b24e40	terrestrial-biped-heavy-v1
384	Rayquaza	00	none	normal	assets/pokemon-walksheets-549/dex-384__species-rayquaza__form-00__gender-none__palette-normal__walk-3x4.png	assets/pokemon-runtime-549/dex-384__species-rayquaza__form-00__gender-none__palette-normal__walk-3x4.png	pokemon_medium		59fcd9cfd426bb2ecea26b4cc3565c95766d46a2b2a78d001caf3639929b5188	b6978774da4c4aae2d701d1d680d4e83b4bfe7a3b7b68136600f9706349f4489	15	13	5cd8dbaceef58be4bb1d23e2044c8d9347b5afb628ee6fda4056742518c2ce67	25be382bec0caa1f1db4a0422dac8c05e2c72f1aa87c05e78b376e8722b24e40	airborne-serpentine-wave-v1
384	Rayquaza	00	none	shiny	assets/pokemon-walksheets-549/dex-384__species-rayquaza__form-00__gender-none__palette-shiny__walk-3x4.png	assets/pokemon-runtime-549/dex-384__species-rayquaza__form-00__gender-none__palette-shiny__walk-3x4.png	pokemon_medium		3f16f0afedca9f2a89c7e273006d974d8fa625520dba0ed4f9724113813b7758	a92b7aba3d43f4d60dc3acf21d31ea767afd3582c5d584bab9bea23ac9bd1399	15	13	0e5bec7137e079d053e5bb046bf8f8668cd642e77921e92751e95fb2fe405afb	25be382bec0caa1f1db4a0422dac8c05e2c72f1aa87c05e78b376e8722b24e40	airborne-serpentine-wave-v1
385	Jirachi	00	none	normal	assets/pokemon-walksheets-549/dex-385__species-jirachi__form-00__gender-none__palette-normal__walk-3x4.png	assets/pokemon-runtime-549/dex-385__species-jirachi__form-00__gender-none__palette-normal__walk-3x4.png	pokemon_medium		e8fedcdd6028a581cb1821fe7e10807c5af66091e7a293b085d38e085e1c0d18	a3d9c47fb660b2db4d00937c5adcd63133e39267682843d2d00a5b49490ba2ea	15	16	62a6d9524137900013795232c676b5f15fbe1d2248be811cb2a6a0147e14dc74	25be382bec0caa1f1db4a0422dac8c05e2c72f1aa87c05e78b376e8722b24e40	airborne-hover-bob-v1
385	Jirachi	00	none	shiny	assets/pokemon-walksheets-549/dex-385__species-jirachi__form-00__gender-none__palette-shiny__walk-3x4.png	assets/pokemon-runtime-549/dex-385__species-jirachi__form-00__gender-none__palette-shiny__walk-3x4.png	pokemon_medium		ae37206ed47199cbbb3f802255ff7ab3ba392e98f29ff69d502a9e686c978d87	3a39e4e96c47b68cd89517018a95a16328f2acf5fb9ffb1f8347edd73a325d2d	15	16	2cec2145c55af9e2728b7eac88cdaf60329e80006a56ef8067d9baacdc990671	25be382bec0caa1f1db4a0422dac8c05e2c72f1aa87c05e78b376e8722b24e40	airborne-hover-bob-v1
386	Deoxys	11-normal	none	normal	assets/pokemon-walksheets-549/dex-386__species-deoxys__form-11-normal__gender-none__palette-normal__walk-3x4.png	assets/pokemon-runtime-549/dex-386__species-deoxys__form-11-normal__gender-none__palette-normal__walk-3x4.png	pokemon_medium		67163c3a5849753edf5084b48a087eb565193274f824d5864ef531ed5f0422d7	fc1a3deb99598536cc3ffc6b29c5689ae5302e65fddd58388504eb0fa0168741	15	16	19989359789dfa23cdc2fb7d2292892d7e1f44d26f653fa1a4a05f31823153fe	25be382bec0caa1f1db4a0422dac8c05e2c72f1aa87c05e78b376e8722b24e40	terrestrial-biped-light-v1
386	Deoxys	11-normal	none	shiny	assets/pokemon-walksheets-549/dex-386__species-deoxys__form-11-normal__gender-none__palette-shiny__walk-3x4.png	assets/pokemon-runtime-549/dex-386__species-deoxys__form-11-normal__gender-none__palette-shiny__walk-3x4.png	pokemon_medium		9e821eee0081e98fbcf9d5b1e9905c06be5029470b67008de7d8e3af1d167ecd	2d639f9bded33ddacfcf182d517279fecce39d5c980883bb63fe379010d4a546	15	16	bcb91cbbe6e419b274b94f1d81bb71c4a70e982b816cc53a5c234dcad55dcfb4	25be382bec0caa1f1db4a0422dac8c05e2c72f1aa87c05e78b376e8722b24e40	terrestrial-biped-light-v1
387	Turtwig	00	none	normal	assets/pokemon-walksheets-549/dex-387__species-turtwig__form-00__gender-none__palette-normal__walk-3x4.png	assets/pokemon-runtime-549/dex-387__species-turtwig__form-00__gender-none__palette-normal__walk-3x4.png	pokemon_medium		1428356eb76e4acd139bff0587738077048013f0a1b8d2e3b45c0fc46af35ee2	c5a49a4832f837fcdc79e34db00c0e88458cd2ea4a8c7a0ec9288f3d9d97dd60	15	16	7c1509f8db5b272f9909c2292696f783c939e73cbf9319dddb7902666df9bed2	25be382bec0caa1f1db4a0422dac8c05e2c72f1aa87c05e78b376e8722b24e40	terrestrial-quadruped-light-v1
387	Turtwig	00	none	shiny	assets/pokemon-walksheets-549/dex-387__species-turtwig__form-00__gender-none__palette-shiny__walk-3x4.png	assets/pokemon-runtime-549/dex-387__species-turtwig__form-00__gender-none__palette-shiny__walk-3x4.png	pokemon_medium		7cbbfd822395f1a5abe1d4c9b1d5ad8fd1b2b64efe187b601f169302be8a3986	580f76e9913cd8c02c6a51142caf1409adec7a5af2a666e25570a694121af872	15	16	2940e893804a308b91d2663d5bdd378afb94249a7a34292b09879fd7888ab84f	25be382bec0caa1f1db4a0422dac8c05e2c72f1aa87c05e78b376e8722b24e40	terrestrial-quadruped-light-v1
388	Grotle	00	none	normal	assets/pokemon-walksheets-549/dex-388__species-grotle__form-00__gender-none__palette-normal__walk-3x4.png	assets/pokemon-runtime-549/dex-388__species-grotle__form-00__gender-none__palette-normal__walk-3x4.png	pokemon_medium		6850bcb6e16fd566eaa5fe538fdfa3367541fe7d0f4bc1e2b5b33c4956037ab6	29a7bdffc5ead930065e776b1e29ef2c1a079e2c524d075bbed7ceec40130e80	15	16	c94f2e2075e13b1c6d962d832578e2361fa7233439b85fba2cca03b3a734cd41	25be382bec0caa1f1db4a0422dac8c05e2c72f1aa87c05e78b376e8722b24e40	terrestrial-quadruped-light-v1
388	Grotle	00	none	shiny	assets/pokemon-walksheets-549/dex-388__species-grotle__form-00__gender-none__palette-shiny__walk-3x4.png	assets/pokemon-runtime-549/dex-388__species-grotle__form-00__gender-none__palette-shiny__walk-3x4.png	pokemon_medium		8e3c77d03889d9f9eee70fa9b01f8880cbdb1565a15d4a34e374be7095e69df3	e1955f171ef1e25930156035a1cdf16132b1bc78370dbd6d2312b7836782279b	15	16	b4d2d23bbad6940cde0b89fe828dacb1c7b6fd0903c64e756333431a7b15d8ff	25be382bec0caa1f1db4a0422dac8c05e2c72f1aa87c05e78b376e8722b24e40	terrestrial-quadruped-light-v1
389	Torterra	00	none	normal	assets/pokemon-walksheets-549/dex-389__species-torterra__form-00__gender-none__palette-normal__walk-3x4.png	assets/pokemon-runtime-549/dex-389__species-torterra__form-00__gender-none__palette-normal__walk-3x4.png	pokemon_medium		27a10afcb3daf364ad84f0598191fc2fc8c9cd03c1b6f4ef06e7bd9138f8e697	43f01e227615d1915d96095a506eceef38ef39e60fbb4e95999d771ec0ef2e5f	15	16	6d0ee21212520ab7f464ebf96834a0cf58f9484a1cbed9333836160c34849901	25be382bec0caa1f1db4a0422dac8c05e2c72f1aa87c05e78b376e8722b24e40	terrestrial-quadruped-heavy-v1
389	Torterra	00	none	shiny	assets/pokemon-walksheets-549/dex-389__species-torterra__form-00__gender-none__palette-shiny__walk-3x4.png	assets/pokemon-runtime-549/dex-389__species-torterra__form-00__gender-none__palette-shiny__walk-3x4.png	pokemon_medium		f100663f36434efdb48d82043bd0c4d363164ae1e1ae593f7391fc4017b4b105	536342b7c60e616f75a1b4c74ac6f79133af913e173a2184d5d96e090812055d	15	16	adc76269695d120c7b6ba2934c8a20295531967475f1bf470f48ece560cdd1b5	25be382bec0caa1f1db4a0422dac8c05e2c72f1aa87c05e78b376e8722b24e40	terrestrial-quadruped-heavy-v1
390	Chimchar	00	none	normal	assets/pokemon-walksheets-549/dex-390__species-chimchar__form-00__gender-none__palette-normal__walk-3x4.png	assets/pokemon-runtime-549/dex-390__species-chimchar__form-00__gender-none__palette-normal__walk-3x4.png	pokemon_medium		59a1fa4609b3a61c39df74d214e2848b9edd36c88b5f3240b89601eccac38d91	d910a8d9d7283d61df15c980bce836967d5c168a871b6270fb9ee834b1d7ca15	10	16	0b10a1e717fc9c060aab9eafd676799dc5861346dca1e85eeebbc4b7805c12a2	25be382bec0caa1f1db4a0422dac8c05e2c72f1aa87c05e78b376e8722b24e40	terrestrial-biped-light-v1
390	Chimchar	00	none	shiny	assets/pokemon-walksheets-549/dex-390__species-chimchar__form-00__gender-none__palette-shiny__walk-3x4.png	assets/pokemon-runtime-549/dex-390__species-chimchar__form-00__gender-none__palette-shiny__walk-3x4.png	pokemon_medium		c625196c9fd1d2b19e03b04cd62002c9569aa789bd0c0fdd38af6947937c6b5f	6924e314d4bf37c97be64e92404c7e1d3568c189ca6e3e70229b406b7612bfcd	10	16	98d9c30585bac01ce86d84fc0fdb71147a061df96efae8506a16859c71e290f6	25be382bec0caa1f1db4a0422dac8c05e2c72f1aa87c05e78b376e8722b24e40	terrestrial-biped-light-v1
391	Monferno	00	none	normal	assets/pokemon-walksheets-549/dex-391__species-monferno__form-00__gender-none__palette-normal__walk-3x4.png	assets/pokemon-runtime-549/dex-391__species-monferno__form-00__gender-none__palette-normal__walk-3x4.png	pokemon_medium		3c97fe22d59a3ca111608eb6f47f4fcecf985ec205a15c9a0488f206f58ce750	1663a9964f2294f255cc4cef8122adf6fad49061381b4f60c0da6435aa5b627e	10	16	ab58d41b8cc6b3412e25c856fd6fd0e8371f89ed7285bcd8bc84a2420b30d6d5	25be382bec0caa1f1db4a0422dac8c05e2c72f1aa87c05e78b376e8722b24e40	terrestrial-biped-light-v1
391	Monferno	00	none	shiny	assets/pokemon-walksheets-549/dex-391__species-monferno__form-00__gender-none__palette-shiny__walk-3x4.png	assets/pokemon-runtime-549/dex-391__species-monferno__form-00__gender-none__palette-shiny__walk-3x4.png	pokemon_medium		a6d7ca1f27600666e211faab1215b40d4a960dc3900ef3d53956c1287d6675a7	2f72096f348115525b0f3f5a9cec9c49cf38e712fd228d6cc06e16413d563b17	10	16	698144980044133e1f3836699ee1470a0e0a8362cda875168196b7f488beb146	25be382bec0caa1f1db4a0422dac8c05e2c72f1aa87c05e78b376e8722b24e40	terrestrial-biped-light-v1
392	Infernape	00	none	normal	assets/pokemon-walksheets-549/dex-392__species-infernape__form-00__gender-none__palette-normal__walk-3x4.png	assets/pokemon-runtime-549/dex-392__species-infernape__form-00__gender-none__palette-normal__walk-3x4.png	pokemon_medium		d250f9b6827f3169ab09a33c47e16d647f0f01cb4815826e2d512af7c25a0213	1371e458f9445a1334d7787541b16aa6f0326b0a5ffbe606b9d30de64de77749	15	16	327795fd6c69b95f57d3c24debb608ef7c20eff27692ca2e16f68a81e2acd193	25be382bec0caa1f1db4a0422dac8c05e2c72f1aa87c05e78b376e8722b24e40	terrestrial-biped-light-v1
392	Infernape	00	none	shiny	assets/pokemon-walksheets-549/dex-392__species-infernape__form-00__gender-none__palette-shiny__walk-3x4.png	assets/pokemon-runtime-549/dex-392__species-infernape__form-00__gender-none__palette-shiny__walk-3x4.png	pokemon_medium		e428d15a21c720160f625aa9db965f91806e0affdfc149e776d97572e62c1a50	cee605fd3b05ecd6ab2e3d0da9cf57e8947eee6355766d7c1459e02467062959	15	16	ca1a1dddf665c7c76b5e8957b8e585d02b1f817b2aac7a409f26309e373d63dd	25be382bec0caa1f1db4a0422dac8c05e2c72f1aa87c05e78b376e8722b24e40	terrestrial-biped-light-v1
393	Piplup	00	none	normal	assets/pokemon-walksheets-549/dex-393__species-piplup__form-00__gender-none__palette-normal__walk-3x4.png	assets/pokemon-runtime-549/dex-393__species-piplup__form-00__gender-none__palette-normal__walk-3x4.png	pokemon_medium		2553f1fe45876dc0a936c1182fc4a8bc8b9242d8784bc6cd52c46313c1f96060	4f4e7124a3c3b058e713bc06045a7a34111f2822f3507aa89310693e3013b174	14	16	65bd342da7fc3b49d8f363be8f3f4d224e65b00c90b6e05766fd865b66cf0699	25be382bec0caa1f1db4a0422dac8c05e2c72f1aa87c05e78b376e8722b24e40	terrestrial-biped-light-v1
393	Piplup	00	none	shiny	assets/pokemon-walksheets-549/dex-393__species-piplup__form-00__gender-none__palette-shiny__walk-3x4.png	assets/pokemon-runtime-549/dex-393__species-piplup__form-00__gender-none__palette-shiny__walk-3x4.png	pokemon_medium		6a6084837d50171942c688438b64a65ad4b1e5a07a8fc022f76256f06354e0e3	2ecfe2066a7d0e6af32466aab619d67e902b487dc10e8858cd0f02dab1483653	14	16	2f0698995c9a43560cca6dcfa0940746a9713ffe6e61a0bfd21881fab946a0cd	25be382bec0caa1f1db4a0422dac8c05e2c72f1aa87c05e78b376e8722b24e40	terrestrial-biped-light-v1
394	Prinplup	00	none	normal	assets/pokemon-walksheets-549/dex-394__species-prinplup__form-00__gender-none__palette-normal__walk-3x4.png	assets/pokemon-runtime-549/dex-394__species-prinplup__form-00__gender-none__palette-normal__walk-3x4.png	pokemon_medium		436f9e43d38878649b4b891038612ff77b8a7950663a22ad81f159fe3cc2534e	aa1cb8b4beb7d97202dbcc9c15a9524a4d9ab33ccadf0e5dca7ff365c42b7b0e	15	16	17ad43e638c50f27ed64efecb5f717cf82c31836982eac4afa0728e9fc263f0d	25be382bec0caa1f1db4a0422dac8c05e2c72f1aa87c05e78b376e8722b24e40	terrestrial-biped-light-v1
394	Prinplup	00	none	shiny	assets/pokemon-walksheets-549/dex-394__species-prinplup__form-00__gender-none__palette-shiny__walk-3x4.png	assets/pokemon-runtime-549/dex-394__species-prinplup__form-00__gender-none__palette-shiny__walk-3x4.png	pokemon_medium		c631ef305bba60d2f853a5ef30cd3f46f56856d965240bdb729136dc66e7050c	ff6ca70654ae116bcac87d9a98e469fd0c7cab6e0f764d2941eceb5c3a1feeee	15	16	d518c59865ab4a2e5cf09b676afadd424dd37102be0bd29b3e412e8930cbb504	25be382bec0caa1f1db4a0422dac8c05e2c72f1aa87c05e78b376e8722b24e40	terrestrial-biped-light-v1
395	Empoleon	00	none	normal	assets/pokemon-walksheets-549/dex-395__species-empoleon__form-00__gender-none__palette-normal__walk-3x4.png	assets/pokemon-runtime-549/dex-395__species-empoleon__form-00__gender-none__palette-normal__walk-3x4.png	pokemon_medium		105d1b61c1fd071fec2ecea16e260b4b52a707c71f333ff0d9aa95a435d92b8a	6af9cbe30447b9683ab198e327a6706dc21026c88e9fdb1fa5818d581db28272	15	16	1919b51a954bf7363b6be2dcf051750142974e83c69aabeb18a83e18d2b6d8c3	25be382bec0caa1f1db4a0422dac8c05e2c72f1aa87c05e78b376e8722b24e40	terrestrial-biped-heavy-v1
395	Empoleon	00	none	shiny	assets/pokemon-walksheets-549/dex-395__species-empoleon__form-00__gender-none__palette-shiny__walk-3x4.png	assets/pokemon-runtime-549/dex-395__species-empoleon__form-00__gender-none__palette-shiny__walk-3x4.png	pokemon_medium		b113f6115dd2add7af70c9f94468e6e2713c4ce82491f2f6762b118a98759666	7202b649be39662190da6a917513b39de751e489b73080df7b019686f25d9d26	15	16	8e90a50cf3efd88830cc957eab68c222e6df96f9d84d362092d4eaacce96c879	25be382bec0caa1f1db4a0422dac8c05e2c72f1aa87c05e78b376e8722b24e40	terrestrial-biped-heavy-v1
396	Starly	00	none	normal	assets/pokemon-walksheets-549/dex-396__species-starly__form-00__gender-none__palette-normal__walk-3x4.png	assets/pokemon-runtime-549/dex-396__species-starly__form-00__gender-none__palette-normal__walk-3x4.png	pokemon_medium		6e40fe80b4e396bdfa2fca65191862364e3fe9770f690abdab11c48185d3b280	8b70cfe96892de12f6e1a3ba95fb7ad3bfeac9ddfc758536737c371e7e524180	12	16	f1b8e48f5c061a946f8068a1c0094b1b0a0038a92bd6250af44acd9410e00c0b	25be382bec0caa1f1db4a0422dac8c05e2c72f1aa87c05e78b376e8722b24e40	airborne-wing-flap-v1
396	Starly	00	none	shiny	assets/pokemon-walksheets-549/dex-396__species-starly__form-00__gender-none__palette-shiny__walk-3x4.png	assets/pokemon-runtime-549/dex-396__species-starly__form-00__gender-none__palette-shiny__walk-3x4.png	pokemon_medium		868afa84abd1ba9a3863e0d485c8487f0d07b413ace1ad312a9618425e92fab5	18fee0da4b7d6adf495f7c8ff5fdc868399175dce5de9ece8a3828d018bfc6fe	12	16	840e4b1dbf2db7d2fcb7b25e04c3939ab77f3bb8fd513635013c07317f9f06fc	25be382bec0caa1f1db4a0422dac8c05e2c72f1aa87c05e78b376e8722b24e40	airborne-wing-flap-v1
397	Staravia	00	none	normal	assets/pokemon-walksheets-549/dex-397__species-staravia__form-00__gender-none__palette-normal__walk-3x4.png	assets/pokemon-runtime-549/dex-397__species-staravia__form-00__gender-none__palette-normal__walk-3x4.png	pokemon_medium		cd764cd8caa163ccdad06dcd534aa2622de10e93780dd371e010c03b8a3e9535	90956a2250bdb82f2e06cc8446b4dc77fd819b668b336f9cf06eff1c7d4e418d	15	16	426b3013842d8bd801dfd79f9d9517cde39fbf1685a9405e7c1cd79e76d0a43c	25be382bec0caa1f1db4a0422dac8c05e2c72f1aa87c05e78b376e8722b24e40	airborne-wing-flap-v1
397	Staravia	00	none	shiny	assets/pokemon-walksheets-549/dex-397__species-staravia__form-00__gender-none__palette-shiny__walk-3x4.png	assets/pokemon-runtime-549/dex-397__species-staravia__form-00__gender-none__palette-shiny__walk-3x4.png	pokemon_medium		f9aa43bc7ad9df94b8f921b26ede388712fbb636616370928c257dc1456abccb	dee70d7bc38c18349df339a7a40684d337f001c7fcfcf53fdfb91e45c8c3b765	15	16	1138c0d714abc2a90534ed601693c5ff56fee93b87b11c362be401a109e758c9	25be382bec0caa1f1db4a0422dac8c05e2c72f1aa87c05e78b376e8722b24e40	airborne-wing-flap-v1
398	Staraptor	00	none	normal	assets/pokemon-walksheets-549/dex-398__species-staraptor__form-00__gender-none__palette-normal__walk-3x4.png	assets/pokemon-runtime-549/dex-398__species-staraptor__form-00__gender-none__palette-normal__walk-3x4.png	pokemon_medium		7c22e65a02641096f0034ebc087d2ed7740c95199eba650efffb4d968b481a53	f53387e743630db27637f85d28262594bd532811771a80d90289c1578e571313	15	16	81b51693f31f24be38ae074e0c19863866f3a5c21094f2871175084a1e0e5b92	25be382bec0caa1f1db4a0422dac8c05e2c72f1aa87c05e78b376e8722b24e40	airborne-wing-flap-v1
398	Staraptor	00	none	shiny	assets/pokemon-walksheets-549/dex-398__species-staraptor__form-00__gender-none__palette-shiny__walk-3x4.png	assets/pokemon-runtime-549/dex-398__species-staraptor__form-00__gender-none__palette-shiny__walk-3x4.png	pokemon_medium		dbeab83c10eb48a28dabcc937848079eb9b181818f0a6d949c40b8852cdc586f	5b22e4dc899aff44ded766036a1e22237d48925361756809228c675fa8c74458	15	16	1dd87a68dd5936fc3360ba290668e866f3d6b3b357c1caaa127ae17f89f57630	25be382bec0caa1f1db4a0422dac8c05e2c72f1aa87c05e78b376e8722b24e40	airborne-wing-flap-v1
399	Bidoof	00	none	normal	assets/pokemon-walksheets-549/dex-399__species-bidoof__form-00__gender-none__palette-normal__walk-3x4.png	assets/pokemon-runtime-549/dex-399__species-bidoof__form-00__gender-none__palette-normal__walk-3x4.png	pokemon_medium		370e9f73be1e0dbd73fe0a66f117f4bf7df2bb3db70195599f51928b15afaeda	1e51315fc71375af06a02fd882f3affeef23ef6933bb0cb835aea496f38e30d8	15	16	1734af718864b3972e04964df9f2ba89cf1947266eca418b7e0ee6497858efa9	25be382bec0caa1f1db4a0422dac8c05e2c72f1aa87c05e78b376e8722b24e40	terrestrial-quadruped-light-v1
399	Bidoof	00	none	shiny	assets/pokemon-walksheets-549/dex-399__species-bidoof__form-00__gender-none__palette-shiny__walk-3x4.png	assets/pokemon-runtime-549/dex-399__species-bidoof__form-00__gender-none__palette-shiny__walk-3x4.png	pokemon_medium		d50f8778b23f6d1d7b37b65f8fb33f64b84632f3d3277b871ec28f6fde159b58	1bf2599fc834ee04368892438e610782ddc282ed6ff436365618563f17df2253	15	16	40199863dda4ccb9cbf2a1af7dc9cdae6f1fe7cab6a814d427979e430c38f077	25be382bec0caa1f1db4a0422dac8c05e2c72f1aa87c05e78b376e8722b24e40	terrestrial-quadruped-light-v1
400	Bibarel	00	none	normal	assets/pokemon-walksheets-549/dex-400__species-bibarel__form-00__gender-none__palette-normal__walk-3x4.png	assets/pokemon-runtime-549/dex-400__species-bibarel__form-00__gender-none__palette-normal__walk-3x4.png	pokemon_medium		ffea50165b8cf9eac3036811a94e308571a9a7731f60c8f2ce03c6df4f26ee79	5278ddfd1d5f587dbd2e029eca1090f081d1b57967f4a7af76eab4fdda18dbb2	15	16	a15c9f8ed8d685c9b7a6f050f97344da6669f2578adfdcaa8d19328548c0da35	25be382bec0caa1f1db4a0422dac8c05e2c72f1aa87c05e78b376e8722b24e40	terrestrial-quadruped-light-v1
400	Bibarel	00	none	shiny	assets/pokemon-walksheets-549/dex-400__species-bibarel__form-00__gender-none__palette-shiny__walk-3x4.png	assets/pokemon-runtime-549/dex-400__species-bibarel__form-00__gender-none__palette-shiny__walk-3x4.png	pokemon_medium		90558081f7d0cbed1506d9e29f4227f03ff9b64410ed2b9bb9e46b0adbca44ec	b892b10a072b309cfc69fa487c8bda86f3a9671d86ee3be25058a3439c6de532	15	16	b41139b74e2d845f16d19d76cd84b06783a6c5e4f3eb8d830ee95e2ff6926d2c	25be382bec0caa1f1db4a0422dac8c05e2c72f1aa87c05e78b376e8722b24e40	terrestrial-quadruped-light-v1
401	Kricketot	00	none	normal	assets/pokemon-walksheets-549/dex-401__species-kricketot__form-00__gender-none__palette-normal__walk-3x4.png	assets/pokemon-runtime-549/dex-401__species-kricketot__form-00__gender-none__palette-normal__walk-3x4.png	pokemon_medium		69ac20c55735a3a11c8e61cd3e20d6a66288909cbe27be892abb25bc73cb2e23	5ace9254d0ed977a91267d2beb03171044301b96e23e291c9a83c5b8135721b2	11	16	0b37f4489ec30ea4c3399bb6e6379f2b893ba8f16f523924c79ef89f76186518	25be382bec0caa1f1db4a0422dac8c05e2c72f1aa87c05e78b376e8722b24e40	terrestrial-biped-light-v1
401	Kricketot	00	none	shiny	assets/pokemon-walksheets-549/dex-401__species-kricketot__form-00__gender-none__palette-shiny__walk-3x4.png	assets/pokemon-runtime-549/dex-401__species-kricketot__form-00__gender-none__palette-shiny__walk-3x4.png	pokemon_medium		53811909217be2de489927d6ce7cfaec56fad7f9067c2a2fa06e2da6efd6daf3	bec1e37157b985b3375a07a900f75513472af21c2243fcdf504a4afebbdb8d9b	11	16	7a5d6329cae55a9acef01711fcd20c592b959268afb202b9c5c5484be81785d5	25be382bec0caa1f1db4a0422dac8c05e2c72f1aa87c05e78b376e8722b24e40	terrestrial-biped-light-v1
402	Kricketune	00	none	normal	assets/pokemon-walksheets-549/dex-402__species-kricketune__form-00__gender-none__palette-normal__walk-3x4.png	assets/pokemon-runtime-549/dex-402__species-kricketune__form-00__gender-none__palette-normal__walk-3x4.png	pokemon_medium		3bb99668243db5f26bdf30a427fd15dcb0aaeb1045bfc29fbbeea2412dd5b289	4a8b139e9956f6c512e80172d6ef2f6374455170e7108fc5aff5cf74cadf498f	15	16	3702fe3deb67d6f0d7af361cdce8d2c4e74dcea3a4d95b3debc16907b1cb9e4c	25be382bec0caa1f1db4a0422dac8c05e2c72f1aa87c05e78b376e8722b24e40	terrestrial-biped-light-v1
402	Kricketune	00	none	shiny	assets/pokemon-walksheets-549/dex-402__species-kricketune__form-00__gender-none__palette-shiny__walk-3x4.png	assets/pokemon-runtime-549/dex-402__species-kricketune__form-00__gender-none__palette-shiny__walk-3x4.png	pokemon_medium		572ee615999ca4b67d5be7992d28c555c3472ad9f0ab17fca475c0ddfe4d424a	2a0d71a6fd06f1f2b640389514d31d68c752b4d6e05d91d9f64c1bda3880b8f3	15	16	15b9c543ef09fb33c780653eb8bdfd9f063e826d960145000e132647a501ee25	25be382bec0caa1f1db4a0422dac8c05e2c72f1aa87c05e78b376e8722b24e40	terrestrial-biped-light-v1
403	Shinx	00	none	normal	assets/pokemon-walksheets-549/dex-403__species-shinx__form-00__gender-none__palette-normal__walk-3x4.png	assets/pokemon-runtime-549/dex-403__species-shinx__form-00__gender-none__palette-normal__walk-3x4.png	pokemon_medium		e08fe0c215fa26e36a084529f67d685c6cc054c23fa09706348c659210347844	2c9e79eca63676e5a9ac6ff20a2bb15a1c81aa19a259df2c2102fb6533d64454	15	15	e961b659611cd08d6898e253e38a5d3820a782ba33f2c6d4ca67c5e3d469f00c	25be382bec0caa1f1db4a0422dac8c05e2c72f1aa87c05e78b376e8722b24e40	terrestrial-quadruped-light-v1
403	Shinx	00	none	shiny	assets/pokemon-walksheets-549/dex-403__species-shinx__form-00__gender-none__palette-shiny__walk-3x4.png	assets/pokemon-runtime-549/dex-403__species-shinx__form-00__gender-none__palette-shiny__walk-3x4.png	pokemon_medium		dbcb7ab78196222b53a0d9f4422da2aa4269d070a2864e8b87d6861f64c3ce53	1000de290487867aff62ab824a822a45f29ab90b8edccd66d05c3c2af89c3119	15	15	7b7edc0bcdd4e7fb1247a165612de548ba88f2de2160df5e12d62f52a85168db	25be382bec0caa1f1db4a0422dac8c05e2c72f1aa87c05e78b376e8722b24e40	terrestrial-quadruped-light-v1
404	Luxio	00	none	normal	assets/pokemon-walksheets-549/dex-404__species-luxio__form-00__gender-none__palette-normal__walk-3x4.png	assets/pokemon-runtime-549/dex-404__species-luxio__form-00__gender-none__palette-normal__walk-3x4.png	pokemon_medium		bb3eb4da767fd4b5e4c0a78f852bab422f8f2cc75bd85eaeed3103c9e2d9c8ac	8a79209b6db5adaa4ef248527de50570956881b9e82d2addc0e2b5a00c04f01e	15	16	997d221fd2825245b062ce09b30c02dcab25f14ffcdf764fb652b17da9261891	25be382bec0caa1f1db4a0422dac8c05e2c72f1aa87c05e78b376e8722b24e40	terrestrial-quadruped-light-v1
404	Luxio	00	none	shiny	assets/pokemon-walksheets-549/dex-404__species-luxio__form-00__gender-none__palette-shiny__walk-3x4.png	assets/pokemon-runtime-549/dex-404__species-luxio__form-00__gender-none__palette-shiny__walk-3x4.png	pokemon_medium		9d250780b8d6b5d992b13ae59701d8f6b1d160f337f9eb09452689dab66d96f8	2beb1eaf12463888ebb9c2038e6fa3f11c17dab498727f0820afb2cbdae85c3c	15	16	db3245745b6e80387969aa47d512fbd9b77aec0cb2df4428c02d34fa6fa1bc7b	25be382bec0caa1f1db4a0422dac8c05e2c72f1aa87c05e78b376e8722b24e40	terrestrial-quadruped-light-v1
405	Luxray	00	none	normal	assets/pokemon-walksheets-549/dex-405__species-luxray__form-00__gender-none__palette-normal__walk-3x4.png	assets/pokemon-runtime-549/dex-405__species-luxray__form-00__gender-none__palette-normal__walk-3x4.png	pokemon_medium		76266510546542f7b07c029ced2bb2e9afe316bafe454d82c58254a8b5c6b75d	2c46174e5e69da8f8a64a7c9453c3b7ebfad4d6e3fe7916e9877929627e6e288	15	16	c3c985abf16cfc3a9bcc4c9fd06c77fc5ca6ab87b1a6b8d1e750de1b6da087de	25be382bec0caa1f1db4a0422dac8c05e2c72f1aa87c05e78b376e8722b24e40	terrestrial-quadruped-light-v1
405	Luxray	00	none	shiny	assets/pokemon-walksheets-549/dex-405__species-luxray__form-00__gender-none__palette-shiny__walk-3x4.png	assets/pokemon-runtime-549/dex-405__species-luxray__form-00__gender-none__palette-shiny__walk-3x4.png	pokemon_medium		e138996074742a2ace70acff92275fc30b6daf2892a165f99bb57a2007ae7902	c6d16acac4168a37bf34a1c5486cf717a525351046353c97e0efbb3b3776465a	15	16	aac903bd344963b32762613d1d986588635ddb65d5340ab9bc5ece0047746975	25be382bec0caa1f1db4a0422dac8c05e2c72f1aa87c05e78b376e8722b24e40	terrestrial-quadruped-light-v1
406	Budew	00	none	normal	assets/pokemon-walksheets-549/dex-406__species-budew__form-00__gender-none__palette-normal__walk-3x4.png	assets/pokemon-runtime-549/dex-406__species-budew__form-00__gender-none__palette-normal__walk-3x4.png	pokemon_medium		f65a4132f565660f704c973596f311307ea1f79067ef1cd2b38d1917c61adee8	0a375ad1e197f6ca387b5d06516edf01fad4369dc1987c32ae6234642087db0f	10	16	6770ff6a4a48028bce28e460839e0106e87d4fde5567cee408839ba3d93f2c0b	25be382bec0caa1f1db4a0422dac8c05e2c72f1aa87c05e78b376e8722b24e40	ground-hop-bounce-v1
406	Budew	00	none	shiny	assets/pokemon-walksheets-549/dex-406__species-budew__form-00__gender-none__palette-shiny__walk-3x4.png	assets/pokemon-runtime-549/dex-406__species-budew__form-00__gender-none__palette-shiny__walk-3x4.png	pokemon_medium		cd5ef8acd618c24895d51aacbbb2c6fb577f9f0c8d4e4d61776dc63a8b82f811	5979ee9525bf478f227d6795b08062c8cfc8d6e6dfb48e302d6fd887cb7310c7	10	16	843bde846a15c42062268fb3f910ea1f778e2b7c1622ba11fe6f202e423a5bf6	25be382bec0caa1f1db4a0422dac8c05e2c72f1aa87c05e78b376e8722b24e40	ground-hop-bounce-v1
407	Roserade	00	none	normal	assets/pokemon-walksheets-549/dex-407__species-roserade__form-00__gender-none__palette-normal__walk-3x4.png	assets/pokemon-runtime-549/dex-407__species-roserade__form-00__gender-none__palette-normal__walk-3x4.png	pokemon_medium		8af8c4082ffcde9c1b4bc6f7fc72e3cc55511dcc5d23c6321574c4484c73f174	5ec13966b9a840c1b7b850d8f3b93d3880d0139f20e8dfd5a62d831edf8f5ea4	13	16	4e660500998724391b5eda53da31fa4cf63671da6215b153f05f04414977a64a	25be382bec0caa1f1db4a0422dac8c05e2c72f1aa87c05e78b376e8722b24e40	terrestrial-biped-light-v1
407	Roserade	00	none	shiny	assets/pokemon-walksheets-549/dex-407__species-roserade__form-00__gender-none__palette-shiny__walk-3x4.png	assets/pokemon-runtime-549/dex-407__species-roserade__form-00__gender-none__palette-shiny__walk-3x4.png	pokemon_medium		c0d43fadd12af2d87416880bc4f93eed8ca4fa9e91e47010afc22fbca3c80fa7	bce4fa2403194500825df142fa859dbb00ede6a0bcdf7dad7345d0d925b93e79	13	16	e1ba2961fa28424f32792528ae74438fd7be4b64af9b83cb03b5c783371df8a6	25be382bec0caa1f1db4a0422dac8c05e2c72f1aa87c05e78b376e8722b24e40	terrestrial-biped-light-v1
408	Cranidos	00	none	normal	assets/pokemon-walksheets-549/dex-408__species-cranidos__form-00__gender-none__palette-normal__walk-3x4.png	assets/pokemon-runtime-549/dex-408__species-cranidos__form-00__gender-none__palette-normal__walk-3x4.png	pokemon_medium		33bf935d8399e4ab9a94ecb2905cc5394daefd11ea07c3a4adc2d0161054d086	9002f81044a34001809c4470cc70e7e50aac1dd7cc29f96baae5bf731c379411	14	16	d50d0539bd0f5433e4e20256807b0eda6f10fc2d4dce78e7ce338d7a8f3378f6	25be382bec0caa1f1db4a0422dac8c05e2c72f1aa87c05e78b376e8722b24e40	terrestrial-biped-light-v1
408	Cranidos	00	none	shiny	assets/pokemon-walksheets-549/dex-408__species-cranidos__form-00__gender-none__palette-shiny__walk-3x4.png	assets/pokemon-runtime-549/dex-408__species-cranidos__form-00__gender-none__palette-shiny__walk-3x4.png	pokemon_medium		97a93d1f306eaecad3a188e3d9a860a2380e8a467def4249abb6c537d36b4cb6	3ac95d42e490ab6816f84cbb475a5cc86b6adc43d59e9580dadafea63ff6b713	14	16	9cd56fd3ad18e5c46bbd42c2b9ef5963ce6bea7330df75bee70e6c3e6f7d8fd3	25be382bec0caa1f1db4a0422dac8c05e2c72f1aa87c05e78b376e8722b24e40	terrestrial-biped-light-v1
409	Rampardos	00	none	normal	assets/pokemon-walksheets-549/dex-409__species-rampardos__form-00__gender-none__palette-normal__walk-3x4.png	assets/pokemon-runtime-549/dex-409__species-rampardos__form-00__gender-none__palette-normal__walk-3x4.png	pokemon_medium		93305cf2514f888f593aa9a2bff908d26313abddba82823a8d25693181242b1f	3d5ff6c72cc9fe2a822c20e9e4497336368a2ea394218169d7d810482d3bbdfa	15	16	c3ac5214dff42d180279a1d4531dc076ecb68f61fefb3b599782f04959a22537	25be382bec0caa1f1db4a0422dac8c05e2c72f1aa87c05e78b376e8722b24e40	terrestrial-biped-heavy-v1
409	Rampardos	00	none	shiny	assets/pokemon-walksheets-549/dex-409__species-rampardos__form-00__gender-none__palette-shiny__walk-3x4.png	assets/pokemon-runtime-549/dex-409__species-rampardos__form-00__gender-none__palette-shiny__walk-3x4.png	pokemon_medium		3ff12994ed7786d5a91b533d5fd2a88832abd8ad16ec1b22a789d1989e51c684	1aae7ca469afef3f45b947b1b2d6702fe669f3a84c8c85c8d9ad9a9fdae5a46d	15	16	65bd5b9aa954f49d2babf03ceac1d6e769b2800887a2c2604c3f477100ce3f7c	25be382bec0caa1f1db4a0422dac8c05e2c72f1aa87c05e78b376e8722b24e40	terrestrial-biped-heavy-v1
410	Shieldon	00	none	normal	assets/pokemon-walksheets-549/dex-410__species-shieldon__form-00__gender-none__palette-normal__walk-3x4.png	assets/pokemon-runtime-549/dex-410__species-shieldon__form-00__gender-none__palette-normal__walk-3x4.png	pokemon_medium		0f58ac23267dee7746d1d0cb90539b5f1f09245d033942848027177755f4651f	0349c4485aa58ecd7ea500627bcc5f4d1239a16bdbc8f65482a484bc9f045d83	15	16	a624ff92bb7fb293e24f2b748c408e38bf830dfb9d8a131d17eb9f7af3b7b913	25be382bec0caa1f1db4a0422dac8c05e2c72f1aa87c05e78b376e8722b24e40	terrestrial-quadruped-light-v1
410	Shieldon	00	none	shiny	assets/pokemon-walksheets-549/dex-410__species-shieldon__form-00__gender-none__palette-shiny__walk-3x4.png	assets/pokemon-runtime-549/dex-410__species-shieldon__form-00__gender-none__palette-shiny__walk-3x4.png	pokemon_medium		d0cce5ad0688ed4b1ccdecd99ab94b8839d840d96e14504568c233b89af20259	f7ce4ca8ad0daba12210439cf20c456f259ca36b6b2d2859544211a3cfef9145	15	16	acbb93a1f2479d6e68cf183f548e442c042a51bc4a550b67d238078aac715964	25be382bec0caa1f1db4a0422dac8c05e2c72f1aa87c05e78b376e8722b24e40	terrestrial-quadruped-light-v1
411	Bastiodon	00	none	normal	assets/pokemon-walksheets-549/dex-411__species-bastiodon__form-00__gender-none__palette-normal__walk-3x4.png	assets/pokemon-runtime-549/dex-411__species-bastiodon__form-00__gender-none__palette-normal__walk-3x4.png	pokemon_medium		31d69ce75d1bcaa234d5b3a62baa4b51b0c5211e3fd65f16442482ee5cdaae7d	3db165b7a01254020671b2da0f0e5be1e0d62ad8caa08c4f2826b7cd36988c82	15	16	104ad68200638eba4f007ffdd57dafd580b4224f5c7334e40edcbb5681f0383d	25be382bec0caa1f1db4a0422dac8c05e2c72f1aa87c05e78b376e8722b24e40	terrestrial-quadruped-heavy-v1
411	Bastiodon	00	none	shiny	assets/pokemon-walksheets-549/dex-411__species-bastiodon__form-00__gender-none__palette-shiny__walk-3x4.png	assets/pokemon-runtime-549/dex-411__species-bastiodon__form-00__gender-none__palette-shiny__walk-3x4.png	pokemon_medium		52082b9e5188fb2dbd3c7bd8ad94d846dd5a53d15d298b85913795a3f399b2b9	ff26465494c6f0d55462547162f5e7571eb3d5387443d4d42495b11fc6f52960	15	16	573df8693a641257b2256ee7bf472b7a77b1c46478850d04b83359f40ab5b503	25be382bec0caa1f1db4a0422dac8c05e2c72f1aa87c05e78b376e8722b24e40	terrestrial-quadruped-heavy-v1
152	Chikorita	00	none	normal	assets/pokemon-walksheets-549/dex-152__species-chikorita__form-00__gender-none__palette-normal__walk-3x4.png	assets/pokemon-runtime-549/dex-152__species-chikorita__form-00__gender-none__palette-normal__walk-3x4.png	pokemon_medium		d3fb8629ddd864f7c02f1bbc5cf903f5d026f583db1ffad4fdd2b84ceb6e8617	ea8e4bb4dcbd502d973ab1e5ed658cd9e031b5dcd481fe018f9e6a06dbd4ded4	15	16	c31dc40d00a45d1cba0547cee5a632418da39329af039dea8d3631d307eb94da	25be382bec0caa1f1db4a0422dac8c05e2c72f1aa87c05e78b376e8722b24e40	terrestrial-quadruped-light-v1
153	Bayleef	00	none	normal	assets/pokemon-walksheets-549/dex-153__species-bayleef__form-00__gender-none__palette-normal__walk-3x4.png	assets/pokemon-runtime-549/dex-153__species-bayleef__form-00__gender-none__palette-normal__walk-3x4.png	pokemon_medium		2bf8a8c0f8fad974e7304adf9fe1ce80904e0b3dee1b53404e3dfea7666d432e	68579e9b4f268bbabee5f7ef6797de27da03e162745bc30a8c61309faa499694	14	16	318a4656b7adf2c9d3e40d250080884962f17b33e637e68cf79ea5f469418496	25be382bec0caa1f1db4a0422dac8c05e2c72f1aa87c05e78b376e8722b24e40	terrestrial-quadruped-light-v1
154	Meganium	00	male	normal	assets/pokemon-walksheets-549/dex-154__species-meganium__form-00__gender-none__palette-normal__walk-3x4.png	assets/pokemon-runtime-549/dex-154__species-meganium__form-00__gender-none__palette-normal__walk-3x4.png	pokemon_medium		2c5b063df7b5afe2d5827420693c8f6d1604ee5d92ed810bffc441b71c193f87	5228ce7747e3158de4ef4d56ccba9c7332b9204956aac17cb08525acfc206ff6	15	16	86b4a530aaa56d3a6e5256519d8fc4f858250089ef2ffbb61518aea1c792811c	25be382bec0caa1f1db4a0422dac8c05e2c72f1aa87c05e78b376e8722b24e40	terrestrial-quadruped-heavy-v1
154	Meganium	00	male	shiny	assets/pokemon-walksheets-549/dex-154__species-meganium__form-00__gender-none__palette-shiny__walk-3x4.png	assets/pokemon-runtime-549/dex-154__species-meganium__form-00__gender-none__palette-shiny__walk-3x4.png	pokemon_medium		d6f31ff7c8bf0755385e23e3cd4260d44a3b619b8e857487fb3e205457dd8422	4cd38e606a36cfb5d39caec94a779d998127a7d17f486c4bcf14f018c571f194	15	16	671e34a4c49d29cdea51e136a242a36ffc0aa692630c4e3661bf304c207501f3	25be382bec0caa1f1db4a0422dac8c05e2c72f1aa87c05e78b376e8722b24e40	terrestrial-quadruped-heavy-v1
156	Quilava	00	none	normal	assets/pokemon-walksheets-549/dex-156__species-quilava__form-00__gender-none__palette-normal__walk-3x4.png	assets/pokemon-runtime-549/dex-156__species-quilava__form-00__gender-none__palette-normal__walk-3x4.png	pokemon_medium		66afd5b890afe4325c3d6d6418f3fdafce621196b9976e60c586de473698e6ca	cbf577b9936766e038de5c36c7f9ca68979dbd296dc72247ecc18dbc135bb9d3	15	16	4bbe3e4597500fe40c1a12a644c736e7bc4b5b9629bcdee7522d012a89b76d68	25be382bec0caa1f1db4a0422dac8c05e2c72f1aa87c05e78b376e8722b24e40	terrestrial-quadruped-light-v1
157	Typhlosion	00	none	normal	assets/pokemon-walksheets-549/dex-157__species-typhlosion__form-00__gender-none__palette-normal__walk-3x4.png	assets/pokemon-runtime-549/dex-157__species-typhlosion__form-00__gender-none__palette-normal__walk-3x4.png	pokemon_medium		567e24ace355e6e4fc02ea009e7cf02745a2387bbc162ab218ff2de520fd4092	5ffefbf92a36a4a9d09c7d60bf2157140a46595be4ea9ce2c58301c7256bc935	15	16	5183979b166db8b9d7f19af2bc892eb99dbecf025a8ca47b757486e776ddcef8	25be382bec0caa1f1db4a0422dac8c05e2c72f1aa87c05e78b376e8722b24e40	terrestrial-biped-heavy-v1
158	Totodile	00	none	normal	assets/pokemon-walksheets-549/dex-158__species-totodile__form-00__gender-none__palette-normal__walk-3x4.png	assets/pokemon-runtime-549/dex-158__species-totodile__form-00__gender-none__palette-normal__walk-3x4.png	pokemon_medium		46a11781f02be133a37de2d4d8fc8363697e2b143936c7ef440d7e2361253dd9	7566ed3495cd1bcf686cf96c56cd64a4f55916d9188bc43f87909d657d1542d5	15	16	ada1e96c89315487b329780b2c1bc0b4edacb5bd38cdb744b3b4465570e3d4bc	25be382bec0caa1f1db4a0422dac8c05e2c72f1aa87c05e78b376e8722b24e40	terrestrial-biped-light-v1
159	Croconaw	00	none	normal	assets/pokemon-walksheets-549/dex-159__species-croconaw__form-00__gender-none__palette-normal__walk-3x4.png	assets/pokemon-runtime-549/dex-159__species-croconaw__form-00__gender-none__palette-normal__walk-3x4.png	pokemon_medium		2ac76dd78669d64b4d89747375c0bc17bedafdde91a7f0441849c5392ac2a56d	a8739f00ecc8d9e5aafdd91a566dbd35cdec07dbaea8782c074aad55c94f9506	13	16	17891a1711b0cbcd8aa333c1fcfd4a476091d834c98b0be78eadbf80b5fbc1cd	25be382bec0caa1f1db4a0422dac8c05e2c72f1aa87c05e78b376e8722b24e40	terrestrial-biped-light-v1
160	Feraligatr	00	none	normal	assets/pokemon-walksheets-549/dex-160__species-feraligatr__form-00__gender-none__palette-normal__walk-3x4.png	assets/pokemon-runtime-549/dex-160__species-feraligatr__form-00__gender-none__palette-normal__walk-3x4.png	pokemon_medium		1022839129d7525a8da083534f76ec305f7f0f5947fecea5ad7c5af8e388ec6b	45fd902ae3b7eee837aa50f56f57fa58a5b20167b3a0a42cd7c3700a494335e3	15	16	df95f51c89bc0835a0f23471bcc06f2e18c39a6d44141a249b70e80a9e3854b1	25be382bec0caa1f1db4a0422dac8c05e2c72f1aa87c05e78b376e8722b24e40	terrestrial-biped-heavy-v1
161	Sentret	00	none	normal	assets/pokemon-walksheets-549/dex-161__species-sentret__form-00__gender-none__palette-normal__walk-3x4.png	assets/pokemon-runtime-549/dex-161__species-sentret__form-00__gender-none__palette-normal__walk-3x4.png	pokemon_medium		da46f4dcd141e01add38373b80f8df1955fd105d16747df5b5a763f40bdfa3b8	71b0f2863fb31173961bb29545e3fff5614fb34f0fe3c04eac2147fafb60fdc3	15	16	9b1a575dafff2ab58fb12506d9c5335f2cb7db7369140aea24adb91179b70656	25be382bec0caa1f1db4a0422dac8c05e2c72f1aa87c05e78b376e8722b24e40	terrestrial-biped-light-v1
162	Furret	00	none	normal	assets/pokemon-walksheets-549/dex-162__species-furret__form-00__gender-none__palette-normal__walk-3x4.png	assets/pokemon-runtime-549/dex-162__species-furret__form-00__gender-none__palette-normal__walk-3x4.png	pokemon_medium		89168735db94a10d9f11714540cefd865c916db1a353f9790c04b9cc0b6305c9	a1af384798efa4b34a7bcd73634ee91e052406a73aff4c2dc4203a5956fad475	15	16	0c26c3c29343a2f5e5f2018deccfc9d47e8a772134c2b7b3e4b8d27d1d8666ff	25be382bec0caa1f1db4a0422dac8c05e2c72f1aa87c05e78b376e8722b24e40	terrestrial-quadruped-light-v1
163	Hoothoot	00	none	normal	assets/pokemon-walksheets-549/dex-163__species-hoothoot__form-00__gender-none__palette-normal__walk-3x4.png	assets/pokemon-runtime-549/dex-163__species-hoothoot__form-00__gender-none__palette-normal__walk-3x4.png	pokemon_medium		52e06065f53129cbe699ce31f66586aa891808a577ea9fed1cf28c1edd4225b4	69cd7b480ee8da80d665076a445690b5df8ec05e4a708bc333186ef296d1b70d	14	16	40fcaebfd59d3adead8473a451a733aa1adb9e439e067136025dd665d03949b1	25be382bec0caa1f1db4a0422dac8c05e2c72f1aa87c05e78b376e8722b24e40	airborne-wing-flap-v1
164	Noctowl	00	none	normal	assets/pokemon-walksheets-549/dex-164__species-noctowl__form-00__gender-none__palette-normal__walk-3x4.png	assets/pokemon-runtime-549/dex-164__species-noctowl__form-00__gender-none__palette-normal__walk-3x4.png	pokemon_medium		402f1b3fd88d66355eeea75513812969f49380bea1d98013307f87d007fa85cb	38a18fd6b96696bfa32a6f0908c427bc1e5fd7b699e5425d395cc9d52d833f5f	15	16	9cc05b5bda680b4041d37127aebf72f3940bd381ada2154fb3c6f418b679e2d8	25be382bec0caa1f1db4a0422dac8c05e2c72f1aa87c05e78b376e8722b24e40	airborne-wing-flap-v1
165	Ledyba	00	male	normal	assets/pokemon-walksheets-549/dex-165__species-ledyba__form-00__gender-none__palette-normal__walk-3x4.png	assets/pokemon-runtime-549/dex-165__species-ledyba__form-00__gender-none__palette-normal__walk-3x4.png	pokemon_medium		cce20bdfca38b7880ddb1dcdcfd5808f6c3d6980015560546e9a886009b07526	845b1d03b57c61e4b2d076b8335a638a0a00e84fbc5d1047fc7ba3f582ce3885	15	12	7ec91def91d9ed4768bce407e0fa90d4e1709ccad4885509a07273b3f2d3ee31	25be382bec0caa1f1db4a0422dac8c05e2c72f1aa87c05e78b376e8722b24e40	airborne-wing-flap-v1
165	Ledyba	00	male	shiny	assets/pokemon-walksheets-549/dex-165__species-ledyba__form-00__gender-none__palette-shiny__walk-3x4.png	assets/pokemon-runtime-549/dex-165__species-ledyba__form-00__gender-none__palette-shiny__walk-3x4.png	pokemon_medium		dcae633375c78548f62fd77e5c0b6a96791de778d198062d3441f23b7128c18f	85350bf2d95f236f5ec0390b0fb305029c47fa30eec41ee11430d56aac382595	15	12	331c3446c28ee1bbddfafae50a5aa475e7f2b587adb5f659d3b3588cec5ac29a	25be382bec0caa1f1db4a0422dac8c05e2c72f1aa87c05e78b376e8722b24e40	airborne-wing-flap-v1
166	Ledian	00	male	normal	assets/pokemon-walksheets-549/dex-166__species-ledian__form-00__gender-none__palette-normal__walk-3x4.png	assets/pokemon-runtime-549/dex-166__species-ledian__form-00__gender-none__palette-normal__walk-3x4.png	pokemon_medium		e9845af8e9d8db391a36952a329f1bf35469ab751d301b4485777de91924bbcb	4a73dc1659d36941f78d13b951c215732bdbcf85b35d9c61a2e953182578cd63	9	16	c37b8e1e7aa2b0bd856f438e87fa959e0d36c6339307f1eafca67fad29b83f5a	25be382bec0caa1f1db4a0422dac8c05e2c72f1aa87c05e78b376e8722b24e40	airborne-wing-flap-v1
166	Ledian	00	male	shiny	assets/pokemon-walksheets-549/dex-166__species-ledian__form-00__gender-none__palette-shiny__walk-3x4.png	assets/pokemon-runtime-549/dex-166__species-ledian__form-00__gender-none__palette-shiny__walk-3x4.png	pokemon_medium		e7499a61ac25beca086baf7173eab4d99983516c79d5e10a60dda121624b61c1	4b8c78d525262a2a08b04531b591adce4532e91c9d1364a679d1369851ceffb7	9	16	9a305b228ef9634f643cbabde2555522729311d1b854f0bbeec744c2d314262b	25be382bec0caa1f1db4a0422dac8c05e2c72f1aa87c05e78b376e8722b24e40	airborne-wing-flap-v1
167	Spinarak	00	none	normal	assets/pokemon-walksheets-549/dex-167__species-spinarak__form-00__gender-none__palette-normal__walk-3x4.png	assets/pokemon-runtime-549/dex-167__species-spinarak__form-00__gender-none__palette-normal__walk-3x4.png	pokemon_medium		e58c2859677e25cc5f464a7543d2388d648c40305ddb53309de22345b906d5db	51e162ec7a311f5433baa0d0ec53f1d2c1acd0dd1c1c8d63dea47090354f877e	15	8	fca111b518c75437cd5dc5ba31c994cea86c4d39d032aca6b4ca086ce17d6a07	25be382bec0caa1f1db4a0422dac8c05e2c72f1aa87c05e78b376e8722b24e40	terrestrial-multiped-crawl-v1
168	Ariados	00	none	normal	assets/pokemon-walksheets-549/dex-168__species-ariados__form-00__gender-none__palette-normal__walk-3x4.png	assets/pokemon-runtime-549/dex-168__species-ariados__form-00__gender-none__palette-normal__walk-3x4.png	pokemon_medium		9625325f67270e0bbf466d95e347f0e81f5e599a70b4490df7ccd3a86e5d42fa	3599f5d2ad199161fd075befadd5767933bf3b0bf9d1f2505cac70b33b46d8da	15	13	3e1f463fa203c23bb733ed58e7f718b8d6b42885650cbe3dce72034f970a87eb	25be382bec0caa1f1db4a0422dac8c05e2c72f1aa87c05e78b376e8722b24e40	terrestrial-multiped-crawl-v1
169	Crobat	00	none	normal	assets/pokemon-walksheets-549/dex-169__species-crobat__form-00__gender-none__palette-normal__walk-3x4.png	assets/pokemon-runtime-549/dex-169__species-crobat__form-00__gender-none__palette-normal__walk-3x4.png	pokemon_medium		9c75481bc8f84ac15455d8546dc737869e4647d08a6a15ec59ffdc3974212750	8097442e41c29a93a878183c096e0373c89fd462f6f4061831b8f2c9e7374563	11	16	fcce421455cafebd4a56d0fb36a18b3f3bd383c37d5305391aa5339e30e215d3	25be382bec0caa1f1db4a0422dac8c05e2c72f1aa87c05e78b376e8722b24e40	airborne-wing-flap-v1
170	Chinchou	00	none	normal	assets/pokemon-walksheets-549/dex-170__species-chinchou__form-00__gender-none__palette-normal__walk-3x4.png	assets/pokemon-runtime-549/dex-170__species-chinchou__form-00__gender-none__palette-normal__walk-3x4.png	pokemon_medium		4ebea770cae4ca3912c9b67b02c3f3b6dcda3b717c8c8d417e8642849c394958	fe3c010e6509e02961f683abf03dc64558ad828b1412b7afce56bdeb2763ef38	15	13	80c9bcdd0861f468ecd1852eacdc1180b65f764e296242832374b6300d28a137	25be382bec0caa1f1db4a0422dac8c05e2c72f1aa87c05e78b376e8722b24e40	aquatic-fin-swim-v1
171	Lanturn	00	none	normal	assets/pokemon-walksheets-549/dex-171__species-lanturn__form-00__gender-none__palette-normal__walk-3x4.png	assets/pokemon-runtime-549/dex-171__species-lanturn__form-00__gender-none__palette-normal__walk-3x4.png	pokemon_medium		c2428d9171d82981a0042af12bcc3c6b9cffaa209d68a4eae1aa2d6fc962ba2d	3c51d53b319004c0ea96e9db858cd1712cf5094f063722c16d8ae9e2a2e491a7	15	16	2aa538a30e339bd6b05aea0964619f4fe2fc46dfef8c32f312d3fe3333f6090d	25be382bec0caa1f1db4a0422dac8c05e2c72f1aa87c05e78b376e8722b24e40	aquatic-fin-swim-v1
172	Pichu	00	none	normal	assets/pokemon-walksheets-549/dex-172__species-pichu__form-00__gender-none__palette-normal__walk-3x4.png	assets/pokemon-runtime-549/dex-172__species-pichu__form-00__gender-none__palette-normal__walk-3x4.png	pokemon_medium		06b2ce44adff4ec36e183d01d25699994f3f89a89193682c7e421b5d3ee273bc	37c19e49b5e2d4876788378cb1aaac3010b41f54ed772228f8d71a99d6d624ce	15	16	05404070b3164b8a1a971501610f711a947d958c94fa2d9c069551757d5b2ba0	25be382bec0caa1f1db4a0422dac8c05e2c72f1aa87c05e78b376e8722b24e40	terrestrial-biped-light-v1
172	Pichu	00	none	shiny	assets/pokemon-walksheets-549/dex-172__species-pichu__form-00__gender-none__palette-shiny__walk-3x4.png	assets/pokemon-runtime-549/dex-172__species-pichu__form-00__gender-none__palette-shiny__walk-3x4.png	pokemon_medium		f2bbe7458f6397fdf2ea5201d096e382c5c9d0a8220c02a266098b6bd54b0768	a101a4b69b0f25794e27b06a69adfc41b0bfc36ffc8296cb7279dab1d7d8f4dc	15	16	a5e6f4cbfa370f13a0f3274fd4079192bfd10ed4f5647442cd89895406b9a249	25be382bec0caa1f1db4a0422dac8c05e2c72f1aa87c05e78b376e8722b24e40	terrestrial-biped-light-v1
173	Cleffa	00	none	normal	assets/pokemon-walksheets-549/dex-173__species-cleffa__form-00__gender-none__palette-normal__walk-3x4.png	assets/pokemon-runtime-549/dex-173__species-cleffa__form-00__gender-none__palette-normal__walk-3x4.png	pokemon_medium		267969795e7079dd8d0e2f9e41e2acc4fc000aa5b9594ade5000bf3a0d73aece	d8c295a04dc1c70e95a1f70c11b7f7ade0b079fdaed320e03b8e4481aad1f2b1	15	14	82263de9e66e7e0a0d2c42a6b7a72a8b03eaee15c9f01d1a6b4e11033294df0d	25be382bec0caa1f1db4a0422dac8c05e2c72f1aa87c05e78b376e8722b24e40	terrestrial-biped-light-v1
174	Igglybuff	00	none	normal	assets/pokemon-walksheets-549/dex-174__species-igglybuff__form-00__gender-none__palette-normal__walk-3x4.png	assets/pokemon-runtime-549/dex-174__species-igglybuff__form-00__gender-none__palette-normal__walk-3x4.png	pokemon_medium		fb365728ccd4a6a80be030dd753954505e30ac4874bc30fb19b802672016c57d	fc49954f7a3c6f5c19d628139c222edc8fee43e75870b50808d878ba996086ab	13	16	678f435345a80ae263ac8575852be2a25da19186b42a722397a8e18b4285c49a	25be382bec0caa1f1db4a0422dac8c05e2c72f1aa87c05e78b376e8722b24e40	terrestrial-biped-light-v1
175	Togepi	00	none	normal	assets/pokemon-walksheets-549/dex-175__species-togepi__form-00__gender-none__palette-normal__walk-3x4.png	assets/pokemon-runtime-549/dex-175__species-togepi__form-00__gender-none__palette-normal__walk-3x4.png	pokemon_medium		cf90173015f14d562813215f1efe73c9d90c2730bb48df24503b11d5b9d595a5	ac9d65339d13aeaf1f33e3f987d8e9cee32af591d4d2dfa474ceb7445e359715	15	16	b25b78308ccb6207a0eb8f97206774e53b48d5194d8f16e3ee556b72cf44a68a	25be382bec0caa1f1db4a0422dac8c05e2c72f1aa87c05e78b376e8722b24e40	terrestrial-biped-light-v1
176	Togetic	00	none	normal	assets/pokemon-walksheets-549/dex-176__species-togetic__form-00__gender-none__palette-normal__walk-3x4.png	assets/pokemon-runtime-549/dex-176__species-togetic__form-00__gender-none__palette-normal__walk-3x4.png	pokemon_medium		f20193882f681538648a655a6569bf910d69333b65dbff346bb2c87445e82c3c	6f3c8c99ebb8c7f839703e5937227ad9ea850df366ad90189a0fa4ca91329fd3	13	16	c9ac18a4e58395b5786c8e561c9409ca7e36324bea93acdfba1f8b9900733276	25be382bec0caa1f1db4a0422dac8c05e2c72f1aa87c05e78b376e8722b24e40	airborne-wing-flap-v1
177	Natu	00	none	normal	assets/pokemon-walksheets-549/dex-177__species-natu__form-00__gender-none__palette-normal__walk-3x4.png	assets/pokemon-runtime-549/dex-177__species-natu__form-00__gender-none__palette-normal__walk-3x4.png	pokemon_medium		27114f2ae1c84f197acd67dca36e3526bd0d9da65c00a5406b31eaa386a807fe	07a1101dd525d2e42b75d445b73c888066d22618743e381f1641cea8c3121a7e	15	15	a98621cf44abd596221be8e42ad6488ed5c4757408a9afde43d4706cc6cae17c	25be382bec0caa1f1db4a0422dac8c05e2c72f1aa87c05e78b376e8722b24e40	ground-hop-bounce-v1
178	Xatu	00	male	normal	assets/pokemon-walksheets-549/dex-178__species-xatu__form-00__gender-none__palette-normal__walk-3x4.png	assets/pokemon-runtime-549/dex-178__species-xatu__form-00__gender-none__palette-normal__walk-3x4.png	pokemon_medium		45c23a26f6db29910e3cc99973e5b587c76e54f4303c942b5a8f0c5a0ae352fe	06e44ef6c2667a3324b5d55ddaaf1f061646270a82406f4074bf824caa562841	15	11	4bc7ebffc8fe784d7366cf67521edf45cc8c4e7e686dde6ff1900bf77be17dd9	25be382bec0caa1f1db4a0422dac8c05e2c72f1aa87c05e78b376e8722b24e40	airborne-wing-flap-v1
178	Xatu	00	male	shiny	assets/pokemon-walksheets-549/dex-178__species-xatu__form-00__gender-none__palette-shiny__walk-3x4.png	assets/pokemon-runtime-549/dex-178__species-xatu__form-00__gender-none__palette-shiny__walk-3x4.png	pokemon_medium		9fe6c46537cdcdc3986854b3db70c0e4bc2b2b313d9a4bc02899f9a0516ce1d6	c25c38f53299fd7b7a670fef022c04a883121d482c805b6234ecc5552398b8c6	15	11	7e5dd5af609307bc654c1168c496ca8766085f36d55f3c0e66aa6fc9888e5e95	25be382bec0caa1f1db4a0422dac8c05e2c72f1aa87c05e78b376e8722b24e40	airborne-wing-flap-v1
179	Mareep	00	none	normal	assets/pokemon-walksheets-549/dex-179__species-mareep__form-00__gender-none__palette-normal__walk-3x4.png	assets/pokemon-runtime-549/dex-179__species-mareep__form-00__gender-none__palette-normal__walk-3x4.png	pokemon_medium		f3b21975add59a654eae22835c00b257e41d448d48a1ca393a2347309b918321	526b556b9dca809b90c641279a964c8f548ea00283dca61b8f71bc77290b0b3f	15	16	fb9a868d5b1275276dc403bef078b8df712316160bbc80d8bccc089f164f6170	25be382bec0caa1f1db4a0422dac8c05e2c72f1aa87c05e78b376e8722b24e40	terrestrial-quadruped-light-v1
180	Flaaffy	00	none	normal	assets/pokemon-walksheets-549/dex-180__species-flaaffy__form-00__gender-none__palette-normal__walk-3x4.png	assets/pokemon-runtime-549/dex-180__species-flaaffy__form-00__gender-none__palette-normal__walk-3x4.png	pokemon_medium		92ec2cf3153f6db810fdad632cdc2dfa43fd3380bd928bbcf0a5e4db6e161cba	6eeaa80c4dbf89074c5fd4a2d40f3950fd2541df4e68ea526b32a2e918dceb51	15	16	293b8dba2f19bd03bee6b803117d1286d07d5b5364f204c64c40bcf1648eab64	25be382bec0caa1f1db4a0422dac8c05e2c72f1aa87c05e78b376e8722b24e40	terrestrial-biped-light-v1
181	Ampharos	00	none	normal	assets/pokemon-walksheets-549/dex-181__species-ampharos__form-00__gender-none__palette-normal__walk-3x4.png	assets/pokemon-runtime-549/dex-181__species-ampharos__form-00__gender-none__palette-normal__walk-3x4.png	pokemon_medium		0a96bddf5adbb45584da2413c464d5b4f4b337a1ab226d3bd8dbbd0fbb6fe837	6e858dd109aaa0f4835e0c83b3b4237d057191db88fd76f6156f13d00a0bd1dd	12	16	07b2f511684e8dbb1aca7e1e9abc54392472f1a5d37ac2e8c1e24737101175bf	25be382bec0caa1f1db4a0422dac8c05e2c72f1aa87c05e78b376e8722b24e40	terrestrial-biped-light-v1
182	Bellossom	00	none	normal	assets/pokemon-walksheets-549/dex-182__species-bellossom__form-00__gender-none__palette-normal__walk-3x4.png	assets/pokemon-runtime-549/dex-182__species-bellossom__form-00__gender-none__palette-normal__walk-3x4.png	pokemon_medium		3ed8e23dac67dfe006d51e57061ed20a6d71f800bf74c155efd2bd2b15b0ceb3	79bec13aba1318102864ec2beff84a5fdcb97efab5af6d47d51e0e5fd527869a	14	16	a64c6a5a57f3411d429619cca0c303c95893300f499286ee45c06e721b7d50f7	25be382bec0caa1f1db4a0422dac8c05e2c72f1aa87c05e78b376e8722b24e40	terrestrial-biped-light-v1
183	Marill	00	none	normal	assets/pokemon-walksheets-549/dex-183__species-marill__form-00__gender-none__palette-normal__walk-3x4.png	assets/pokemon-runtime-549/dex-183__species-marill__form-00__gender-none__palette-normal__walk-3x4.png	pokemon_medium		bb8bf95aa97530097d9dd55d28bdfac993f1d89d6159aacdac759cb72477bc5e	36013c75f9603b06c10024fbec43dcb22ed4d5908fed2c15ce18a28c033f389b	15	16	96187e36ce10b4b73950499bd1c2b2a17819c09c65fad7aa78ea7bc3a0a4f8e0	25be382bec0caa1f1db4a0422dac8c05e2c72f1aa87c05e78b376e8722b24e40	terrestrial-biped-light-v1
184	Azumarill	00	none	normal	assets/pokemon-walksheets-549/dex-184__species-azumarill__form-00__gender-none__palette-normal__walk-3x4.png	assets/pokemon-runtime-549/dex-184__species-azumarill__form-00__gender-none__palette-normal__walk-3x4.png	pokemon_medium		414b15d2321c1ee84cbf0a4401613b48b1f3b1410de4849563edf2e93cd15351	c7545fc7fc41c7d299c2db95b658a95003a9d3d7ff05e1aef971c23c573b52c2	15	15	66a77df7c2407f6712a0a3056de848fe919f14484f789e30105c66d8d2b8f944	25be382bec0caa1f1db4a0422dac8c05e2c72f1aa87c05e78b376e8722b24e40	terrestrial-biped-light-v1
185	Sudowoodo	00	male	normal	assets/pokemon-walksheets-549/dex-185__species-sudowoodo__form-00__gender-none__palette-normal__walk-3x4.png	assets/pokemon-runtime-549/dex-185__species-sudowoodo__form-00__gender-none__palette-normal__walk-3x4.png	pokemon_medium		e8fdd7d9c288b2e7ad22d3088daf38f7120d6b7cde3336fba7dab2758a13ea11	fa0275b3b12c2452bfba265a19b3d8c335ea794711d06063d3e97e99149cf5c0	12	13	a89c6cff683c571f07445ba31cb5fb0059ca676ddbe918786027a0d11919bf5a	25be382bec0caa1f1db4a0422dac8c05e2c72f1aa87c05e78b376e8722b24e40	terrestrial-biped-light-v1
185	Sudowoodo	00	male	shiny	assets/pokemon-walksheets-549/dex-185__species-sudowoodo__form-00__gender-none__palette-shiny__walk-3x4.png	assets/pokemon-runtime-549/dex-185__species-sudowoodo__form-00__gender-none__palette-shiny__walk-3x4.png	pokemon_medium		1eaf12a79dd88d736b3dc84ef93a9185359401ebb365e39c48c9dd65b69f97e3	e7bf924420e3778bad52fd2997478488bf332444992437fa6206207e4b25832e	12	13	177c046ec854d8bca89a2101921988fd131396b419e9754325c7fef045017e44	25be382bec0caa1f1db4a0422dac8c05e2c72f1aa87c05e78b376e8722b24e40	terrestrial-biped-light-v1
186	Politoed	00	male	normal	assets/pokemon-walksheets-549/dex-186__species-politoed__form-00__gender-none__palette-normal__walk-3x4.png	assets/pokemon-runtime-549/dex-186__species-politoed__form-00__gender-none__palette-normal__walk-3x4.png	pokemon_medium		b1c5b92b73630d09336a40447f4aa9a45d8ab33c271ee1989f9008a6e0ce9478	0dbefdfecdf24e50a9258a59571a2822263b845c74ac60e6a7d16006de9922bb	15	16	af8534c52498f6eb84c9b359c6ed197512608313f387be0d2caf1222cc52048c	25be382bec0caa1f1db4a0422dac8c05e2c72f1aa87c05e78b376e8722b24e40	terrestrial-biped-light-v1
186	Politoed	00	male	shiny	assets/pokemon-walksheets-549/dex-186__species-politoed__form-00__gender-none__palette-shiny__walk-3x4.png	assets/pokemon-runtime-549/dex-186__species-politoed__form-00__gender-none__palette-shiny__walk-3x4.png	pokemon_medium		6ec713e6c600e22eeb9e2f2d0acaf635edcef0c70f669f7b47a432ee84da0e83	637040edcbcf677dfbc4c2088ea0c51ca676a4bb8228047335607dd0b201d801	15	16	b75e3a659b830fd0520ec12082fcc908b2d18256efe678ecebca942135d98cf8	25be382bec0caa1f1db4a0422dac8c05e2c72f1aa87c05e78b376e8722b24e40	terrestrial-biped-light-v1
187	Hoppip	00	none	normal	assets/pokemon-walksheets-549/dex-187__species-hoppip__form-00__gender-none__palette-normal__walk-3x4.png	assets/pokemon-runtime-549/dex-187__species-hoppip__form-00__gender-none__palette-normal__walk-3x4.png	pokemon_medium		2df64b3f16ca7d284776046c86fb88a0f9f18352989da5fb2275dbc861d338e8	7d271706a3666a8464b76edb9d18aa5a11b52f0b89d58798b33be346341df2d0	15	16	d749e7ef423a660306b121139a124c984bffb0817a9929893b0aef356c0bb20f	25be382bec0caa1f1db4a0422dac8c05e2c72f1aa87c05e78b376e8722b24e40	airborne-hover-bob-v1
188	Skiploom	00	none	normal	assets/pokemon-walksheets-549/dex-188__species-skiploom__form-00__gender-none__palette-normal__walk-3x4.png	assets/pokemon-runtime-549/dex-188__species-skiploom__form-00__gender-none__palette-normal__walk-3x4.png	pokemon_medium		fcafa424d56dbda98a14b9834fae4e019973580049b201f58f8e7bac256bfc49	ee03b98dab71b9aaa2cac63b60c04ec01ae6bb779bfce01d5d58f4573ffb9608	15	14	3d8f2dc5a9079b46814c32edd9b8cee350696c36d5bdb5a4dfd306b18cc7e361	25be382bec0caa1f1db4a0422dac8c05e2c72f1aa87c05e78b376e8722b24e40	airborne-hover-bob-v1
189	Jumpluff	00	none	normal	assets/pokemon-walksheets-549/dex-189__species-jumpluff__form-00__gender-none__palette-normal__walk-3x4.png	assets/pokemon-runtime-549/dex-189__species-jumpluff__form-00__gender-none__palette-normal__walk-3x4.png	pokemon_medium		1abeb8bae9886d4e31b8dbf4b6802ef665f53e5d416254aa0c170f219f67c0f2	40f43aff3a91d7a4f54cab3f2dee61ea191809f2c74e5bf2679515cf0a5cf88b	15	16	501e85ae98240887b7555b162fd0a14503937ba64b42ad9218e71e2e1eaa5a07	25be382bec0caa1f1db4a0422dac8c05e2c72f1aa87c05e78b376e8722b24e40	airborne-hover-bob-v1
190	Aipom	00	male	normal	assets/pokemon-walksheets-549/dex-190__species-aipom__form-00__gender-none__palette-normal__walk-3x4.png	assets/pokemon-runtime-549/dex-190__species-aipom__form-00__gender-none__palette-normal__walk-3x4.png	pokemon_medium		8b7f75317aa3a1a08ba08ee3f2ed482bb64bb10042141a31e352571a9fa181dc	614779ed5feda5217b05b18dad3c12d3c1a637aea345e16dc91a119336aa212b	15	16	8168d19a40ee704aeb989569af2ac63ee21b1286cb5a794d533dd0dfcc3c8600	25be382bec0caa1f1db4a0422dac8c05e2c72f1aa87c05e78b376e8722b24e40	terrestrial-biped-light-v1
190	Aipom	00	male	shiny	assets/pokemon-walksheets-549/dex-190__species-aipom__form-00__gender-none__palette-shiny__walk-3x4.png	assets/pokemon-runtime-549/dex-190__species-aipom__form-00__gender-none__palette-shiny__walk-3x4.png	pokemon_medium		e523a6f64a077b13fcd4965e8d0fe5006f418237522f0bbfe9ef1b9a31c13c06	d1f559791aeb731066f19c12f2116858fe36644f755b97a7b7abfa88fa9114df	15	16	7e4cea7025dcf0088da251b8e4a9caff53ba3a7a01633a2d636cd9d7a4e03406	25be382bec0caa1f1db4a0422dac8c05e2c72f1aa87c05e78b376e8722b24e40	terrestrial-biped-light-v1
191	Sunkern	00	none	normal	assets/pokemon-walksheets-549/dex-191__species-sunkern__form-00__gender-none__palette-normal__walk-3x4.png	assets/pokemon-runtime-549/dex-191__species-sunkern__form-00__gender-none__palette-normal__walk-3x4.png	pokemon_medium		2843f67ee53d2a88376bc69f80dcc16980d378bac4ff3b1c66218bfae778905a	3e2e117dca2208733581acbccf349e130fe9f2d21e8393a932a3662196d6999d	13	16	11fca4752d44965826a564537b40b20b0c295338b730ca5adf5ff74ea95389ac	25be382bec0caa1f1db4a0422dac8c05e2c72f1aa87c05e78b376e8722b24e40	ground-hop-bounce-v1
192	Sunflora	00	none	normal	assets/pokemon-walksheets-549/dex-192__species-sunflora__form-00__gender-none__palette-normal__walk-3x4.png	assets/pokemon-runtime-549/dex-192__species-sunflora__form-00__gender-none__palette-normal__walk-3x4.png	pokemon_medium		282f15dc48b788378c3b9695292cb2acbd042c05ffe02764eea7a4305035ef45	a28e7dd8bf3743ea5d82af85d58ad8bd03d4417a3ea13141d27d17ac6edd4445	15	16	0dccac23b866ac35d280a35da9c0e6f519bbb46afeeba92e37d3bb61a17698f6	25be382bec0caa1f1db4a0422dac8c05e2c72f1aa87c05e78b376e8722b24e40	terrestrial-biped-light-v1
193	Yanma	00	none	normal	assets/pokemon-walksheets-549/dex-193__species-yanma__form-00__gender-none__palette-normal__walk-3x4.png	assets/pokemon-runtime-549/dex-193__species-yanma__form-00__gender-none__palette-normal__walk-3x4.png	pokemon_medium		ad5fbd9acd2946ab737dcc7c4e7a38a935f72ea18508b83a444044feb8a1cfe3	754a3c6287cfc92ba03b5fe53c463416f7f1a23d95515dac712be6a27d3346e1	15	14	cba4138ea8de826bfc0cf162b93496c28707227e414d31d2036eaaa2d8ce588f	25be382bec0caa1f1db4a0422dac8c05e2c72f1aa87c05e78b376e8722b24e40	airborne-wing-flap-v1
194	Wooper	00	male	normal	assets/pokemon-walksheets-549/dex-194__species-wooper__form-00__gender-none__palette-normal__walk-3x4.png	assets/pokemon-runtime-549/dex-194__species-wooper__form-00__gender-none__palette-normal__walk-3x4.png	pokemon_medium		dc27e7685d372df7039f9f1656b5e713bf18cbdc415f2dd16f3d00f97db30ec9	de764d3b77532c38bc86a54302227ca138bc28df4a37824d785f3cf96a247c3c	15	16	f3a7414b2e2f3388eb05d43e16b9cb63b0c3dc3f710cb46ad136224da66af6c7	25be382bec0caa1f1db4a0422dac8c05e2c72f1aa87c05e78b376e8722b24e40	terrestrial-quadruped-light-v1
194	Wooper	00	male	shiny	assets/pokemon-walksheets-549/dex-194__species-wooper__form-00__gender-none__palette-shiny__walk-3x4.png	assets/pokemon-runtime-549/dex-194__species-wooper__form-00__gender-none__palette-shiny__walk-3x4.png	pokemon_medium		8cacb1aa40096e651830d3f4fce94c6840fa4f1eeafaf30cb168c8d0412ae491	4efa5819e117b3ecffb56bfa2b00ac66820bcb015424a105cfc71f59920c73dc	15	16	03972acc8232f6ef5bc71ff10e123234ef7126b74634ee510bec4d281ee45c6b	25be382bec0caa1f1db4a0422dac8c05e2c72f1aa87c05e78b376e8722b24e40	terrestrial-quadruped-light-v1
195	Quagsire	00	male	normal	assets/pokemon-walksheets-549/dex-195__species-quagsire__form-00__gender-none__palette-normal__walk-3x4.png	assets/pokemon-runtime-549/dex-195__species-quagsire__form-00__gender-none__palette-normal__walk-3x4.png	pokemon_medium		7f3050e978de1aab4e9d25c3b67b6535b39129982367d5be0d8ab5e20a1ca173	95e461c83a7af5852b9a6cf0247ac2b9841e73ffa94ebe1a7aa50a0e7a491c27	15	16	3af08633f2dae5f4643cc2d9a77fe50372a09f836a79afad778b350fb4cf8616	25be382bec0caa1f1db4a0422dac8c05e2c72f1aa87c05e78b376e8722b24e40	terrestrial-biped-heavy-v1
195	Quagsire	00	male	shiny	assets/pokemon-walksheets-549/dex-195__species-quagsire__form-00__gender-none__palette-shiny__walk-3x4.png	assets/pokemon-runtime-549/dex-195__species-quagsire__form-00__gender-none__palette-shiny__walk-3x4.png	pokemon_medium		b871fd3023509b6da8217ab74a640edb338c36775b1979cf3d264f2b6a648552	8d6ed035e84f16bfecfd8186ffea8dcd0dad5c526ac09366fb9518878ace7f54	15	16	86ac34668ef8d6dcff95965f93e8ba20bfab5ef7aeeff3c7a75876abf4d6e8e8	25be382bec0caa1f1db4a0422dac8c05e2c72f1aa87c05e78b376e8722b24e40	terrestrial-biped-heavy-v1
196	Espeon	00	none	normal	assets/pokemon-walksheets-549/dex-196__species-espeon__form-00__gender-none__palette-normal__walk-3x4.png	assets/pokemon-runtime-549/dex-196__species-espeon__form-00__gender-none__palette-normal__walk-3x4.png	pokemon_medium		5455e91cc66d3345600ead725d9c80f6522f8a39014a05936b6c2c15f7b9f933	79409d260cf855f47c8ab3683ba21df3bc58113f96ab06e1742a4a06f283c59c	14	16	a9b08c32dacdf266335e315c372bae87914bdba6443859e3b04da1b9a47f5bc7	25be382bec0caa1f1db4a0422dac8c05e2c72f1aa87c05e78b376e8722b24e40	terrestrial-quadruped-light-v1
196	Espeon	00	none	shiny	assets/pokemon-walksheets-549/dex-196__species-espeon__form-00__gender-none__palette-shiny__walk-3x4.png	assets/pokemon-runtime-549/dex-196__species-espeon__form-00__gender-none__palette-shiny__walk-3x4.png	pokemon_medium		786fa50e0938e2ef99b5b0497c17c250067ab9ae4ce8790461109d138114be13	88b5f31bf0c6789d9f528ead9a0802b502dec05208de2c2abbab301af49d292d	14	16	1b0c784ed336231d099cccd93418ff166a28532890c058c018511d2d5cf1a44d	25be382bec0caa1f1db4a0422dac8c05e2c72f1aa87c05e78b376e8722b24e40	terrestrial-quadruped-light-v1
197	Umbreon	00	none	normal	assets/pokemon-walksheets-549/dex-197__species-umbreon__form-00__gender-none__palette-normal__walk-3x4.png	assets/pokemon-runtime-549/dex-197__species-umbreon__form-00__gender-none__palette-normal__walk-3x4.png	pokemon_medium		bdc2353806449693fe30430744fd6eb6de1c2da0f905f65327fa69996003d1a0	9ef78a027e5f8c6d496485255523d616eecbfd5df9f842a9803c2e2cd8c4f4af	15	16	cc596d5c8600e3998320d29941194612f3445b74fe1bd3cfcebb199f2790b36b	25be382bec0caa1f1db4a0422dac8c05e2c72f1aa87c05e78b376e8722b24e40	terrestrial-quadruped-light-v1
198	Murkrow	00	male	normal	assets/pokemon-walksheets-549/dex-198__species-murkrow__form-00__gender-none__palette-normal__walk-3x4.png	assets/pokemon-runtime-549/dex-198__species-murkrow__form-00__gender-none__palette-normal__walk-3x4.png	pokemon_medium		288052f42080dcbf468283a9f59ace4f6fdadd3ad2b82f8d26c96382423659d9	d0ca7e4ae51b5abb2ea45443c194b1c522265a898d330b2000b9b38f87e65c69	15	12	3024194e660aa2ff18bf0140254811d29e79e2512056536d1e4b986150d6af11	25be382bec0caa1f1db4a0422dac8c05e2c72f1aa87c05e78b376e8722b24e40	airborne-wing-flap-v1
198	Murkrow	00	male	shiny	assets/pokemon-walksheets-549/dex-198__species-murkrow__form-00__gender-none__palette-shiny__walk-3x4.png	assets/pokemon-runtime-549/dex-198__species-murkrow__form-00__gender-none__palette-shiny__walk-3x4.png	pokemon_medium		53a075f52948e924cd1d3c58c10d5d0a09a5ceba96cd63891353de70160f4501	4cbb46382e69bbf831194370969dc9b155ed5c29d4119c8620e0531fd2048f1d	15	12	9f04a7fa3a358b6d702cac27a7b278ebc62fbcec6ca153c1a6752370e3f883d9	25be382bec0caa1f1db4a0422dac8c05e2c72f1aa87c05e78b376e8722b24e40	airborne-wing-flap-v1
199	Slowking	00	none	normal	assets/pokemon-walksheets-549/dex-199__species-slowking__form-00__gender-none__palette-normal__walk-3x4.png	assets/pokemon-runtime-549/dex-199__species-slowking__form-00__gender-none__palette-normal__walk-3x4.png	pokemon_medium		ec44e9901361cea4caf1e71af42766f5fea91ea35f6e54d5ea37b953eb4557a9	b9d93d2dd88ade1b015c2f558ac0655649968a4eb0bbee530e6252901927a394	13	16	8d861eef14d31b6dce1ff0a5e92b460b4b2580f25bfb304d4541d9dc12aa29d6	25be382bec0caa1f1db4a0422dac8c05e2c72f1aa87c05e78b376e8722b24e40	terrestrial-biped-heavy-v1
200	Misdreavus	00	none	normal	assets/pokemon-walksheets-549/dex-200__species-misdreavus__form-00__gender-none__palette-normal__walk-3x4.png	assets/pokemon-runtime-549/dex-200__species-misdreavus__form-00__gender-none__palette-normal__walk-3x4.png	pokemon_medium		d0f7cdbdbd8be013bae1dc97f4b0d79db10f56f93a587073880265b4270ad930	e534ded00a1393d98dd5f90c5b09609becb8138976cfc3847896e1d533d1b4ee	15	14	e8349fd8b18aeebe71c6391fc5c7d285a40c3aad5d3740761c9cf9f71776e2cd	25be382bec0caa1f1db4a0422dac8c05e2c72f1aa87c05e78b376e8722b24e40	airborne-hover-bob-v1
201	Unown	11	none	normal	assets/pokemon-walksheets-549/dex-201__species-unown__form-11__gender-none__palette-normal__walk-3x4.png	assets/pokemon-runtime-549/dex-201__species-unown__form-11__gender-none__palette-normal__walk-3x4.png	pokemon_medium		cae272c238a9c2251bc3ab6b904d145bde8665f8ae75a5d237cb2846b111f2b4	7a54f85bfb7661054aec731219eecdef9842e0a8c07d69a24949fec6151dca2e	9	16	c66913d003f10c7787a0cb784f6831fc95f7051b70c7fce62bf383d1e658001f	25be382bec0caa1f1db4a0422dac8c05e2c72f1aa87c05e78b376e8722b24e40	airborne-hover-bob-v1
202	Wobbuffet	00	male	normal	assets/pokemon-walksheets-549/dex-202__species-wobbuffet__form-00__gender-none__palette-normal__walk-3x4.png	assets/pokemon-runtime-549/dex-202__species-wobbuffet__form-00__gender-none__palette-normal__walk-3x4.png	pokemon_medium		92d0f63f95694b4208815fb2d249ffd1361fcfd98eb78ddc14985a61847cf855	85fe30fc9bb0e005746935c685b699b4e34668d1067c59a0caac598682c2034b	13	16	da698cedb7dde7e0f38d6620a6d326267afaaf707c82e151cbe1e6613ee6471d	25be382bec0caa1f1db4a0422dac8c05e2c72f1aa87c05e78b376e8722b24e40	amorphous-ground-sway-v1
202	Wobbuffet	00	male	shiny	assets/pokemon-walksheets-549/dex-202__species-wobbuffet__form-00__gender-none__palette-shiny__walk-3x4.png	assets/pokemon-runtime-549/dex-202__species-wobbuffet__form-00__gender-none__palette-shiny__walk-3x4.png	pokemon_medium		e7d3bc5dd3436846a868d94a49d4671d846ba0bf646979612d75abcd996b9578	0fcc79e5986e46c1517c69a8604b6f56823c1bc7c0688ce3f02874f58ed4b6ab	13	16	543e0d8f12c01cf4997bc36a05da5832c57772bc613067d7d79b432c8f9330fe	25be382bec0caa1f1db4a0422dac8c05e2c72f1aa87c05e78b376e8722b24e40	amorphous-ground-sway-v1
203	Girafarig	00	male	normal	assets/pokemon-walksheets-549/dex-203__species-girafarig__form-00__gender-none__palette-normal__walk-3x4.png	assets/pokemon-runtime-549/dex-203__species-girafarig__form-00__gender-none__palette-normal__walk-3x4.png	pokemon_medium		c2809a44eb26dfc8f80285f2988d59d3db0c44c423642740d9630524cfac0f5f	7160cb296e995419d2a1f77581291d528146d13cbeeef095879ce04bb0ecca3a	15	16	939899851f84a20a59d11c6c14d3ed1d29bf98605fdfa06d9c42cb162a9378d2	25be382bec0caa1f1db4a0422dac8c05e2c72f1aa87c05e78b376e8722b24e40	terrestrial-quadruped-light-v1
203	Girafarig	00	male	shiny	assets/pokemon-walksheets-549/dex-203__species-girafarig__form-00__gender-none__palette-shiny__walk-3x4.png	assets/pokemon-runtime-549/dex-203__species-girafarig__form-00__gender-none__palette-shiny__walk-3x4.png	pokemon_medium		b0703ac981a7ff93e1ac319ef24e0ef3e9601b8b4d43ec7f9e547cae278508bc	8d861adae7719ff7fbe4066d49b0b9da6eb0f2e2c90cd01f475378811df6ad7d	15	16	de813f0def265635ed0639905120d48287250caf1eb5de966272e456ef3fe401	25be382bec0caa1f1db4a0422dac8c05e2c72f1aa87c05e78b376e8722b24e40	terrestrial-quadruped-light-v1
204	Pineco	00	none	normal	assets/pokemon-walksheets-549/dex-204__species-pineco__form-00__gender-none__palette-normal__walk-3x4.png	assets/pokemon-runtime-549/dex-204__species-pineco__form-00__gender-none__palette-normal__walk-3x4.png	pokemon_medium		c76fb17a086af38f0e2bf4eec8d64ae199cad962f2c85039f13f65872baa27d4	3c78ed8b176fb9bc1115b3b98ef8fef9c4fa22400498d88dda972b62b150875d	15	16	56e36ae5c91e03e23e9ec3bc9e4c3ce8e5ad4f910dcfe03f0a2c8c3bd4c36575	25be382bec0caa1f1db4a0422dac8c05e2c72f1aa87c05e78b376e8722b24e40	rooted-or-cocoon-sway-v1
205	Forretress	00	none	normal	assets/pokemon-walksheets-549/dex-205__species-forretress__form-00__gender-none__palette-normal__walk-3x4.png	assets/pokemon-runtime-549/dex-205__species-forretress__form-00__gender-none__palette-normal__walk-3x4.png	pokemon_medium		154759af5b9563822666e7f898d4f5a0fe412759a4dd1048b1be9b75c9f01bba	dc7e00704767ba0e7b5526c54cd23154a3a43b66ec72608916e2f4476fddad42	15	15	da04f2902396f1f80a1e7226180954e678544298c6a49a8f3f19f9ad5232eb12	25be382bec0caa1f1db4a0422dac8c05e2c72f1aa87c05e78b376e8722b24e40	rooted-or-cocoon-sway-v1
206	Dunsparce	00	none	normal	assets/pokemon-walksheets-549/dex-206__species-dunsparce__form-00__gender-none__palette-normal__walk-3x4.png	assets/pokemon-runtime-549/dex-206__species-dunsparce__form-00__gender-none__palette-normal__walk-3x4.png	pokemon_medium		aa74666c7f0c9140f713d8a9d5bf8576624888dc668acb29241f31e1f7462170	fc933636070a896dd6350f64a2a8cfd44b7d6de17b8c5e9645dbb1a97b16514e	15	9	d2de1d32d5474bbd747e09181af9ff9b96882b88a1a9e6ff55493e7e3e1676b7	25be382bec0caa1f1db4a0422dac8c05e2c72f1aa87c05e78b376e8722b24e40	terrestrial-serpentine-wave-v1
207	Gligar	00	male	normal	assets/pokemon-walksheets-549/dex-207__species-gligar__form-00__gender-none__palette-normal__walk-3x4.png	assets/pokemon-runtime-549/dex-207__species-gligar__form-00__gender-none__palette-normal__walk-3x4.png	pokemon_medium		7b4254a37bbfb443a99bb0c8d9fd63c7dbb0f6f9cb9f4ab9a63db806d0550abe	655d9c9e3cc67267a84a8da051443fbef4e1e8afa34052e75d810d3f96afe8f8	15	16	d418982ffef72d535f508365e7247b818d78febb582b0035ad5b2237a8530aed	25be382bec0caa1f1db4a0422dac8c05e2c72f1aa87c05e78b376e8722b24e40	airborne-wing-flap-v1
207	Gligar	00	male	shiny	assets/pokemon-walksheets-549/dex-207__species-gligar__form-00__gender-none__palette-shiny__walk-3x4.png	assets/pokemon-runtime-549/dex-207__species-gligar__form-00__gender-none__palette-shiny__walk-3x4.png	pokemon_medium		2194ceaf7a361b53dd42b4c4097732f569e65a0661ab44f94a99683d30f1f1f1	a82b3fc7ff5eb3d89c0ae6768f1a6450c44316f7c66354445998e6e6d76f647b	15	16	e7186f49299c087ea36337bc5a9f70ffd447c93a9ccddfca1b900b155ebfd7fa	25be382bec0caa1f1db4a0422dac8c05e2c72f1aa87c05e78b376e8722b24e40	airborne-wing-flap-v1
208	Steelix	00	male	normal	assets/pokemon-walksheets-549/dex-208__species-steelix__form-00__gender-none__palette-normal__walk-3x4.png	assets/pokemon-runtime-549/dex-208__species-steelix__form-00__gender-none__palette-normal__walk-3x4.png	pokemon_medium		d5ee81c46870652e0ef7887a7f416d9bffb9522cbf76c7ea396de3b5f375861b	238d34382656eb5fed8fc98f7719a8b2b6c56de59d31ed227d24a4002b997b86	15	15	38ab0c7f21c9b806673b211e00ac34072d734419d449f4a73ea6c78ad0ecb988	25be382bec0caa1f1db4a0422dac8c05e2c72f1aa87c05e78b376e8722b24e40	terrestrial-serpentine-wave-v1
208	Steelix	00	male	shiny	assets/pokemon-walksheets-549/dex-208__species-steelix__form-00__gender-none__palette-shiny__walk-3x4.png	assets/pokemon-runtime-549/dex-208__species-steelix__form-00__gender-none__palette-shiny__walk-3x4.png	pokemon_medium		62db274f5e350c16b675eb83e9d43af31f8fe7307b0554d1cc8d23f0ed6bebc6	eab2532427e4ed6d3dfc59e571099a2572c251827ff0e08f6b0f3d2eefb4bce5	15	15	e9fdbba21dc22b471c5caba559e39462927e5046b7df4b18cfec87a36d654132	25be382bec0caa1f1db4a0422dac8c05e2c72f1aa87c05e78b376e8722b24e40	terrestrial-serpentine-wave-v1
209	Snubbull	00	none	normal	assets/pokemon-walksheets-549/dex-209__species-snubbull__form-00__gender-none__palette-normal__walk-3x4.png	assets/pokemon-runtime-549/dex-209__species-snubbull__form-00__gender-none__palette-normal__walk-3x4.png	pokemon_medium		6336b7fcfa298844bf21e756fd73b8fa993146bc7a3051bd75fefe7e203062a0	5a7f304c2425d8946de5c30466bd71d7527c32bd6e48326a77956777f84c449e	15	16	33a4463fde64ae8a2ea15b44a38ff01644b78c359ebc95e6a40b1d103fc894da	25be382bec0caa1f1db4a0422dac8c05e2c72f1aa87c05e78b376e8722b24e40	terrestrial-biped-light-v1
210	Granbull	00	none	normal	assets/pokemon-walksheets-549/dex-210__species-granbull__form-00__gender-none__palette-normal__walk-3x4.png	assets/pokemon-runtime-549/dex-210__species-granbull__form-00__gender-none__palette-normal__walk-3x4.png	pokemon_medium		af2a00ac9a76b82089a1a3c47dfcf48d8a4bf02c1d09358eeb1f32a79bfde207	51b83f8ca8028f852a60b680d865bc1a5fec8cdaa8da42f7321e2e68003513c6	15	16	5afd6823a3ec89df89f6fd56481dce6f430a0b609777a2f2dcb48e59f223217f	25be382bec0caa1f1db4a0422dac8c05e2c72f1aa87c05e78b376e8722b24e40	terrestrial-biped-light-v1
211	Qwilfish	00	none	normal	assets/pokemon-walksheets-549/dex-211__species-qwilfish__form-00__gender-none__palette-normal__walk-3x4.png	assets/pokemon-runtime-549/dex-211__species-qwilfish__form-00__gender-none__palette-normal__walk-3x4.png	pokemon_medium		bd836a6dd7616dd26aace76db07a86c1884e3f08677c99c470b648d2feba3f2e	d34ac28d16aadb15200145f4bd2b609bf72e279421f02f4c5c400f7de311a50a	15	14	9ccd12e0b78db74eba5c68573991f34682c75ff46101c01c79fbb483db7e8b9e	25be382bec0caa1f1db4a0422dac8c05e2c72f1aa87c05e78b376e8722b24e40	aquatic-fin-swim-v1
212	Scizor	00	male	normal	assets/pokemon-walksheets-549/dex-212__species-scizor__form-00__gender-none__palette-normal__walk-3x4.png	assets/pokemon-runtime-549/dex-212__species-scizor__form-00__gender-none__palette-normal__walk-3x4.png	pokemon_medium		08d59c70c09f18e05ef8f4f5b0f68f1aeb7cf61430d0ee1c8dae15617e8ace0a	0688453fba74f6aece2271a9570bc92224f9bd1f7f4ad4cc11fdd29180f22e7d	11	16	a1418d4f5bd563d5f8fc5b694f56db1165212eb41b94830663744daaeb9ccc6d	25be382bec0caa1f1db4a0422dac8c05e2c72f1aa87c05e78b376e8722b24e40	terrestrial-biped-light-v1
212	Scizor	00	male	shiny	assets/pokemon-walksheets-549/dex-212__species-scizor__form-00__gender-none__palette-shiny__walk-3x4.png	assets/pokemon-runtime-549/dex-212__species-scizor__form-00__gender-none__palette-shiny__walk-3x4.png	pokemon_medium		8262a7f602858918dbae68a392b95d4db3ca8e0d45dddd9a308871d4b8d60c8e	7e5fb5aec858928801ebf9973170c309f9704bb47f4542be6b3877e940fd232c	12	16	01a6a07dbf3d8901896f43ac928940b895dcf9f0e27faea13e3942d08dd0cf61	25be382bec0caa1f1db4a0422dac8c05e2c72f1aa87c05e78b376e8722b24e40	terrestrial-biped-light-v1
213	Shuckle	00	none	normal	assets/pokemon-walksheets-549/dex-213__species-shuckle__form-00__gender-none__palette-normal__walk-3x4.png	assets/pokemon-runtime-549/dex-213__species-shuckle__form-00__gender-none__palette-normal__walk-3x4.png	pokemon_medium		8f8e4937485faa5841f703816f4d26bbd97db186244251822469f3abaa96abd7	a0d5a4f3346febd267f6ac134a79fea08fdc2644cdcc4bbc15853b3c994821dd	15	14	be572c6ee2024bfb12e56d04452df34ae483383b73937816ba97cea860f24a6d	25be382bec0caa1f1db4a0422dac8c05e2c72f1aa87c05e78b376e8722b24e40	terrestrial-multiped-crawl-v1
214	Heracross	00	male	normal	assets/pokemon-walksheets-549/dex-214__species-heracross__form-00__gender-none__palette-normal__walk-3x4.png	assets/pokemon-runtime-549/dex-214__species-heracross__form-00__gender-none__palette-normal__walk-3x4.png	pokemon_medium		507460ae4308078606f30350a79d1a035121eb45efc07aa25954dfe4c636092d	67e7abfa25f141a6df7207fb45ca229fd017926ebdc152f04ea82fca44b3f5ae	15	16	f0b8df5dbe3f884f4aef8c037ba884572c6fd24d33bc96e1c8d8cc55a4501bff	25be382bec0caa1f1db4a0422dac8c05e2c72f1aa87c05e78b376e8722b24e40	terrestrial-biped-light-v1
214	Heracross	00	male	shiny	assets/pokemon-walksheets-549/dex-214__species-heracross__form-00__gender-none__palette-shiny__walk-3x4.png	assets/pokemon-runtime-549/dex-214__species-heracross__form-00__gender-none__palette-shiny__walk-3x4.png	pokemon_medium		2cb916cf6eec2f7b53f00d09b62c6f3e0ca1a8cc1f73e56bf61744ef9eebffa4	976b7309f8a659a9859df2379e37dc121d6763529f9459ee55e26eadeea26263	15	16	a4fa2b33e62346ee5e1f8e98443009fef60bea142fb4808626320acebdf2d775	25be382bec0caa1f1db4a0422dac8c05e2c72f1aa87c05e78b376e8722b24e40	terrestrial-biped-light-v1
215	Sneasel	00	male	normal	assets/pokemon-walksheets-549/dex-215__species-sneasel__form-00__gender-none__palette-normal__walk-3x4.png	assets/pokemon-runtime-549/dex-215__species-sneasel__form-00__gender-none__palette-normal__walk-3x4.png	pokemon_medium		ea126f34ad3737f092bb530521f762ff1a5fe94adad1d383f552234e004b75ac	9f99346dce5f6129aebd9373d4263b97930da1f7aa0ad7b988e434f733a13402	12	16	a63fa770194fc1d152b15cfe6418b723a5373c39a0a2107e7484f1eb0a6b1286	25be382bec0caa1f1db4a0422dac8c05e2c72f1aa87c05e78b376e8722b24e40	terrestrial-biped-light-v1
215	Sneasel	00	male	shiny	assets/pokemon-walksheets-549/dex-215__species-sneasel__form-00__gender-none__palette-shiny__walk-3x4.png	assets/pokemon-runtime-549/dex-215__species-sneasel__form-00__gender-none__palette-shiny__walk-3x4.png	pokemon_medium		7145d40e673d2407fc4713d37f55b0b04a7d7a727b03707b81edb75496390f27	01b7032a6933b171f4443d07f085ae29e9e5c4c525a3e4eb32ac7f6987484b16	12	16	46ada041580e5ecdf3b7f96555b93c742125f306f48923fc176432e381509d26	25be382bec0caa1f1db4a0422dac8c05e2c72f1aa87c05e78b376e8722b24e40	terrestrial-biped-light-v1
216	Teddiursa	00	none	normal	assets/pokemon-walksheets-549/dex-216__species-teddiursa__form-00__gender-none__palette-normal__walk-3x4.png	assets/pokemon-runtime-549/dex-216__species-teddiursa__form-00__gender-none__palette-normal__walk-3x4.png	pokemon_medium		d9c6272544510f7b77408230a4f35b54517b7c96c7d87d82b11bd0fcfabed753	7a6f2384548fe4b62402ee593a99313e9a26e2b0096a2ec84bc8fe9a5cc9ba8f	13	16	e995b205ae2bfcdd4571aa3341e366228ae2d82df983e01d31bb90e36059394b	25be382bec0caa1f1db4a0422dac8c05e2c72f1aa87c05e78b376e8722b24e40	terrestrial-biped-light-v1
217	Ursaring	00	male	normal	assets/pokemon-walksheets-549/dex-217__species-ursaring__form-00__gender-none__palette-normal__walk-3x4.png	assets/pokemon-runtime-549/dex-217__species-ursaring__form-00__gender-none__palette-normal__walk-3x4.png	pokemon_medium		314c3e3ff5d35df810ebd230e5f51d6e18ac8d9c1c6388ad1079b1b9c88793b3	e83cf5b15454ec7c7835269766659a1fa441fd002d1445bee32620232385713e	15	16	cd1a18420d9f729ce2ad47b7147916f92b54dea81f61707ee8c4e4fd9f374d2f	25be382bec0caa1f1db4a0422dac8c05e2c72f1aa87c05e78b376e8722b24e40	terrestrial-biped-heavy-v1
217	Ursaring	00	male	shiny	assets/pokemon-walksheets-549/dex-217__species-ursaring__form-00__gender-none__palette-shiny__walk-3x4.png	assets/pokemon-runtime-549/dex-217__species-ursaring__form-00__gender-none__palette-shiny__walk-3x4.png	pokemon_medium		3321083f982b7f045eced2705ce36700a9ae78e647e469683c48b44af7e6f42e	0d029de30e260f4f9d2b10d80c4dcc388c79d6afafa120f68790ccde1edc9054	15	16	91af04eb2d6f42486986cc2ec1728e798dbfe77877b432223088248240cee354	25be382bec0caa1f1db4a0422dac8c05e2c72f1aa87c05e78b376e8722b24e40	terrestrial-biped-heavy-v1
218	Slugma	00	none	normal	assets/pokemon-walksheets-549/dex-218__species-slugma__form-00__gender-none__palette-normal__walk-3x4.png	assets/pokemon-runtime-549/dex-218__species-slugma__form-00__gender-none__palette-normal__walk-3x4.png	pokemon_medium		7efe5641cdbc3bd9f7fbbfd82c43a34e235df86b7fb94ebf129fc63178b5d407	284cecba3b4c15417e3d091a41df2f76934981c3421d2eda4acc5239a9845ad6	15	16	c7243cabc862c8858b244c1eaf85f401afb160aa99426c08791fc24d58d3d12f	25be382bec0caa1f1db4a0422dac8c05e2c72f1aa87c05e78b376e8722b24e40	terrestrial-serpentine-wave-v1
219	Magcargo	00	none	normal	assets/pokemon-walksheets-549/dex-219__species-magcargo__form-00__gender-none__palette-normal__walk-3x4.png	assets/pokemon-runtime-549/dex-219__species-magcargo__form-00__gender-none__palette-normal__walk-3x4.png	pokemon_medium		788e78db8fae4501f15f471bd2fba2e11eb27f9d46842b7a42443c181f3a31fe	94af20cb3358d6aa1e99e547aad19cb1a5ba81a76040eb5c09a99aae3b1cfd76	14	16	bebd741d3e1a1c216997721feba0ae1eb06617c853c468a9ab84f733d33e7662	25be382bec0caa1f1db4a0422dac8c05e2c72f1aa87c05e78b376e8722b24e40	terrestrial-serpentine-wave-v1
220	Swinub	00	none	normal	assets/pokemon-walksheets-549/dex-220__species-swinub__form-00__gender-none__palette-normal__walk-3x4.png	assets/pokemon-runtime-549/dex-220__species-swinub__form-00__gender-none__palette-normal__walk-3x4.png	pokemon_medium		21f424db59bcb85d583498c79befa8655e83faee44355ee24de59049821c822c	80d549c9a07ca0012c0e9cf6ff794b4657a57d26b62a4a2495ae17447f51d496	15	11	2db18d7a762b0a115f27cad49b1332a862332ddef4c211176ac7c0d2b8e4eeca	25be382bec0caa1f1db4a0422dac8c05e2c72f1aa87c05e78b376e8722b24e40	terrestrial-quadruped-light-v1
221	Piloswine	00	male	normal	assets/pokemon-walksheets-549/dex-221__species-piloswine__form-00__gender-none__palette-normal__walk-3x4.png	assets/pokemon-runtime-549/dex-221__species-piloswine__form-00__gender-none__palette-normal__walk-3x4.png	pokemon_medium		d3a7b41315e6875d95151969652988909f57b258e37fb51183298e0f915e3635	df140d3c1c4b89ff4a9c68e6a963f66235eb84c0387228e658d7b9c284b02139	15	16	093add8dee2a6e7a35eb3942f4c7634c0bd6f9f5bc02676f05735566e3df0fc1	25be382bec0caa1f1db4a0422dac8c05e2c72f1aa87c05e78b376e8722b24e40	terrestrial-quadruped-heavy-v1
221	Piloswine	00	male	shiny	assets/pokemon-walksheets-549/dex-221__species-piloswine__form-00__gender-none__palette-shiny__walk-3x4.png	assets/pokemon-runtime-549/dex-221__species-piloswine__form-00__gender-none__palette-shiny__walk-3x4.png	pokemon_medium		5116811bed55e5d731058f930c3400a1e0c2ce29bd4c8c5767faadc783c7c2a8	a6b23893937cdc41a5269b37335936f2f2666b39ccc184fde80bb3f53300a6c9	15	16	a434e5131329f81d7b809e211406c68342c03eee6c127891e29eb7716f87aa17	25be382bec0caa1f1db4a0422dac8c05e2c72f1aa87c05e78b376e8722b24e40	terrestrial-quadruped-heavy-v1
222	Corsola	00	none	normal	assets/pokemon-walksheets-549/dex-222__species-corsola__form-00__gender-none__palette-normal__walk-3x4.png	assets/pokemon-runtime-549/dex-222__species-corsola__form-00__gender-none__palette-normal__walk-3x4.png	pokemon_medium		2425a509cb23c18e0aabcb009b4e6b5dd5f5df425b7d7bdb09609bf0b5112db3	a0febd8b3e2efa4e00d91bc44e7e98f3ccd7c24c4057438e5e3631a1faa969ff	15	16	00bf3b6b25313f97ac0c2f8ebb0fddf82e55b34764fd856520404edc87e95ded	25be382bec0caa1f1db4a0422dac8c05e2c72f1aa87c05e78b376e8722b24e40	rooted-or-cocoon-sway-v1
223	Remoraid	00	none	normal	assets/pokemon-walksheets-549/dex-223__species-remoraid__form-00__gender-none__palette-normal__walk-3x4.png	assets/pokemon-runtime-549/dex-223__species-remoraid__form-00__gender-none__palette-normal__walk-3x4.png	pokemon_medium		a855b53e26f83478971da8041735e4dcf18d7606ca342e46a12146934156db9e	72710ec4339fe06ef686aee4e76ef491a919af41eb94fa1f8f10817daf2baabb	15	16	8587c53b0729bf1d67f56d0c673bd1ab83db194e30ea383ee7c302d1687564d1	25be382bec0caa1f1db4a0422dac8c05e2c72f1aa87c05e78b376e8722b24e40	aquatic-fin-swim-v1
224	Octillery	00	male	normal	assets/pokemon-walksheets-549/dex-224__species-octillery__form-00__gender-none__palette-normal__walk-3x4.png	assets/pokemon-runtime-549/dex-224__species-octillery__form-00__gender-none__palette-normal__walk-3x4.png	pokemon_medium		ad14014e35124e239a4ad784d6dc0197201e7447ec237d5ee2d7aa21e53638de	22fad13279b7a41c483b02d652e22d0f5d4d8285ca90196df4bbca032c1c7a65	15	12	212be94c3910f05b0fad171764d646b3aad298eaac2df1d6453e8dc24289710a	25be382bec0caa1f1db4a0422dac8c05e2c72f1aa87c05e78b376e8722b24e40	aquatic-paddle-bob-v1
224	Octillery	00	male	shiny	assets/pokemon-walksheets-549/dex-224__species-octillery__form-00__gender-none__palette-shiny__walk-3x4.png	assets/pokemon-runtime-549/dex-224__species-octillery__form-00__gender-none__palette-shiny__walk-3x4.png	pokemon_medium		7682e89281e902e093e3a3c17731b7683c51956a56e7fd3317759ac04002725e	9591c3f5239e86be472eaaf1a132ddfcb3f8f8fcef8ab15a8a64d46b415addbf	15	12	c15d7a34e05ec737e2c24b1de6a0b2786fce036ba84f4a47740403bf382b0d1f	25be382bec0caa1f1db4a0422dac8c05e2c72f1aa87c05e78b376e8722b24e40	aquatic-paddle-bob-v1
225	Delibird	00	none	normal	assets/pokemon-walksheets-549/dex-225__species-delibird__form-00__gender-none__palette-normal__walk-3x4.png	assets/pokemon-runtime-549/dex-225__species-delibird__form-00__gender-none__palette-normal__walk-3x4.png	pokemon_medium		a0c266457a765da488103107881d5bedcaafe97de7dd5d62b223e8aac43a046f	127b194e71dce7ad9ee1303c3ce052844f51ce58ac494557ee9d44c2be4cb0ac	14	16	0c65d17e0abeafbcbf9373e76e6972a4b56304235f0b39e2b908f32be5ad3811	25be382bec0caa1f1db4a0422dac8c05e2c72f1aa87c05e78b376e8722b24e40	terrestrial-biped-light-v1
226	Mantine	00	none	normal	assets/pokemon-walksheets-549/dex-226__species-mantine__form-00__gender-none__palette-normal__walk-3x4.png	assets/pokemon-runtime-549/dex-226__species-mantine__form-00__gender-none__palette-normal__walk-3x4.png	pokemon_medium		be997205b6ef43ee42dec9a8c9e31899c861a5312d3ae2351005adaa66afc48e	7450a6f76f8d67761be97bb104964e1984fe3882c6ab8e1e9af2db7011cb373c	15	6	b1aaadd62558a6ad386b1e801c54a9518b3d40af4839f957f5f33fa1ff6873c9	25be382bec0caa1f1db4a0422dac8c05e2c72f1aa87c05e78b376e8722b24e40	aquatic-fin-swim-v1
227	Skarmory	00	none	normal	assets/pokemon-walksheets-549/dex-227__species-skarmory__form-00__gender-none__palette-normal__walk-3x4.png	assets/pokemon-runtime-549/dex-227__species-skarmory__form-00__gender-none__palette-normal__walk-3x4.png	pokemon_medium		cff72d9787d97f189b7a186303373fd4e9a1a88bb66773f9abbf9f70fddcc874	53962e7869e5bddbdc527d62cacb1e4d066b4fa5543deba44964d15bd9772652	15	10	cb54fbb85dad7e647d1d3760611211a9426d78c8a5a4685a10efedb1d5704770	25be382bec0caa1f1db4a0422dac8c05e2c72f1aa87c05e78b376e8722b24e40	airborne-wing-flap-v1
228	Houndour	00	none	normal	assets/pokemon-walksheets-549/dex-228__species-houndour__form-00__gender-none__palette-normal__walk-3x4.png	assets/pokemon-runtime-549/dex-228__species-houndour__form-00__gender-none__palette-normal__walk-3x4.png	pokemon_medium		937ba119e80a5aac53836e1b7b1fdf179079220ff21630a9b300f111745e8cf5	03f56c5dedfad7db339a3269f9023cb559a76723f0ac683ee043930a9473f3fe	15	16	c543da980e38bd89982a4cebdffe7d896961fbb09a2880e7d52af20f76764d67	25be382bec0caa1f1db4a0422dac8c05e2c72f1aa87c05e78b376e8722b24e40	terrestrial-quadruped-light-v1
229	Houndoom	00	male	normal	assets/pokemon-walksheets-549/dex-229__species-houndoom__form-00__gender-none__palette-normal__walk-3x4.png	assets/pokemon-runtime-549/dex-229__species-houndoom__form-00__gender-none__palette-normal__walk-3x4.png	pokemon_medium		62006f718ae13a2fd119e5774d705cf95ce55b07c37858f22086c3a7129f22f8	c4c6126791b2f837c02ee716f6062f9a2baa714aa51d80dc126e7adb240236f3	15	16	0b0def3ed9a93e43eb48c775a6c74796f33fcd5fe218e43d082346417bc83de3	25be382bec0caa1f1db4a0422dac8c05e2c72f1aa87c05e78b376e8722b24e40	terrestrial-quadruped-light-v1
229	Houndoom	00	male	shiny	assets/pokemon-walksheets-549/dex-229__species-houndoom__form-00__gender-none__palette-shiny__walk-3x4.png	assets/pokemon-runtime-549/dex-229__species-houndoom__form-00__gender-none__palette-shiny__walk-3x4.png	pokemon_medium		4dbee8e6f75957695f7c3807a6345f65716b83601a42463bcea43de0d76fd1ac	d80ccece6c33e4427a84d471f8d33df1cc4fb415bab0f27d2a825ae7181b745d	15	16	4b7d5c2d81489b0704bd38c05877806ac90e9bb20daa30612c7651d91f0704ba	25be382bec0caa1f1db4a0422dac8c05e2c72f1aa87c05e78b376e8722b24e40	terrestrial-quadruped-light-v1
230	Kingdra	00	none	normal	assets/pokemon-walksheets-549/dex-230__species-kingdra__form-00__gender-none__palette-normal__walk-3x4.png	assets/pokemon-runtime-549/dex-230__species-kingdra__form-00__gender-none__palette-normal__walk-3x4.png	pokemon_medium		9846d659d956951fce965d3adfa303c57a18f900811aba711c9667a20917e4ea	0ca59e67050a23a6313a476e106cd70336e92497f7b1d93fa7e7a6b01a59a73f	14	16	66a0191f0a5a711456470fcd7e9b2dcf248093d2eb0abb7478d308ce6b590220	25be382bec0caa1f1db4a0422dac8c05e2c72f1aa87c05e78b376e8722b24e40	aquatic-serpentine-swim-v1
231	Phanpy	00	none	normal	assets/pokemon-walksheets-549/dex-231__species-phanpy__form-00__gender-none__palette-normal__walk-3x4.png	assets/pokemon-runtime-549/dex-231__species-phanpy__form-00__gender-none__palette-normal__walk-3x4.png	pokemon_medium		59b6fceb933d44fbe061d56e86f07b026053441b59444f9579f75fe5c9800055	fc1e02ac00fd2741de035d6bdc159396a0b03efe80b139930db94a4d4438e738	15	13	ba3588fdb2a6efa8d2005517779688d07a5805c6019ebec7dc135ec130b1df11	25be382bec0caa1f1db4a0422dac8c05e2c72f1aa87c05e78b376e8722b24e40	terrestrial-quadruped-light-v1
232	Donphan	00	male	normal	assets/pokemon-walksheets-549/dex-232__species-donphan__form-00__gender-none__palette-normal__walk-3x4.png	assets/pokemon-runtime-549/dex-232__species-donphan__form-00__gender-none__palette-normal__walk-3x4.png	pokemon_medium		15d12588024c87d2680a902a12dceffd937931953b06b5eab9e91a59c9973db1	77b0caf703c70e86537aba15e36e153a035016c782cce1c880f12b971ae11cfd	15	9	9ad56293952822481160166578f55d41fdf91d38dd6198a04f88c3cdc2fd82e5	25be382bec0caa1f1db4a0422dac8c05e2c72f1aa87c05e78b376e8722b24e40	terrestrial-quadruped-heavy-v1
232	Donphan	00	male	shiny	assets/pokemon-walksheets-549/dex-232__species-donphan__form-00__gender-none__palette-shiny__walk-3x4.png	assets/pokemon-runtime-549/dex-232__species-donphan__form-00__gender-none__palette-shiny__walk-3x4.png	pokemon_medium		7f9df8219c48ebe2802253616faabc63b26416eb15aa6968e02a046fa0a67696	0df259ac1a94452e2e0712063a18534604661f5af71c3d406d36d7f898a31814	15	9	c9aa0e5b15e505fcda729b55769791f297cea6bef5462894dfa360def8250b59	25be382bec0caa1f1db4a0422dac8c05e2c72f1aa87c05e78b376e8722b24e40	terrestrial-quadruped-heavy-v1
233	Porygon2	00	none	normal	assets/pokemon-walksheets-549/dex-233__species-porygon2__form-00__gender-none__palette-normal__walk-3x4.png	assets/pokemon-runtime-549/dex-233__species-porygon2__form-00__gender-none__palette-normal__walk-3x4.png	pokemon_medium		0ec9151630d7c8d6112d96891ebaf386068667cda25e393056d04e3cd14a86e1	4a92a4fa4d0a776962e3624e17d17fa340e717e191244657e00b012834a1543d	15	16	1ff6fd1a3a96001599016e3de2c4c4b46570d67a0b7d6aedd958201bb886dce4	25be382bec0caa1f1db4a0422dac8c05e2c72f1aa87c05e78b376e8722b24e40	airborne-hover-bob-v1
234	Stantler	00	none	normal	assets/pokemon-walksheets-549/dex-234__species-stantler__form-00__gender-none__palette-normal__walk-3x4.png	assets/pokemon-runtime-549/dex-234__species-stantler__form-00__gender-none__palette-normal__walk-3x4.png	pokemon_medium		0b4be65772502fc98617364133361d8ae8bf3ea2e9c23f475e9b3d132d219240	70728837fe4f58a6eb3a63b920d36a51d8c869d1a134a20841fc758c95c9e1a2	13	16	92e9a2425f3b1e71d0e19e09ffcd8f31bf1954f584ca8e85d202d489f4df9961	25be382bec0caa1f1db4a0422dac8c05e2c72f1aa87c05e78b376e8722b24e40	terrestrial-quadruped-light-v1
235	Smeargle	00	none	normal	assets/pokemon-walksheets-549/dex-235__species-smeargle__form-00__gender-none__palette-normal__walk-3x4.png	assets/pokemon-runtime-549/dex-235__species-smeargle__form-00__gender-none__palette-normal__walk-3x4.png	pokemon_medium		ba9f9af9551b7facb80ac1c221212eb3bbd1e2092339d18871c91576932c5689	b564f2530a4d67ba4d3a1ee6e0169f30ad706a2a5fe2ee7ba4305d5922b9c6df	13	16	82c812e57c3bc57e2ff91fad3b931ec1a027cbba704eeb36a35794fee1e553f3	25be382bec0caa1f1db4a0422dac8c05e2c72f1aa87c05e78b376e8722b24e40	terrestrial-biped-light-v1
236	Tyrogue	00	none	normal	assets/pokemon-walksheets-549/dex-236__species-tyrogue__form-00__gender-none__palette-normal__walk-3x4.png	assets/pokemon-runtime-549/dex-236__species-tyrogue__form-00__gender-none__palette-normal__walk-3x4.png	pokemon_medium		18ccea5328dbb136170877703f3d62175ed17390e35520d7f6f94cdcd302bc2e	03df2b9472c8ce86832a67b89966cb298dae3fa10ed7552be5f27d137a168d33	11	16	3922e4d0a6d53778abcc8fe5d7a492b9fac8047c4c7110bed513c708ec14e515	25be382bec0caa1f1db4a0422dac8c05e2c72f1aa87c05e78b376e8722b24e40	terrestrial-biped-light-v1
237	Hitmontop	00	none	normal	assets/pokemon-walksheets-549/dex-237__species-hitmontop__form-00__gender-none__palette-normal__walk-3x4.png	assets/pokemon-runtime-549/dex-237__species-hitmontop__form-00__gender-none__palette-normal__walk-3x4.png	pokemon_medium		281f7d60a11d0c591d3f3c3a37129c90fd9f1016155c80519e79b0a215575d37	293e34e5eb34a6a589093576370b3c494ad7bc3eb7f765e73bf4f8da7a75ecac	14	16	220ac7660a374f18d5ac3b4c3459886b24f5594524cf9a0b75219765c316bbb1	25be382bec0caa1f1db4a0422dac8c05e2c72f1aa87c05e78b376e8722b24e40	terrestrial-biped-light-v1
237	Hitmontop	00	none	shiny	assets/pokemon-walksheets-549/dex-237__species-hitmontop__form-00__gender-none__palette-shiny__walk-3x4.png	assets/pokemon-runtime-549/dex-237__species-hitmontop__form-00__gender-none__palette-shiny__walk-3x4.png	pokemon_medium		20ee59b294a12f6b74422ed2423144f875dc337d63c3b187dc295640b525d0c0	440ee030be8c8f15433d6890fd5a7cc721e2970e3e5a0b346538b18ae9c22131	14	16	680025c8eb45f5c8480760edd7d380086f7936731176b4f8cc7b4ccd0ec3387d	25be382bec0caa1f1db4a0422dac8c05e2c72f1aa87c05e78b376e8722b24e40	terrestrial-biped-light-v1
238	Smoochum	00	none	normal	assets/pokemon-walksheets-549/dex-238__species-smoochum__form-00__gender-none__palette-normal__walk-3x4.png	assets/pokemon-runtime-549/dex-238__species-smoochum__form-00__gender-none__palette-normal__walk-3x4.png	pokemon_medium		adac2eafd0248cc1eac849346ddda678412bf668a8bcbc40b4ae04de41009c1f	fd262b885713ac798b0d2bc2cdf7ee19cd69fccc55035ca4e2d94c0a805cf8a7	12	16	ac1a01932563a325f425beceae4fc00efaada8764d743186c6d03a4990d876ed	25be382bec0caa1f1db4a0422dac8c05e2c72f1aa87c05e78b376e8722b24e40	terrestrial-biped-light-v1
239	Elekid	00	none	normal	assets/pokemon-walksheets-549/dex-239__species-elekid__form-00__gender-none__palette-normal__walk-3x4.png	assets/pokemon-runtime-549/dex-239__species-elekid__form-00__gender-none__palette-normal__walk-3x4.png	pokemon_medium		b96577784177b9199d23c25d47b0af54ceb305a2b7251b1e39554e4c19b8bdca	357f4cab8153a4509370859588306f6b6df8cdc75a0d9af1c921d70b99d4887b	15	16	26ee0621644cfe835f3299842505e6df9b2b409619c60e8567a22c4007764edf	25be382bec0caa1f1db4a0422dac8c05e2c72f1aa87c05e78b376e8722b24e40	terrestrial-biped-light-v1
239	Elekid	00	none	shiny	assets/pokemon-walksheets-549/dex-239__species-elekid__form-00__gender-none__palette-shiny__walk-3x4.png	assets/pokemon-runtime-549/dex-239__species-elekid__form-00__gender-none__palette-shiny__walk-3x4.png	pokemon_medium		3ad5a62d700e57bfcaee147b654730de97fdf34043f44e1361a36038b8b74c4b	928adb714abe16da909095aab411ad032e4850bc91fd14bdb637ef43299ec6d1	15	16	4bd6e4e3657b8444e11eab7f3b0b38442b2eeb6dd11f3a03542ed208b9365214	25be382bec0caa1f1db4a0422dac8c05e2c72f1aa87c05e78b376e8722b24e40	terrestrial-biped-light-v1
240	Magby	00	none	normal	assets/pokemon-walksheets-549/dex-240__species-magby__form-00__gender-none__palette-normal__walk-3x4.png	assets/pokemon-runtime-549/dex-240__species-magby__form-00__gender-none__palette-normal__walk-3x4.png	pokemon_medium		724f3ba62e0dd2d6f4cd3f33b4d28409fae8e92c476ad7cd98840b7615187102	5bf1a1ebefef472bdee1d8260d1ac7fb662d569cc9a57e95775e91d3e639bb74	12	16	8d8e2a6aa925bb845b038d0b8d8116e8931f68a5f29b46b3949e4fd122b07b9c	25be382bec0caa1f1db4a0422dac8c05e2c72f1aa87c05e78b376e8722b24e40	terrestrial-biped-light-v1
241	Miltank	00	none	normal	assets/pokemon-walksheets-549/dex-241__species-miltank__form-00__gender-none__palette-normal__walk-3x4.png	assets/pokemon-runtime-549/dex-241__species-miltank__form-00__gender-none__palette-normal__walk-3x4.png	pokemon_medium		6c3e1aeca788e2c71077a94f83da0b8731feffbf76d4e440e7525c83e3122136	fefb4112aac32ce7c033bce2268bbb2150107280f84200fa2edb67aae01bdab8	15	16	715854e811ef9a598f5ff8d81449716c491bf47dc44d5661bda2049b69a087bd	25be382bec0caa1f1db4a0422dac8c05e2c72f1aa87c05e78b376e8722b24e40	terrestrial-biped-heavy-v1
242	Blissey	00	none	normal	assets/pokemon-walksheets-549/dex-242__species-blissey__form-00__gender-none__palette-normal__walk-3x4.png	assets/pokemon-runtime-549/dex-242__species-blissey__form-00__gender-none__palette-normal__walk-3x4.png	pokemon_medium		4b754ce89394cd25e1b2596efa6e7ad5bcf2a14547a1caf58e04ad877eadcded	40258f17d5567f757be185de7cc6a7d1c196e7e988f1b986981bafd2d9d26886	15	16	c0ee427456a3d3e9a7f89c4e11c0d1e6a6d84f75922157532c24818f5bdd2863	25be382bec0caa1f1db4a0422dac8c05e2c72f1aa87c05e78b376e8722b24e40	terrestrial-biped-heavy-v1
243	Raikou	00	none	normal	assets/pokemon-walksheets-549/dex-243__species-raikou__form-00__gender-none__palette-normal__walk-3x4.png	assets/pokemon-runtime-549/dex-243__species-raikou__form-00__gender-none__palette-normal__walk-3x4.png	pokemon_medium		da5513728baeb7611f2f1d0bbaa72af84fa823fd5d6f43a32fa8cd9ac77fb260	722416efe1d25a6356bb74ae39c6b0faca2475bc553bc75a3f174d603673feb9	15	16	9aa77fc8a8312281f40c38aa8b19987e0c51670a7d95c9c97ec5955e971c84e3	25be382bec0caa1f1db4a0422dac8c05e2c72f1aa87c05e78b376e8722b24e40	terrestrial-quadruped-heavy-v1
244	Entei	00	none	normal	assets/pokemon-walksheets-549/dex-244__species-entei__form-00__gender-none__palette-normal__walk-3x4.png	assets/pokemon-runtime-549/dex-244__species-entei__form-00__gender-none__palette-normal__walk-3x4.png	pokemon_medium		fc06a159544e89ce0867180bc013a5991b933bf54c8c4ba7bb8b17eb8bfe2b17	2f6ba5b30c1a33894acc7202ca2f06d7f354d6f8b7392985190faffad21935e4	15	16	ee681362f8bd693a0f7efa443fdc4a6af608016f52984d0c2a0947e6e5ef19bc	25be382bec0caa1f1db4a0422dac8c05e2c72f1aa87c05e78b376e8722b24e40	terrestrial-quadruped-heavy-v1
245	Suicune	00	none	normal	assets/pokemon-walksheets-549/dex-245__species-suicune__form-00__gender-none__palette-normal__walk-3x4.png	assets/pokemon-runtime-549/dex-245__species-suicune__form-00__gender-none__palette-normal__walk-3x4.png	pokemon_medium		112f3ca981e52d2f1f8b479091e877e93b434df7d97671546b84ea5e0be54c0f	2cc6acb3cbecd7842287e28d78d496aa1d0907372842f1d2720251231e037242	15	16	bc48099a9957bd5554841895ea48dd064c957cf1bb210a20859991562fa9076e	25be382bec0caa1f1db4a0422dac8c05e2c72f1aa87c05e78b376e8722b24e40	terrestrial-quadruped-heavy-v1
246	Larvitar	00	none	normal	assets/pokemon-walksheets-549/dex-246__species-larvitar__form-00__gender-none__palette-normal__walk-3x4.png	assets/pokemon-runtime-549/dex-246__species-larvitar__form-00__gender-none__palette-normal__walk-3x4.png	pokemon_medium		97aee081820ac88783701d51f3fc763d147a678342dedb4dd0c45196c70e50a8	8ed0905804587f8125278a16202139fdf34ee552b38950e5bb84f6ca0fa17d21	12	16	f415c6f4265d464e674e6be387e07a5297667f33f61304a1a28265057b78a1e4	25be382bec0caa1f1db4a0422dac8c05e2c72f1aa87c05e78b376e8722b24e40	terrestrial-biped-light-v1
247	Pupitar	00	none	normal	assets/pokemon-walksheets-549/dex-247__species-pupitar__form-00__gender-none__palette-normal__walk-3x4.png	assets/pokemon-runtime-549/dex-247__species-pupitar__form-00__gender-none__palette-normal__walk-3x4.png	pokemon_medium		e305e41e66b5656211eaed984d03c7250efb5b6a8203c9133af46f96c030a975	8354b204b1725271fe3ccaa4fee13e5badf6bddf7452aa608c3db8708a23cddf	13	16	fc015fb1df87978b994f2cd6cf1dce98c20117b0918f64144269ac1cf605d13f	25be382bec0caa1f1db4a0422dac8c05e2c72f1aa87c05e78b376e8722b24e40	ground-hop-bounce-v1
248	Tyranitar	00	none	normal	assets/pokemon-walksheets-549/dex-248__species-tyranitar__form-00__gender-none__palette-normal__walk-3x4.png	assets/pokemon-runtime-549/dex-248__species-tyranitar__form-00__gender-none__palette-normal__walk-3x4.png	pokemon_medium		95ea55aba5c8033a98610dc1fa237c730af8e3fce8b80c0cec23def953ba9b2d	93328d308f7af24d1b20e13d9a13ec9d4c721f5713dc01fbb4bf1a77f1db6c2f	15	16	ce3fe6f4008df0e12a841c168b9e49ee9a1b715a7a6623970089dca8781ea9da	25be382bec0caa1f1db4a0422dac8c05e2c72f1aa87c05e78b376e8722b24e40	terrestrial-biped-heavy-v1
249	Lugia	00	none	normal	assets/pokemon-walksheets-549/dex-249__species-lugia__form-00__gender-none__palette-normal__walk-3x4.png	assets/pokemon-runtime-549/dex-249__species-lugia__form-00__gender-none__palette-normal__walk-3x4.png	pokemon_medium		5858949e21d055d8ca81e6fa9da6625d17ac778737a89db7d95e6fd3e28cf57f	bc00d31fed264868d05c0a599d380366a733c795f4988f865fab39de1c19aa47	15	11	201152038c7019c5b355dec63555d2d1d411cc7aea3f6fbb470746cc73d31e59	25be382bec0caa1f1db4a0422dac8c05e2c72f1aa87c05e78b376e8722b24e40	airborne-wing-flap-v1
249	Lugia	00	none	shiny	assets/pokemon-walksheets-549/dex-249__species-lugia__form-00__gender-none__palette-shiny__walk-3x4.png	assets/pokemon-runtime-549/dex-249__species-lugia__form-00__gender-none__palette-shiny__walk-3x4.png	pokemon_medium		10df82acaf8c540712cce15a3032467873a630b1d753748904f64b158896ec60	a304264480a023359e4b4749945fef8406882ef768cd3be8b4c272660a4fb8b7	15	11	54e4f0b7cc3062e4b6a3d610cbd8db5490d0b0cd2162041cc4d7be92604d5ee4	25be382bec0caa1f1db4a0422dac8c05e2c72f1aa87c05e78b376e8722b24e40	airborne-wing-flap-v1
250	Ho-Oh	00	none	normal	assets/pokemon-walksheets-549/dex-250__species-hooh__form-00__gender-none__palette-normal__walk-3x4.png	assets/pokemon-runtime-549/dex-250__species-hooh__form-00__gender-none__palette-normal__walk-3x4.png	pokemon_medium		ea2285a9543690766033e8c800ab36e4efba7ba4abda26135b4bb80fd4a7aa0b	fce76255be599c68f641fb8b90b7105bf25055dfe597294cef57b4d3eec058b7	13	16	858a72e56d8cdac4a0307444fdc77534a332176fd3839fe2bab77a60aebaae61	25be382bec0caa1f1db4a0422dac8c05e2c72f1aa87c05e78b376e8722b24e40	airborne-wing-flap-v1
251	Celebi	00	none	normal	assets/pokemon-walksheets-549/dex-251__species-celebi__form-00__gender-none__palette-normal__walk-3x4.png	assets/pokemon-runtime-549/dex-251__species-celebi__form-00__gender-none__palette-normal__walk-3x4.png	pokemon_medium		82a781d2e3c9da56c912401db90dba9469386066d745a6fdbe653c6694f3bfc7	cd0acbb01297090d69607046a9d6d2f0c9561604969613b766eb943aac04892a	15	16	04c6f324e962a1f097155ed5e8b21bed1e33d9b44cae7d1c09653da2c632a29f	25be382bec0caa1f1db4a0422dac8c05e2c72f1aa87c05e78b376e8722b24e40	airborne-wing-flap-v1
255	Torchic	00	male	normal	assets/pokemon-walksheets-549/dex-255__species-torchic__form-00__gender-none__palette-normal__walk-3x4.png	assets/pokemon-runtime-549/dex-255__species-torchic__form-00__gender-none__palette-normal__walk-3x4.png	pokemon_medium		c50e45f5bff7b28c50c1481f69eabd7171fffb87706945ca4eb092329920eeb4	72ac0542d74f3393cf3af28cb06632006ef6e3bac9a954b368a79ba8ef77dd54	9	16	dc463110d2bf3b26fb480330dcb99cf9be141425806300b3bde116fb986e706d	25be382bec0caa1f1db4a0422dac8c05e2c72f1aa87c05e78b376e8722b24e40	terrestrial-biped-light-v1
255	Torchic	00	male	shiny	assets/pokemon-walksheets-549/dex-255__species-torchic__form-00__gender-none__palette-shiny__walk-3x4.png	assets/pokemon-runtime-549/dex-255__species-torchic__form-00__gender-none__palette-shiny__walk-3x4.png	pokemon_medium		499f17a37e60422d4e7f17a8bdbcc62e6cee85aa63117ea79c32e8063951e00c	f250b3d2e74b940eb3ecb02ddd1a869a0b18b306496bf414cf39da655e654075	9	16	570bfae307c74df8b4100a5cdac7f69820e684dedcf6ee2a530c248e6262099f	25be382bec0caa1f1db4a0422dac8c05e2c72f1aa87c05e78b376e8722b24e40	terrestrial-biped-light-v1
256	Combusken	00	male	normal	assets/pokemon-walksheets-549/dex-256__species-combusken__form-00__gender-none__palette-normal__walk-3x4.png	assets/pokemon-runtime-549/dex-256__species-combusken__form-00__gender-none__palette-normal__walk-3x4.png	pokemon_medium		28bc489cddb475e2bf9fcf366bf6ebd598294a9652ee32620ffb504f55a1a0a9	f294afe46e6f4c8d3782b31473a07a138da7bcdd9936f2a93fc7deedf36bbda0	12	16	fb75c18f34b5dd13fdf817885e29a5837ae6111ab969ce8e4f746886c503c08b	25be382bec0caa1f1db4a0422dac8c05e2c72f1aa87c05e78b376e8722b24e40	terrestrial-biped-light-v1
256	Combusken	00	male	shiny	assets/pokemon-walksheets-549/dex-256__species-combusken__form-00__gender-none__palette-shiny__walk-3x4.png	assets/pokemon-runtime-549/dex-256__species-combusken__form-00__gender-none__palette-shiny__walk-3x4.png	pokemon_medium		3c42bb86f854b8926c5d8aa737526075207faeb5cb948c16f6e43898691abc29	71612f787bef226e491bdc1a250a75234d4ed909e05ebde3b7361dc2bbce4e5c	12	16	15426800c5337111872e2b3e39d8b219d1b5077bb2f72e49afd330be9186ed03	25be382bec0caa1f1db4a0422dac8c05e2c72f1aa87c05e78b376e8722b24e40	terrestrial-biped-light-v1
257	Blaziken	00	male	normal	assets/pokemon-walksheets-549/dex-257__species-blaziken__form-00__gender-none__palette-normal__walk-3x4.png	assets/pokemon-runtime-549/dex-257__species-blaziken__form-00__gender-none__palette-normal__walk-3x4.png	pokemon_medium		edb0a053719e6f153befa05fc6381f2bfb84baaaa7318828727af77d2f6a16b5	fd1b78b5fb6c41c4a9bf71d00867d4f62ef2ca112c56e121f967c45ff41c64a4	11	16	63c7146d26ed636ee4ff0896c2a686bf95058e3749e92db77d7ab5f6f1fc74af	25be382bec0caa1f1db4a0422dac8c05e2c72f1aa87c05e78b376e8722b24e40	terrestrial-biped-heavy-v1
257	Blaziken	00	male	shiny	assets/pokemon-walksheets-549/dex-257__species-blaziken__form-00__gender-none__palette-shiny__walk-3x4.png	assets/pokemon-runtime-549/dex-257__species-blaziken__form-00__gender-none__palette-shiny__walk-3x4.png	pokemon_medium		86996ac5255e5203489f1a4d4a3cb47ecce8814f0abb7904c36b68759002b42c	0178d97ed5a831078396b3a0908567d4f0498c922dee89ee5411997a2b75ac15	11	16	7b110fbb832c87382532ff106ab011774dbe89c461972b95a7aebd740550959a	25be382bec0caa1f1db4a0422dac8c05e2c72f1aa87c05e78b376e8722b24e40	terrestrial-biped-heavy-v1
267	Beautifly	00	male	normal	assets/pokemon-walksheets-549/dex-267__species-beautifly__form-00__gender-none__palette-normal__walk-3x4.png	assets/pokemon-runtime-549/dex-267__species-beautifly__form-00__gender-none__palette-normal__walk-3x4.png	pokemon_medium		0a9fec374aeadaca3d50cd041a9ae9a187a31cd50db10a7e7c3a52e433138499	3382fe891757a6ec19a7a5e2e594e2293eb74a3ab260ea5b4f78657b3a588d8d	15	16	35accd322349ab8454ac28512e7b6a2ade0244db112c0e65616255af0622e442	25be382bec0caa1f1db4a0422dac8c05e2c72f1aa87c05e78b376e8722b24e40	airborne-wing-flap-v1
267	Beautifly	00	male	shiny	assets/pokemon-walksheets-549/dex-267__species-beautifly__form-00__gender-none__palette-shiny__walk-3x4.png	assets/pokemon-runtime-549/dex-267__species-beautifly__form-00__gender-none__palette-shiny__walk-3x4.png	pokemon_medium		e9285e6d27d4944ea4eb02861dd5c53d61fa3117d98aef673c06bcce2bc864d8	9fb1ff2a35cb0d77585347043ad2b3c07329fc68f264779b5d25a39f1d7273fc	15	16	b4ddca7bad489113c031945b13a9103d36b645ba4f29f649810a7af4656f474a	25be382bec0caa1f1db4a0422dac8c05e2c72f1aa87c05e78b376e8722b24e40	airborne-wing-flap-v1
269	Dustox	00	male	normal	assets/pokemon-walksheets-549/dex-269__species-dustox__form-00__gender-none__palette-normal__walk-3x4.png	assets/pokemon-runtime-549/dex-269__species-dustox__form-00__gender-none__palette-normal__walk-3x4.png	pokemon_medium		65087ca333d6a39de2293e6b963cbdd3b9afb5116cf7bb10a3e0f8d325c888e1	4b89d3639640577f82ddef00be9b0b1be406b0e3495d91b45e818f5a3038b297	15	13	e1f9de59b378eadd29786f57f73859302c03e71eb6e96ed157a9a71c57cecbde	25be382bec0caa1f1db4a0422dac8c05e2c72f1aa87c05e78b376e8722b24e40	airborne-wing-flap-v1
269	Dustox	00	male	shiny	assets/pokemon-walksheets-549/dex-269__species-dustox__form-00__gender-none__palette-shiny__walk-3x4.png	assets/pokemon-runtime-549/dex-269__species-dustox__form-00__gender-none__palette-shiny__walk-3x4.png	pokemon_medium		42d180c15fd71e1fbb661da9cffe191633c9e028708de427e8f6f97e20433e2d	b3db300a28d7496e805bb659e4f9372c9748fab84c03ed9df9e091f97e899c60	15	13	1b2aabce25f26eb11777fc24125d42105abdd66e887e630912c4c98d6a545c12	25be382bec0caa1f1db4a0422dac8c05e2c72f1aa87c05e78b376e8722b24e40	airborne-wing-flap-v1
272	Ludicolo	00	male	normal	assets/pokemon-walksheets-549/dex-272__species-ludicolo__form-00__gender-none__palette-normal__walk-3x4.png	assets/pokemon-runtime-549/dex-272__species-ludicolo__form-00__gender-none__palette-normal__walk-3x4.png	pokemon_medium		af2ac02292ea52d7a4b6bf61cee1d2469313ec8de80a0486fec18345b8eb8951	2a161bd21072bed155c277c8373c0be6fa7b8bdb72ca728330f0996e20933c4f	15	16	be430dbc787ef05c3f96ede6c238c7702266ad62a54b41b769b9aaf3aee26bea	25be382bec0caa1f1db4a0422dac8c05e2c72f1aa87c05e78b376e8722b24e40	terrestrial-biped-light-v1
272	Ludicolo	00	male	shiny	assets/pokemon-walksheets-549/dex-272__species-ludicolo__form-00__gender-none__palette-shiny__walk-3x4.png	assets/pokemon-runtime-549/dex-272__species-ludicolo__form-00__gender-none__palette-shiny__walk-3x4.png	pokemon_medium		ca09b1b02c87742adaa0a224c7c4cd8d9ddb0612b523dbc087dd359494e0650a	a73c8bcd22ec79abf7a9d02b3cac305e116ab1297fc416a47085a9f0f5b83bf3	15	16	2776fa333223289911119a40297faac2b5f2df3e9ea2ca4f6db7d7e4f4ecddd2	25be382bec0caa1f1db4a0422dac8c05e2c72f1aa87c05e78b376e8722b24e40	terrestrial-biped-light-v1
274	Nuzleaf	00	male	normal	assets/pokemon-walksheets-549/dex-274__species-nuzleaf__form-00__gender-none__palette-normal__walk-3x4.png	assets/pokemon-runtime-549/dex-274__species-nuzleaf__form-00__gender-none__palette-normal__walk-3x4.png	pokemon_medium		31c2465f8dda75c14e0911a1ca401ab48d8018fad1bf202d0d12baede8cb8a2f	49d23df3ba9797f85f3c6a933113bf46d0cdddca2293da11d5a08adf7686246c	15	16	4a1c547d081a240df87b3e6528d8000f6863110f438ca560b744e1359a39fbb2	25be382bec0caa1f1db4a0422dac8c05e2c72f1aa87c05e78b376e8722b24e40	terrestrial-biped-light-v1
274	Nuzleaf	00	male	shiny	assets/pokemon-walksheets-549/dex-274__species-nuzleaf__form-00__gender-none__palette-shiny__walk-3x4.png	assets/pokemon-runtime-549/dex-274__species-nuzleaf__form-00__gender-none__palette-shiny__walk-3x4.png	pokemon_medium		dae1f6db089dffe5c73e86ad90534b095d5661c0a22bf128d87cb213d011f791	4597f3fb96357e54e4649f98063752b75ddaa53a9d4c3bbb2cb0818cece28995	15	16	d33e961d628fa56f9a1359f63d0c4b1444df3a767580136ed619854f36d9a7f5	25be382bec0caa1f1db4a0422dac8c05e2c72f1aa87c05e78b376e8722b24e40	terrestrial-biped-light-v1
275	Shiftry	00	male	normal	assets/pokemon-walksheets-549/dex-275__species-shiftry__form-00__gender-none__palette-normal__walk-3x4.png	assets/pokemon-runtime-549/dex-275__species-shiftry__form-00__gender-none__palette-normal__walk-3x4.png	pokemon_medium		85f3ec4199d171bb82e3438d1c88494546a6307cfb385d7b93352d973d81d9a1	cafd790ef043cc781c450f2a8b3b686e2410b988ab26c57fcbec5e7d59de2afb	15	12	ad55b2a28bd09d4332c6a07aefcfb308215c19ef9c01249e14aaa1908a3b6c06	25be382bec0caa1f1db4a0422dac8c05e2c72f1aa87c05e78b376e8722b24e40	terrestrial-biped-light-v1
275	Shiftry	00	male	shiny	assets/pokemon-walksheets-549/dex-275__species-shiftry__form-00__gender-none__palette-shiny__walk-3x4.png	assets/pokemon-runtime-549/dex-275__species-shiftry__form-00__gender-none__palette-shiny__walk-3x4.png	pokemon_medium		b333c24fd988b54b6974f9a45b33f5c264ead3561add0e37283f8da9be73d7fa	0d0f43f8faae101f6817ac2399937e21d43ca367aa8cf1610851db79bc3ffd6a	15	12	4d65a398625f0b584eb770ef979cf03803cd9c56b4bb27fd2a124219c6af9fed	25be382bec0caa1f1db4a0422dac8c05e2c72f1aa87c05e78b376e8722b24e40	terrestrial-biped-light-v1
307	Meditite	00	male	normal	assets/pokemon-walksheets-549/dex-307__species-meditite__form-00__gender-none__palette-normal__walk-3x4.png	assets/pokemon-runtime-549/dex-307__species-meditite__form-00__gender-none__palette-normal__walk-3x4.png	pokemon_medium		ad7e64e4dbe98a4e67bdb64822177033fee5314e30cea1f06b62ea31702618a6	7c9cca7d09f5aa79193d6598038604b015ac1cc2e6ed4cd8df0df45579298893	15	16	27cdf1e14c61a827542d4867b16962db82f1d142e095bcd1ba2f37396e2d5222	25be382bec0caa1f1db4a0422dac8c05e2c72f1aa87c05e78b376e8722b24e40	terrestrial-biped-light-v1
307	Meditite	00	male	shiny	assets/pokemon-walksheets-549/dex-307__species-meditite__form-00__gender-none__palette-shiny__walk-3x4.png	assets/pokemon-runtime-549/dex-307__species-meditite__form-00__gender-none__palette-shiny__walk-3x4.png	pokemon_medium		b53687d13ce3cc349dd2cc568732564464e9e689413567a3e2efc22054cae9e6	af32a653ca8bba764c19879789fd5c19a858372697bd03ac63d444c3f371671b	15	16	6904221720822fb33095dfcfc13cb0176f6c268c65471fcc06796132c13935d7	25be382bec0caa1f1db4a0422dac8c05e2c72f1aa87c05e78b376e8722b24e40	terrestrial-biped-light-v1
308	Medicham	00	male	normal	assets/pokemon-walksheets-549/dex-308__species-medicham__form-00__gender-none__palette-normal__walk-3x4.png	assets/pokemon-runtime-549/dex-308__species-medicham__form-00__gender-none__palette-normal__walk-3x4.png	pokemon_medium		ee7b3aaef131bbce14fa7667fcdace9f9ebb730e9ca1433b3ebdaf76dd100d01	4eeccc8d35f17b2338aa81a23bbba904c11b11a37a83ee980fd8d8bc701f97d9	11	16	fc52238ab6507ee4f7aa9277363ba1fe65954c0fb13038c5ef96997a4af51025	25be382bec0caa1f1db4a0422dac8c05e2c72f1aa87c05e78b376e8722b24e40	terrestrial-biped-light-v1
308	Medicham	00	male	shiny	assets/pokemon-walksheets-549/dex-308__species-medicham__form-00__gender-none__palette-shiny__walk-3x4.png	assets/pokemon-runtime-549/dex-308__species-medicham__form-00__gender-none__palette-shiny__walk-3x4.png	pokemon_medium		2e6f10a68b834a3479c0c357d3beb20cafe30beffd98d98c0c73c254dd5699b1	000b5f08c6eaeeac63185a73800cd7ac66a67bfbe98e1659844a7e63674842e8	11	16	2dff6e3bdca6bf5043e508627a505a12847aac2a396350274d814356b2628d45	25be382bec0caa1f1db4a0422dac8c05e2c72f1aa87c05e78b376e8722b24e40	terrestrial-biped-light-v1
315	Roselia	00	male	normal	assets/pokemon-walksheets-549/dex-315__species-roselia__form-00__gender-none__palette-normal__walk-3x4.png	assets/pokemon-runtime-549/dex-315__species-roselia__form-00__gender-none__palette-normal__walk-3x4.png	pokemon_medium		9af215195db3bfd631b19c7fd661e00133e19169762d20bb20dcbadab0a3b0ce	50792dac82ee52573d409abbac7a6d5ccd7a449a0f6c46983825399a22cb6de2	15	16	606a8835af477fa7984ee73c366519d35c00f4d0496ae5e68a587a9a0337af18	25be382bec0caa1f1db4a0422dac8c05e2c72f1aa87c05e78b376e8722b24e40	terrestrial-biped-light-v1
315	Roselia	00	male	shiny	assets/pokemon-walksheets-549/dex-315__species-roselia__form-00__gender-none__palette-shiny__walk-3x4.png	assets/pokemon-runtime-549/dex-315__species-roselia__form-00__gender-none__palette-shiny__walk-3x4.png	pokemon_medium		8f2fe1ba8e39bb6629ffce9112662340ed96fd36344245c5058e52844d0dda94	531a8d49130af2e2df5f66134d6bdf61e93ae0522d6e6e91adcf49ff9331ab47	15	16	9895dd741d15de15a80c79c5e41f1427faec0d7ead6def3244d01dcc726a4144	25be382bec0caa1f1db4a0422dac8c05e2c72f1aa87c05e78b376e8722b24e40	terrestrial-biped-light-v1
316	Gulpin	00	male	normal	assets/pokemon-walksheets-549/dex-316__species-gulpin__form-00__gender-none__palette-normal__walk-3x4.png	assets/pokemon-runtime-549/dex-316__species-gulpin__form-00__gender-none__palette-normal__walk-3x4.png	pokemon_medium		0cdaea0135ede2569ec12f604df6d44ffeb27f9fe02b77278684fc8b7208ed36	3fcb5a7ae1fa4149b9c1e044b6bff85453ff5f02420e156563e780acfea52912	15	15	92c5fc0db5f5208e66a806c621ff909847b171329ee09f4b558497a6065acbc2	25be382bec0caa1f1db4a0422dac8c05e2c72f1aa87c05e78b376e8722b24e40	amorphous-ground-sway-v1
316	Gulpin	00	male	shiny	assets/pokemon-walksheets-549/dex-316__species-gulpin__form-00__gender-none__palette-shiny__walk-3x4.png	assets/pokemon-runtime-549/dex-316__species-gulpin__form-00__gender-none__palette-shiny__walk-3x4.png	pokemon_medium		139cb05553cdd9eba95648da52a90bb3bbe5ec37d71a4013a6748afb4e00f04d	3aad0c46537d60f61c3bef00e84d88e7720dc5a67fd32f9a58a7f386aeb37c7e	15	15	1babf2aa6b759877ebf7621b634809c58ea1ee64492c77b05817003d197df979	25be382bec0caa1f1db4a0422dac8c05e2c72f1aa87c05e78b376e8722b24e40	amorphous-ground-sway-v1
317	Swalot	00	male	normal	assets/pokemon-walksheets-549/dex-317__species-swalot__form-00__gender-none__palette-normal__walk-3x4.png	assets/pokemon-runtime-549/dex-317__species-swalot__form-00__gender-none__palette-normal__walk-3x4.png	pokemon_medium		dbb2d4b17572a72adea901ff72a22116c02a08be2c5ffed7197e9a011339146b	b4c617bdcc9a76507a4c4c654e9038e28ff9416229211d670de6e7736519a7f3	15	14	b56f3194ac9cb917545bb80a5f7a173da47df2acf02c23d78de4dc5b4876d114	25be382bec0caa1f1db4a0422dac8c05e2c72f1aa87c05e78b376e8722b24e40	amorphous-ground-sway-v1
317	Swalot	00	male	shiny	assets/pokemon-walksheets-549/dex-317__species-swalot__form-00__gender-none__palette-shiny__walk-3x4.png	assets/pokemon-runtime-549/dex-317__species-swalot__form-00__gender-none__palette-shiny__walk-3x4.png	pokemon_medium		6e316f697700dcf548e9e1a7e05b2a539bb3086b4b391a55a297303780f44f4c	b4845a52ee8ed5e86581b6e48695e9c63ee123313afe23fc1a9d137bbe46cafe	15	14	313415779a0d33b4a3afe49cc4183a9e9329e3c4a3203d9f5614e0e37c64d489	25be382bec0caa1f1db4a0422dac8c05e2c72f1aa87c05e78b376e8722b24e40	amorphous-ground-sway-v1
322	Numel	00	male	normal	assets/pokemon-walksheets-549/dex-322__species-numel__form-00__gender-none__palette-normal__walk-3x4.png	assets/pokemon-runtime-549/dex-322__species-numel__form-00__gender-none__palette-normal__walk-3x4.png	pokemon_medium		37cd5f9ce16dd5daf744d71bc34deac028faf99853fc7d1c76dea7781cbb4f75	0b77ece6bee0b562e1cba431cfa6081f34738275e711c87818036a043c58695a	15	16	5cee504780a65d1a500ae62e33eb211f029504680cdd9436d37bffeb1f556037	25be382bec0caa1f1db4a0422dac8c05e2c72f1aa87c05e78b376e8722b24e40	terrestrial-quadruped-light-v1
322	Numel	00	male	shiny	assets/pokemon-walksheets-549/dex-322__species-numel__form-00__gender-none__palette-shiny__walk-3x4.png	assets/pokemon-runtime-549/dex-322__species-numel__form-00__gender-none__palette-shiny__walk-3x4.png	pokemon_medium		5d89bcd2861b61e466482191e0eefb1257fb32199ea5ae57c06400f0e9b560af	7baf1a7e2b863e14589bfea883e1325b0ba7faca99dd826f38719700fd67416c	15	16	2215e2b6512a41a57163c70cc91990a6d7ecfe6b8a5851103337a2686bb3b5b0	25be382bec0caa1f1db4a0422dac8c05e2c72f1aa87c05e78b376e8722b24e40	terrestrial-quadruped-light-v1
323	Camerupt	00	male	normal	assets/pokemon-walksheets-549/dex-323__species-camerupt__form-00__gender-none__palette-normal__walk-3x4.png	assets/pokemon-runtime-549/dex-323__species-camerupt__form-00__gender-none__palette-normal__walk-3x4.png	pokemon_medium		220d6b85fa2972b2fef39d47813c487fdbd9761fccf453da8f24814916f4eed9	1fe037392bd157f20282c3b587cc0bbd64c1275a8d3d53f04a800fbf402b7460	15	16	7ffe8f665f0f4cd179a4f79496070d29fc542e16fad6022afe8a1f47be461d1a	25be382bec0caa1f1db4a0422dac8c05e2c72f1aa87c05e78b376e8722b24e40	terrestrial-quadruped-heavy-v1
323	Camerupt	00	male	shiny	assets/pokemon-walksheets-549/dex-323__species-camerupt__form-00__gender-none__palette-shiny__walk-3x4.png	assets/pokemon-runtime-549/dex-323__species-camerupt__form-00__gender-none__palette-shiny__walk-3x4.png	pokemon_medium		d96e89a9790b56f1de01acbb96c580acad8c1fb0e187fc5efb29effd34d4fc7d	54d7c8cfb6e4338a3a39ed62e63e580329cf0f7a1e01b445dde613f519b15f62	15	16	450ad5841eeb70b57c106d27df17b1cef0d52027181ddb2273bba90061f6f90e	25be382bec0caa1f1db4a0422dac8c05e2c72f1aa87c05e78b376e8722b24e40	terrestrial-quadruped-heavy-v1
332	Cacturne	00	male	normal	assets/pokemon-walksheets-549/dex-332__species-cacturne__form-00__gender-none__palette-normal__walk-3x4.png	assets/pokemon-runtime-549/dex-332__species-cacturne__form-00__gender-none__palette-normal__walk-3x4.png	pokemon_medium		e2e4c9541a6fb9fc8164087f4e0b39ef2b76fd8b3b350f2c383adc31c3d7ee82	1cb9c9256e868ccad0b87982a3a1e121046ad8f6cb1a5bfc35aa440e2ff88ed3	14	16	b07ab0c702f13179cceebb7c89b54a7c28542d92536246c7045eac292421ab8e	25be382bec0caa1f1db4a0422dac8c05e2c72f1aa87c05e78b376e8722b24e40	terrestrial-biped-light-v1
332	Cacturne	00	male	shiny	assets/pokemon-walksheets-549/dex-332__species-cacturne__form-00__gender-none__palette-shiny__walk-3x4.png	assets/pokemon-runtime-549/dex-332__species-cacturne__form-00__gender-none__palette-shiny__walk-3x4.png	pokemon_medium		216a27b58199f4f56bdd66646f8ad4df7e878dc7dc45f541f41eb126474560c7	4138610efdfa88e95be154b74665ecb18bd105b01ba9cce010b1711749bb37e0	14	16	01b9d145253368f12c9852e09a37707d160e33f577cb8a4d13e817eda7aa81b7	25be382bec0caa1f1db4a0422dac8c05e2c72f1aa87c05e78b376e8722b24e40	terrestrial-biped-light-v1
350	Milotic	00	male	normal	assets/pokemon-walksheets-549/dex-350__species-milotic__form-00__gender-none__palette-normal__walk-3x4.png	assets/pokemon-runtime-549/dex-350__species-milotic__form-00__gender-none__palette-normal__walk-3x4.png	pokemon_medium		06f6ba8b81f395975e7111fea27ec4721e4e4feb7a2bbd15e1150e72ae399c38	82effbd5e3d76d287fa44c721dcd558f682282458b0036602df2e09b3dc67c6a	15	16	bd75d894400be0ae1e62f9488461fa3a3d55a9233909331d313ae557cf324ce9	25be382bec0caa1f1db4a0422dac8c05e2c72f1aa87c05e78b376e8722b24e40	aquatic-serpentine-swim-v1
350	Milotic	00	male	shiny	assets/pokemon-walksheets-549/dex-350__species-milotic__form-00__gender-none__palette-shiny__walk-3x4.png	assets/pokemon-runtime-549/dex-350__species-milotic__form-00__gender-none__palette-shiny__walk-3x4.png	pokemon_medium		1c79fba6a87a365de9db59a18c585df744c6f34c91487caeb4c080a9204236ce	aba3f5ba05424552e1219535c3fbb55e7aec0fb5e09a044884661ba56a2823e5	15	16	d376461ed24072a309f612293c9d0c7be99f574cde97a54a7cc0237e0563e1bf	25be382bec0caa1f1db4a0422dac8c05e2c72f1aa87c05e78b376e8722b24e40	aquatic-serpentine-swim-v1
369	Relicanth	00	male	normal	assets/pokemon-walksheets-549/dex-369__species-relicanth__form-00__gender-none__palette-normal__walk-3x4.png	assets/pokemon-runtime-549/dex-369__species-relicanth__form-00__gender-none__palette-normal__walk-3x4.png	pokemon_medium		1f4f93fde11500b2611aad7ddfa52dc2327f7738dc5bdf914f17bc1f518ee516	2232a5114af2389360c3fb5b6781dec21d8cab61767def08ddcf84d2b7236fa9	15	16	b1acadcb51dc9e86465c879be07086b6e23fec1d9aa0880c0e196afb0b8f86da	25be382bec0caa1f1db4a0422dac8c05e2c72f1aa87c05e78b376e8722b24e40	aquatic-fin-swim-v1
369	Relicanth	00	male	shiny	assets/pokemon-walksheets-549/dex-369__species-relicanth__form-00__gender-none__palette-shiny__walk-3x4.png	assets/pokemon-runtime-549/dex-369__species-relicanth__form-00__gender-none__palette-shiny__walk-3x4.png	pokemon_medium		72bf21c6eb26c4d4827b0a286184b9eee1028a8397e9b97a4e715c71a4a7da0e	42d8d517916ef5ed78fd80791cb20a11d06450247a057f7da08dbe8481a24225	15	16	d5e0b5a501562c69284eedbf97917b646b5d2be961d43b028d6130a951860547	25be382bec0caa1f1db4a0422dac8c05e2c72f1aa87c05e78b376e8722b24e40	aquatic-fin-swim-v1
